{
    "Factor_Intersectional_v1": [],
    "KellyFormula_Range_v1": {
        "AAP": {
            "close": 41.96,
            "loss": 3.005127,
            "max_close": 85.25006,
            "min_close": 35.69,
            "p": 0.67777777,
            "profit": 19.760681,
            "q": 0.31666666
        },
        "ALB": {
            "close": 88.92,
            "loss": 6.204376,
            "max_close": 150.06075,
            "min_close": 72.23231,
            "p": 0.82222223,
            "profit": 16.654259,
            "q": 0.17222223
        },
        "CVS": {
            "close": 43.78,
            "loss": 0.0,
            "max_close": 78.15086,
            "min_close": 43.78,
            "p": 0.99444443,
            "profit": 14.663677,
            "q": 0.0
        },
        "DAC": {
            "close": 76.59,
            "loss": 3.787468,
            "max_close": 95.34127,
            "min_close": 68.38013,
            "p": 0.87777776,
            "profit": 7.6734314,
            "q": 0.11666667
        },
        "EL": {
            "close": 74.7,
            "loss": 8.1534195,
            "max_close": 155.19865,
            "min_close": 62.443096,
            "p": 0.87777776,
            "profit": 30.356003,
            "q": 0.11666667
        },
        "EPAM": {
            "close": 246.8,
            "loss": 43.615036,
            "max_close": 314.63,
            "min_close": 170.25,
            "p": 0.12222222,
            "profit": 7.3463745,
            "q": 0.87222224
        },
        "EW": {
            "close": 73.93,
            "loss": 6.1138077,
            "max_close": 95.56,
            "min_close": 59.7,
            "p": 0.43888888,
            "profit": 14.10923,
            "q": 0.5555556
        },
        "GIS": {
            "close": 64.01,
            "loss": 1.4143448,
            "max_close": 74.52436,
            "min_close": 60.71325,
            "p": 0.87777776,
            "profit": 4.5395737,
            "q": 0.11666667
        },
        "HAL": {
            "close": 25.77,
            "loss": 0.0,
            "max_close": 40.58066,
            "min_close": 25.77,
            "p": 0.99444443,
            "profit": 6.533409,
            "q": 0.0
        },
        "ILPT": {
            "close": 3.25,
            "loss": 0.0,
            "max_close": 5.146735,
            "min_close": 3.25,
            "p": 0.99444443,
            "profit": 0.91448927,
            "q": 0.0
        },
        "KSS": {
            "close": 13.86,
            "loss": 0.0,
            "max_close": 27.064508,
            "min_close": 13.86,
            "p": 0.99444443,
            "profit": 5.7081804,
            "q": 0.0
        },
        "MPW": {
            "close": 3.76,
            "loss": 0.06200385,
            "max_close": 6.2460093,
            "min_close": 2.7921414,
            "p": 0.96666664,
            "profit": 0.8747504,
            "q": 0.027777778
        },
        "NKE": {
            "close": 77.1,
            "loss": 3.2193222,
            "max_close": 120.46359,
            "min_close": 70.41491,
            "p": 0.7222222,
            "profit": 8.923836,
            "q": 0.27222222
        },
        "PAGS": {
            "close": 6.26,
            "loss": 0.04000044,
            "max_close": 14.6,
            "min_close": 6.22,
            "p": 0.98888886,
            "profit": 4.3828087,
            "q": 0.0055555557
        },
        "PYPL": {
            "close": 86.78,
            "loss": 17.294952,
            "max_close": 91.3,
            "min_close": 56.13,
            "p": 0.07777778,
            "profit": 2.45607,
            "q": 0.9166667
        },
        "SEE": {
            "close": 33.97,
            "loss": 1.5815239,
            "max_close": 39.39198,
            "min_close": 30.61089,
            "p": 0.76666665,
            "profit": 1.9755745,
            "q": 0.22777778
        },
        "SID": {
            "close": 1.53,
            "loss": 0.0,
            "max_close": 3.799283,
            "min_close": 1.53,
            "p": 0.99444443,
            "profit": 0.7244613,
            "q": 0.0
        },
        "TGT": {
            "close": 130.43,
            "loss": 4.115715,
            "max_close": 173.97578,
            "min_close": 121.59,
            "p": 0.95555556,
            "profit": 18.680313,
            "q": 0.03888889
        },
        "VALE": {
            "close": 8.78,
            "loss": 0.03999996,
            "max_close": 14.774527,
            "min_close": 8.74,
            "p": 0.98888886,
            "profit": 2.0736198,
            "q": 0.0055555557
        },
        "VFC": {
            "close": 21.67,
            "loss": 5.31283,
            "max_close": 22.59,
            "min_close": 11.779906,
            "p": 0.016666668,
            "profit": 0.66537285,
            "q": 0.9777778
        },
        "ZIM": {
            "close": 18.38,
            "loss": 2.9595222,
            "max_close": 27.01,
            "min_close": 8.707805,
            "p": 0.56666666,
            "profit": 3.0134125,
            "q": 0.42777777
        }
    },
    "hold_stock_list": [
        "SEE",
        "GIS",
        "EL",
        "KSS",
        "TGT",
        "NKE",
        "VFC",
        "MPW",
        "CVS",
        "ILPT",
        "AAP",
        "PYPL",
        "EPAM",
        "PAGS",
        "EW",
        "DAC",
        "ZIM",
        "VALE",
        "SID",
        "HAL",
        "ALB"
    ],
    "portfolio": {
        "AAP": {
            "cost_p": 91.35,
            "position_%": 14.398929959884754,
            "profit_%": -54.06677613574165
        },
        "ALB": {
            "cost_p": 173.45,
            "position_%": 7.81138291200879,
            "profit_%": -48.734505621216485
        },
        "CVS": {
            "cost_p": 65.41,
            "position_%": 5.891525584024157,
            "profit_%": -33.068338174591034
        },
        "DAC": {
            "cost_p": 73.24,
            "position_%": 4.947584472258782,
            "profit_%": 4.574003276897882
        },
        "EL": {
            "cost_p": 143.25,
            "position_%": 6.451315088759062,
            "profit_%": -47.853403141361255
        },
        "EPAM": {
            "cost_p": 250,
            "position_%": 2.8147098991095385,
            "profit_%": -1.2799999999999954
        },
        "EW": {
            "cost_p": 87.5,
            "position_%": 2.9554453940650154,
            "profit_%": -15.508571428571422
        },
        "GIS": {
            "cost_p": 65,
            "position_%": 2.92729829507392,
            "profit_%": -1.5230769230769152
        },
        "HAL": {
            "cost_p": 35,
            "position_%": 2.7584157011273476,
            "profit_%": -26.371428571428574
        },
        "ILPT": {
            "cost_p": 17.24,
            "position_%": 3.882047892851875,
            "profit_%": -81.14849187935035
        },
        "KSS": {
            "cost_p": 22.03,
            "position_%": 6.448838144047846,
            "profit_%": -37.08579210167953
        },
        "MPW": {
            "cost_p": 6.18,
            "position_%": 4.870574009419145,
            "profit_%": -39.15857605177994
        },
        "NKE": {
            "cost_p": 75.5,
            "position_%": 3.4001695581243228,
            "profit_%": 0
        },
        "PAGS": {
            "cost_p": 7,
            "position_%": 0.07881187717506707,
            "profit_%": -10.571428571428575
        },
        "PYPL": {
            "cost_p": 68.34,
            "position_%": 4.6165745881235,
            "profit_%": 26.982733391864205
        },
        "SEE": {
            "cost_p": 37.16,
            "position_%": 5.8572987116509845,
            "profit_%": -8.584499461786862
        },
        "SID": {
            "cost_p": 4.54,
            "position_%": 3.578059223748045,
            "profit_%": -66.29955947136563
        },