{"hold_stock_list":["CEIX","INTC","KGC","DAC","ARLP","GOGL","CPLP","SID","EDRY","CNNE","ET","SB","NMM","X","TX"],"portfolio":{"ARLP":{"cost_p":7.06,"position_%":7.279541486487864,"profit_%":67.98866855524079},"CEIX":{"cost_p":18.18,"position_%":7.052397974509949,"profit_%":51.32013201320134},"CNNE":{"cost_p":31,"position_%":3.331751646933203,"profit_%":10.000000000000005},"CPLP":{"cost_p":12.99,"position_%":4.7991329922407795,"profit_%":3.926096997690529},"DAC":{"cost_p":76.97,"position_%":12.02085582489603,"profit_%":-3.0791217357412037},"EDRY":{"cost_p":22.24,"position_%":3.361307508317288,"profit_%":43.75000000000001},"ET":{"cost_p":9.35,"position_%":7.002891906691608,"profit_%":1.7112299465240657},"GOGL":{"cost_p":10.75,"position_%":5.054724020800878,"profit_%":-15.34883720930233},"INTC":{"cost_p":49.94,"position_%":9.778630628577938,"profit_%":-1.8822587104525386},"KGC":{"cost_p":7.61,"position_%":11.706069108052468,"profit_%":-21.024967148488837},"NMM":{"cost_p":30.04,"position_%":5.397773530092971,"profit_%":-0.36617842876164924},"SB":{"cost_p":4.05,"position_%":5.65180280006857,"profit_%":10.123456790123461},"SID":{"cost_p":5.46,"position_%":8.747258693856626,"profit_%":-25.274725274725274},"TX":{"cost_p":40.0,"position_%":4.03034473419339,"profit_%":15.824999999999994},"X":{"cost_p":21.82,"position_%":4.78551714428043,"profit_%":20.944087992667278}},"KellyFormula_Range_v1":{"CNNE":{"profit":4.111763,"loss":1.93367767,"p":0.50555557,"q":0.483333319,"max_close":42.07,"min_close":29.78,"close":34.1},"ARLP":{"profit":0.318749428,"loss":4.621317,"p":0.0444444455,"q":0.9444444,"max_close":12.57,"min_close":5.29967546,"close":11.86},"EDRY":{"profit":0.7666683,"loss":11.6406708,"p":0.0333333351,"q":0.9611111,"max_close":33.81,"min_close":6.62,"close":31.97},"SB":{"profit":0.407741547,"loss":1.07121563,"p":0.172222227,"q":0.822222233,"max_close":5.28,"min_close":2.12,"close":4.46},"CPLP":{"profit":0.27954483,"loss":1.67684937,"p":0.06111111,"q":0.927777767,"max_close":14.27,"min_close":9.434888,"close":13.5},"CEIX":{"profit":3.98285484,"loss":11.2608833,"p":0.116666667,"q":0.877777755,"max_close":35.7,"min_close":8.78,"close":27.51},"GOGL":{"profit":1.02615833,"loss":1.84254265,"p":0.5833333,"q":0.411111116,"max_close":11.68,"min_close":5.69950962,"close":9.1},"X":{"profit":1.11919022,"loss":3.48162079,"p":0.177777782,"q":0.816666663,"max_close":29.45,"min_close":16.5976315,"close":26.39},"SID":{"profit":3.13294744,"loss":0.0,"p":0.99444443,"q":0.0,"max_close":9.618398,"min_close":4.08,"close":4.08},"INTC":{"profit":7.88666153,"loss":0.916667938,"p":0.9777778,"q":0.0166666675,"max_close":67.41304,"min_close":47.89,"close":49.0},"NMM":{"profit":1.75928116,"loss":4.864065,"p":0.244444445,"q":0.75,"max_close":34.7979736,"min_close":16.91582,"close":29.93},"DAC":{"profit":6.27787,"loss":14.694294,"p":0.227777779,"q":0.766666651,"max_close":87.73,"min_close":36.0371857,"close":74.6},"ET":{"profit":0.5724144,"loss":1.18163681,"p":0.466666669,"q":0.51111114,"max_close":11.163332,"min_close":6.56621027,"close":9.51},"TX":{"profit":6.18649673,"loss":8.186684,"p":0.222222224,"q":0.7722222,"max_close":56.19,"min_close":27.4822254,"close":46.33},"KGC":{"profit":0.8215122,"loss":0.325237751,"p":0.76111114,"q":0.227777779,"max_close":8.151266,"min_close":5.24,"close":6.01}}}