{"hold_stock_list":["SEE","EL","TGT","NKE","PVH","VFC","MPW","NVO","ILPT","AAP","PYPL","EPAM","EW","ZIM","VALE","GGB","SID","HAL","ALB"],"watch_stock_list":["ABNB","ACLS","ACMR","ADBE","ADSK","AEO","ALB","AMAT","APD","APTV","ARTNA","ASML","AZN","BAC","BBY","BIO","BLD","BUD","CAMT","CE","CNMD","CRM","CSCO","CVS","DE","DELL","DEO","DG","DHI","DIS","EL","EPAM","EW","EXLS","EXR","F","FDX","FFIV","FSLR","FTNT","G","GIS","GLOB","GM","GOOG","HAL","HAS","HMC","HOV","HPE","HPQ","INTC","ISRG","K","KSS","LMAT","LNTH","LQDT","LRCX","M","MA","MATX","MCHP","MMM","MMS","MOH","MPW","MS","MSFT","MU","NDAQ","NFLX","NICE","NKE","NOW","NVO","NXPI","ORCL","OXM","PAGS","PAYC","PCTY","PEP","PFE","PHG","PODD","PVH","PYPL","QCOM","SAIC","SBUX","SEE","SMP","SONY","SQM","STM","STNG","TDC","TEAM","TECH","TEX","TGT","TITN","TM","TEN","TRMD","TRI","TX","UAL","UPS","VALE","VFC","VMI","WDAY","WFC","WNS","X","ZTS"],"portfolio":{"AAP":{"cost_p":91.35,"position_%":12.838582606024465,"profit_%":-34.504652435686914},"ALB":{"cost_p":173.45,"position_%":6.964898437766655,"profit_%":-51.092533871432686},"EL":{"cost_p":143.03,"position_%":5.743380937179387,"profit_%":-41.27805355519821},"EPAM":{"cost_p":248.63,"position_%":2.495939317644744,"profit_%":-39.67341028838032},"EW":{"cost_p":80.31,"position_%":5.6434951783789,"profit_%":-6.275681733283534},"GGB":{"cost_p":2.9,"position_%":2.3289945770565925,"profit_%":5.51724137931035},"HAL":{"cost_p":26.94,"position_%":5.138444673328394,"profit_%":-8.463251670378623},"ILPT":{"cost_p":17.2,"position_%":3.45333678667012,"profit_%":-64.94186046511628},"MPW":{"cost_p":6.18,"position_%":4.34277178463225,"profit_%":-20.873786407766993},"NKE":{"cost_p":73.71,"position_%":5.919661733615221,"profit_%":-6.064306064306063},"NVO":{"cost_p":74.48,"position_%":5.23381298575097,"profit_%":-24.75832438238454},"PVH":{"cost_p":87.3,"position_%":5.258307583888979,"profit_%":-1.7869415807560165},"PYPL":{"cost_p":68.03,"position_%":2.731750018571724,"profit_%":-1.896222254887559},"SEE":{"cost_p":34.36,"position_%":7.933438941190879,"profit_%":-3.0849825378346982},"SID":{"cost_p":4.54,"position_%":3.190321019778384,"profit_%":-66.74008810572688},"TGT":{"cost_p":107.3,"position_%":4.308639967554696,"profit_%":-18.78844361602982},"VALE":{"cost_p":12.22,"position_%":2.453475321692376,"profit_%":-10.88379705400982},"VFC":{"cost_p":18.8,"position_%":1.3211020962958948,"profit_%":-23.45744680851064},"ZIM":{"cost_p":29.42,"position_%":12.699646032979366,"profit_%":-52.1414004078858}},"KellyFormula_Range_v1":{"GGB":{"profit":0.0546937,"loss":0.23767567,"p":0.12222222,"q":0.8611111,"max_close":3.4845805,"min_close":2.2649443,"close":3.06},"ILPT":{"profit":0.18736744,"loss":2.034022,"p":0.10555556,"q":0.8888889,"max_close":6.45,"min_close":2.4764423,"close":6.03},"PYPL":{"profit":6.737198,"loss":3.9256248,"p":0.8611111,"q":0.13333334,"max_close":91.81,"min_close":57.41,"close":66.74},"HAL":{"profit":1.3960114,"loss":3.1730614,"p":0.25555557,"q":0.73888886,"max_close":31.096924,"min_close":18.956635,"close":24.66},"PVH":{"profit":6.495819,"loss":12.087379,"p":0.15555556,"q":0.8388889,"max_close":112.697044,"min_close":60.44541,"close":85.74},"SEE":{"profit":0.62724304,"loss":2.990368,"p":0.18888889,"q":0.8055556,"max_close":36.532112,"min_close":23.64138,"close":33.3},"NKE":{"profit":4.9059525,"loss":9.443462,"p":0.6166667,"q":0.37777779,"max_close":87.498474,"min_close":52.644737,"close":69.24},"NVO":{"profit":15.932426,"loss":4.079239,"p":0.85,"q":0.14444445,"max_close":122.32878,"min_close":45.38,"close":56.04},"VALE":{"profit":0.03999996,"loss":1.5546169,"p":0.011111111,"q":0.98333335,"max_close":10.95,"min_close":7.91076,"close":10.89},"VFC":{"profit":5.280284,"loss":2.2087479,"p":0.4611111,"q":0.53333336,"max_close":26.460835,"min_close":9.61555,"close":14.39},"EPAM":{"profit":35.46666,"loss":3.6130066,"p":0.9388889,"q":0.055555556,"max_close":267.63,"min_close":143.33,"close":149.99},"SID":{"profit":0.10645521,"loss":0.09516466,"p":0.43888888,"q":0.50555557,"max_close":2.35638,"min_close":1.25,"close":1.51},"ZIM":{"profit":1.7541075,"loss":0.8309908,"p":0.73888886,"q":0.25555557,"max_close":18.54858,"min_close":11.213416,"close":14.08},"ALB":{"profit":4.6859818,"loss":15.177666,"p":0.07777778,"q":0.9166667,"max_close":108.937805,"min_close":50.15882,"close":84.83},"TGT":{"profit":17.49926,"loss":0.33158112,"p":0.9777778,"q":0.016666668,"max_close":154.72142,"min_close":86.56,"close":87.14},"MPW":{"profit":0.47250557,"loss":0.56593275,"p":0.31666666,"q":0.67777777,"max_close":5.9922843,"min_close":3.5418787,"close":4.89},"EW":{"profit":2.645813,"loss":3.4480133,"p":0.4888889,"q":0.50555557,"max_close":81.83,"min_close":64.54,"close":75.27},"EL":{"profit":4.960495,"loss":16.500786,"p":0.33333334,"q":0.6611111,"max_close":98.93426,"min_close":49.614822,"close":83.99},"AAP":{"profit":1.9263039,"loss":15.4663925,"p":0.15,"q":0.84444445,"max_close":66.5,"min_close":29.948305,"close":59.83}},"Factor_Intersectional_v1":[],"stock_info":{"GGB":["Gerdau S.A. ADR","Steel","Basic Materials"],"ILPT":["Industrial Logistics Properties Trust","REIT - Industrial","Real Estate"],"PYPL":["PayPal Holdings Inc","Credit Services","Financial"],"HAL":["Halliburton Co","Oil & Gas Equipment & Services","Energy"],"PVH":["PVH Corp","Apparel Manufacturing","Consumer Cyclical"],"SEE":["Sealed Air Corp","Packaging & Containers","Consumer Cyclical"],"NKE":["Nike, Inc","Footwear & Accessories","Consumer Cyclical"],"NVO":["Novo Nordisk ADR","Drug Manufacturers - General","Healthcare"],"VALE":["Vale S.A. ADR","Other Industrial Metals & Mining","Basic Materials"],"VFC":["VF Corp","Apparel Manufacturing","Consumer Cyclical"],"EPAM":["EPAM Systems Inc","Information Technology Services","Technology"],"SID":["Companhia Siderurgica Nacional ADR","Steel","Basic Materials"],"ZIM":["Zim Integrated Shipping Services Ltd","Marine Shipping","Industrials"],"ALB":["Albemarle Corp","Specialty Chemicals","Basic Materials"],"TGT":["Target Corp","Discount Stores","Consumer Defensive"],"MPW":["Medical Properties Trust Inc","REIT - Healthcare Facilities","Real Estate"],"EW":["Edwards Lifesciences Corp","Medical Devices","Healthcare"],"EL":["Estee Lauder Cos., Inc","Household & Personal Products","Consumer Defensive"],"AAP":["Advance Auto Parts Inc","Auto Parts","Consumer Cyclical"]}}