{"hold_stock_list":["QDEL","BIO","KGC","GSL","CNNE","GOGL","CPLP","LDI","EDRY","TX"],"portfolio":{"BIO":{"cost_p":580.11,"position_%":14.634172540552997,"profit":0,"profit_%":3.940631949113101},"CNNE":{"cost_p":40.66,"position_%":4.086301972435276,"profit":0,"profit_%":-14.240039350713229},"CPLP":{"cost_p":13.14,"position_%":3.8226764121973935,"profit":0,"profit_%":0.15220700152206676},"EDRY":{"cost_p":22.24,"position_%":4.072053041827283,"profit":0,"profit_%":41.41187050359713},"GOGL":{"cost_p":11.03,"position_%":4.0390957779995444,"profit":0,"profit_%":-0.7252946509519499},"GSL":{"cost_p":15.76,"position_%":12.824851306794164,"profit":0,"profit_%":22.01776649746193},"KGC":{"cost_p":7.61,"position_%":14.18130718517584,"profit":0,"profit_%":4.599211563731926},"LDI":{"cost_p":13.57,"position_%":13.692970048804822,"profit":0,"profit_%":0.73691967575534},"QDEL":{"cost_p":112.07,"position_%":13.99889890188431,"profit":0,"profit_%":3.2212010350673808},"TX":{"cost_p":40.0,"position_%":14.647672812328361,"profit":0,"profit_%":-6.675000000000004}},"KellyFormula_Range_v1":{"GOGL":{"profit":0.0,"loss":5.115137,"p":0.0,"q":0.99444443,"max_close":10.95,"min_close":3.11279774,"close":10.95},"GSL":{"profit":0.0,"loss":7.1548357,"p":0.0,"q":0.99444443,"max_close":19.23,"min_close":5.70594072,"close":19.23},"EDRY":{"profit":1.30499649,"loss":23.232132,"p":0.0111111114,"q":0.983333349,"max_close":32.89,"min_close":3.47,"close":31.45},"TX":{"profit":1.41796875,"loss":9.415991,"p":0.144444451,"q":0.85,"max_close":40.88,"min_close":17.5480919,"close":37.33},"CNNE":{"profit":4.99068069,"loss":0.1800003,"p":0.9722222,"q":0.0166666675,"max_close":45.6,"min_close":34.48,"close":34.87},"KGC":{"profit":0.5348644,"loss":0.781611443,"p":0.23888889,"q":0.75555557,"max_close":9.232914,"min_close":6.13875675,"close":7.96},"QDEL":{"profit":72.57275,"loss":5.61763763,"p":0.9,"q":0.0944444463,"max_close":283.45,"min_close":104.07,"close":115.68},"CPLP":{"profit":0.114999771,"loss":3.74325562,"p":0.0111111114,"q":0.983333349,"max_close":13.28,"min_close":6.081397,"close":13.16},"LDI":{"profit":5.298067,"loss":0.7833338,"p":0.422222227,"q":0.0333333351,"max_close":30.538002,"min_close":12.1,"close":13.67},"BIO":{"profit":24.3815918,"loss":31.2391357,"p":0.227777779,"q":0.766666651,"max_close":662.35,"min_close":494.17,"close":602.97}}}