{
    "KellyFormula_Range_v1": {
        "BIO": {
            "close": 649.04,
            "loss": 81.51544,
            "max_close": 662.35,
            "min_close": 478.82,
            "p": 0.0222222228,
            "profit": 5.75750732,
            "q": 0.9722222
        },
        "CNNE": {
            "close": 39.67,
            "loss": 1.66701126,
            "max_close": 45.6,
            "min_close": 34.48,
            "p": 0.50555557,
            "profit": 1.88275146,
            "q": 0.483333319
        },
        "DHI": {
            "close": 99.81,
            "loss": 23.4728546,
            "max_close": 100.58,
            "min_close": 64.6072845,
            "p": 0.0111111114,
            "profit": 0.6850052,
            "q": 0.983333349
        },
        "ELP": {
            "close": 5.78,
            "loss": 0.306702137,
            "max_close": 7.10052061,
            "min_close": 5.113462,
            "p": 0.4888889,
            "profit": 0.505846,
            "q": 0.50555557
        },
        "HTH": {
            "close": 33.83,
            "loss": 8.317173,
            "max_close": 39.37,
            "min_close": 17.91427,
            "p": 0.155555561,
            "profit": 1.78070831,
            "q": 0.8388889
        },
        "LAKE": {
            "close": 28.92,
            "loss": 5.58139229,
            "max_close": 44.43,
            "min_close": 18.3,
            "p": 0.25555557,
            "profit": 3.442606,
            "q": 0.73888886
        },
        "PBFX": {
            "close": 14.65,
            "loss": 4.52258873,
            "max_close": 14.86,
            "min_close": 6.8425045,
            "p": 0.0222222228,
            "profit": 0.08000088,
            "q": 0.9722222
        },
        "QDEL": {
            "close": 111.0,
            "loss": 0.0,
            "max_close": 283.45,
            "min_close": 111.0,
            "p": 0.99444443,
            "profit": 83.66635,
            "q": 0.0
        },
        "SMP": {
            "close": 43.19,
            "loss": 1.331398,
            "max_close": 53.85105,
            "min_close": 38.99902,
            "p": 0.6,
            "profit": 3.08659363,
            "q": 0.3888889
        },
        "STC": {
            "close": 59.28,
            "loss": 11.81319,
            "max_close": 59.28,
            "min_close": 39.3002357,
            "p": 0.0,
            "profit": 0.0,
            "q": 0.99444443
        },
        "TDS": {
            "close": 23.35,
            "loss": 3.691801,
            "max_close": 23.88,
            "min_close": 16.3788166,
            "p": 0.0944444463,
            "profit": 0.294181824,
            "q": 0.894444466
        },
        "WFC": {
            "close": 45.08,
            "loss": 14.8354683,
            "max_close": 45.09,
            "min_close": 20.9815083,
            "p": 0.00555555569,
            "profit": 0.00999832153,
            "q": 0.98888886
        }
    },
    "hold_stock_list": [
        "SMP",
        "DHI",
        "TDS",
        "QDEL",
        "BIO",
        "WFC",
        "STC",
        "CNNE",
        "LAKE",
        "HTH",
        "PBFX",
        "ELP"
    ],
    "portfolio": {
        "BIO": {
            "cost_p": 580.11,
            "position_%": 16.6036576701693,
            "profit_%": 10.64108531140646
        },
        "CNNE": {
            "cost_p": 41.7,
            "position_%": 3.8500625011944893,
            "profit_%": -4.124700239808168
        },
        "DHI": {
            "cost_p": 72.88,
            "position_%": 3.364419125744057,
            "profit_%": 39.28375411635567
        },
        "ELP": {
            "cost_p": 5.27,
            "position_%": 8.782528065524554,
            "profit_%": 7.400379506641378
        },
        "HTH": {
            "cost_p": 29.44,
            "position_%": 2.7181256603157258,
            "profit_%": 19.3953804347826
        },
        "LAKE": {
            "cost_p": 28.88,
            "position_%": 10.532367623171764,
            "profit_%": 1.869806094182835
        },
        "PBFX": {
            "cost_p": 11.39,
            "position_%": 5.258058979449069,
            "profit_%": 32.396839332748016
        },
        "QDEL": {
            "cost_p": 112.07,
            "position_%": 15.882888115614147,
            "profit_%": -3.6941197465869426
        },
        "SMP": {
            "cost_p": 41.45,
            "position_%": 12.188933184611976,
            "profit_%": 5.7659831121833545
        },
        "STC": {
            "cost_p": 53.5,
            "position_%": 13.089750865871672,
            "profit_%": 11.028037383177567
        },
        "TDS": {
            "cost_p": 20.77,
            "position_%": 4.794112598909445,
            "profit_%": 13.43283582089552
        },
        "WFC": {
            "cost_p": 31.79,
            "position_%": 2.9350956094238083,
            "profit_%": 44.95124252909719
        }
    }
}