{
    "KellyFormula_Range_v1": {
        "ARLP": {
            "close": 11.3,
            "loss": 4.39602757,
            "max_close": 12.56,
            "min_close": 5.29967546,
            "p": 0.07777778,
            "profit": 0.494285583,
            "q": 0.9166667
        },
        "BIO": {
            "close": 759.85,
            "loss": 126.503113,
            "max_close": 825.77,
            "min_close": 554.11,
            "p": 0.194444448,
            "profit": 31.3731689,
            "q": 0.8
        },
        "CEIX": {
            "close": 29.93,
            "loss": 13.7664413,
            "max_close": 35.7,
            "min_close": 8.78,
            "p": 0.0722222254,
            "profit": 3.04230881,
            "q": 0.9222222
        },
        "CNNE": {
            "close": 33.22,
            "loss": 1.47367859,
            "max_close": 42.07,
            "min_close": 29.78,
            "p": 0.6166667,
            "profit": 4.50225449,
            "q": 0.377777785
        },
        "CPLP": {
            "close": 14.025,
            "loss": 2.20611382,
            "max_close": 14.025,
            "min_close": 9.434888,
            "p": 0.0,
            "profit": 0.0,
            "q": 0.99444443
        },
        "DAC": {
            "close": 75.17,
            "loss": 16.51757,
            "max_close": 87.73,
            "min_close": 32.3241463,
            "p": 0.205555558,
            "profit": 6.326706,
            "q": 0.7888889
        },
        "EDRY": {
            "close": 30.45,
            "loss": 11.8185349,
            "max_close": 33.81,
            "min_close": 6.62,
            "p": 0.105555557,
            "profit": 1.04842186,
            "q": 0.8888889
        },
        "ET": {
            "close": 9.89,
            "loss": 1.290802,
            "max_close": 11.163332,
            "min_close": 6.508102,
            "p": 0.2611111,
            "profit": 0.476923943,
            "q": 0.733333349
        },
        "GOGL": {
            "close": 9.39,
            "loss": 2.00885773,
            "max_close": 11.68,
            "min_close": 4.78385067,
            "p": 0.483333319,
            "profit": 0.910817146,
            "q": 0.51111114
        },
        "KGC": {
            "close": 6.28,
            "loss": 0.4155774,
            "max_close": 8.151266,
            "min_close": 5.24,
            "p": 0.6111111,
            "profit": 0.768888,
            "q": 0.383333325
        },
        "NMM": {
            "close": 30.08,
            "loss": 5.469635,
            "max_close": 34.7979736,
            "min_close": 16.48921,
            "p": 0.227777779,
            "profit": 1.72313118,
            "q": 0.76111114
        },
        "PBFX": {
            "close": 14.22,
            "loss": 1.52087975,
            "max_close": 15.8821535,
            "min_close": 9.549319,
            "p": 0.3,
            "profit": 0.741456032,
            "q": 0.6944444
        },
        "SB": {
            "close": 4.71,
            "loss": 1.34134579,
            "max_close": 5.28,
            "min_close": 2.12,
            "p": 0.127777785,
            "profit": 0.237826347,
            "q": 0.8666667
        },
        "SID": {
            "close": 4.42,
            "loss": 0.0,
            "max_close": 9.618398,
            "min_close": 4.42,
            "p": 0.99444443,
            "profit": 2.84577513,
            "q": 0.0
        },
        "TX": {
            "close": 43.56,
            "loss": 7.023033,
            "max_close": 56.19,
            "min_close": 26.3268738,
            "p": 0.305555552,
            "profit": 6.712902,
            "q": 0.6888889
        },
        "X": {
            "close": 22.21,
            "loss": 2.18558884,
            "max_close": 29.45,
            "min_close": 16.3977814,
            "p": 0.6888889,
            "profit": 2.82982826,
            "q": 0.305555552
        }
    },
    "hold_stock_list": [
        "CEIX",
        "BIO",
        "KGC",
        "DAC",
        "ARLP",
        "GOGL",
        "CPLP",
        "SID",
        "EDRY",
        "CNNE",
        "PBFX",
        "ET",
        "SB",
        "NMM",
        "X",
        "TX"
    ],
    "portfolio": {
        "ARLP": {
            "cost_p": 7.06,
            "position_%": 7.424490232983794,
            "profit_%": 60.05665722379605
        },
        "BIO": {
            "cost_p": 580.11,
            "position_%": 3.9743298752029874,
            "profit_%": 30.983778938477187
        },
        "CEIX": {
            "cost_p": 18.18,
            "position_%": 7.192823885687612,
            "profit_%": 64.63146314631463
        },
        "CNNE": {
            "cost_p": 31,
            "position_%": 3.398092806710247,
            "profit_%": 7.161290322580642
        },
        "CPLP": {
            "cost_p": 12.99,
            "position_%": 4.894692350310758,
            "profit_%": 7.929176289453421
        },
        "DAC": {
            "cost_p": 76.97,
            "position_%": 12.260212656210363,
            "profit_%": -2.3385734701831846
        },
        "EDRY": {
            "cost_p": 22.24,
            "position_%": 3.428237178382677,
            "profit_%": 36.91546762589929
        },
        "ET": {
            "cost_p": 9.35,
            "position_%": 7.142332063136292,
            "profit_%": 5.775401069518726
        },
        "GOGL": {
            "cost_p": 10.75,
            "position_%": 5.155372655341655,
            "profit_%": -12.65116279069767
        },
        "KGC": {
            "cost_p": 7.61,
            "position_%": 11.939157970415083,
            "profit_%": -17.47700394218134
        },
        "NMM": {
            "cost_p": 30.04,
            "position_%": 5.505252896548695,
            "profit_%": 0.13315579227696123
        },
        "PBFX": {
            "cost_p": 11.7,
            "position_%": 4.007831233720755,
            "profit_%": 21.53846153846155
        },
        "SB": {
            "cost_p": 4.05,
            "position_%": 5.764340345576448,
            "profit_%": 16.2962962962963
        },
        "SID": {
            "cost_p": 5.46,
            "position_%": 8.921432326262401,
            "profit_%": -19.04761904761905
        },
        "TX": {
            "cost_p": 40.0,
            "position_%": 4.110596137149493,
            "profit_%": 8.900000000000006
        },
        "X": {
            "cost_p": 21.82,
            "position_%": 4.8808053863607554,
            "profit_%": 1.7873510540788295
        }
    }
}