{
    "Factor_Intersectional_v1": [],
    "KellyFormula_Range_v1": {
        "AAP": {
            "close": 48.37,
            "loss": 10.989998,
            "max_close": 66.16962,
            "min_close": 29.799515,
            "p": 0.60555553,
            "profit": 7.9358673,
            "q": 0.3888889
        },
        "ALB": {
            "close": 116.42,
            "loss": 42.594414,
            "max_close": 125.68,
            "min_close": 50.15882,
            "p": 0.016666668,
            "profit": 5.170006,
            "q": 0.9777778
        },
        "EL": {
            "close": 85.91,
            "loss": 19.417137,
            "max_close": 102.52,
            "min_close": 49.61482,
            "p": 0.50555557,
            "profit": 5.0387115,
            "q": 0.4888889
        },
        "EPAM": {
            "close": 178.62,
            "loss": 16.59932,
            "max_close": 267.63,
            "min_close": 142.2,
            "p": 0.18888889,
            "profit": 4.6303253,
            "q": 0.8055556
        },
        "GT": {
            "close": 7.64,
            "loss": 0.44437504,
            "max_close": 11.94,
            "min_close": 6.71,
            "p": 0.81666666,
            "profit": 2.2068715,
            "q": 0.17777778
        },
        "HAL": {
            "close": 25.62,
            "loss": 3.7061768,
            "max_close": 31.096924,
            "min_close": 18.956635,
            "p": 0.11666667,
            "profit": 1.4114227,
            "q": 0.87777776
        },
        "ILPT": {
            "close": 5.05,
            "loss": 1.6705682,
            "max_close": 6.3965173,
            "min_close": 2.4559076,
            "p": 0.5222222,
            "profit": 0.6445837,
            "q": 0.4722222
        },
        "MPW": {
            "close": 5.03,
            "loss": 0.57061815,
            "max_close": 5.9922843,
            "min_close": 3.5418787,
            "p": 0.36666667,
            "profit": 0.33489418,
            "q": 0.62777776
        },
        "NKE": {
            "close": 61.43,
            "loss": 3.5673485,
            "max_close": 80.3541,
            "min_close": 52.644737,
            "p": 0.74444443,
            "profit": 8.80201,
            "q": 0.25
        },
        "NVO": {
            "close": 47.6,
            "loss": 1.1214256,
            "max_close": 109.918755,
            "min_close": 45.38,
            "p": 0.95555556,
            "profit": 15.309742,
            "q": 0.03888889
        },
        "PVH": {
            "close": 72.79,
            "loss": 5.123558,
            "max_close": 112.697044,
            "min_close": 60.44541,
            "p": 0.62777776,
            "profit": 7.5475388,
            "q": 0.36666667
        },
        "PYPL": {
            "close": 58.105,
            "loss": 0.82741165,
            "max_close": 91.59824,
            "min_close": 57.277588,
            "p": 0.98888886,
            "profit": 10.981098,
            "q": 0.0055555557
        },
        "SBUX": {
            "close": 82.62,
            "loss": 2.0725174,
            "max_close": 113.42715,
            "min_close": 77.89724,
            "p": 0.78333336,
            "profit": 6.20607,
            "q": 0.21111111
        },
        "SID": {
            "close": 1.48,
            "loss": 0.07616663,
            "max_close": 1.94,
            "min_close": 1.25,
            "p": 0.62777776,
            "profit": 0.12530947,
            "q": 0.33333334
        },
        "TGT": {
            "close": 83.68,
            "loss": 0.0,
            "max_close": "NaN",
            "min_close": "NaN",
            "p": 0.99444443,
            "profit": 11.120407,
            "q": 0.0
        },
        "VALE": {
            "close": 11.92,
            "loss": 2.1145096,
            "max_close": 12.48,
            "min_close": 7.91076,
            "p": 0.07777778,
            "profit": 0.30714226,
            "q": 0.9166667
        },
        "VFC": {
            "close": 14.63,
            "loss": 1.988802,
            "max_close": 26.460835,
            "min_close": 9.61555,
            "p": 0.30555555,
            "profit": 0.8901434,
            "q": 0.68333334
        },
        "ZIM": {
            "close": 16.75,
            "loss": 2.1093588,
            "max_close": 18.54858,
            "min_close": 11.213416,
            "p": 0.14444445,
            "profit": 0.6203861,
            "q": 0.84444445
        }
    },
    "hold_stock_list": [
        "EL",
        "TGT",
        "SBUX",
        "NKE",
        "PVH",
        "VFC",
        "MPW",
        "NVO",
        "ILPT",
        "GT",
        "AAP",
        "PYPL",
        "EPAM",
        "ZIM",
        "VALE",
        "SID",
        "HAL",
        "ALB"
    ],
    "portfolio": {
        "AAP": {
            "cost_p": 91.35,
            "position_%": 13.886491046910473,
            "profit_%": -47.04980842911877
        },
        "ALB": {
            "cost_p": 173.45,
            "position_%": 7.533386103953779,
            "profit_%": -32.879792447391175
        },
        "EL": {
            "cost_p": 143.03,
            "position_%": 6.212166125387772,
            "profit_%": -39.44627001328393
        },
        "EPAM": {
            "cost_p": 248.63,
            "position_%": 2.6996624200432806,
            "profit_%": -28.158307525238303
        },
        "GT": {
            "cost_p": 7.33,
            "position_%": 5.571317973391012,
            "profit_%": 4.229195088676666
        },
        "HAL": {
            "cost_p": 26.94,
            "position_%": 5.557853864470714,
            "profit_%": -4.89977728285078
        },
        "ILPT": {
            "cost_p": 17.2,
            "position_%": 3.73520441014716,
            "profit_%": -70.63953488372093
        },
        "MPW": {
            "cost_p": 6.18,
            "position_%": 4.697236708807155,
            "profit_%": -18.608414239482194
        },
        "NKE": {
            "cost_p": 73.71,
            "position_%": 6.402835280742957,
            "profit_%": -16.659883326549988
        },
        "NVO": {
            "cost_p": 74.48,
            "position_%": 5.661006311843964,
            "profit_%": -36.090225563909776
        },
        "PVH": {
            "cost_p": 87.3,
            "position_%": 5.687500203590357,
            "profit_%": -16.620847651775478
        },
        "PYPL": {
            "cost_p": 68.03,
            "position_%": 2.954720418864085,
            "profit_%": -14.596501543436718
        },
        "SBUX": {
            "cost_p": 79.91,
            "position_%": 3.4706998187774376,
            "profit_%": 3.3913152296333475
        },
        "SID": {
            "cost_p": 4.54,
            "position_%": 3.4507208184440916,
            "profit_%": -67.40088105726872
        },
        "TGT": {
            "cost_p": 107.3,
            "position_%": 4.660318990799888,
            "profit_%": -22.0130475302889
        },
        "VALE": {
            "cost_p": 12.22,
            "position_%": 2.6537324355812966,
            "profit_%": -2.45499181669395
        },
        "VFC": {
            "cost_p": 18.8,
            "position_%": 1.4289328499283904,
            "profit_%": -22.180851063829788
        },
        "ZIM": {
            "cost_p": 29.42,
            "position_%": 13.736214218316183,
            "profit_%": -43.06594153636982
        }
    },
    "stock_info": {
        "AAP": [
            "Advance Auto Parts Inc",
            "Auto Parts",
            "Consumer Cyclical"
        ],
        "ALB": [
            "Albemarle Corp",
            "Specialty Chemicals",
            "Basic Materials"
        ],
        "EL": [
            "Estee Lauder Cos., Inc",
            "Household & Personal Products",
            "Consumer Defensive"
        ],
        "EPAM": [
            "EPAM Systems Inc",
            "Information Technology Services",
            "Technology"
        ],