{
    "KellyFormula_Range_v1": {
        "ARLP": {
            "close": 7.27,
            "loss": 1.92183638,
            "max_close": 7.27,
            "min_close": 2.58579826,
            "p": 0.0,
            "profit": 0.0,
            "q": 0.99444443
        },
        "BIO": {
            "close": 666.72,
            "loss": 73.8581543,
            "max_close": 666.72,
            "min_close": 516.56,
            "p": 0.0,
            "profit": 0.0,
            "q": 0.99444443
        },
        "CEIX": {
            "close": 17.99,
            "loss": 8.442124,
            "max_close": 18.67,
            "min_close": 3.76,
            "p": 0.027777778,
            "profit": 0.4699993,
            "q": 0.966666639
        },
        "CPLP": {
            "close": 12.25,
            "loss": 3.19344425,
            "max_close": 13.45,
            "min_close": 6.99167,
            "p": 0.2611111,
            "profit": 0.4094448,
            "q": 0.733333349
        },
        "EDRY": {
            "close": 27.54,
            "loss": 18.6525116,
            "max_close": 32.89,
            "min_close": 3.7,
            "p": 0.0833333358,
            "profit": 2.16866684,
            "q": 0.9111111
        },
        "GOGL": {
            "close": 10.46,
            "loss": 4.42361,
            "max_close": 11.29,
            "min_close": 3.11279774,
            "p": 0.08888889,
            "profit": 0.3546772,
            "q": 0.905555546
        },
        "GSL": {
            "close": 18.25,
            "loss": 5.66099644,
            "max_close": 21.39,
            "min_close": 6.65200329,
            "p": 0.08888889,
            "profit": 1.94062614,
            "q": 0.905555546
        },
        "KGC": {
            "close": 6.44,
            "loss": 0.09469557,
            "max_close": 9.084793,
            "min_close": 6.13875675,
            "p": 0.9111111,
            "profit": 0.9704628,
            "q": 0.0833333358
        },
        "LDI": {
            "close": 12.32,
            "loss": 0.294864655,
            "max_close": 30.3490582,
            "min_close": 12.025135,
            "p": 0.5388889,
            "profit": 5.283518,
            "q": 0.00555555569
        },
        "TX": {
            "close": 39.26,
            "loss": 8.61552048,
            "max_close": 40.88,
            "min_close": 17.8606052,
            "p": 0.0444444455,
            "profit": 0.848751068,
            "q": 0.95
        }
    },
    "hold_stock_list": [
        "CEIX",
        "BIO",
        "KGC",
        "GSL",
        "ARLP",
        "GOGL",
        "CPLP",
        "LDI",
        "EDRY",
        "TX"
    ],
    "portfolio": {
        "ARLP": {
            "cost_p": 7.06,
            "position_%": 8.532702143336419,
            "profit": 0,
            "profit_%": 2.9745042492917846
        },
        "BIO": {
            "cost_p": 580.11,
            "position_%": 14.159422820819003,
            "profit": 0,
            "profit_%": 14.929927082794645
        },
        "CEIX": {
            "cost_p": 18.18,
            "position_%": 8.266456263002272,
            "profit": 0,
            "profit_%": -1.0451045104510521
        },
        "CPLP": {
            "cost_p": 12.99,
            "position_%": 5.6252955553669395,
            "profit": 0,
            "profit_%": -5.69668976135489
        },
        "EDRY": {
            "cost_p": 22.24,
            "position_%": 3.9399508655687825,
            "profit": 0,
            "profit_%": 23.830935251798564
        },
        "GOGL": {
            "cost_p": 10.75,
            "position_%": 5.924886143766004,
            "profit": 0,
            "profit_%": -2.697674418604643
        },
        "GSL": {
            "cost_p": 15.76,
            "position_%": 12.40879808980096,
            "profit": 0,
            "profit_%": 15.799492385786804
        },
        "KGC": {
            "cost_p": 7.61,
            "position_%": 13.72124894867718,
            "profit": 0,
            "profit_%": -15.374507227332456
        },
        "LDI": {
            "cost_p": 13.57,
            "position_%": 13.248754041717184,
            "profit": 0,
            "profit_%": -9.211495946941783
        },
        "TX": {
            "cost_p": 40.0,
            "position_%": 14.172485127945261,
            "profit": 0,
            "profit_%": -1.8500000000000052
        }
    }
}