{
    "Factor_Intersectional_v1": [],
    "KellyFormula_Range_v1": {
        "AAP": {
            "close": 48.71,
            "loss": 4.818779,
            "max_close": 65.77928,
            "min_close": 29.623726,
            "p": 0.65,
            "profit": 7.074917,
            "q": 0.34444445
        },
        "ADBE": {
            "close": 293.38,
            "loss": 1.6233215,
            "max_close": 464.11,
            "min_close": 290.37,
            "p": 0.9777778,
            "profit": 62.223206,
            "q": 0.016666668
        },
        "EL": {
            "close": 118.76,
            "loss": 27.878716,
            "max_close": 119.49,
            "min_close": 49.429493,
            "p": 0.0055555557,
            "profit": 0.7299957,
            "q": 0.98888886
        },
        "EPAM": {
            "close": 210.42,
            "loss": 38.783905,
            "max_close": 267.63,
            "min_close": 142.2,
            "p": 0.11666667,
            "profit": 4.7228546,
            "q": 0.87777776
        },
        "FLO": {
            "close": 11.25,
            "loss": 0.44070625,
            "max_close": 18.565104,
            "min_close": 10.08,
            "p": 0.6944444,
            "profit": 3.0592365,
            "q": 0.29444444
        },
        "HOG": {
            "close": 19.56,
            "loss": 0.0,
            "max_close": 30.603024,
            "min_close": 19.56,
            "p": 0.99444443,
            "profit": 5.091614,
            "q": 0.0
        },
        "ILPT": {
            "close": 5.33,
            "loss": 1.0301352,
            "max_close": 6.339303,
            "min_close": 2.433941,
            "p": 0.6666667,
            "profit": 0.3643756,
            "q": 0.32222223
        },
        "MOH": {
            "close": 181.18,
            "loss": 19.922592,
            "max_close": 353.24,
            "min_close": 134.51,
            "p": 0.48333332,
            "profit": 54.97432,
            "q": 0.51111114
        },
        "MPW": {
            "close": 5.02,
            "loss": 0.6097226,
            "max_close": 5.894407,
            "min_close": 3.8470519,
            "p": 0.34444445,
            "profit": 0.20579672,
            "q": 0.6388889
        },
        "NICE": {
            "close": 109.37,
            "loss": 3.0020142,
            "max_close": 178.5,
            "min_close": 99.6,
            "p": 0.85555553,
            "profit": 34.426796,
            "q": 0.1388889
        },
        "NKE": {
            "close": 62.18,
            "loss": 1.5511055,
            "max_close": 79.84436,
            "min_close": 52.310772,
            "p": 0.75555557,
            "profit": 7.4062195,
            "q": 0.23888889
        },
        "NVO": {
            "close": 59.43,
            "loss": 7.138645,
            "max_close": 88.510284,
            "min_close": 44.874336,
            "p": 0.37222221,
            "profit": 8.084671,
            "q": 0.62222224
        },
        "PVH": {
            "close": 62.8,
            "loss": 0.7906723,
            "max_close": 89.47852,
            "min_close": 60.417408,
            "p": 0.9388889,
            "profit": 13.98814,
            "q": 0.055555556
        },
        "PYPL": {
            "close": 52.33,
            "loss": 0.0,
            "max_close": 89.30356,
            "min_close": 52.33,
            "p": 0.99444443,
            "profit": 14.796288,
            "q": 0.0
        },
        "SID": {
            "close": 1.9,
            "loss": 0.35391796,
            "max_close": 2.12,
            "min_close": 1.25,
            "p": 0.033333335,
            "profit": 0.10833323,
            "q": 0.95
        },
        "SM": {
            "close": 18.93,
            "loss": 0.5276375,
            "max_close": 39.159084,
            "min_close": 17.57,
            "p": 0.75555557,
            "profit": 5.3923798,
            "q": 0.23888889
        },
        "TGT": {
            "close": 109.53,
            "loss": 14.29731,
            "max_close": 129.87048,
            "min_close": 83.68,
            "p": 0.016666668,
            "profit": 1.2133408,
            "q": 0.9777778
        },
        "VALE": {
            "close": 16.14,
            "loss": 5.061634,
            "max_close": 16.94,
            "min_close": 7.9883733,
            "p": 0.022222223,
            "profit": 0.44000053,
            "q": 0.9722222
        },
        "ZIM": {
            "close": 22.43,
            "loss": 5.893818,
            "max_close": 23.27,
            "min_close": 11.213416,
            "p": 0.05,
            "profit": 0.43333435,
            "q": 0.9444444
        }
    },
    "hold_stock_list": [
        "EL",
        "FLO",
        "TGT",
        "NKE",
        "PVH",
        "MPW",
        "MOH",
        "NVO",
        "ILPT",
        "AAP",
        "HOG",
        "PYPL",
        "EPAM",
        "ADBE",
        "NICE",
        "ZIM",
        "VALE",
        "SID",
        "SM"
    ],
    "portfolio": {
        "AAP": {
            "cost_p": 91.35,
            "position_%": 13.11549718697249,
            "profit_%": -46.67761357416529
        },
        "ADBE": {
            "cost_p": 299.55,
            "position_%": 3.0719737136270315,
            "profit_%": -2.0597563011183495
        },
        "EL": {
            "cost_p": 143.03,
            "position_%": 5.867259559473534,
            "profit_%": -16.96846815353422
        },
        "EPAM": {
            "cost_p": 248.63,
            "position_%": 2.549774075844062,
            "profit_%": -15.368217833728837
        },
        "FLO": {
            "cost_p": 10.95,
            "position_%": 3.3688645131913866,
            "profit_%": 2.7397260273972672
        },
        "HOG": {
            "cost_p": 21.9,
            "position_%": 3.3688645131913866,
            "profit_%": -10.684931506849315
        },
        "ILPT": {
            "cost_p": 17.2,
            "position_%": 3.527821590678347,
            "profit_%": -69.01162790697674
        },
        "MOH": {
            "cost_p": 199,
            "position_%": 4.081607538052273,
            "profit_%": -8.95477386934673
        },
        "MPW": {
            "cost_p": 6.18,
            "position_%": 4.436440756184456,
            "profit_%": -16.8284789644013
        },
        "NICE": {
            "cost_p": 119.55,
            "position_%": 3.6780616671418285,
            "profit_%": -8.515265579255535
        },
        "NKE": {
            "cost_p": 70.07,
            "position_%": 9.341651061525617,
            "profit_%": -11.260168403025537
        },
        "NVO": {
            "cost_p": 64.24,
            "position_%": 8.564402229090991,
            "profit_%": -8.265877957658772
        },
        "PVH": {
            "cost_p": 87.3,
            "position_%": 5.371723689527087,
            "profit_%": -28.06414662084765
        },
        "PYPL": {
            "cost_p": 68.03,
            "position_%": 2.79067096295172,
            "profit_%": -23.078053799794212
        },
        "SID": {
            "cost_p": 4.54,
            "position_%": 3.259132853248775,
            "profit_%": -58.14977973568283
        },
        "SM": {
            "cost_p": 18.16,
            "position_%": 3.7247232608557432,
            "profit_%": 4.24008810572687
        },
        "TGT": {
            "cost_p": 107.3,
            "position_%": 4.401572752090542,
            "profit_%": 2.0782851817334613
        },
        "VALE": {
            "cost_p": 12.22,
            "position_%": 2.506394176633105,
            "profit_%": 32.0785597381342
        },
        "ZIM": {
            "cost_p": 29.42,
            "position_%": 12.973563899719624,
            "profit_%": -23.75934738273284
        }
    },
    "stock_info": {
        "AAP": [
            "Advance Auto Parts Inc",
            "Auto Parts",
            "Consumer Cyclical"
        ],