{"hold_stock_list":["DHI","BAC","PNC","PFC","SNV","FHN","STL","EWBC","PBCT","FBP","WFC","SLM","PSX"],"KellyFormula_Range_v1":{"DHI":{"profit":0.940002441,"loss":19.69942,"p":0.0111111114,"q":0.983333349,"max_close":76.97,"min_close":28.6063,"close":75.63},"BAC":{"profit":3.68417549,"loss":1.76683044,"p":0.5611111,"q":0.427777767,"max_close":34.2153,"min_close":17.8342,"close":24.09},"PNC":{"profit":18.78891,"loss":8.908363,"p":0.394444436,"q":0.594444454,"max_close":151.7491,"min_close":78.786,"close":109.91},"PFC":{"profit":4.771802,"loss":1.37225437,"p":0.73888886,"q":0.25555557,"max_close":30.7262,"min_close":11.194,"close":15.575},"SNV":{"profit":5.87863159,"loss":2.8357563,"p":0.433333337,"q":0.5611111,"max_close":37.8515,"min_close":12.368,"close":21.17},"FHN":{"profit":2.69935226,"loss":0.9306383,"p":0.4611111,"q":0.5277778,"max_close":16.4509,"min_close":6.597,"close":9.43},"STL":{"profit":3.12221527,"loss":0.75359726,"p":0.7888889,"q":0.2,"max_close":20.7154,"min_close":7.3857,"close":10.52},"EWBC":{"profit":5.49407959,"loss":3.567339,"p":0.733333349,"q":0.2611111,"max_close":49.8306,"min_close":22.422,"close":32.74},"PBCT":{"profit":1.8554945,"loss":0.290500641,"p":0.9111111,"q":0.0833333358,"max_close":15.9385,"min_close":9.2231,"close":10.31},"FBP":{"profit":1.28557873,"loss":0.384273052,"p":0.75555557,"q":0.233333334,"max_close":10.1812,"min_close":3.6669,"close":5.22},"WFC":{"profit":6.62212563,"loss":0.487718582,"p":0.966666639,"q":0.027777778,"max_close":47.5702,"min_close":22.4374,"close":23.51},"SLM":{"profit":2.14157772,"loss":0.829290867,"p":0.266666681,"q":0.7277778,"max_close":12.1515,"min_close":6.0536,"close":8.09},"PSX":{"profit":17.7172279,"loss":5.28947067,"p":0.9222222,"q":0.0722222254,"max_close":101.0854,"min_close":40.9713,"close":51.84}}}