{"hold_stock_list":["CEIX","BIO","KGC","GSL","ARLP","GOGL","CPLP","LDI","EDRY","TX"],"portfolio":{"ARLP":{"cost_p":7.06,"position_%":8.532702143336419,"profit":0,"profit_%":-2.691218130311608},"BIO":{"cost_p":580.11,"position_%":14.159422820819003,"profit":0,"profit_%":15.222974953026142},"CEIX":{"cost_p":18.18,"position_%":8.266456263002272,"profit":0,"profit_%":0.22002200220021534},"CPLP":{"cost_p":12.99,"position_%":5.6252955553669395,"profit":0,"profit_%":-13.779830638953047},"EDRY":{"cost_p":22.24,"position_%":3.9399508655687825,"profit":0,"profit_%":5.305755395683468},"GOGL":{"cost_p":10.75,"position_%":5.924886143766004,"profit":0,"profit_%":-13.488372093023248},"GSL":{"cost_p":15.76,"position_%":12.40879808980096,"profit":0,"profit_%":5.32994923857869},"KGC":{"cost_p":7.61,"position_%":13.72124894867718,"profit":0,"profit_%":-20.105124835742448},"LDI":{"cost_p":13.57,"position_%":13.248754041717184,"profit":0,"profit_%":-14.222549742078112},"TX":{"cost_p":40.0,"position_%":14.172485127945261,"profit":0,"profit_%":9.55}},"KellyFormula_Range_v1":{"CPLP":{"profit":1.2501545,"loss":2.12624073,"p":0.355555564,"q":0.6388889,"max_close":13.45,"min_close":7.06665039,"close":11.2},"LDI":{"profit":5.42413235,"loss":0.0300006866,"p":0.6,"q":0.00555555569,"max_close":30.3490582,"min_close":11.61,"close":11.64},"TX":{"profit":0.580001831,"loss":11.4231262,"p":0.00555555569,"q":0.98888886,"max_close":44.4,"min_close":18.8360252,"close":43.82},"KGC":{"profit":1.10191536,"loss":0.0,"p":0.99444443,"q":0.0,"max_close":8.7293005,"min_close":6.08,"close":6.08},"CEIX":{"profit":0.6100006,"loss":7.99635029,"p":0.05,"q":0.9444444,"max_close":19.53,"min_close":3.76,"close":18.22},"EDRY":{"profit":4.63145447,"loss":14.8187885,"p":0.172222227,"q":0.822222233,"max_close":32.89,"min_close":3.7,"close":23.42},"GOGL":{"profit":1.0200119,"loss":3.48548651,"p":0.233333334,"q":0.76111114,"max_close":11.29,"min_close":3.11279774,"close":9.3},"ARLP":{"profit":0.296922684,"loss":1.51518011,"p":0.144444451,"q":0.85,"max_close":7.8,"min_close":3.16588235,"close":6.87},"BIO":{"profit":5.55834961,"loss":71.89313,"p":0.0333333351,"q":0.9611111,"max_close":675.17,"min_close":516.56,"close":668.42},"GSL":{"profit":2.009943,"loss":3.896865,"p":0.2,"q":0.794444442,"max_close":21.39,"min_close":6.681568,"close":16.6}}}