{"hold_stock_list":["SEE","EL","KSS","TGT","DIS","NKE","PVH","VFC","SBUX","MPW","NVO","PFE","ILPT","AAP","GM","PYPL","QCOM","EPAM","PAGS","EW","DAC","ZIM","VALE","GGB","SID","HAL","ALB"],"watch_stock_list":["ABNB","ACLS","ACMR","ADBE","ADSK","AEO","ALB","ALGM","ALGN","AMAT","ANSS","APD","APTV","ARTNA","ASML","AZN","BAC","BBY","BF-B","BIO","BLD","BUD","CAMT","CE","CNMD","CRM","CSCO","CVS","DE","DELL","DEO","DG","DHI","DIS","EL","EPAM","EW","EXLS","EXR","F","FDX","FFIV","FSLR","FTNT","G","GIS","GLOB","GM","GOOG","GSK","HAL","HAS","HMC","HOV","HPE","HPQ","INTC","ISRG","K","KSS","LMAT","LNTH","LQDT","LRCX","M","MA","MCHP","MKC","MMM","MMS","MOH","MPW","MS","MSFT","MU","NDAQ","NFLX","NICE","NKE","NOW","NVO","NXPI","ORCL","OXM","PAGS","PAYC","PCTY","PEP","PFE","PHG","PODD","PVH","PYPL","QCOM","SAIC","SBUX","SEE","SMP","SONY","SQM","STM","TDC","TEAM","TECH","TEX","TGT","TITN","TM","TEN","TRI","TX","UAL","UPS","VALE","VEEV","VFC","VMI","WDAY","WFC","WNS","X","ZTS"],"portfolio":{"AAP":{"cost_p":91.35,"position_%":11.442882221255896,"profit_%":0},"ALB":{"cost_p":173.45,"position_%":6.207734525848262,"profit_%":-66.4629576246757},"DAC":{"cost_p":73.24,"position_%":3.9318634477353136,"profit_%":9.858001092299288},"DIS":{"cost_p":93.9,"position_%":2.520494113478604,"profit_%":-4.142705005324814},"EL":{"cost_p":143.03,"position_%":5.119009911975076,"profit_%":-58.99461651401804},"EPAM":{"cost_p":248.63,"position_%":2.224602241512905,"profit_%":-36.439689498451514},"EW":{"cost_p":87.4,"position_%":2.346019015101491,"profit_%":-14.038901601830675},"GGB":{"cost_p":2.9,"position_%":2.0758062986405257,"profit_%":-8.620689655172415},"GM":{"cost_p":44.92,"position_%":2.4115142827999767,"profit_%":4.363312555654499},"HAL":{"cost_p":34.9,"position_%":2.1858598222322434,"profit_%":-39.22636103151862},"ILPT":{"cost_p":17.2,"position_%":3.0779196841911243,"profit_%":-84.30232558139535},"KSS":{"cost_p":21.98,"position_%":5.11328354977193,"profit_%":-68.01637852593267},"MPW":{"cost_p":6.18,"position_%":3.8706629516891877,"profit_%":-11.6504854368932},"NKE":{"cost_p":73.71,"position_%":5.276126974923901,"profit_%":-20.662053995387325},"NVO":{"cost_p":89.89,"position_%":2.4128563989413387,"profit_%":-30.325953943708978},"PAGS":{"cost_p":6.91,"position_%":0.06182681691209497,"profit_%":39.0738060781476},"PFE":{"cost_p":24,"position_%":2.147385826179854,"profit_%":-5.083333333333329},"PVH":{"cost_p":87.3,"position_%":4.686669565637533,"profit_%":-14.524627720504002},"PYPL":{"cost_p":68.03,"position_%":2.434777629250258,"profit_%":0},"QCOM":{"cost_p":144.74,"position_%":2.5901052040106007,"profit_%":1.7065082216387997},"SBUX":{"cost_p":87.91,"position_%":2.3597085997433878,"profit_%":-4.606984415879874},"SEE":{"cost_p":34.36,"position_%":7.070983627972563,"profit_%":-19.15017462165308},"SID":{"cost_p":4.54,"position_%":2.843496731499824,"profit_%":-63.21585903083701},"TGT":{"cost_p":107.3,"position_%":3.840241652484973,"profit_%":-11.17427772600186},"VALE":{"cost_p":12.22,"position_%":2.186754566326485,"profit_%":-20.212765957446813},"VFC":{"cost_p":18.8,"position_%":1.1774832280219534,"profit_%":-38.61702127659575},"ZIM":{"cost_p":40.74,"position_%":8.383931111862696,"profit_%":-65.39027982326951}},"KellyFormula_Range_v1":{"AAP":{"profit":9.562286,"loss":0.9567528,"p":0.93333334,"q":0.055555556,"max_close":74.49495,"min_close":30.074455,"close":32.94},"PYPL":{"profit":14.252876,"loss":3.1518402,"p":0.8888889,"q":0.10555556,"max_close":91.81,"min_close":57.22,"close":64.77},"GM":{"profit":3.955326,"loss":2.064228,"p":0.7222222,"q":0.27222222,"max_close":59.911987,"min_close":39.659786,"close":46.88},"VALE":{"profit":0.5088072,"loss":0.64169693,"p":0.39444444,"q":0.6,"max_close":11.942966,"min_close":8.179748,"close":9.75},"ALB":{"profit":29.905174,"loss":3.5745506,"p":0.93333334,"q":0.06111111,"max_close":133.06651,"min_close":50.76,"close":58.17},"QCOM":{"profit":15.760223,"loss":11.207855,"p":0.9166667,"q":0.07777778,"max_close":223.54146,"min_close":124.66,"close":147.21},"ZIM":{"profit":1.9813595,"loss":1.2285633,"p":0.68333334,"q":0.31111112,"max_close":19.163383,"min_close":7.3551364,"close":14.1},"EW":{"profit":0.6742859,"loss":5.396698,"p":0.03888889,"q":0.95555556,"max_close":93.78,"min_close":59.7,"close":75.13},"ILPT":{"profit":1.2857084,"loss":0.09500003,"p":0.95,"q":0.044444446,"max_close":5.113726,"min_close":2.5003462,"close":2.7},"PAGS":{"profit":2.4809093,"loss":1.7986603,"p":0.12222222,"q":0.87222224,"max_close":14.6,"min_close":6.19,"close":9.61},"MPW":{"profit":0.38306284,"loss":0.99150324,"p":0.22777778,"q":0.76666665,"max_close":6.21,"min_close":3.670565,"close":5.46},"KSS":{"profit":7.9210954,"loss":0.44166708,"p":0.92777777,"q":0.06666667,"max_close":24.760235,"min_close":6.13,"close":7.03},"VFC":{"profit":8.549739,"loss":0.72999954,"p":0.93333334,"q":0.06111111,"max_close":26.803305,"min_close":9.74,"close":11.54},"NKE":{"profit":18.148853,"loss":3.0476952,"p":0.9222222,"q":0.072222225,"max_close":95.772415,"min_close":53.27,"close":58.48},"SBUX":{"profit":14.011948,"loss":4.9368362,"p":0.9166667,"q":0.07777778,"max_close":115.81,"min_close":70.69843,"close":83.86},"TGT":{"profit":40.352463,"loss":2.540001,"p":0.92777777,"q":0.06666667,"max_close":159.81564,"min_close":88.76,"close":95.31},"PFE":{"profit":3.8815327,"loss":0.6000004,"p":0.92777777,"q":0.06666667,"max_close":30.407196,"min_close":21.59,"close":22.78},"DIS":{"profit":14.19632,"loss":3.259163,"p":0.8,"q":0.19444445,"max_close":117.08121,"min_close":81.72,"close":90.01},"SID":{"profit":0.30991828,"loss":0.18402743,"p":0.5833333,"q":0.4,"max_close":2.564345,"min_close":1.3,"close":1.67},"DAC":{"profit":2.7555313,"loss":2.4614944,"p":0.51111114,"q":0.48333332,"max_close":95.34127,"min_close":66.47,"close":80.46},"PVH":{"profit":22.200989,"loss":6.8907547,"p":0.8,"q":0.19444445,"max_close":123.59061,"min_close":60.5,"close":74.62},"HAL":{"profit":6.5716114,"loss":0.94142723,"p":0.95555556,"q":0.03888889,"max_close":37.98908,"min_close":19.26,"close":21.21},"SEE":{"profit":6.086954,"loss":1.9042854,"p":0.9166667,"q":0.07777778,"max_close":39.125458,"min_close":23.93,"close":27.78},"EPAM":{"profit":57.422684,"loss":9.867676,"p":0.9222222,"q":0.072222225,"max_close":267.63,"min_close":143.33,"close":158.03},"EL":{"profit":19.966377,"loss":4.111431,"p":0.9166667,"q":0.07777778,"max_close":144.19576,"min_close":50.06,"close":58.65},"NVO":{"profit":38.205753,"loss":2.2042847,"p":0.95555556,"q":0.03888889,"max_close":144.04108,"min_close":58.08,"close":62.63},"GGB":{"profit":0.46104264,"loss":0.14769244,"p":0.9222222,"q":0.072222225,"max_close":3.8121321,"min_close":2.3,"close":2.65}},"Factor_Intersectional_v1":[],"stock_info":{"AAP":["Advance Auto Parts Inc","Specialty Retail","Consumer Cyclical"],"PYPL":["PayPal Holdings Inc","Credit Services","Financial"],"GM":["General Motors Company","Auto Manufacturers","Consumer Cyclical"],"VALE":["Vale S.A. ADR","Other Industrial Metals & Mining","Basic Materials"],"ALB":["Albemarle Corp.","Specialty Chemicals","Basic Materials"],"QCOM":["Qualcomm, Inc.","Semiconductors","Technology"],"ZIM":["Zim Integrated Shipping Services Ltd","Marine Shipping","Industrials"],"EW":["Edwards Lifesciences Corp","Medical Devices","Healthcare"],"ILPT":["Industrial Logistics Properties Trust","REIT - Industrial","Real Estate"],"PAGS":["PagSeguro Digital Ltd","Software - Infrastructure","Technology"],"MPW":["Medical Properties Trust Inc","REIT - Healthcare Facilities","Real Estate"],"KSS":["Kohl's Corp.","Department Stores","Consumer Cyclical"],"VFC":["VF Corp.","Apparel Manufacturing","Consumer Cyclical"],"NKE":["Nike, Inc.","Footwear & Accessories","Consumer Cyclical"],"SBUX":["Starbucks Corp.","Restaurants","Consumer Cyclical"],"TGT":["Target Corp","Discount Stores","Consumer Defensive"],"PFE":["Pfizer Inc.","Drug Manufacturers - General","Healthcare"],"DIS":["Walt Disney Co","Entertainment","Communication Services"],