{
    "KellyFormula_Range_v1": {
        "BGFV": {
            "close": 16.47,
            "loss": 7.507553,
            "max_close": 17.1,
            "min_close": 1.78263032,
            "p": 0.00555555569,
            "profit": 0.630001068,
            "q": 0.98888886
        },
        "BIO": {
            "close": 580.0,
            "loss": 46.34424,
            "max_close": 662.35,
            "min_close": 465.46,
            "p": 0.305555552,
            "profit": 26.3255,
            "q": 0.6888889
        },
        "DHI": {
            "close": 84.49,
            "loss": 12.1947174,
            "max_close": 86.99,
            "min_close": 55.48429,
            "p": 0.00555555569,
            "profit": 2.5,
            "q": 0.98888886
        },
        "ELP": {
            "close": 1.33,
            "loss": 0.174816728,
            "max_close": 1.432,
            "min_close": 1.0312593,
            "p": 0.105555557,
            "profit": 0.0455445051,
            "q": 0.8888889
        },
        "HTH": {
            "close": 36.32,
            "loss": 12.1700859,
            "max_close": 39.37,
            "min_close": 16.4422626,
            "p": 0.05,
            "profit": 1.57777786,
            "q": 0.9444444
        },
        "LAKE": {
            "close": 28.93,
            "loss": 6.30730629,
            "max_close": 44.43,
            "min_close": 18.3,
            "p": 0.23888889,
            "profit": 3.66371918,
            "q": 0.75555557
        },
        "MDC": {
            "close": 56.88,
            "loss": 12.8681831,
            "max_close": 60.27,
            "min_close": 32.2887955,
            "p": 0.0444444455,
            "profit": 1.83374786,
            "q": 0.95
        },
        "PBFX": {
            "close": 13.5,
            "loss": 4.24669456,
            "max_close": 14.86,
            "min_close": 6.8425045,
            "p": 0.0333333351,
            "profit": 0.9199991,
            "q": 0.9611111
        },
        "PHM": {
            "close": 49.07,
            "loss": 5.122883,
            "max_close": 50.99,
            "min_close": 33.5812645,
            "p": 0.03888889,
            "profit": 0.452285767,
            "q": 0.955555558
        },
        "SMP": {
            "close": 43.12,
            "loss": 2.13433838,
            "max_close": 53.85105,
            "min_close": 37.67527,
            "p": 0.622222245,
            "profit": 3.216835,
            "q": 0.372222215
        },
        "SNX": {
            "close": 109.86,
            "loss": 34.0250244,
            "max_close": 109.86,
            "min_close": 57.7834778,
            "p": 0.0,
            "profit": 0.0,
            "q": 0.99444443
        },
        "STC": {
            "close": 51.66,
            "loss": 7.637394,
            "max_close": 54.8160629,
            "min_close": 30.60827,
            "p": 0.08888889,
            "profit": 1.892849,
            "q": 0.905555546
        },
        "T": {
            "close": 29.99,
            "loss": 1.59671211,
            "max_close": 30.9062023,
            "min_close": 26.033514,
            "p": 0.0444444455,
            "profit": 0.260204315,
            "q": 0.933333337
        },
        "TDS": {
            "close": 22.34,
            "loss": 3.38935852,
            "max_close": 23.7356415,
            "min_close": 16.3788166,
            "p": 0.144444451,
            "profit": 0.5824547,
            "q": 0.85
        },
        "WFC": {
            "close": 38.97,
            "loss": 11.4738026,
            "max_close": 40.81,
            "min_close": 20.9815083,
            "p": 0.03888889,
            "profit": 0.869998932,
            "q": 0.955555558
        }
    },
    "hold_stock_list": [
        "SMP",
        "T",
        "DHI",
        "TDS",
        "BGFV",
        "BIO",
        "WFC",
        "STC",
        "SNX",
        "LAKE",
        "HTH",
        "MDC",
        "PBFX",
        "PHM",
        "ELP"
    ],
    "portfolio": {
        "BGFV": {
            "cost_p": 12.23,
            "position_%": 4.15795831570293,
            "profit_%": 34.6688470973017
        },
        "BIO": {
            "cost_p": 580.11,
            "position_%": 17.468582911854977,
            "profit_%": -0.01896192101498227
        },
        "DHI": {
            "cost_p": 72.88,
            "position_%": 3.53967996785924,
            "profit_%": 15.930296377607025
        },
        "ELP": {
            "cost_p": 1.05,
            "position_%": 9.208193949221785,
            "profit_%": 26.666666666666668
        },
        "HTH": {
            "cost_p": 29.44,
            "position_%": 2.8597194910476404,
            "profit_%": 23.3695652173913
        },
        "LAKE": {
            "cost_p": 29.74,
            "position_%": 4.333290981509349,
            "profit_%": -2.7236045729656984
        },
        "MDC": {
            "cost_p": 59.95,
            "position_%": 4.94986942816101,
            "profit_%": -5.1209341117598
        },
        "PBFX": {
            "cost_p": 11.39,
            "position_%": 5.531964164917226,
            "profit_%": 18.525021949078134
        },
        "PHM": {
            "cost_p": 49.31,
            "position_%": 4.4305981826016385,
            "profit_%": -0.4867166903265098
        },
        "SMP": {
            "cost_p": 41.45,
            "position_%": 12.823884602547562,
            "profit_%": 4.028950542822664
        },
        "SNX": {
            "cost_p": 86.45,
            "position_%": 2.9391291610181383,
            "profit_%": 27.07923655292076
        },
        "STC": {
            "cost_p": 53.5,
            "position_%": 13.771628085709214,
            "profit_%": -3.4392523364486047
        },
        "T": {
            "cost_p": 28.54,
            "position_%": 5.821821602460913,
            "profit_%": 5.080588647512261
        },
        "TDS": {
            "cost_p": 20.77,
            "position_%": 5.043849679777471,
            "profit_%": 7.558979297063074
        },
        "WFC": {
            "cost_p": 31.79,
            "position_%": 3.087991936834392,
            "profit_%": 22.585718779490406
        }
    }
}