{"hold_stock_list":["SEE","EL","KSS","TGT","NKE","PVH","VFC","SBUX","MPW","NVO","PFE","ILPT","AAP","PYPL","EPAM","EW","ZIM","VALE","GGB","SID","HAL","ALB"],"watch_stock_list":["ABNB","ACLS","ACMR","ADBE","ADSK","AEO","ALB","ALGM","ALGN","AMAT","ANSS","APD","APTV","ARTNA","ASML","AZN","BAC","BBY","BF-B","BIO","BLD","BUD","CAMT","CE","CNMD","CRM","CSCO","CVS","DE","DELL","DEO","DG","DHI","DIS","EL","EPAM","EW","EXLS","EXR","F","FDX","FFIV","FSLR","FTNT","G","GIS","GLOB","GM","GOOG","GSK","HAL","HAS","HMC","HOV","HPE","HPQ","INTC","ISRG","K","KSS","LMAT","LNTH","LQDT","LRCX","M","MA","MCHP","MKC","MMM","MMS","MOH","MPW","MS","MSFT","MU","NDAQ","NFLX","NICE","NKE","NOW","NVO","NXPI","ORCL","OXM","PAGS","PAYC","PCTY","PEP","PFE","PHG","PODD","PVH","PYPL","QCOM","SAIC","SBUX","SEE","SMP","SONY","SQM","STM","TDC","TEAM","TECH","TEX","TGT","TITN","TM","TEN","TRI","TX","UAL","UPS","VALE","VEEV","VFC","VMI","WDAY","WFC","WNS","X","ZTS"],"portfolio":{"AAP":{"cost_p":91.35,"position_%":12.256656632481434,"profit_%":-46.34920634920635},"ALB":{"cost_p":173.45,"position_%":6.649205075936836,"profit_%":-60.801383684058806},"EL":{"cost_p":143.03,"position_%":5.4830544941553505,"profit_%":-38.068936586730054},"EPAM":{"cost_p":248.63,"position_%":2.3828075209428876,"profit_%":-27.7842577323734},"EW":{"cost_p":87.4,"position_%":2.5128589952589193,"profit_%":-11.876430205949667},"GGB":{"cost_p":2.9,"position_%":2.2234297745998064,"profit_%":5.172413793103446},"HAL":{"cost_p":34.9,"position_%":2.34130988764971,"profit_%":-37.79369627507163},"ILPT":{"cost_p":17.2,"position_%":3.29680966578592,"profit_%":-73.19767441860465},"KSS":{"cost_p":11.63,"position_%":10.700064115281002,"profit_%":-20.894239036973357},"MPW":{"cost_p":6.18,"position_%":4.145929829706364,"profit_%":-27.831715210355984},"NKE":{"cost_p":73.71,"position_%":5.651345127094888,"profit_%":3.6358703025369787},"NVO":{"cost_p":89.89,"position_%":2.5844496005014217,"profit_%":-22.32728890866616},"PFE":{"cost_p":24,"position_%":2.3000997668273864,"profit_%":5.500000000000002},"PVH":{"cost_p":87.3,"position_%":5.01996774110077,"profit_%":-16.208476517754857},"PYPL":{"cost_p":68.03,"position_%":2.607929785621118,"profit_%":12.171100984859622},"SBUX":{"cost_p":87.91,"position_%":2.527522131272444,"profit_%":7.132294391991821},"SEE":{"cost_p":34.36,"position_%":7.573845182201444,"profit_%":-4.394644935972055},"SID":{"cost_p":4.54,"position_%":3.045715441240597,"profit_%":-66.74008810572688},"TGT":{"cost_p":107.3,"position_%":4.1133450830096425,"profit_%":-1.7241379310344775},"VALE":{"cost_p":12.22,"position_%":2.3422682625525546,"profit_%":-15.875613747954183},"VFC":{"cost_p":18.8,"position_%":1.2612213721436834,"profit_%":-33.61702127659574},"ZIM":{"cost_p":40.74,"position_%":8.980164514635822,"profit_%":-60.382916053019144}},"KellyFormula_Range_v1":{"SBUX":{"profit":6.9226227,"loss":6.7635117,"p":0.5222222,"q":0.4722222,"max_close":115.00041,"min_close":70.746605,"close":94.18},"PVH":{"profit":20.9795,"loss":5.7303314,"p":0.65,"q":0.34444445,"max_close":112.74689,"min_close":60.472145,"close":73.15},"PYPL":{"profit":8.573326,"loss":7.2116776,"p":0.48333332,"q":0.51111114,"max_close":91.81,"min_close":57.22,"close":76.31},"ALB":{"profit":20.712746,"loss":9.521904,"p":0.65555555,"q":0.33888888,"max_close":109.52887,"min_close":50.43097,"close":67.99},"EW":{"profit":0.803566,"loss":5.1714706,"p":0.07777778,"q":0.9166667,"max_close":93.78,"min_close":59.7,"close":77.02},"ILPT":{"profit":0.07749987,"loss":1.0551491,"p":0.022222223,"q":0.96666664,"max_close":5.113726,"min_close":2.5003462,"close":4.61},"VFC":{"profit":7.346319,"loss":0.92482567,"p":0.7722222,"q":0.22222222,"max_close":26.618027,"min_close":9.672672,"close":12.48},"PFE":{"profit":0.82684135,"loss":1.4870472,"p":0.41111112,"q":0.5833333,"max_close":29.837969,"min_close":21.185833,"close":25.32},"GGB":{"profit":0.21668553,"loss":0.23357344,"p":0.2888889,"q":0.6888889,"max_close":3.5385134,"min_close":2.3,"close":3.05},"ZIM":{"profit":1.0702019,"loss":1.4587011,"p":0.47777778,"q":0.51666665,"max_close":19.37,"min_close":11.051109,"close":16.14},"SEE":{"profit":1.8532028,"loss":2.9778824,"p":0.49444443,"q":0.5,"max_close":37.127045,"min_close":23.781643,"close":32.85},"KSS":{"profit":5.046898,"loss":1.4516854,"p":0.57222223,"q":0.42222223,"max_close":20.890905,"min_close":6.0484843,"close":9.2},"SID":{"profit":0.23433423,"loss":0.081964135,"p":0.65,"q":0.31111112,"max_close":2.35638,"min_close":1.3,"close":1.51},"VALE":{"profit":0.14351273,"loss":0.9634619,"p":0.06666667,"q":0.92777777,"max_close":11.254914,"min_close":8.179748,"close":10.28},"MPW":{"profit":0.624084,"loss":0.3472581,"p":0.55,"q":0.43888888,"max_close":6.0981083,"min_close":3.6044285,"close":4.46},"EL":{"profit":2.8425827,"loss":18.588829,"p":0.033333335,"q":0.9611111,"max_close":104.718895,"min_close":50.06,"close":88.58},"NVO":{"profit":21.198418,"loss":4.09816,"p":0.7222222,"q":0.26666668,"max_close":140.27608,"min_close":58.08,"close":69.82},"NKE":{"profit":2.0717926,"loss":9.30394,"p":0.21666667,"q":0.7777778,"max_close":87.95319,"min_close":52.918324,"close":76.39},"EPAM":{"profit":43.431076,"loss":14.273499,"p":0.6611111,"q":0.33333334,"max_close":267.63,"min_close":143.33,"close":179.55},"AAP":{"profit":1.9763489,"loss":8.965717,"p":0.094444446,"q":0.9,"max_close":63.16309,"min_close":30.074455,"close":49.01},"HAL":{"profit":4.9963875,"loss":1.3954144,"p":0.7222222,"q":0.27222222,"max_close":35.486828,"min_close":19.099735,"close":21.71},"TGT":{"profit":28.287674,"loss":8.518791,"p":0.5777778,"q":0.41666666,"max_close":156.39932,"min_close":87.75676,"close":105.45}},"Factor_Intersectional_v1":[],"stock_info":{"SBUX":["Starbucks Corp","Restaurants","Consumer Cyclical"],"PVH":["PVH Corp","Apparel Manufacturing","Consumer Cyclical"],"PYPL":["PayPal Holdings Inc","Credit Services","Financial"],"ALB":["Albemarle Corp","Specialty Chemicals","Basic Materials"],"EW":["Edwards Lifesciences Corp","Medical Devices","Healthcare"],"ILPT":["Industrial Logistics Properties Trust","REIT - Industrial","Real Estate"],"VFC":["VF Corp","Apparel Manufacturing","Consumer Cyclical"],"PFE":["Pfizer Inc","Drug Manufacturers - General","Healthcare"],"GGB":["Gerdau S.A. ADR","Steel","Basic Materials"],"ZIM":["Zim Integrated Shipping Services Ltd","Marine Shipping","Industrials"],"SEE":["Sealed Air Corp","Packaging & Containers","Consumer Cyclical"],"KSS":["Kohl's Corp","Department Stores","Consumer Cyclical"],"SID":["Companhia Siderurgica Nacional ADR","Steel","Basic Materials"],"VALE":["Vale S.A. ADR","Other Industrial Metals & Mining","Basic Materials"],"MPW":["Medical Properties Trust Inc","REIT - Healthcare Facilities","Real Estate"],"EL":["Estee Lauder Cos., Inc","Household & Personal Products","Consumer Defensive"],"NVO":["Novo Nordisk ADR","Drug Manufacturers - General","Healthcare"],"NKE":["Nike, Inc","Footwear & Accessories","Consumer Cyclical"],"EPAM":["EPAM Systems Inc","Information Technology Services","Technology"],"AAP":["Advance Auto Parts Inc","Auto Parts","Consumer Cyclical"],"HAL":["Halliburton Co","Oil & Gas Equipment & Services","Energy"],"TGT":["Target Corp","Discount Stores","Consumer Defensive"]}}