{"hold_stock_list":["DHI","BAC","PNC","PFC","SNV","FHN","STL","EWBC","PBCT","FBP","WFC","SLM","PSX"],"portfolio":{"BAC":{"cost_p":25.9,"position_%":4.441389244486659,"profit_%":5.559845559845565},"DHI":{"cost_p":72.88,"position_%":5.433749339234309,"profit_%":-0.041163556531285866},"EWBC":{"cost_p":32.92,"position_%":9.817729322041354,"profit_%":32.746051032806804},"FBP":{"cost_p":6.92,"position_%":8.667754708864212,"profit_%":14.161849710982665},"FHN":{"cost_p":10.96,"position_%":10.949810139370303,"profit_%":7.02554744525547},"PBCT":{"cost_p":14.03,"position_%":7.53149867250402,"profit_%":-10.26372059871703},"PFC":{"cost_p":17.29,"position_%":5.156395503587333,"profit_%":20.416425679583583},"PNC":{"cost_p":99.87,"position_%":8.190661377061794,"profit_%":25.603284269550407},"PSX":{"cost_p":74.12,"position_%":9.394541050231613,"profit_%":-20.426335671883443},"SLM":{"cost_p":6.6,"position_%":4.970001796835333,"profit_%":61.66666666666667},"SNV":{"cost_p":15.59,"position_%":9.298809242443784,"profit_%":88.58242463117382},"STL":{"cost_p":16.83,"position_%":7.528814603126789,"profit_%":-8.140225787284598},"WFC":{"cost_p":34,"position_%":8.618845000212488,"profit_%":-28.852941176470587}},"KellyFormula_Range_v1":{"STL":{"profit":1.001401,"loss":4.066846,"p":0.0444444455,"q":0.95,"max_close":17.3858,"min_close":7.3472,"close":15.46},"FHN":{"profit":0.8765373,"loss":2.504733,"p":0.0444444455,"q":0.95,"max_close":13.3837,"min_close":6.597,"close":11.73},"DHI":{"profit":2.62353516,"loss":18.1890984,"p":0.188888893,"q":0.8055556,"max_close":78.82,"min_close":28.6063,"close":72.85},"FBP":{"profit":0.2229495,"loss":2.31161547,"p":0.0222222228,"q":0.9722222,"max_close":8.21,"min_close":3.6669,"close":7.9},"PSX":{"profit":9.084972,"loss":7.116726,"p":0.5777778,"q":0.411111116,"max_close":88.4534,"min_close":40.9713,"close":58.98},"EWBC":{"profit":1.68500137,"loss":9.695457,"p":0.0111111114,"q":0.983333349,"max_close":45.52,"min_close":22.2542,"close":43.7},"PFC":{"profit":2.54193115,"loss":4.12438774,"p":0.05,"q":0.9444444,"max_close":25.0648,"min_close":11.194,"close":20.82},"WFC":{"profit":2.96676445,"loss":0.9836006,"p":0.7,"q":0.2888889,"max_close":41.0686,"min_close":21.0458,"close":24.19},"PBCT":{"profit":0.7019863,"loss":1.75391769,"p":0.08888889,"q":0.905555546,"max_close":14.2013,"min_close":9.0701,"close":12.59},"SNV":{"profit":1.01000023,"loss":8.914518,"p":0.0111111114,"q":0.983333349,"max_close":30.57,"min_close":12.368,"close":29.4},"SLM":{"profit":0.117033005,"loss":2.93592453,"p":0.0166666675,"q":0.9777778,"max_close":10.8453,"min_close":6.0536,"close":10.67},"PNC":{"profit":2.391571,"loss":20.4840546,"p":0.0222222228,"q":0.9722222,"max_close":128.3619,"min_close":77.9677,"close":125.44},"BAC":{"profit":0.6872368,"loss":3.54364777,"p":0.0444444455,"q":0.95,"max_close":28.7773,"min_close":17.8342,"close":27.34}}}