{
    "KellyFormula_Range_v1": {
        "BAC": {
            "close": 24.9,
            "loss": 1.89936829,
            "max_close": 34.2153,
            "min_close": 17.8342,
            "p": 0.3611111,
            "profit": 2.44839478,
            "q": 0.6333333
        },
        "DHI": {
            "close": 73.06,
            "loss": 18.74939,
            "max_close": 78.82,
            "min_close": 28.6063,
            "p": 0.166666672,
            "profit": 2.68967438,
            "q": 0.8277778
        },
        "EWBC": {
            "close": 38.36,
            "loss": 4.68145752,
            "max_close": 47.6688,
            "min_close": 22.422,
            "p": 0.13333334,
            "profit": 4.09347534,
            "q": 0.8611111
        },
        "FBP": {
            "close": 6.66,
            "loss": 1.21217489,
            "max_close": 9.126,
            "min_close": 3.6669,
            "p": 0.116666667,
            "profit": 1.591115,
            "q": 0.877777755
        },
        "FHN": {
            "close": 11.08,
            "loss": 2.00701046,
            "max_close": 15.8604,
            "min_close": 6.597,
            "p": 0.127777785,
            "profit": 2.78074837,
            "q": 0.8666667
        },
        "PBCT": {
            "close": 11.44,
            "loss": 0.697299,
            "max_close": 15.8568,
            "min_close": 9.2231,
            "p": 0.3611111,
            "profit": 1.49379253,
            "q": 0.6333333
        },
        "PFC": {
            "close": 19.22,
            "loss": 3.00975418,
            "max_close": 27.9154,
            "min_close": 11.194,
            "p": 0.2,
            "profit": 3.97855186,
            "q": 0.794444442
        },
        "PNC": {
            "close": 114.81,
            "loss": 3.7674942,
            "max_close": 115.32,
            "min_close": 109.99,
            "p": 0.00555555569,
            "profit": 0.510002136,
            "q": 0.0222222228
        },
        "PSX": {
            "close": 50.48,
            "loss": 3.3166275,
            "max_close": 88.4534,
            "min_close": 40.9713,
            "p": 0.9,
            "profit": 15.1713524,
            "q": 0.0944444463
        },
        "SLM": {
            "close": 9.56,
            "loss": 2.03157043,
            "max_close": 12.1515,
            "min_close": 6.0536,
            "p": 0.105555557,
            "profit": 1.60917091,
            "q": 0.8888889
        },
        "SNV": {
            "close": 26.81,
            "loss": 6.77967262,
            "max_close": 35.1829,
            "min_close": 12.368,
            "p": 0.0833333358,
            "profit": 5.59716225,
            "q": 0.9111111
        },
        "STL": {
            "close": 13.58,
            "loss": 2.33994579,
            "max_close": 20.1723,
            "min_close": 7.3857,
            "p": 0.127777785,
            "profit": 4.063116,
            "q": 0.8666667
        },
        "WFC": {
            "close": 23.28,
            "loss": 0.357147217,
            "max_close": 47.0704,
            "min_close": 22.4374,
            "p": 0.933333337,
            "profit": 4.83612633,
            "q": 0.06111111
        }
    },
    "hold_stock_list": [
        "DHI",
        "BAC",
        "PNC",
        "PFC",
        "SNV",
        "FHN",
        "STL",
        "EWBC",
        "PBCT",
        "FBP",
        "WFC",
        "SLM",
        "PSX"
    ],
    "portfolio": {
        "BAC": {
            "cost_p": 25.9,
            "position_%": 4.441389244486659,
            "profit_%": -3.861003861003861
        },
        "DHI": {
            "cost_p": 72.88,
            "position_%": 5.433749339234309,
            "profit_%": 0.24698133918771517
        },
        "EWBC": {
            "cost_p": 32.92,
            "position_%": 9.817729322041354,
            "profit_%": 16.524908869987843
        },
        "FBP": {
            "cost_p": 6.92,
            "position_%": 8.667754708864212,
            "profit_%": -3.7572254335260085
        },
        "FHN": {
            "cost_p": 10.96,
            "position_%": 10.949810139370303,
            "profit_%": 1.0948905109488978
        },
        "PBCT": {
            "cost_p": 14.03,
            "position_%": 7.53149867250402,
            "profit_%": -18.460441910192444
        },
        "PFC": {
            "cost_p": 17.29,
            "position_%": 5.156395503587333,
            "profit_%": 11.162521688837478
        },
        "PNC": {
            "cost_p": 99.87,
            "position_%": 8.190661377061794,
            "profit_%": 14.959447281465904
        },
        "PSX": {
            "cost_p": 74.12,
            "position_%": 9.394541050231613,
            "profit_%": -31.894225580140322
        },
        "SLM": {
            "cost_p": 6.6,
            "position_%": 4.970001796835333,
            "profit_%": 44.848484848484865
        },
        "SNV": {
            "cost_p": 15.59,
            "position_%": 9.298809242443784,
            "profit_%": 71.96921103271328
        },
        "STL": {
            "cost_p": 16.83,
            "position_%": 7.528814603126789,
            "profit_%": -19.310754604872244
        },
        "WFC": {
            "cost_p": 34,
            "position_%": 8.618845000212488,
            "profit_%": -31.529411764705877
        }
    }
}