{
    "KellyFormula_Range_v1": {
        "CPLP": {
            "close": 15.24,
            "loss": 2.818489,
            "max_close": 16.7,
            "min_close": 10.3809137,
            "p": 0.111111112,
            "profit": 0.7765026,
            "q": 0.8833333
        },
        "DAC": {
            "close": 70.07,
            "loss": 8.819588,
            "max_close": 87.12521,
            "min_close": 47.40861,
            "p": 0.572222233,
            "profit": 5.394821,
            "q": 0.422222227
        },
        "EDRY": {
            "close": 17.56,
            "loss": 5.589429,
            "max_close": 33.81,
            "min_close": 7.74,
            "p": 0.8,
            "profit": 8.662073,
            "q": 0.194444448
        },
        "ET": {
            "close": 8.35,
            "loss": 0.499545574,
            "max_close": 10.9818878,
            "min_close": 7.43126631,
            "p": 0.855555534,
            "profit": 1.16593838,
            "q": 0.1388889
        },
        "GGB": {
            "close": 5.06,
            "loss": 0.4274044,
            "max_close": 6.49767637,
            "min_close": 4.14701271,
            "p": 0.5277778,
            "profit": 0.435637474,
            "q": 0.466666669
        },
        "GOGL": {
            "close": 8.12,
            "loss": 0.8078737,
            "max_close": 10.6554384,
            "min_close": 5.830318,
            "p": 0.7111111,
            "profit": 0.9659786,
            "q": 0.283333331
        },
        "INTC": {
            "close": 50.62,
            "loss": 1.11371613,
            "max_close": 66.9506,
            "min_close": 47.5614853,
            "p": 0.8277778,
            "profit": 4.513405,
            "q": 0.166666672
        },
        "KGC": {
            "close": 5.55,
            "loss": 0.2416091,
            "max_close": 8.1103735,
            "min_close": 5.04,
            "p": 0.8888889,
            "profit": 1.02076149,
            "q": 0.105555557
        },
        "LDI": {
            "close": 4.49,
            "loss": 0.18999958,
            "max_close": 21.1350632,
            "min_close": 4.3,
            "p": 0.98888886,
            "profit": 6.02578354,
            "q": 0.00555555569
        },
        "NMM": {
            "close": 23.83,
            "loss": 1.14836884,
            "max_close": 34.7383652,
            "min_close": 21.3855934,
            "p": 0.872222245,
            "profit": 4.72892,
            "q": 0.122222222
        },
        "SB": {
            "close": 3.61,
            "loss": 0.440158367,
            "max_close": 5.28,
            "min_close": 2.12,
            "p": 0.6388889,
            "profit": 0.5980003,
            "q": 0.35
        },
        "SID": {
            "close": 4.43,
            "loss": 0.357027054,
            "max_close": 9.618398,
            "min_close": 3.57,
            "p": 0.7888889,
            "profit": 3.120453,
            "q": 0.205555558
        },
        "THO": {
            "close": 98.31,
            "loss": 0.0,
            "max_close": 145.657974,
            "min_close": 98.31,
            "p": 0.99444443,
            "profit": 18.3963318,
            "q": 0.0
        },
        "TX": {
            "close": 42.39,
            "loss": 4.269726,
            "max_close": 55.1230164,
            "min_close": 32.1183052,
            "p": 0.411111116,
            "profit": 5.48276138,
            "q": 0.5833333
        },
        "VALE": {
            "close": 14.0,
            "loss": 1.11911106,
            "max_close": 20.7570267,
            "min_close": 11.27,
            "p": 0.74444443,
            "profit": 4.025812,
            "q": 0.25
        }
    },
    "hold_stock_list": [
        "VALE",
        "INTC",
        "KGC",
        "DAC",
        "GGB",
        "LDI",
        "THO",
        "GOGL",
        "CPLP",
        "SID",
        "EDRY",
        "ET",
        "SB",
        "NMM",
        "TX"
    ],
    "portfolio": {
        "CPLP": {
            "cost_p": 12.99,
            "position_%": 4.447238367370211,
            "profit_%": 17.321016166281755
        },
        "DAC": {
            "cost_p": 76.97,
            "position_%": 11.139431084643125,
            "profit_%": -8.96453163570223
        },
        "EDRY": {
            "cost_p": 22.24,
            "position_%": 3.11484089723851,
            "profit_%": -21.043165467625897
        },
        "ET": {
            "cost_p": 9.35,
            "position_%": 6.489407486797718,
            "profit_%": -10.695187165775401
        },
        "GGB": {
            "cost_p": 4.45,
            "position_%": 4.570487467620656,
            "profit_%": 13.707865168539312
        },
        "GOGL": {
            "cost_p": 10.75,
            "position_%": 4.684088279720182,
            "profit_%": -24.465116279069772
        },
        "INTC": {
            "cost_p": 49.94,
            "position_%": 9.061616209024498,
            "profit_%": 1.361633960752903
        },
        "KGC": {
            "cost_p": 7.61,
            "position_%": 10.847725985628658,
            "profit_%": -27.069645203679375
        },
        "LDI": {
            "cost_p": 7.03,
            "position_%": 6.563948293641106,
            "profit_%": -36.13086770981508
        },
        "NMM": {
            "cost_p": 30.04,
            "position_%": 5.001983812537869,
            "profit_%": -20.67243675099867
        },
        "SB": {
            "cost_p": 4.05,
            "position_%": 5.237386481665203,
            "profit_%": -10.864197530864196
        },
        "SID": {
            "cost_p": 4.85,
            "position_%": 13.313703942962807,
            "profit_%": -8.65979381443299
        },
        "THO": {
            "cost_p": 104.58,
            "position_%": 3.2548966929776517,
            "profit_%": -5.995410212277679
        },
        "TX": {
            "cost_p": 40.0,
            "position_%": 3.7348212197104442,
            "profit_%": 5.975000000000001
        },
        "VALE": {
            "cost_p": 12.76,
            "position_%": 8.53842377846136,
            "profit_%": 9.717868338557995
        }
    }
}