{
    "KellyFormula_Range_v1": {
        "BGFV": {
            "close": 14.14,
            "loss": 7.529826,
            "max_close": 14.14,
            "min_close": 1.14831662,
            "p": 0.0,
            "profit": 0.0,
            "q": 0.99444443
        },
        "BIO": {
            "close": 591.68,
            "loss": 71.53497,
            "max_close": 643.45,
            "min_close": 432.34,
            "p": 0.111111112,
            "profit": 17.9390869,
            "q": 0.8833333
        },
        "C": {
            "close": 58.43,
            "loss": 9.990608,
            "max_close": 68.40837,
            "min_close": 40.2755241,
            "p": 0.183333337,
            "profit": 3.06867218,
            "q": 0.8111111
        },
        "DHI": {
            "close": 77.09,
            "loss": 10.0419388,
            "max_close": 78.97,
            "min_close": 46.960804,
            "p": 0.06111111,
            "profit": 0.8434677,
            "q": 0.933333337
        },
        "HTH": {
            "close": 30.85,
            "loss": 9.446917,
            "max_close": 33.22,
            "min_close": 14.1241817,
            "p": 0.0444444455,
            "profit": 1.48624992,
            "q": 0.95
        },
        "LAKE": {
            "close": 30.58,
            "loss": 8.573187,
            "max_close": 31.25,
            "min_close": 13.5,
            "p": 0.0111111114,
            "profit": 0.495000839,
            "q": 0.983333349
        },
        "PSX": {
            "close": 67.38,
            "loss": 9.425434,
            "max_close": 87.2001343,
            "min_close": 43.5934563,
            "p": 0.35,
            "profit": 5.707794,
            "q": 0.644444466
        },
        "REGI": {
            "close": 98.98,
            "loss": 50.8627129,
            "max_close": 100.53,
            "min_close": 22.31,
            "p": 0.0111111114,
            "profit": 1.409996,
            "q": 0.983333349
        },
        "SMP": {
            "close": 39.82,
            "loss": 0.8508606,
            "max_close": 54.17,
            "min_close": 36.7246552,
            "p": 0.855555534,
            "profit": 5.13001633,
            "q": 0.1388889
        },
        "SNX": {
            "close": 85.13,
            "loss": 28.5057373,
            "max_close": 91.34,
            "min_close": 37.18427,
            "p": 0.0833333358,
            "profit": 2.74894714,
            "q": 0.9111111
        },
        "T": {
            "close": 28.65,
            "loss": 0.8175888,
            "max_close": 31.50766,
            "min_close": 26.033514,
            "p": 0.455555558,
            "profit": 0.570793152,
            "q": 0.5388889
        },
        "TDS": {
            "close": 19.05,
            "loss": 0.8032799,
            "max_close": 23.91577,
            "min_close": 16.5031128,
            "p": 0.5611111,
            "profit": 1.48503876,
            "q": 0.433333337
        },
        "WFC": {
            "close": 29.99,
            "loss": 4.57547,
            "max_close": 34.75,
            "min_close": 21.0457516,
            "p": 0.122222222,
            "profit": 2.21525,
            "q": 0.872222245
        }
    },
    "hold_stock_list": [
        "SMP",
        "T",
        "DHI",
        "C",
        "REGI",
        "TDS",
        "BGFV",
        "BIO",
        "WFC",
        "PSX",
        "SNX",
        "LAKE",
        "HTH"
    ],
    "portfolio": {
        "BGFV": {
            "cost_p": 12.23,
            "position_%": 9.612785307630746,
            "profit_%": 15.617334423548652
        },
        "BIO": {
            "cost_p": 597.32,
            "position_%": 6.371701289517928,
            "profit_%": -0.9442175048550357
        },
        "C": {
            "cost_p": 62.71,
            "position_%": 5.527531209129732,
            "profit_%": -6.825067772285124
        },
        "DHI": {
            "cost_p": 72.88,
            "position_%": 4.0916936877708725,
            "profit_%": 5.776619099890242
        },
        "HTH": {
            "cost_p": 29.44,
            "position_%": 7.437809821019281,
            "profit_%": 4.789402173913044
        },
        "LAKE": {
            "cost_p": 29.73,
            "position_%": 7.010337870707982,
            "profit_%": 2.859064917591651
        },
        "PSX": {
            "cost_p": 70.43,
            "position_%": 9.88535902955895,
            "profit_%": -4.330540962657974
        },
        "REGI": {
            "cost_p": 80.92,
            "position_%": 6.3603155118027805,
            "profit_%": 22.318339100346023
        },
        "SMP": {
            "cost_p": 41.45,
            "position_%": 14.823771684839654,
            "profit_%": -3.9324487334137577
        },
        "SNX": {
            "cost_p": 86.45,
            "position_%": 7.037651385788944,
            "profit_%": -1.5268941584731144
        },
        "T": {
            "cost_p": 28.54,
            "position_%": 6.729735715775506,
            "profit_%": 0.3854239663629973
        },
        "TDS": {
            "cost_p": 20.77,
            "position_%": 5.830438933520926,
            "profit_%": -8.28117477130476
        },
        "WFC": {
            "cost_p": 31.79,
            "position_%": 9.280868552936708,
            "profit_%": -5.662157911292861
        }
    }
}