{"hold_stock_list":["BIO","ILPT","INTC","HIMX","STC","DHI","CCS","BAC","C","THO","WGO","DAC","EDRY","NMM","ZIM","X","GGB","SID","TX"],"portfolio":{"BAC":{"cost_p":35.99,"position_%":5.348246869616792,"profit_%":-12.5868296749097},"BIO":{"cost_p":550.38,"position_%":7.088336659682498,"profit_%":-5.180057414876992},"C":{"cost_p":49.1,"position_%":11.552698677098975,"profit_%":-5.926680244399193},"CCS":{"cost_p":45,"position_%":2.786319222153789,"profit_%":9.15555555555555},"DAC":{"cost_p":73.49,"position_%":5.460442656962185,"profit_%":-19.62171724044087},"DHI":{"cost_p":65,"position_%":3.2197466567110444,"profit_%":12.723076923076917},"EDRY":{"cost_p":22.24,"position_%":0.8262365266760033,"profit_%":-27.832733812949634},"GGB":{"cost_p":4.57,"position_%":2.4901025297363724,"profit_%":-6.783369803063468},"HIMX":{"cost_p":7.32,"position_%":4.71370910542497,"profit_%":-13.251366120218588},"ILPT":{"cost_p":17.42,"position_%":4.3144605199928,"profit_%":-20.03444316877154},"INTC":{"cost_p":43.58,"position_%":5.936469816515926,"profit_%":-14.639743001376768},"NMM":{"cost_p":30.04,"position_%":1.9902244776409954,"profit_%":-29.99334221038615},"SID":{"cost_p":4.82,"position_%":4.178240469131947,"profit_%":-45.22821576763486},"STC":{"cost_p":52.86,"position_%":7.855191151095961,"profit_%":-5.0699962164207335},"THO":{"cost_p":80.73,"position_%":7.607955473875812,"profit_%":-0.619348445435402},"TX":{"cost_p":39.96,"position_%":2.9691017631270773,"profit_%":-14.039039039039036},"WGO":{"cost_p":53.71,"position_%":7.648941610451645,"profit_%":-4.263638056227889},"X":{"cost_p":19.57,"position_%":4.846957082448857,"profit_%":-10.577414409810936},"ZIM":{"cost_p":56.94,"position_%":9.166618731656344,"profit_%":-22.95398665261679}},"KellyFormula_Range_v1":{"WGO":{"profit":13.117691,"loss":3.21655655,"p":0.816666663,"q":0.177777782,"max_close":77.45,"min_close":44.28,"close":51.42},"ZIM":{"profit":16.6616936,"loss":1.26666641,"p":0.9777778,"q":0.0166666675,"max_close":88.62,"min_close":42.05,"close":43.87},"DAC":{"profit":22.0678253,"loss":1.68999863,"p":0.98888886,"q":0.00555555569,"max_close":106.64,"min_close":57.38,"close":59.07},"TX":{"profit":7.78881454,"loss":0.259998322,"p":0.98888886,"q":0.00555555569,"max_close":49.66,"min_close":34.09,"close":34.35},"ILPT":{"profit":7.274946,"loss":0.346428871,"p":0.955555558,"q":0.03888889,"max_close":28.4,"min_close":13.09,"close":13.93},"SID":{"profit":1.77787566,"loss":0.0,"p":0.99444443,"q":0.0,"max_close":5.71,"min_close":2.64,"close":2.64},"X":{"profit":8.663494,"loss":0.465000153,"p":0.983333349,"q":0.0111111114,"max_close":38.45,"min_close":17.02,"close":17.5},"DHI":{"profit":16.81845,"loss":4.39539337,"p":0.716666639,"q":0.2777778,"max_close":109.65,"min_close":60.56,"close":73.27},"BIO":{"profit":125.670471,"loss":23.31903,"p":0.7722222,"q":0.222222224,"max_close":794.68,"min_close":463.67,"close":521.87},"BAC":{"profit":10.5558815,"loss":0.3433323,"p":0.9722222,"q":0.0166666675,"max_close":49.38,"min_close":30.98,"close":31.46},"CCS":{"profit":14.91106,"loss":3.62818146,"p":0.872222245,"q":0.122222222,"max_close":84.95,"min_close":40.36,"close":49.12},"EDRY":{"profit":9.542931,"loss":0.0499992371,"p":0.98888886,"q":0.00555555569,"max_close":42.75,"min_close":16.0,"close":16.05},"NMM":{"profit":7.744446,"loss":0.5100002,"p":0.98888886,"q":0.00555555569,"max_close":36.49,"min_close":20.52,"close":21.03},"GGB":{"profit":1.03028631,"loss":0.110000134,"p":0.966666639,"q":0.0222222228,"max_close":6.51,"min_close":4.06,"close":4.26},"THO":{"profit":15.71714,"loss":4.32551575,"p":0.7222222,"q":0.272222221,"max_close":114.76,"min_close":69.02,"close":80.23},"STC":{"profit":16.3024063,"loss":1.6592865,"p":0.9166667,"q":0.07777778,"max_close":80.18,"min_close":45.91,"close":50.18},"C":{"profit":12.2869225,"loss":0.24249649,"p":0.9722222,"q":0.0222222228,"max_close":71.37,"min_close":45.69,"close":46.19},"HIMX":{"profit":4.07983732,"loss":0.0,"p":0.99444443,"q":0.0,"max_close":15.99,"min_close":6.35,"close":6.35},"INTC":{"profit":10.2975311,"loss":0.4524994,"p":0.9722222,"q":0.0222222228,"max_close":56.0,"min_close":36.34,"close":37.2}}}