{
    "Factor_Intersectional_v1": [],
    "KellyFormula_Range_v1": {
        "AAP": {
            "close": 42.38,
            "loss": 6.9061737,
            "max_close": 66.16962,
            "min_close": 29.799513,
            "p": 0.8055556,
            "profit": 12.002838,
            "q": 0.18888889
        },
        "ALB": {
            "close": 158.31,
            "loss": 72.064095,
            "max_close": 161.57,
            "min_close": 50.00789,
            "p": 0.0055555557,
            "profit": 3.2600098,
            "q": 0.98888886
        },
        "CNMD": {
            "close": 44.2,
            "loss": 2.5949974,
            "max_close": 73.20085,
            "min_close": 38.99,
            "p": 0.7722222,
            "profit": 7.513489,
            "q": 0.22222222
        },
        "EL": {
            "close": 110.27,
            "loss": 24.22699,
            "max_close": 110.27,
            "min_close": 49.429493,
            "p": 0.0,
            "profit": 0.0,
            "q": 0.99444443
        },
        "EPAM": {
            "close": 219.78,
            "loss": 47.401184,
            "max_close": 267.63,
            "min_close": 142.2,
            "p": 0.0,
            "profit": 0.0,
            "q": 0.99444443
        },
        "HAL": {
            "close": 32.17,
            "loss": 8.91901,
            "max_close": 32.17,
            "min_close": 18.836878,
            "p": 0.0,
            "profit": 0.0,
            "q": 0.99444443
        },
        "HOG": {
            "close": 21.15,
            "loss": 0.38000107,
            "max_close": 30.603024,
            "min_close": 20.380846,
            "p": 0.9388889,
            "profit": 3.977106,
            "q": 0.055555556
        },
        "ILPT": {
            "close": 6.02,
            "loss": 1.1205621,
            "max_close": 6.3965173,
            "min_close": 2.4559078,
            "p": 0.1,
            "profit": 0.1555872,
            "q": 0.89444447
        },
        "MPW": {
            "close": 5.38,
            "loss": 0.7596631,
            "max_close": 5.894407,
            "min_close": 3.5870483,
            "p": 0.06666667,
            "profit": 0.12525082,
            "q": 0.92777777
        },
        "NICE": {
            "close": 117.55,
            "loss": 9.162727,
            "max_close": 178.5,
            "min_close": 99.6,
            "p": 0.8111111,
            "profit": 32.837463,
            "q": 0.18333334
        },
        "NKE": {
            "close": 65.26,
            "loss": 4.4333115,
            "max_close": 79.84435,
            "min_close": 52.310772,
            "p": 0.54444444,
            "profit": 6.4952316,
            "q": 0.45
        },
        "NVO": {
            "close": 57.34,
            "loss": 5.8677483,
            "max_close": 88.510284,
            "min_close": 44.874336,
            "p": 0.44444445,
            "profit": 9.537296,
            "q": 0.55
        },
        "PVH": {
            "close": 68.33,
            "loss": 2.900322,
            "max_close": 99.679596,
            "min_close": 60.41741,
            "p": 0.87222224,
            "profit": 10.110611,
            "q": 0.12222222
        },
        "PYPL": {
            "close": 58.27,
            "loss": 0.1475029,
            "max_close": 91.59824,
            "min_close": 57.277588,
            "p": 0.98333335,
            "profit": 10.004963,
            "q": 0.011111111
        },
        "SBUX": {
            "close": 88.18,
            "loss": 4.256134,
            "max_close": 113.427155,
            "min_close": 77.89724,
            "p": 0.29444444,
            "profit": 3.2746658,
            "q": 0.7
        },
        "SID": {
            "close": 1.87,
            "loss": 0.327415,
            "max_close": 1.88,
            "min_close": 1.25,
            "p": 0.0055555557,
            "profit": 0.00999999,
            "q": 0.98888886
        },
        "TGT": {
            "close": 106.33,
            "loss": 12.061249,
            "max_close": 136.47891,
            "min_close": 83.68,
            "p": 0.0,
            "profit": 0.0,
            "q": 0.99444443
        },
        "VALE": {
            "close": 14.07,
            "loss": 3.4539766,
            "max_close": 14.26,
            "min_close": 7.91076,
            "p": 0.011111111,
            "profit": 0.14500046,
            "q": 0.98333335
        },
        "VFC": {
            "close": 20.19,
            "loss": 5.977927,
            "max_close": 26.329767,
            "min_close": 9.567923,
            "p": 0.0,
            "profit": 0.0,
            "q": 0.99444443
        },
        "ZIM": {
            "close": 22.5,
            "loss": 6.3693466,
            "max_close": 22.5,
            "min_close": 11.213416,
            "p": 0.0,
            "profit": 0.0,
            "q": 0.99444443
        }
    },
    "hold_stock_list": [
        "EL",
        "TGT",
        "SBUX",
        "NKE",
        "PVH",
        "VFC",
        "MPW",
        "CNMD",
        "NVO",
        "ILPT",
        "AAP",
        "HOG",
        "PYPL",
        "EPAM",
        "NICE",
        "ZIM",
        "VALE",
        "SID",
        "HAL",
        "ALB"
    ],
    "portfolio": {
        "AAP": {
            "cost_p": 91.35,
            "position_%": 12.371834125134585,
            "profit_%": -53.60700602079912
        },
        "ALB": {
            "cost_p": 173.45,
            "position_%": 6.711688573006784,
            "profit_%": -8.728740270971453
        },
        "CNMD": {
            "cost_p": 39.81,
            "position_%": 3.080914639278179,
            "profit_%": 11.027380055262498
        },
        "EL": {
            "cost_p": 143.03,
            "position_%": 5.534579513388068,
            "profit_%": -22.90428581416486
        },
        "EPAM": {
            "cost_p": 248.63,
            "position_%": 2.405199091822826,
            "profit_%": -11.603587660378874
        },
        "HAL": {
            "cost_p": 26.94,
            "position_%": 4.951635792705755,
            "profit_%": 19.41351150705271
        },
        "HOG": {
            "cost_p": 21.9,
            "position_%": 3.177846203852304,
            "profit_%": -3.4246575342465757
        },
        "ILPT": {
            "cost_p": 17.2,
            "position_%": 3.327790240868166,
            "profit_%": -65.0
        },
        "MPW": {
            "cost_p": 6.18,
            "position_%": 4.184889704068514,
            "profit_%": -11.974110032362448
        },
        "NICE": {
            "cost_p": 119.55,
            "position_%": 3.4695115403702554,
            "profit_%": -1.6729401923881222
        },
        "NKE": {
            "cost_p": 70.07,
            "position_%": 8.811969210201223,
            "profit_%": -6.864564007421134
        },
        "NVO": {
            "cost_p": 64.24,
            "position_%": 8.078791238237857,
            "profit_%": -10.740971357409702
        },
        "PVH": {
            "cost_p": 87.3,
            "position_%": 5.067141070252167,
            "profit_%": -21.72966781214204
        },
        "PYPL": {
            "cost_p": 68.03,
            "position_%": 2.6324368614681553,
            "profit_%": -14.346611788916652
        },
        "SBUX": {
            "cost_p": 79.91,
            "position_%": 3.0921362575322693,
            "profit_%": 10.349142785633852
        },
        "SID": {
            "cost_p": 4.54,
            "position_%": 3.0743364492671605,
            "profit_%": -58.81057268722467
        },
        "TGT": {
            "cost_p": 107.3,
            "position_%": 4.151998754013421,
            "profit_%": -0.9040074557315927
        },
        "VALE": {
            "cost_p": 12.22,
            "position_%": 2.364278880430755,
            "profit_%": 15.139116202945987
        },
        "VFC": {
            "cost_p": 18.8,
            "position_%": 1.2730732433088683,