{"hold_stock_list":["QDEL","BIO","KGC","STC","CNNE","LAKE","LDI","TX"],"portfolio":{"BIO":{"cost_p":580.11,"position_%":15.234179185289454,"profit":0,"profit_%":3.1390598334798634},"CNNE":{"cost_p":40.66,"position_%":4.253841908777192,"profit":0,"profit_%":-9.222823413674373},"KGC":{"cost_p":7.61,"position_%":14.762746177956284,"profit":0,"profit_%":6.701708278580799},"LAKE":{"cost_p":28.88,"position_%":9.663652359263788,"profit":0,"profit_%":-8.033240997229917},"LDI":{"cost_p":13.57,"position_%":14.254387033105989,"profit":0,"profit_%":2.1370670596904873},"QDEL":{"cost_p":112.07,"position_%":14.572859085615143,"profit":0,"profit_%":7.575622378870357},"STC":{"cost_p":53.5,"position_%":12.0101012766456,"profit":0,"profit_%":13.327102803738322},"TX":{"cost_p":40.0,"position_%":15.248232973346553,"profit":0,"profit_%":-3.324999999999996}},"KellyFormula_Range_v1":{"QDEL":{"profit":73.3372955,"loss":6.11448669,"p":0.8833333,"q":0.111111112,"max_close":283.45,"min_close":104.79,"close":120.56},"KGC":{"profit":0.682870865,"loss":0.916258335,"p":0.244444445,"q":0.75,"max_close":9.875889,"min_close":6.16129827,"close":8.12},"LDI":{"profit":6.231719,"loss":0.7524996,"p":0.333333343,"q":0.0444444455,"max_close":30.538002,"min_close":12.1,"close":13.86},"LAKE":{"profit":3.54421425,"loss":4.40943527,"p":0.5,"q":0.49444443,"max_close":44.43,"min_close":18.3,"close":26.56},"TX":{"profit":1.15974426,"loss":11.4231339,"p":0.055555556,"q":0.9388889,"max_close":40.88,"min_close":16.979887,"close":38.67},"CNNE":{"profit":3.50064087,"loss":0.9829178,"p":0.8611111,"q":0.13333334,"max_close":45.6,"min_close":34.48,"close":36.91},"STC":{"profit":0.372501373,"loss":11.7371178,"p":0.0222222228,"q":0.9722222,"max_close":61.6,"min_close":40.5055351,"close":60.63},"BIO":{"profit":24.4083252,"loss":37.6289062,"p":0.2777778,"q":0.716666639,"max_close":662.35,"min_close":478.82,"close":598.32}}}