{"hold_stock_list":["SEE","EL","TGT","NKE","PVH","VFC","MPW","NVO","ILPT","AAP","PYPL","EPAM","EW","ZIM","VALE","GGB","SID","HAL","ALB"],"watch_stock_list":["ABNB","ACLS","ACMR","ADBE","ADSK","AEO","ALB","AMAT","ANSS","APD","APTV","ARTNA","ASML","AZN","BAC","BBY","BIO","BLD","BUD","CAMT","CE","CNMD","CRM","CSCO","CVS","DE","DELL","DEO","DG","DHI","DIS","EL","EPAM","EW","EXLS","EXR","F","FDX","FFIV","FSLR","FTNT","G","GIS","GLOB","GM","GOOG","HAL","HAS","HMC","HOV","HPE","HPQ","INTC","ISRG","K","KSS","LMAT","LNTH","LQDT","LRCX","M","MA","MCHP","MMM","MMS","MOH","MPW","MS","MSFT","MU","NDAQ","NFLX","NICE","NKE","NOW","NVO","NXPI","ORCL","OXM","PAGS","PAYC","PCTY","PEP","PFE","PHG","PODD","PVH","PYPL","QCOM","SAIC","SBUX","SEE","SMP","SONY","SQM","STM","TDC","TEAM","TECH","TEX","TGT","TITN","TM","TEN","TRI","TX","UAL","UPS","VALE","VFC","VMI","WDAY","WFC","WNS","X","ZTS"],"portfolio":{"AAP":{"cost_p":91.35,"position_%":13.237198297142964,"profit_%":-35.292829775588395},"ALB":{"cost_p":173.45,"position_%":7.181146437217755,"profit_%":-55.04179878927644},"EL":{"cost_p":143.03,"position_%":5.921702939840044,"profit_%":-35.887576033000066},"EPAM":{"cost_p":248.63,"position_%":2.5734338983647316,"profit_%":-38.49093029803321},"EW":{"cost_p":87.4,"position_%":2.713889587544675,"profit_%":-11.97940503432494},"GGB":{"cost_p":2.9,"position_%":2.4013058135406737,"profit_%":4.1379310344827624},"HAL":{"cost_p":26.94,"position_%":5.2979844556850395,"profit_%":-22.16035634743876},"ILPT":{"cost_p":17.2,"position_%":3.56055689593962,"profit_%":-66.68604651162791},"MPW":{"cost_p":6.18,"position_%":4.477607305765929,"profit_%":-35.59870550161812},"NKE":{"cost_p":73.71,"position_%":6.10345694883045,"profit_%":1.6144349477682975},"NVO":{"cost_p":74.48,"position_%":5.3963137885670935,"profit_%":-33.163265306122454},"PVH":{"cost_p":87.3,"position_%":5.421568901433642,"profit_%":-15.395189003436425},"PYPL":{"cost_p":68.03,"position_%":2.8165661119857246,"profit_%":-0.08819638394826146},"SEE":{"cost_p":34.36,"position_%":8.179758441055705,"profit_%":-13.096623981373689},"SID":{"cost_p":4.54,"position_%":3.2893749463070088,"profit_%":-68.50220264317181},"TGT":{"cost_p":107.3,"position_%":4.442415755050246,"profit_%":-0.9692451071761343},"VALE":{"cost_p":12.22,"position_%":2.5296514690919856,"profit_%":-14.893617021276597},"VFC":{"cost_p":18.8,"position_%":1.3621200218187615,"profit_%":-35.0531914893617},"ZIM":{"cost_p":29.42,"position_%":13.093947984817952,"profit_%":-41.06050305914344}},"KellyFormula_Range_v1":{"SEE":{"profit":3.0258713,"loss":1.969862,"p":0.73333335,"q":0.2611111,"max_close":36.748856,"min_close":23.781643,"close":29.86},"ILPT":{"profit":0.20722723,"loss":1.9952037,"p":0.027777778,"q":0.96666664,"max_close":6.17,"min_close":2.4764423,"close":5.73},"GGB":{"profit":0.19277453,"loss":0.20536613,"p":0.21111111,"q":0.7777778,"max_close":3.5101511,"min_close":2.2815647,"close":3.02},"VFC":{"profit":6.3021116,"loss":0.718524,"p":0.76111114,"q":0.23333333,"max_close":26.618027,"min_close":9.672672,"close":12.21},"EW":{"profit":1.4131241,"loss":4.0682373,"p":0.17777778,"q":0.81666666,"max_close":81.16,"min_close":64.54,"close":76.93},"ALB":{"profit":12.322166,"loss":13.10791,"p":0.37777779,"q":0.6166667,"max_close":109.52887,"min_close":50.43097,"close":77.98},"MPW":{"profit":0.7859745,"loss":0.17038512,"p":0.84444445,"q":0.15,"max_close":6.0981083,"min_close":3.6044285,"close":3.98},"PVH":{"profit":16.818909,"loss":5.3472214,"p":0.5555556,"q":0.43888888,"max_close":112.74689,"min_close":60.472145,"close":73.86},"HAL":{"profit":4.1228046,"loss":0.793005,"p":0.75555557,"q":0.23888889,"max_close":31.33167,"min_close":19.099735,"close":20.97},"AAP":{"profit":2.8276901,"loss":16.367577,"p":0.072222225,"q":0.9222222,"max_close":66.5,"min_close":29.948305,"close":59.11},"EL":{"profit":1.1240005,"loss":19.846352,"p":0.027777778,"q":0.96666664,"max_close":99.313194,"min_close":49.80485,"close":91.7},"NVO":{"profit":27.80362,"loss":2.208332,"p":0.9611111,"q":0.033333335,"max_close":136.95312,"min_close":45.38,"close":49.78},"NKE":{"profit":2.0488968,"loss":9.159882,"p":0.30555555,"q":0.6888889,"max_close":87.95319,"min_close":52.918324,"close":74.9},"PYPL":{"profit":9.811142,"loss":4.087578,"p":0.82222223,"q":0.17222223,"max_close":91.81,"min_close":57.41,"close":67.97},"ZIM":{"profit":0.3974228,"loss":2.183013,"p":0.08888889,"q":0.90555555,"max_close":18.54858,"min_close":10.628198,"close":17.34},"SID":{"profit":0.17408621,"loss":0.061723948,"p":0.8,"q":0.16111112,"max_close":2.35638,"min_close":1.3,"close":1.43},"VALE":{"profit":0.0,"loss":1.0276737,"p":0.0,"q":0.98888886,"max_close":11.355414,"min_close":8.179748,"close":10.4},"EPAM":{"profit":48.85135,"loss":4.5556183,"p":0.90555555,"q":0.08888889,"max_close":267.63,"min_close":143.33,"close":152.93},"TGT":{"profit":21.449486,"loss":7.6478424,"p":0.43333334,"q":0.5611111,"max_close":156.39932,"min_close":87.75676,"close":106.26}},"Factor_Intersectional_v1":[],"stock_info":{"SEE":["Sealed Air Corp","Packaging & Containers","Consumer Cyclical"],"ILPT":["Industrial Logistics Properties Trust","REIT - Industrial","Real Estate"],"GGB":["Gerdau S.A. ADR","Steel","Basic Materials"],"VFC":["VF Corp","Apparel Manufacturing","Consumer Cyclical"],"EW":["Edwards Lifesciences Corp","Medical Devices","Healthcare"],"ALB":["Albemarle Corp","Specialty Chemicals","Basic Materials"],"MPW":["Medical Properties Trust Inc","REIT - Healthcare Facilities","Real Estate"],"PVH":["PVH Corp","Apparel Manufacturing","Consumer Cyclical"],"HAL":["Halliburton Co","Oil & Gas Equipment & Services","Energy"],"AAP":["Advance Auto Parts Inc","Auto Parts","Consumer Cyclical"],"EL":["Estee Lauder Cos., Inc","Household & Personal Products","Consumer Defensive"],"NVO":["Novo Nordisk ADR","Drug Manufacturers - General","Healthcare"],"NKE":["Nike, Inc","Footwear & Accessories","Consumer Cyclical"],"PYPL":["PayPal Holdings Inc","Credit Services","Financial"],"ZIM":["Zim Integrated Shipping Services Ltd","Marine Shipping","Industrials"],"SID":["Companhia Siderurgica Nacional ADR","Steel","Basic Materials"],"VALE":["Vale S.A. ADR","Other Industrial Metals & Mining","Basic Materials"],"EPAM":["EPAM Systems Inc","Information Technology Services","Technology"],"TGT":["Target Corp","Discount Stores","Consumer Defensive"]}}