{"hold_stock_list":["SEE","EL","KSS","TGT","NKE","PVH","VFC","SBUX","MPW","NVO","PFE","ILPT","AAP","PYPL","QCOM","EPAM","EW","ZIM","VALE","GGB","SID","HAL","ALB"],"watch_stock_list":["ABNB","ACLS","ACMR","ADBE","ADSK","AEO","ALB","ALGM","ALGN","AMAT","ANSS","APD","APTV","ARTNA","ASML","AZN","BAC","BBY","BF-B","BIO","BLD","BUD","CAMT","CE","CNMD","CRM","CSCO","CVS","DE","DELL","DEO","DG","DHI","DIS","EL","EPAM","EW","EXLS","EXR","F","FDX","FFIV","FSLR","FTNT","G","GIS","GLOB","GM","GOOG","GSK","HAL","HAS","HMC","HOV","HPE","HPQ","INTC","ISRG","K","KSS","LMAT","LNTH","LQDT","LRCX","M","MA","MCHP","MKC","MMM","MMS","MOH","MPW","MS","MSFT","MU","NDAQ","NFLX","NICE","NKE","NOW","NVO","NXPI","ORCL","OXM","PAGS","PAYC","PCTY","PEP","PFE","PHG","PODD","PVH","PYPL","QCOM","SAIC","SBUX","SEE","SMP","SONY","SQM","STM","TDC","TEAM","TECH","TEX","TGT","TITN","TM","TEN","TRI","TX","UAL","UPS","VALE","VEEV","VFC","VMI","WDAY","WFC","WNS","X","ZTS"],"portfolio":{"AAP":{"cost_p":91.35,"position_%":11.925798759955649,"profit_%":-46.72140120415982},"ALB":{"cost_p":173.45,"position_%":6.4697155208829695,"profit_%":-66.78581723839723},"EL":{"cost_p":143.03,"position_%":5.335044168070863,"profit_%":-55.470880234915754},"EPAM":{"cost_p":248.63,"position_%":2.3184856874562305,"profit_%":-29.232192414431086},"EW":{"cost_p":87.4,"position_%":2.4450265344126763,"profit_%":-14.19908466819223},"GGB":{"cost_p":2.9,"position_%":2.1634102058876463,"profit_%":-6.551724137931032},"HAL":{"cost_p":34.9,"position_%":2.278108246975655,"profit_%":-42.9512893982808},"ILPT":{"cost_p":17.2,"position_%":3.2078151328678897,"profit_%":-82.09302325581396},"KSS":{"cost_p":11.63,"position_%":10.411225114954481,"profit_%":-35.683576956147895},"MPW":{"cost_p":6.18,"position_%":4.034014030461189,"profit_%":-25.88996763754045},"NKE":{"cost_p":73.71,"position_%":5.498791940550979,"profit_%":-18.572785239451896},"NVO":{"cost_p":89.89,"position_%":2.514684613024662,"profit_%":-25.075091778840815},"PFE":{"cost_p":24,"position_%":2.2380105578148064,"profit_%":-2.833333333333332},"PVH":{"cost_p":87.3,"position_%":4.884458042430815,"profit_%":-6.082474226804126},"PYPL":{"cost_p":68.03,"position_%":2.537530970802355,"profit_%":2.675290313097153},"QCOM":{"cost_p":144.74,"position_%":2.6994137344842923,"profit_%":0.4421721707889915},"SBUX":{"cost_p":87.91,"position_%":2.4592938517187455,"profit_%":-3.9927198270958835},"SEE":{"cost_p":34.36,"position_%":7.369395765124522,"profit_%":-7.188591385331778},"SID":{"cost_p":4.54,"position_%":2.9634989803064395,"profit_%":-64.97797356828194},"TGT":{"cost_p":107.3,"position_%":4.002308880892145,"profit_%":-12.124883504193841},"VALE":{"cost_p":12.22,"position_%":2.279040751374745,"profit_%":-21.44026186579379},"VFC":{"cost_p":18.8,"position_%":1.2271757892017854,"profit_%":-36.17021276595745},"ZIM":{"cost_p":40.74,"position_%":8.737752720348459,"profit_%":-55.69464899361807}},"KellyFormula_Range_v1":{"MPW":{"profit":0.73688555,"loss":0.4256029,"p":0.6111111,"q":0.38333333,"max_close":6.21,"min_close":3.670565,"close":4.58},"ZIM":{"profit":0.46879196,"loss":2.8130217,"p":0.06666667,"q":0.92777777,"max_close":19.37,"min_close":11.051109,"close":18.05},"SBUX":{"profit":12.84285,"loss":2.5373306,"p":0.8611111,"q":0.13333334,"max_close":115.00041,"min_close":70.7466,"close":84.4},"GGB":{"profit":0.3810184,"loss":0.15502715,"p":0.84444445,"q":0.1388889,"max_close":3.5385134,"min_close":2.3,"close":2.71},"VFC":{"profit":7.9169292,"loss":0.8761101,"p":0.89444447,"q":0.1,"max_close":26.803305,"min_close":9.74,"close":12.0},"TGT":{"profit":34.86901,"loss":2.1994553,"p":0.90555555,"q":0.08888889,"max_close":156.39934,"min_close":87.75676,"close":94.29},"VALE":{"profit":0.59657574,"loss":0.5510731,"p":0.40555555,"q":0.57222223,"max_close":11.583244,"min_close":8.179748,"close":9.6},"HAL":{"profit":6.628729,"loss":0.30333138,"p":0.9611111,"q":0.033333335,"max_close":35.859035,"min_close":19.26,"close":19.91},"EL":{"profit":13.100636,"loss":5.595417,"p":0.8111111,"q":0.18333334,"max_close":123.27784,"min_close":50.06,"close":63.69},"SEE":{"profit":2.6375237,"loss":3.3933945,"p":0.71666664,"q":0.2777778,"max_close":39.125454,"min_close":23.93,"close":31.89},"NVO":{"profit":29.357292,"loss":3.572506,"p":0.8388889,"q":0.15555556,"max_close":144.04109,"min_close":58.08,"close":67.35},"KSS":{"profit":6.612723,"loss":0.7341676,"p":0.8611111,"q":0.13333334,"max_close":24.760235,"min_close":6.13,"close":7.48},"EPAM":{"profit":41.949265,"loss":18.882248,"p":0.82222223,"q":0.17222223,"max_close":267.63,"min_close":143.33,"close":175.95},"SID":{"profit":0.29690552,"loss":0.117076635,"p":0.6166667,"q":0.3611111,"max_close":2.4803998,"min_close":1.3,"close":1.59},"EW":{"profit":1.0617523,"loss":4.8245544,"p":0.12777779,"q":0.8666667,"max_close":93.78,"min_close":59.7,"close":74.99},"NKE":{"profit":15.587833,"loss":3.2481499,"p":0.84444445,"q":0.15,"max_close":95.772415,"min_close":53.27,"close":60.02},"AAP":{"profit":0.4788437,"loss":9.366657,"p":0.022222223,"q":0.9722222,"max_close":68.95981,"min_close":30.074455,"close":48.67},"PFE":{"profit":2.6000557,"loss":1.0590916,"p":0.8388889,"q":0.15555556,"max_close":29.83797,"min_close":21.185833,"close":23.32},"PVH":{"profit":16.991943,"loss":10.377876,"p":0.6166667,"q":0.37777779,"max_close":123.590614,"min_close":60.5,"close":81.99},"ILPT":{"profit":0.7728598,"loss":0.35336518,"p":0.87222224,"q":0.12222222,"max_close":5.1137257,"min_close":2.5003462,"close":3.08},"PYPL":{"profit":11.295303,"loss":4.2832184,"p":0.74444443,"q":0.25,"max_close":91.81,"min_close":57.22,"close":69.85},"QCOM":{"profit":16.081253,"loss":7.6195374,"p":0.87777776,"q":0.11666667,"max_close":223.54146,"min_close":124.66,"close":145.38},"ALB":{"profit":28.041702,"loss":2.6185722,"p":0.9166667,"q":0.07777778,"max_close":125.502556,"min_close":50.76,"close":57.61}},"Factor_Intersectional_v1":[],"stock_info":{"MPW":["Medical Properties Trust Inc","REIT - Healthcare Facilities","Real Estate"],"ZIM":["Zim Integrated Shipping Services Ltd","Marine Shipping","Industrials"],"SBUX":["Starbucks Corp","Restaurants","Consumer Cyclical"],"GGB":["Gerdau S.A. ADR","Steel","Basic Materials"],"VFC":["VF Corp","Apparel Manufacturing","Consumer Cyclical"],"TGT":["Target Corp","Discount Stores","Consumer Defensive"],"VALE":["Vale S.A. ADR","Other Industrial Metals & Mining","Basic Materials"],"HAL":["Halliburton Co","Oil & Gas Equipment & Services","Energy"],"EL":["Estee Lauder Cos., Inc","Household & Personal Products","Consumer Defensive"],"SEE":["Sealed Air Corp","Packaging & Containers","Consumer Cyclical"],"NVO":["Novo Nordisk ADR","Drug Manufacturers - General","Healthcare"],"KSS":["Kohl's Corp","Department Stores","Consumer Cyclical"],"EPAM":["EPAM Systems Inc","Information Technology Services","Technology"],"SID":["Companhia Siderurgica Nacional ADR","Steel","Basic Materials"],"EW":["Edwards Lifesciences Corp","Medical Devices","Healthcare"],"NKE":["Nike, Inc","Footwear & Accessories","Consumer Cyclical"],"AAP":["Advance Auto Parts Inc","Auto Parts","Consumer Cyclical"],"PFE":["Pfizer Inc","Drug Manufacturers - General","Healthcare"],"PVH":["PVH Corp","Apparel Manufacturing","Consumer Cyclical"],"ILPT":["Industrial Logistics Properties Trust","REIT - Industrial","Real Estate"],"PYPL":["PayPal Holdings Inc","Credit Services","Financial"],"QCOM":["Qualcomm, Inc","Semiconductors","Technology"],"ALB":["Albemarle Corp","Specialty Chemicals","Basic Materials"]}}