{
    "Factor_Intersectional_v1": [],
    "KellyFormula_Range_v1": {
        "AAP": {
            "close": 45.54,
            "loss": 5.7910843,
            "max_close": 85.25006,
            "min_close": 35.69,
            "p": 0.6111111,
            "profit": 20.26928,
            "q": 0.38333333
        },
        "ALB": {
            "close": 103.84,
            "loss": 11.589249,
            "max_close": 150.6514,
            "min_close": 72.51662,
            "p": 0.4,
            "profit": 14.96727,
            "q": 0.59444445
        },
        "CVS": {
            "close": 51.76,
            "loss": 0.0,
            "max_close": 78.15086,
            "min_close": 51.76,
            "p": 0.99444443,
            "profit": 7.577236,
            "q": 0.0
        },
        "DAC": {
            "close": 78.85,
            "loss": 5.073578,
            "max_close": 95.34127,
            "min_close": 65.20942,
            "p": 0.8,
            "profit": 6.017296,
            "q": 0.19444445
        },
        "DIS": {
            "close": 114.61,
            "loss": 16.682808,
            "max_close": 122.255974,
            "min_close": 85.6,
            "p": 0.1388889,
            "profit": 2.6796265,
            "q": 0.85
        },
        "EL": {
            "close": 81.22,
            "loss": 12.461609,
            "max_close": 155.19865,
            "min_close": 62.443096,
            "p": 0.85,
            "profit": 27.360832,
            "q": 0.14444445
        },
        "EPAM": {
            "close": 253.0,
            "loss": 47.232895,
            "max_close": 314.63,
            "min_close": 170.25,
            "p": 0.072222225,
            "profit": 15.036163,
            "q": 0.9222222
        },
        "EW": {
            "close": 73.81,
            "loss": 6.2290573,
            "max_close": 95.56,
            "min_close": 59.7,
            "p": 0.4611111,
            "profit": 14.991203,
            "q": 0.53333336
        },
        "GIS": {
            "close": 65.5,
            "loss": 1.7278976,
            "max_close": 74.52436,
            "min_close": 60.71325,
            "p": 0.75555557,
            "profit": 3.751236,
            "q": 0.23888889
        },
        "HAL": {
            "close": 29.2,
            "loss": 0.8902378,
            "max_close": 40.58066,
            "min_close": 27.372509,
            "p": 0.8055556,
            "profit": 4.5072174,
            "q": 0.18888889
        },
        "ILPT": {
            "close": 3.62,
            "loss": 0.089984655,
            "max_close": 5.146735,
            "min_close": 3.4139497,
            "p": 0.85555553,
            "profit": 0.6635189,
            "q": 0.13333334
        },
        "KSS": {
            "close": 14.77,
            "loss": 0.020000458,
            "max_close": 27.98382,
            "min_close": 14.75,
            "p": 0.98888886,
            "profit": 5.8910923,
            "q": 0.0055555557
        },
        "MPW": {
            "close": 4.11,
            "loss": 0.18143177,
            "max_close": 6.37,
            "min_close": 2.847569,
            "p": 0.9111111,
            "profit": 0.66350603,
            "q": 0.083333336
        },
        "NKE": {
            "close": 78.85,
            "loss": 3.879486,
            "max_close": 120.57174,
            "min_close": 70.41491,
            "p": 0.62777776,
            "profit": 9.050018,
            "q": 0.36666667
        },
        "PYPL": {
            "close": 90.75,
            "loss": 20.533867,
            "max_close": 90.75,
            "min_close": 56.13,
            "p": 0.0,
            "profit": 0.0,
            "q": 0.99444443
        },
        "SEE": {
            "close": 36.11,
            "loss": 1.9788055,
            "max_close": 39.391975,
            "min_close": 30.610888,
            "p": 0.33333334,
            "profit": 0.93849564,
            "q": 0.6611111
        },
        "SID": {
            "close": 1.94,
            "loss": 0.058181763,
            "max_close": 3.799283,
            "min_close": 1.83,
            "p": 0.93333334,
            "profit": 0.3800969,
            "q": 0.06111111
        },
        "TGT": {
            "close": 135.98,
            "loss": 5.343918,
            "max_close": 173.9758,
            "min_close": 121.59,
            "p": 0.87222224,
            "profit": 16.169754,
            "q": 0.12222222
        },
        "VALE": {
            "close": 9.83,
            "loss": 0.2033329,
            "max_close": 14.774527,
            "min_close": 9.36,
            "p": 0.95555556,
            "profit": 1.1447029,
            "q": 0.033333335
        },
        "VFC": {
            "close": 21.28,
            "loss": 5.2198753,
            "max_close": 22.16612,
            "min_close": 11.779906,
            "p": 0.027777778,
            "profit": 0.3045826,
            "q": 0.96666664
        },
        "ZIM": {
            "close": 19.1,
            "loss": 3.4835205,
            "max_close": 27.01,
            "min_close": 6.862691,
            "p": 0.44444445,
            "profit": 3.0029697,
            "q": 0.55
        }
    },
    "hold_stock_list": [
        "SEE",
        "GIS",
        "EL",
        "KSS",
        "TGT",
        "NKE",
        "VFC",
        "MPW",
        "CVS",
        "ILPT",
        "AAP",
        "DIS",
        "PYPL",
        "EPAM",
        "EW",
        "DAC",
        "ZIM",
        "VALE",
        "SID",
        "HAL",
        "ALB"
    ],
    "portfolio": {
        "AAP": {
            "cost_p": 91.35,
            "position_%": 13.86860126551393,
            "profit_%": -50.14778325123152
        },
        "ALB": {
            "cost_p": 173.45,
            "position_%": 7.523680943008497,
            "profit_%": -40.13260305563563
        },
        "CVS": {
            "cost_p": 65.41,
            "position_%": 5.674534107606639,
            "profit_%": -20.86836875095551
        },
        "DAC": {
            "cost_p": 73.24,
            "position_%": 4.76535940270345,
            "profit_%": 7.659748771163298
        },
        "DIS": {
            "cost_p": 86.66,
            "position_%": 3.75902098887931,
            "profit_%": 32.252480960073854
        },
        "EL": {
            "cost_p": 143.25,
            "position_%": 6.213705938806383,
            "profit_%": -43.30191972076789
        },
        "EPAM": {
            "cost_p": 250,
            "position_%": 2.711040985517619,
            "profit_%": 1.2
        },
        "EW": {
            "cost_p": 87.5,
            "position_%": 2.8465930347935,
            "profit_%": -15.645714285714282
        },
        "GIS": {
            "cost_p": 65,
            "position_%": 2.819482624938324,
            "profit_%": 0.7692307692307693
        },
        "HAL": {
            "cost_p": 35,
            "position_%": 2.6568201658072663,
            "profit_%": -16.571428571428573
        },
        "ILPT": {
            "cost_p": 17.24,
            "position_%": 3.7390677272259003,
            "profit_%": -79.00232018561483
        },
        "KSS": {
            "cost_p": 22.03,
            "position_%": 6.211320222739127,
            "profit_%": -32.955061280072634
        },
        "MPW": {
            "cost_p": 6.18,
            "position_%": 4.691185321339688,
            "profit_%": -33.49514563106795
        },
        "NKE": {
            "cost_p": 75.5,
            "position_%": 3.274937510505284,
            "profit_%": 4.437086092715224
        },
        "PYPL": {
            "cost_p": 68.34,
            "position_%": 4.446540982806578,
            "profit_%": 32.791922739244946
        },
        "SEE": {
            "cost_p": 37.16,
            "position_%": 5.641567849222744,
            "profit_%": -2.825618945102253
        },
        "SID": {
            "cost_p": 4.54,
            "position_%": 3.4462753007899973,
            "profit_%": -57.268722466960355
        },