{
    "KellyFormula_Range_v1": {
        "BAC": {
            "close": 33.96,
            "loss": 1.53487015,
            "max_close": 49.38,
            "min_close": 30.13,
            "p": 0.7777778,
            "profit": 8.43671,
            "q": 0.216666669
        },
        "BIO": {
            "close": 539.65,
            "loss": 33.10321,
            "max_close": 779.99,
            "min_close": 463.67,
            "p": 0.6333333,
            "profit": 96.15753,
            "q": 0.3611111
        },
        "C": {
            "close": 51.66,
            "loss": 2.85049438,
            "max_close": 68.07,
            "min_close": 44.14,
            "p": 0.655555546,
            "profit": 8.360931,
            "q": 0.338888884
        },
        "CCS": {
            "close": 49.58,
            "loss": 3.09600067,
            "max_close": 84.95,
            "min_close": 40.36,
            "p": 0.8277778,
            "profit": 13.0224838,
            "q": 0.166666672
        },
        "DAC": {
            "close": 75.97,
            "loss": 7.383339,
            "max_close": 106.64,
            "min_close": 57.38,
            "p": 0.544444442,
            "profit": 13.9943924,
            "q": 0.45
        },
        "EDRY": {
            "close": 16.22,
            "loss": 0.312142372,
            "max_close": 42.75,
            "min_close": 15.55,
            "p": 0.955555558,
            "profit": 8.47018051,
            "q": 0.03888889
        },
        "GGB": {
            "close": 4.81,
            "loss": 0.327646732,
            "max_close": 6.51,
            "min_close": 4.06,
            "p": 0.705555558,
            "profit": 0.7377939,
            "q": 0.283333331
        },
        "HIMX": {
            "close": 6.93,
            "loss": 0.332499981,
            "max_close": 15.99,
            "min_close": 6.35,
            "p": 0.927777767,
            "profit": 3.36245966,
            "q": 0.06666667
        },
        "ILPT": {
            "close": 9.35,
            "loss": 0.0,
            "max_close": 25.55,
            "min_close": 9.35,
            "p": 0.99444443,
            "profit": 9.800423,
            "q": 0.0
        },
        "INTC": {
            "close": 35.39,
            "loss": 0.0,
            "max_close": 55.91,
            "min_close": 35.39,
            "p": 0.99444443,
            "profit": 10.5952034,
            "q": 0.0
        },
        "NMM": {
            "close": 28.69,
            "loss": 3.68206024,
            "max_close": 36.49,
            "min_close": 20.36,
            "p": 0.483333319,
            "profit": 2.94011879,
            "q": 0.51111114
        },
        "SID": {
            "close": 2.97,
            "loss": 0.237999916,
            "max_close": 5.71,
            "min_close": 2.45,
            "p": 0.85,
            "profit": 1.55640435,
            "q": 0.1388889
        },
        "STC": {
            "close": 52.83,
            "loss": 2.53720856,
            "max_close": 80.18,
            "min_close": 45.91,
            "p": 0.75555557,
            "profit": 13.86087,
            "q": 0.23888889
        },
        "THO": {
            "close": 84.89,
            "loss": 5.84021759,
            "max_close": 112.5,
            "min_close": 69.02,
            "p": 0.466666669,
            "profit": 12.82988,
            "q": 0.5277778
        },
        "TX": {
            "close": 34.5,
            "loss": 1.26933289,
            "max_close": 49.66,
            "min_close": 30.76,
            "p": 0.9111111,
            "profit": 7.34980774,
            "q": 0.0833333358
        },
        "VALE": {
            "close": 13.2,
            "loss": 0.6883335,
            "max_close": 21.23,
            "min_close": 11.27,
            "p": 0.8611111,
            "profit": 3.31109524,
            "q": 0.13333334
        },
        "WGO": {
            "close": 61.03,
            "loss": 7.418068,
            "max_close": 77.45,
            "min_close": 44.28,
            "p": 0.416666657,
            "profit": 8.2144165,
            "q": 0.5777778
        },
        "X": {
            "close": 23.32,
            "loss": 2.636198,
            "max_close": 38.45,
            "min_close": 17.02,
            "p": 0.6,
            "profit": 5.4049015,
            "q": 0.394444436
        },
        "ZIM": {
            "close": 49.94,
            "loss": 3.178753,
            "max_close": 88.62,
            "min_close": 42.05,
            "p": 0.816666663,
            "profit": 12.850544,
            "q": 0.177777782
        }
    },
    "hold_stock_list": [
        "BIO",
        "ILPT",
        "INTC",
        "HIMX",
        "STC",
        "VALE",
        "CCS",
        "BAC",
        "C",
        "THO",
        "WGO",
        "DAC",
        "EDRY",
        "NMM",
        "ZIM",
        "X",
        "GGB",
        "SID",
        "TX"
    ],
    "portfolio": {
        "BAC": {
            "cost_p": 35.99,
            "position_%": 5.962175800996189,
            "profit_%": -5.640455682133929
        },
        "BIO": {
            "cost_p": 522.14,
            "position_%": 5.406172674236159,
            "profit_%": 3.353506722335004
        },
        "C": {
            "cost_p": 49.1,
            "position_%": 12.878840892723314,
            "profit_%": 5.213849287169032
        },
        "CCS": {
            "cost_p": 44.7,
            "position_%": 1.2341819871470299,
            "profit_%": 10.917225950782987
        },
        "DAC": {
            "cost_p": 73.49,
            "position_%": 6.087250619827868,
            "profit_%": 3.3746087903116124
        },
        "EDRY": {
            "cost_p": 22.24,
            "position_%": 0.9210807850385886,
            "profit_%": -27.068345323741006
        },
        "GGB": {
            "cost_p": 4.57,
            "position_%": 2.775943109345915,
            "profit_%": 5.251641137855565
        },
        "HIMX": {
            "cost_p": 7.32,
            "position_%": 5.2547990110474885,
            "profit_%": -5.327868852459024
        },
        "ILPT": {
            "cost_p": 17.42,
            "position_%": 4.809720406286636,
            "profit_%": -46.326061997703796
        },
        "INTC": {
            "cost_p": 43.58,
            "position_%": 6.617921263965807,
            "profit_%": -18.79302432308398
        },
        "NMM": {
            "cost_p": 30.04,
            "position_%": 2.218683712330512,
            "profit_%": -4.494007989347529
        },
        "SID": {
            "cost_p": 4.82,
            "position_%": 4.657863562230514,
            "profit_%": -38.38174273858921
        },
        "STC": {
            "cost_p": 52.86,
            "position_%": 8.756893938334496,
            "profit_%": -0.05675368898978649
        },
        "THO": {
            "cost_p": 80.73,
            "position_%": 8.481277907922928,
            "profit_%": 5.1529790660225405
        },
        "TX": {
            "cost_p": 39.96,
            "position_%": 3.3099269937178066,
            "profit_%": -13.663663663663666
        },
        "VALE": {
            "cost_p": 13.29,
            "position_%": 3.6694135591015717,
            "profit_%": -0.6772009029345362
        },
        "WGO": {
            "cost_p": 48.65,
            "position_%": 2.6864856230292173,
            "profit_%": 25.447070914696816
        },
        "X": {
            "cost_p": 19.57,
            "position_%": 4.052506961152244,
            "profit_%": 19.161982626469083
        },
        "ZIM": {
            "cost_p": 56.94,
            "position_%": 10.218861191565711,
            "profit_%": -12.293642430628733
        }
    }
}