{
    "KellyFormula_Range_v1": {
        "BAC": {
            "close": 33.05,
            "loss": 1.2804203,
            "max_close": 49.38,
            "min_close": 30.13,
            "p": 0.8611111,
            "profit": 9.188965,
            "q": 0.13333334
        },
        "BIO": {
            "close": 534.68,
            "loss": 31.1382446,
            "max_close": 779.99,
            "min_close": 463.67,
            "p": 0.6666667,
            "profit": 109.171387,
            "q": 0.327777773
        },
        "C": {
            "close": 51.4,
            "loss": 2.97830963,
            "max_close": 69.16,
            "min_close": 44.14,
            "p": 0.6944444,
            "profit": 9.198647,
            "q": 0.294444442
        },
        "CCS": {
            "close": 52.65,
            "loss": 4.06481171,
            "max_close": 84.95,
            "min_close": 40.36,
            "p": 0.705555558,
            "profit": 13.1458206,
            "q": 0.2888889
        },
        "DAC": {
            "close": 67.32,
            "loss": 4.98304367,
            "max_close": 106.64,
            "min_close": 57.38,
            "p": 0.8666667,
            "profit": 15.6579056,
            "q": 0.127777785
        },
        "DHI": {
            "close": 75.23,
            "loss": 4.961014,
            "max_close": 109.65,
            "min_close": 60.56,
            "p": 0.6111111,
            "profit": 16.16436,
            "q": 0.383333325
        },
        "EDRY": {
            "close": 16.32,
            "loss": 0.44833374,
            "max_close": 42.75,
            "min_close": 15.55,
            "p": 0.9611111,
            "profit": 8.725441,
            "q": 0.0333333351
        },
        "GGB": {
            "close": 4.53,
            "loss": 0.196666718,
            "max_close": 6.51,
            "min_close": 4.06,
            "p": 0.816666663,
            "profit": 0.897480965,
            "q": 0.166666672
        },
        "HIMX": {
            "close": 6.96,
            "loss": 0.352500439,
            "max_close": 15.99,
            "min_close": 6.35,
            "p": 0.927777767,
            "profit": 3.4924593,
            "q": 0.06666667
        },
        "ILPT": {
            "close": 9.59,
            "loss": 0.0,
            "max_close": 26.71,
            "min_close": 9.59,
            "p": 0.99444443,
            "profit": 10.2658958,
            "q": 0.0
        },
        "INTC": {
            "close": 38.96,
            "loss": 1.30541611,
            "max_close": 55.91,
            "min_close": 36.34,
            "p": 0.8611111,
            "profit": 8.998253,
            "q": 0.13333334
        },
        "NMM": {
            "close": 23.62,
            "loss": 1.52142715,
            "max_close": 36.49,
            "min_close": 20.36,
            "p": 0.877777755,
            "profit": 5.459873,
            "q": 0.116666667
        },
        "SID": {
            "close": 2.72,
            "loss": 0.09249997,
            "max_close": 5.71,
            "min_close": 2.45,
            "p": 0.9222222,
            "profit": 1.73060107,
            "q": 0.06666667
        },
        "STC": {
            "close": 51.65,
            "loss": 1.84882355,
            "max_close": 80.18,
            "min_close": 45.91,
            "p": 0.8055556,
            "profit": 15.4292984,
            "q": 0.188888893
        },
        "THO": {
            "close": 81.42,
            "loss": 4.595253,
            "max_close": 114.76,
            "min_close": 69.02,
            "p": 0.655555546,
            "profit": 13.9783859,
            "q": 0.338888884
        },
        "TX": {
            "close": 33.78,
            "loss": 1.45142746,
            "max_close": 49.66,
            "min_close": 30.76,
            "p": 0.95,
            "profit": 8.033852,
            "q": 0.03888889
        },
        "WGO": {
            "close": 55.5,
            "loss": 4.593689,
            "max_close": 77.45,
            "min_close": 44.28,
            "p": 0.6333333,
            "profit": 10.9448242,
            "q": 0.3611111
        },
        "X": {
            "close": 20.4,
            "loss": 1.57323456,
            "max_close": 38.45,
            "min_close": 17.02,
            "p": 0.8055556,
            "profit": 6.90792656,
            "q": 0.188888893
        },
        "ZIM": {
            "close": 45.11,
            "loss": 1.45624924,
            "max_close": 88.62,
            "min_close": 42.05,
            "p": 0.95,
            "profit": 15.628109,
            "q": 0.0444444455
        }
    },
    "hold_stock_list": [
        "BIO",
        "ILPT",
        "INTC",
        "HIMX",
        "STC",
        "DHI",
        "CCS",
        "BAC",
        "C",
        "THO",
        "WGO",
        "DAC",
        "EDRY",
        "NMM",
        "ZIM",
        "X",
        "GGB",
        "SID",
        "TX"
    ],
    "portfolio": {
        "BAC": {
            "cost_p": 35.99,
            "position_%": 5.558197791559731,
            "profit_%": -8.168935815504321
        },
        "BIO": {
            "cost_p": 550.38,
            "position_%": 7.366596592894764,
            "profit_%": -2.852574584832306
        },
        "C": {
            "cost_p": 49.1,
            "position_%": 12.006211724891344,
            "profit_%": 4.684317718940931
        },
        "CCS": {
            "cost_p": 44.7,
            "position_%": 1.725836630193943,
            "profit_%": 17.78523489932885
        },
        "DAC": {
            "cost_p": 73.49,
            "position_%": 5.674797939729435,
            "profit_%": -8.395700095251058
        },
        "DHI": {
            "cost_p": 64.7,
            "position_%": 2.498023041913828,
            "profit_%": 16.27511591962906
        },
        "EDRY": {
            "cost_p": 22.24,
            "position_%": 0.858671289832512,
            "profit_%": -26.618705035971217
        },
        "GGB": {
            "cost_p": 4.57,
            "position_%": 2.587854061143908,
            "profit_%": -0.8752735229759306
        },
        "HIMX": {
            "cost_p": 7.32,
            "position_%": 4.89875059595095,
            "profit_%": -4.91803278688525
        },
        "ILPT": {
            "cost_p": 17.42,
            "position_%": 4.483829097386798,
            "profit_%": -44.94833524684271
        },
        "INTC": {
            "cost_p": 43.58,
            "position_%": 6.169512034171308,
            "profit_%": -10.601193207893523
        },
        "NMM": {
            "cost_p": 30.04,
            "position_%": 2.0683527828858264,
            "profit_%": -21.371504660452725
        },
        "SID": {
            "cost_p": 4.82,
            "position_%": 4.342261588571486,
            "profit_%": -43.56846473029046
        },
        "STC": {
            "cost_p": 52.86,
            "position_%": 8.163554744702624,
            "profit_%": -2.2890654559213033
        },
        "THO": {
            "cost_p": 80.73,
            "position_%": 7.906613577134891,
            "profit_%": 0.8547008547008519
        },
        "TX": {
            "cost_p": 39.96,
            "position_%": 3.0856569012326602,
            "profit_%": -15.465465465465464
        },
        "WGO": {
            "cost_p": 52.16,
            "position_%": 6.04158648529638,
            "profit_%": 6.403374233128842
        },
        "X": {
            "cost_p": 19.57,
            "position_%": 5.037229359119383,
            "profit_%": 4.241185487991815
        },
        "ZIM": {
            "cost_p": 56.94,
            "position_%": 9.526463761388221,
            "profit_%": -20.776255707762555
        }
    }
}