{
    "KellyFormula_Range_v1": {
        "ARLP": {
            "close": 14.86,
            "loss": 4.27932,
            "max_close": 15.31,
            "min_close": 6.83,
            "p": 0.0111111114,
            "profit": 0.250000954,
            "q": 0.983333349
        },
        "BIO": {
            "close": 550.16,
            "loss": 0.0,
            "max_close": 825.77,
            "min_close": 550.16,
            "p": 0.99444443,
            "profit": 162.718628,
            "q": 0.0
        },
        "CPLP": {
            "close": 15.23,
            "loss": 2.27512741,
            "max_close": 16.73,
            "min_close": 10.98,
            "p": 0.333333343,
            "profit": 0.6720829,
            "q": 0.6611111
        },
        "DAC": {
            "close": 88.95,
            "loss": 14.6714706,
            "max_close": 100.3,
            "min_close": 62.14,
            "p": 0.1388889,
            "profit": 5.923607,
            "q": 0.855555534
        },
        "EDRY": {
            "close": 27.95,
            "loss": 5.35942459,
            "max_close": 33.81,
            "min_close": 17.0,
            "p": 0.272222221,
            "profit": 2.15150452,
            "q": 0.7222222
        },
        "ET": {
            "close": 10.34,
            "loss": 0.971878052,
            "max_close": 11.01,
            "min_close": 8.15,
            "p": 0.105555557,
            "profit": 0.272631645,
            "q": 0.8888889
        },
        "GGB": {
            "close": 5.62,
            "loss": 0.637713432,
            "max_close": 6.22,
            "min_close": 4.26,
            "p": 0.211111113,
            "profit": 0.2942114,
            "q": 0.7777778
        },
        "GOGL": {
            "close": 11.13,
            "loss": 1.628953,
            "max_close": 12.9,
            "min_close": 7.68,
            "p": 0.194444448,
            "profit": 0.6117134,
            "q": 0.794444442
        },
        "INTC": {
            "close": 47.68,
            "loss": 1.34249878,
            "max_close": 57.48,
            "min_close": 44.65,
            "p": 0.95,
            "profit": 4.80684662,
            "q": 0.0444444455
        },
        "NMM": {
            "close": 31.57,
            "loss": 4.543049,
            "max_close": 33.67,
            "min_close": 21.47,
            "p": 0.0833333358,
            "profit": 0.7773323,
            "q": 0.9111111
        },
        "PKX": {
            "close": 55.89,
            "loss": 0.57333374,
            "max_close": 79.75,
            "min_close": 54.58,
            "p": 0.9611111,
            "profit": 10.6479111,
            "q": 0.0333333351
        },
        "SB": {
            "close": 4.28,
            "loss": 0.5971639,
            "max_close": 5.28,
            "min_close": 3.1,
            "p": 0.244444445,
            "profit": 0.448181152,
            "q": 0.74444443
        },
        "SID": {
            "close": 5.6,
            "loss": 1.02274418,
            "max_close": 9.49,
            "min_close": 3.57,
            "p": 0.366666675,
            "profit": 2.26545572,
            "q": 0.627777755
        },
        "THO": {
            "close": 82.64,
            "loss": 0.0,
            "max_close": 127.44,
            "min_close": 82.64,
            "p": 0.99444443,
            "profit": 24.8042526,
            "q": 0.0
        },
        "TX": {
            "close": 39.26,
            "loss": 1.872303,
            "max_close": 56.19,
            "min_close": 33.97,
            "p": 0.844444454,
            "profit": 6.274147,
            "q": 0.144444451
        }
    },
    "hold_stock_list": [
        "ARLP",
        "INTC",
        "BIO",
        "DAC",
        "GGB",
        "THO",
        "GOGL",
        "CPLP",
        "SID",
        "EDRY",
        "ET",
        "SB",
        "NMM",
        "PKX",
        "TX"
    ],
    "portfolio": {
        "ARLP": {
            "cost_p": 14.01,
            "position_%": 9.071557376998229,
            "profit_%": 6.0670949321912895
        },
        "BIO": {
            "cost_p": 596.71,
            "position_%": 6.800168910973847,
            "profit_%": -7.8011094166345565
        },
        "CPLP": {
            "cost_p": 12.99,
            "position_%": 3.7008846069929393,
            "profit_%": 17.244033872209393
        },
        "DAC": {
            "cost_p": 76.97,
            "position_%": 9.269966128708422,
            "profit_%": 15.564505651552556
        },
        "EDRY": {
            "cost_p": 22.24,
            "position_%": 2.592095538301164,
            "profit_%": 25.674460431654683
        },
        "ET": {
            "cost_p": 9.35,
            "position_%": 5.4003285393034,
            "profit_%": 10.58823529411765
        },
        "GGB": {
            "cost_p": 4.45,
            "position_%": 3.803449538364568,
            "profit_%": 26.29213483146067
        },
        "GOGL": {
            "cost_p": 10.75,
            "position_%": 3.897985396825791,
            "profit_%": 3.5348837209302397
        },
        "INTC": {
            "cost_p": 47.28,
            "position_%": 7.396361244877192,
            "profit_%": 0.8460236886632796
        },
        "NMM": {
            "cost_p": 30.04,
            "position_%": 4.162530399106048,
            "profit_%": 5.093209054593879
        },
        "PKX": {
            "cost_p": 58.54,
            "position_%": 5.852531105664464,
            "profit_%": -4.52681926887598
        },
        "SB": {
            "cost_p": 4.05,
            "position_%": 4.358426828002339,
            "profit_%": 5.6790123456790225
        },
        "SID": {
            "cost_p": 4.82,
            "position_%": 12.034492482819338,
            "profit_%": 16.18257261410787
        },
        "THO": {
            "cost_p": 98.9,
            "position_%": 7.966368440998539,
            "profit_%": -16.44084934277048
        },
        "TX": {
            "cost_p": 39.81,
            "position_%": 13.692853462063717,
            "profit_%": -1.3815624215021458
        }
    }
}