{"hold_stock_list":["BIO","ILPT","ASML","NFLX","NKE","INTC","HIMX","STC","VALE","CCS","BAC","C","THO","MMM","DAC","EDRY","NMM","ZIM","GGB","SID","TX"],"portfolio":{"ASML":{"cost_p":569.13,"position_%":3.682524260285807,"profit_%":-17.22453569483246},"BAC":{"cost_p":35.99,"position_%":5.588911417539875,"profit_%":-5.529313698249519},"BIO":{"cost_p":522.14,"position_%":5.0677170873059705,"profit_%":-8.1855441069445},"C":{"cost_p":49.1,"position_%":12.072555944760001,"profit_%":-0.20366598778004363},"CCS":{"cost_p":45.45,"position_%":2.3526537364748292,"profit_%":-4.9504950495049505},"DAC":{"cost_p":73.49,"position_%":5.706155877674428,"profit_%":-7.497618723635857},"EDRY":{"cost_p":22.24,"position_%":0.8634161567524784,"profit_%":-37.140287769784166},"GGB":{"cost_p":4.57,"position_%":2.602154088725845,"profit_%":0.0},"HIMX":{"cost_p":7.32,"position_%":4.925820232408025,"profit_%":-23.90710382513661},"ILPT":{"cost_p":17.42,"position_%":4.50860595042811,"profit_%":-60.160734787600454},"INTC":{"cost_p":39.47,"position_%":9.193984453332822,"profit_%":-25.791740562452496},"MMM":{"cost_p":130,"position_%":3.3646313062896347,"profit_%":-7.330769230769231},"NFLX":{"cost_p":248.68,"position_%":3.21814043556964,"profit_%":-12.284864082354838},"NKE":{"cost_p":115.53,"position_%":2.990121960120319,"profit_%":-8.491300960789406},"NMM":{"cost_p":30.04,"position_%":2.07978213753474,"profit_%":-9.553928095872163},"SID":{"cost_p":4.82,"position_%":4.366256164392779,"profit_%":-45.02074688796681},"STC":{"cost_p":52.86,"position_%":8.208665116175542,"profit_%":-3.443057132046917},"THO":{"cost_p":79.5,"position_%":3.0864021790387612,"profit_%":-1.9371069182390017},"TX":{"cost_p":39.96,"position_%":3.1027076999846264,"profit_%":-23.998998998999},"VALE":{"cost_p":13.29,"position_%":3.439688466199173,"profit_%":-1.053423626787049},"ZIM":{"cost_p":56.94,"position_%":9.579105329006591,"profit_%":-42.44819107832806}},"KellyFormula_Range_v1":{"HIMX":{"profit":3.84469557,"loss":0.0,"p":0.99444443,"q":0.0,"max_close":15.99,"min_close":5.57,"close":5.57},"BAC":{"profit":6.98458862,"loss":1.35437393,"p":0.7277778,"q":0.266666681,"max_close":49.38,"min_close":30.13,"close":34.0},"STC":{"profit":10.2783585,"loss":1.79116058,"p":0.844444454,"q":0.144444451,"max_close":80.18,"min_close":45.91,"close":51.04},"CCS":{"profit":13.0195541,"loss":2.5775032,"p":0.9722222,"q":0.0222222228,"max_close":81.94,"min_close":40.36,"close":43.2},"ILPT":{"profit":10.2340069,"loss":0.106666565,"p":0.9777778,"q":0.0166666675,"max_close":25.55,"min_close":6.74,"close":6.94},"GGB":{"profit":0.832399845,"loss":0.207931042,"p":0.8333333,"q":0.161111116,"max_close":6.51,"min_close":4.06,"close":4.57},"THO":{"profit":9.75972748,"loss":3.36972046,"p":0.794444442,"q":0.2,"max_close":106.42,"min_close":69.02,"close":77.96},"BIO":{"profit":79.19498,"loss":5.467743,"p":0.9444444,"q":0.05,"max_close":764.32,"min_close":463.67,"close":479.4},"EDRY":{"profit":10.1017628,"loss":0.33833313,"p":0.9611111,"q":0.0333333351,"max_close":42.75,"min_close":13.03,"close":13.98},"NFLX":{"profit":140.05896,"loss":30.3757629,"p":0.65,"q":0.344444454,"max_close":613.12,"min_close":166.37,"close":218.13},"TX":{"profit":9.807699,"loss":0.8675022,"p":0.9722222,"q":0.0222222228,"max_close":49.66,"min_close":29.4,"close":30.37},"SID":{"profit":1.554431,"loss":0.0620000362,"p":0.927777767,"q":0.055555556,"max_close":5.71,"min_close":2.45,"close":2.65},"NKE":{"profit":21.20559,"loss":1.78200531,"p":0.9111111,"q":0.0833333358,"max_close":168.78,"min_close":101.18,"close":105.72},"ZIM":{"profit":26.3597221,"loss":0.887500763,"p":0.9722222,"q":0.0222222228,"max_close":88.62,"min_close":31.46,"close":32.77},"C":{"profit":7.289444,"loss":1.81629181,"p":0.8,"q":0.194444448,"max_close":67.84,"min_close":44.14,"close":49.0},"VALE":{"profit":3.30165672,"loss":0.5366678,"p":0.872222245,"q":0.116666667,"max_close":21.23,"min_close":12.14,"close":13.15},"MMM":{"profit":27.9025574,"loss":2.53500366,"p":0.983333349,"q":0.0111111114,"max_close":181.02,"min_close":116.6,"close":120.47},"INTC":{"profit":14.3082161,"loss":0.0,"p":0.99444443,"q":0.0,"max_close":55.91,"min_close":29.29,"close":29.29},"ASML":{"profit":131.568451,"loss":19.669281,"p":0.9222222,"q":0.0722222254,"max_close":811.43,"min_close":428.88,"close":471.1},"NMM":{"profit":3.74599075,"loss":2.75954819,"p":0.622222245,"q":0.372222215,"max_close":36.49,"min_close":20.36,"close":27.17},"DAC":{"profit":16.09858,"loss":4.35697174,"p":0.8111111,"q":0.183333337,"max_close":106.64,"min_close":57.38,"close":67.98}}}