{"hold_stock_list":["BIO","ILPT","ASML","NFLX","NKE","INTC","HIMX","STC","VALE","CCS","BAC","C","THO","WGO","DAC","EDRY","NMM","ZIM","GGB","SID","TX"],"portfolio":{"ASML":{"cost_p":569.13,"position_%":3.8882999699118423,"profit_%":-17.43186969585156},"BAC":{"cost_p":35.99,"position_%":5.901214102245626,"profit_%":-7.001944984717985},"BIO":{"cost_p":522.14,"position_%":5.3508959630219,"profit_%":-6.873635423449648},"C":{"cost_p":49.1,"position_%":12.747158090175384,"profit_%":-0.7128309572301454},"CCS":{"cost_p":44.7,"position_%":1.221562796936091,"profit_%":2.0357941834451823},"DAC":{"cost_p":73.49,"position_%":6.02501006354586,"profit_%":-7.933052115934139},"EDRY":{"cost_p":22.24,"position_%":0.9116629732838475,"profit_%":-37.949640287769775},"GGB":{"cost_p":4.57,"position_%":2.747559812169006,"profit_%":-2.1881838074398363},"HIMX":{"cost_p":7.32,"position_%":5.2010700562164836,"profit_%":-17.759562841530062},"ILPT":{"cost_p":17.42,"position_%":4.760542264569732,"profit_%":-59.35706084959816},"INTC":{"cost_p":43.58,"position_%":6.550254738201603,"profit_%":-27.12253327214318},"NFLX":{"cost_p":248.68,"position_%":3.3979668494638378,"profit_%":-7.495576644683936},"NKE":{"cost_p":115.53,"position_%":3.1572069335576414,"profit_%":-7.824807409330916},"NMM":{"cost_p":30.04,"position_%":2.195998247726923,"profit_%":-12.949400798934757},"SID":{"cost_p":4.82,"position_%":4.610238117295717,"profit_%":-45.22821576763486},"STC":{"cost_p":52.86,"position_%":8.667356972623056,"profit_%":-5.183503594400307},"THO":{"cost_p":72.81,"position_%":2.9846304444602945,"profit_%":8.762532619145716},"TX":{"cost_p":39.96,"position_%":3.2760838500379994,"profit_%":-26.101101101101097},"VALE":{"cost_p":13.29,"position_%":3.6318947586757604,"profit_%":-8.577878103837463},"WGO":{"cost_p":48.65,"position_%":2.6590170054112225,"profit_%":17.34840698869477},"ZIM":{"cost_p":56.94,"position_%":10.11437599047017,"profit_%":-38.40885142255005}},"KellyFormula_Range_v1":{"NFLX":{"profit":184.524857,"loss":32.9384766,"p":0.533333361,"q":0.4611111,"max_close":614.24,"min_close":166.37,"close":230.04},"DAC":{"profit":15.741066,"loss":4.819618,"p":0.85,"q":0.144444451,"max_close":106.64,"min_close":57.38,"close":67.66},"SID":{"profit":1.57566476,"loss":0.06800008,"p":0.9611111,"q":0.027777778,"max_close":5.71,"min_close":2.45,"close":2.64},"ASML":{"profit":142.530487,"loss":23.763031,"p":0.9388889,"q":0.055555556,"max_close":811.43,"min_close":428.88,"close":469.92},"THO":{"profit":9.773399,"loss":4.02903,"p":0.766666651,"q":0.227777779,"max_close":106.42,"min_close":69.02,"close":79.19},"STC":{"profit":11.6395187,"loss":1.40444565,"p":0.894444466,"q":0.1,"max_close":80.18,"min_close":45.91,"close":50.12},"WGO":{"profit":7.73716354,"loss":5.373253,"p":0.566666663,"q":0.427777767,"max_close":77.45,"min_close":44.28,"close":57.09},"EDRY":{"profit":10.1514864,"loss":0.09000015,"p":0.98888886,"q":0.00555555569,"max_close":42.75,"min_close":13.71,"close":13.8},"GGB":{"profit":0.904840946,"loss":0.156817436,"p":0.872222245,"q":0.122222222,"max_close":6.51,"min_close":4.06,"close":4.47},"TX":{"profit":10.8750172,"loss":0.0,"p":0.99444443,"q":0.0,"max_close":49.66,"min_close":29.53,"close":29.53},"BAC":{"profit":7.195713,"loss":1.3265686,"p":0.816666663,"q":0.177777782,"max_close":49.38,"min_close":30.13,"close":33.47},"C":{"profit":7.769264,"loss":1.8731041,"p":0.8277778,"q":0.161111116,"max_close":67.84,"min_close":44.14,"close":48.75},"VALE":{"profit":3.884079,"loss":0.0,"p":0.99444443,"q":0.0,"max_close":21.23,"min_close":12.15,"close":12.15},"CCS":{"profit":12.5770035,"loss":2.04769135,"p":0.9222222,"q":0.0722222254,"max_close":81.94,"min_close":40.36,"close":45.61},"INTC":{"profit":12.60364,"loss":0.0,"p":0.99444443,"q":0.0,"max_close":55.91,"min_close":31.76,"close":31.76},"NMM":{"profit":4.44893456,"loss":2.363861,"p":0.6722222,"q":0.316666663,"max_close":36.49,"min_close":20.36,"close":26.15},"ZIM":{"profit":24.1703453,"loss":0.0,"p":0.99444443,"q":0.0,"max_close":88.62,"min_close":35.07,"close":35.07},"BIO":{"profit":84.451416,"loss":9.137695,"p":0.9222222,"q":0.0722222254,"max_close":764.32,"min_close":463.67,"close":486.25},"HIMX":{"profit":3.63369036,"loss":0.0,"p":0.99444443,"q":0.0,"max_close":15.99,"min_close":6.02,"close":6.02},"ILPT":{"profit":10.5666237,"loss":0.0,"p":0.99444443,"q":0.0,"max_close":25.55,"min_close":7.08,"close":7.08},"NKE":{"profit":22.913765,"loss":2.3143692,"p":0.905555546,"q":0.08888889,"max_close":168.78,"min_close":101.18,"close":106.49}}}