{
    "KellyFormula_Range_v1": {
        "BAC": {
            "close": 32.26,
            "loss": 0.7133274,
            "max_close": 49.38,
            "min_close": 30.13,
            "p": 0.8888889,
            "profit": 10.2188721,
            "q": 0.1
        },
        "BIO": {
            "close": 475.79,
            "loss": 4.925995,
            "max_close": 794.68,
            "min_close": 463.67,
            "p": 0.966666639,
            "profit": 135.000092,
            "q": 0.027777778
        },
        "C": {
            "close": 50.07,
            "loss": 2.46692657,
            "max_close": 70.88,
            "min_close": 44.14,
            "p": 0.7777778,
            "profit": 10.2085838,
            "q": 0.216666669
        },
        "CCS": {
            "close": 49.36,
            "loss": 3.55750656,
            "max_close": 84.95,
            "min_close": 40.36,
            "p": 0.8611111,
            "profit": 14.3732719,
            "q": 0.13333334
        },
        "DAC": {
            "close": 63.58,
            "loss": 3.108574,
            "max_close": 106.64,
            "min_close": 57.38,
            "p": 0.9166667,
            "profit": 18.7197189,
            "q": 0.07777778
        },
        "DHI": {
            "close": 72.57,
            "loss": 4.14866638,
            "max_close": 109.65,
            "min_close": 60.56,
            "p": 0.74444443,
            "profit": 16.3170013,
            "q": 0.25
        },
        "EDRY": {
            "close": 16.45,
            "loss": 0.5783348,
            "max_close": 42.75,
            "min_close": 15.55,
            "p": 0.9611111,
            "profit": 8.996828,
            "q": 0.0333333351
        },
        "GGB": {
            "close": 4.32,
            "loss": 0.122000694,
            "max_close": 6.51,
            "min_close": 4.06,
            "p": 0.933333337,
            "profit": 0.9899392,
            "q": 0.055555556
        },
        "HIMX": {
            "close": 6.54,
            "loss": 0.0875000954,
            "max_close": 15.99,
            "min_close": 6.35,
            "p": 0.9722222,
            "profit": 3.87143326,
            "q": 0.0222222228
        },
        "ILPT": {
            "close": 9.7,
            "loss": 0.0,
            "max_close": 28.34,
            "min_close": 9.7,
            "p": 0.99444443,
            "profit": 10.774724,
            "q": 0.0
        },
        "INTC": {
            "close": 38.71,
            "loss": 1.1013031,
            "max_close": 55.91,
            "min_close": 36.34,
            "p": 0.8666667,
            "profit": 9.565445,
            "q": 0.127777785
        },
        "NMM": {
            "close": 21.99,
            "loss": 0.962221146,
            "max_close": 36.49,
            "min_close": 20.36,
            "p": 0.9444444,
            "profit": 6.89582825,
            "q": 0.05
        },
        "SID": {
            "close": 2.6,
            "loss": 0.149999857,
            "max_close": 5.71,
            "min_close": 2.45,
            "p": 0.9777778,
            "profit": 1.796135,
            "q": 0.00555555569
        },
        "STC": {
            "close": 48.81,
            "loss": 1.10625076,
            "max_close": 80.18,
            "min_close": 45.91,
            "p": 0.95,
            "profit": 16.4586,
            "q": 0.0444444455
        },
        "THO": {
            "close": 81.59,
            "loss": 4.546562,
            "max_close": 114.76,
            "min_close": 69.02,
            "p": 0.6388889,
            "profit": 15.3352051,
            "q": 0.355555564
        },
        "TX": {
            "close": 31.25,
            "loss": 0.325000763,
            "max_close": 49.66,
            "min_close": 30.76,
            "p": 0.983333349,
            "profit": 10.6301613,
            "q": 0.0111111114
        },
        "WGO": {
            "close": 54.08,
            "loss": 3.87927246,
            "max_close": 77.45,
            "min_close": 44.28,
            "p": 0.6888889,
            "profit": 12.025322,
            "q": 0.305555552
        },
        "X": {
            "close": 18.5,
            "loss": 0.909090042,
            "max_close": 38.45,
            "min_close": 17.02,
            "p": 0.933333337,
            "profit": 7.942255,
            "q": 0.06111111
        },
        "ZIM": {
            "close": 47.76,
            "loss": 2.56933212,
            "max_close": 88.62,
            "min_close": 42.05,
            "p": 0.9111111,
            "profit": 13.7267113,
            "q": 0.0833333358
        }
    },
    "hold_stock_list": [
        "BIO",
        "ILPT",
        "INTC",
        "HIMX",
        "STC",
        "DHI",
        "CCS",
        "BAC",
        "C",
        "THO",
        "WGO",
        "DAC",
        "EDRY",
        "NMM",
        "ZIM",
        "X",
        "GGB",
        "SID",
        "TX"
    ],
    "portfolio": {
        "BAC": {
            "cost_p": 35.99,
            "position_%": 5.348246869616792,
            "profit_%": -10.363989997221461
        },
        "BIO": {
            "cost_p": 550.38,
            "position_%": 7.088336659682498,
            "profit_%": -13.552454667684142
        },
        "C": {
            "cost_p": 49.1,
            "position_%": 11.552698677098975,
            "profit_%": 1.9755600814663927
        },
        "CCS": {
            "cost_p": 45,
            "position_%": 2.786319222153789,
            "profit_%": 9.688888888888886
        },
        "DAC": {
            "cost_p": 73.49,
            "position_%": 5.460442656962185,
            "profit_%": -13.484827867737103
        },
        "DHI": {
            "cost_p": 65,
            "position_%": 3.2197466567110444,
            "profit_%": 11.646153846153835
        },
        "EDRY": {
            "cost_p": 22.24,
            "position_%": 0.8262365266760033,
            "profit_%": -26.034172661870503
        },
        "GGB": {
            "cost_p": 4.57,
            "position_%": 2.4901025297363724,
            "profit_%": -5.470459518599562
        },
        "HIMX": {
            "cost_p": 7.32,
            "position_%": 4.71370910542497,
            "profit_%": -10.655737704918037
        },
        "ILPT": {
            "cost_p": 17.42,
            "position_%": 4.3144605199928,
            "profit_%": -44.31687715269806
        },
        "INTC": {
            "cost_p": 43.58,
            "position_%": 5.936469816515926,
            "profit_%": -11.174850849013303
        },
        "NMM": {
            "cost_p": 30.04,
            "position_%": 1.9902244776409954,
            "profit_%": -26.79760319573902
        },
        "SID": {
            "cost_p": 4.82,
            "position_%": 4.178240469131947,
            "profit_%": -46.058091286307054
        },
        "STC": {
            "cost_p": 52.86,
            "position_%": 7.855191151095961,
            "profit_%": -7.66174801362088
        },
        "THO": {
            "cost_p": 80.73,
            "position_%": 7.607955473875812,
            "profit_%": 1.0652793261488906
        },
        "TX": {
            "cost_p": 39.96,
            "position_%": 2.9691017631270773,
            "profit_%": -21.796796796796798
        },
        "WGO": {
            "cost_p": 53.71,
            "position_%": 7.648941610451645,
            "profit_%": 0.6888847514429295
        },
        "X": {
            "cost_p": 19.57,
            "position_%": 4.846957082448857,
            "profit_%": -5.467552376085847
        },
        "ZIM": {
            "cost_p": 56.94,
            "position_%": 9.166618731656344,
            "profit_%": -16.12223393045311
        }
    }
}