{
    "Factor_Intersectional_v1": [],
    "KellyFormula_Range_v1": {
        "AAP": {
            "close": 44.57,
            "loss": 4.5645103,
            "max_close": 84.78196,
            "min_close": 35.49403,
            "p": 0.5555556,
            "profit": 10.769955,
            "q": 0.43888888
        },
        "ALB": {
            "close": 83.58,
            "loss": 4.565666,
            "max_close": 140.61736,
            "min_close": 72.23231,
            "p": 0.84444445,
            "profit": 12.951897,
            "q": 0.15
        },
        "CVS": {
            "close": 65.57,
            "loss": 9.867146,
            "max_close": 76.28339,
            "min_close": 43.23058,
            "p": 0.016666668,
            "profit": 0.45642853,
            "q": 0.9777778
        },
        "DAC": {
            "close": 84.74,
            "loss": 4.107689,
            "max_close": 95.34127,
            "min_close": 68.38013,
            "p": 0.33333334,
            "profit": 3.8851776,
            "q": 0.6611111
        },
        "EL": {
            "close": 72.19,
            "loss": 5.687149,
            "max_close": 155.19865,
            "min_close": 62.443096,
            "p": 0.8388889,
            "profit": 19.578758,
            "q": 0.15555556
        },
        "EPAM": {
            "close": 260.91,
            "loss": 49.10884,
            "max_close": 314.63,
            "min_close": 170.25,
            "p": 0.027777778,
            "profit": 4.473999,
            "q": 0.96666664
        },
        "EW": {
            "close": 75.67,
            "loss": 6.6648254,
            "max_close": 95.56,
            "min_close": 59.7,
            "p": 0.23333333,
            "profit": 12.258804,
            "q": 0.76111114
        },
        "GGB": {
            "close": 3.08,
            "loss": 0.15127134,
            "max_close": 3.8891463,
            "min_close": 2.72,
            "p": 0.75555557,
            "profit": 0.22101617,
            "q": 0.22222222
        },
        "GIS": {
            "close": 57.56,
            "loss": 0.0,
            "max_close": 73.79097,
            "min_close": 57.56,
            "p": 0.99444443,
            "profit": 8.078556,
            "q": 0.0
        },
        "HAL": {
            "close": 26.73,
            "loss": 0.6511116,
            "max_close": 40.580658,
            "min_close": 25.19,
            "p": 0.89444447,
            "profit": 3.8070831,
            "q": 0.1
        },
        "ILPT": {
            "close": 3.97,
            "loss": 0.3121419,
            "max_close": 5.1334705,
            "min_close": 3.2416239,
            "p": 0.45,
            "profit": 0.691098,
            "q": 0.53333336
        },
        "KSS": {
            "close": 11.81,
            "loss": 0.10333443,
            "max_close": 27.064508,
            "min_close": 11.62,
            "p": 0.9722222,
            "profit": 5.8917894,
            "q": 0.016666668
        },
        "MPW": {
            "close": 5.02,
            "loss": 0.6086087,
            "max_close": 6.2460093,
            "min_close": 3.2741725,
            "p": 0.15,
            "profit": 0.5488,
            "q": 0.84444445
        },
        "NKE": {
            "close": 77.59,
            "loss": 3.6109543,
            "max_close": 103.848595,
            "min_close": 68.68,
            "p": 0.49444443,
            "profit": 6.4826355,
            "q": 0.5
        },
        "NVO": {
            "close": 82.33,
            "loss": 2.1975021,
            "max_close": 146.36218,
            "min_close": 77.87,
            "p": 0.95,
            "profit": 36.20308,
            "q": 0.044444446
        },
        "PAGS": {
            "close": 8.26,
            "loss": 0.9585891,
            "max_close": 14.6,
            "min_close": 6.19,
            "p": 0.5611111,
            "profit": 2.8143578,
            "q": 0.43333334
        },
        "PEP": {
            "close": 144.1,
            "loss": 0.72250366,
            "max_close": 178.7822,
            "min_close": 142.64,
            "p": 0.9722222,
            "profit": 19.131973,
            "q": 0.022222223
        },
        "PVH": {
            "close": 79.8,
            "loss": 1.5237579,
            "max_close": 140.4603,
            "min_close": 77.4,
            "p": 0.95,
            "profit": 22.238647,
            "q": 0.044444446
        },
        "PYPL": {
            "close": 78.62,
            "loss": 11.414703,
            "max_close": 91.81,
            "min_close": 57.22,
            "p": 0.45,
            "profit": 6.956833,
            "q": 0.54444444
        },
        "SEE": {
            "close": 33.65,
            "loss": 0.71784973,
            "max_close": 39.39198,
            "min_close": 30.610888,
            "p": 0.8833333,
            "profit": 1.7900009,
            "q": 0.11111111
        },
        "SID": {
            "close": 1.59,
            "loss": 0.13787878,
            "max_close": 3.4478495,
            "min_close": 1.3,
            "p": 0.8,
            "profit": 0.5512496,
            "q": 0.18333334
        },
        "TGT": {
            "close": 130.11,
            "loss": 3.063858,
            "max_close": 172.50467,
            "min_close": 120.56183,
            "p": 0.9166667,
            "profit": 13.438156,
            "q": 0.07777778
        },
        "VALE": {
            "close": 9.81,
            "loss": 0.61735725,
            "max_close": 12.457719,
            "min_close": 8.5,
            "p": 0.68333334,
            "profit": 0.78504276,
            "q": 0.31111112
        },
        "VFC": {
            "close": 26.23,
            "loss": 7.526142,
            "max_close": 26.93,
            "min_close": 11.779906,
            "p": 0.016666668,
            "profit": 0.38666725,
            "q": 0.9777778
        },
        "ZIM": {
            "close": 19.85,
            "loss": 3.2092514,
            "max_close": 23.31,
            "min_close": 7.2657223,
            "p": 0.21666667,
            "profit": 1.1251469,
            "q": 0.7777778
        }
    },
    "hold_stock_list": [
        "SEE",
        "GIS",
        "PEP",
        "EL",
        "KSS",
        "TGT",
        "NKE",
        "PVH",
        "VFC",
        "MPW",
        "NVO",
        "CVS",
        "ILPT",
        "AAP",
        "PYPL",
        "EPAM",
        "PAGS",
        "EW",
        "DAC",
        "ZIM",
        "VALE",
        "GGB",
        "SID",
        "HAL",
        "ALB"
    ],
    "portfolio": {
        "AAP": {
            "cost_p": 91.35,
            "position_%": 12.031655418055102,
            "profit_%": -51.20963327859879
        },
        "ALB": {
            "cost_p": 173.45,
            "position_%": 6.527142488894073,
            "profit_%": -51.81320265206111
        },
        "CVS": {
            "cost_p": 65.41,
            "position_%": 4.922921766486726,
            "profit_%": 0.2446109157621107
        },
        "DAC": {
            "cost_p": 73.24,
            "position_%": 4.134170503487477,
            "profit_%": 15.701802293828509
        },
        "EL": {
            "cost_p": 143.03,
            "position_%": 5.3823994821938275,
            "profit_%": -49.52807103404881
        },
        "EPAM": {
            "cost_p": 248.63,
            "position_%": 2.3390652018070535,
            "profit_%": 4.939066082130085
        },
        "EW": {
            "cost_p": 87.4,
            "position_%": 2.4667292600000374,
            "profit_%": -13.42105263157895
        },
        "GGB": {
            "cost_p": 2.9,
            "position_%": 2.182613227765098,
            "profit_%": 6.206896551724143
        },
        "GIS": {
            "cost_p": 62.3,
            "position_%": 4.688855313440193,
            "profit_%": -7.608346709470297
        },
        "HAL": {
            "cost_p": 34.9,
            "position_%": 2.298329360099196,
            "profit_%": -23.409742120343836
        },