{"hold_stock_list":["VALE","INTC","KGC","DAC","GGB","THO","GOGL","CPLP","SID","EDRY","ET","SB","NMM","PKX","TX"],"portfolio":{"CPLP":{"cost_p":12.99,"position_%":4.2296879515078665,"profit_%":22.55581216320246},"DAC":{"cost_p":76.97,"position_%":10.59451136936214,"profit_%":26.166038716383007},"EDRY":{"cost_p":22.24,"position_%":2.9624688234789507,"profit_%":8.363309352518},"ET":{"cost_p":9.35,"position_%":6.171958053951625,"profit_%":6.737967914438511},"GGB":{"cost_p":4.45,"position_%":4.346907940926098,"profit_%":24.269662921348313},"GOGL":{"cost_p":10.75,"position_%":4.454951618041387,"profit_%":5.209302325581399},"INTC":{"cost_p":49.9,"position_%":8.921625235024598,"profit_%":0.020040080160316654},"KGC":{"cost_p":7.61,"position_%":10.317075927235276,"profit_%":-25.755584756898813},"NMM":{"cost_p":30.04,"position_%":4.757296307919625,"profit_%":1.4647137150466087},"PKX":{"cost_p":58.54,"position_%":6.688773883054826,"profit_%":2.9210796036897864},"SB":{"cost_p":4.05,"position_%":4.981183527607705,"profit_%":-1.7283950617283912},"SID":{"cost_p":4.82,"position_%":13.754048899798635,"profit_%":11.20331950207469},"THO":{"cost_p":98.99,"position_%":8.790611176144523,"profit_%":0.14142842711385048},"TX":{"cost_p":40.0,"position_%":3.5521208914615716,"profit_%":9.275000000000002},"VALE":{"cost_p":12.76,"position_%":5.476778394485167,"profit_%":37.22570532915362}},"KellyFormula_Range_v1":{"INTC":{"profit":4.03307724,"loss":0.9310341,"p":0.8333333,"q":0.161111116,"max_close":58.19,"min_close":47.73,"close":49.91},"SB":{"profit":0.568275452,"loss":0.382727146,"p":0.322222233,"q":0.6722222,"max_close":5.28,"min_close":3.1,"close":3.98},"EDRY":{"profit":4.31380844,"loss":4.00103951,"p":0.566666663,"q":0.427777767,"max_close":33.81,"min_close":17.0,"close":24.1},"PKX":{"profit":11.0910645,"loss":2.01701736,"p":0.733333349,"q":0.2611111,"max_close":81.49,"min_close":54.58,"close":60.25},"CPLP":{"profit":0.243654251,"loss":2.681655,"p":0.144444451,"q":0.8388889,"max_close":16.73,"min_close":10.98,"close":15.92},"THO":{"profit":12.4492493,"loss":4.939003,"p":0.8833333,"q":0.111111112,"max_close":127.44,"min_close":87.32,"close":99.13},"ET":{"profit":0.572382,"loss":0.7340441,"p":0.233333334,"q":0.75555557,"max_close":11.35,"min_close":8.15,"close":9.98},"KGC":{"profit":0.6958766,"loss":0.214999676,"p":0.7277778,"q":0.25555557,"max_close":8.17,"min_close":5.04,"close":5.65},"TX":{"profit":5.52786255,"loss":3.5771904,"p":0.416666657,"q":0.572222233,"max_close":56.19,"min_close":32.74,"close":43.71},"DAC":{"profit":0.269996643,"loss":22.6737442,"p":0.00555555569,"q":0.98888886,"max_close":97.38,"min_close":60.63,"close":97.11},"GGB":{"profit":0.4731574,"loss":0.585701466,"p":0.316666663,"q":0.6722222,"max_close":6.62,"min_close":4.26,"close":5.53},"NMM":{"profit":0.914287567,"loss":4.00196648,"p":0.116666667,"q":0.877777755,"max_close":33.55,"min_close":21.47,"close":30.48},"VALE":{"profit":3.5447464,"loss":3.46495533,"p":0.433333337,"q":0.5611111,"max_close":22.94,"min_close":11.27,"close":17.51},"GOGL":{"profit":0.344615936,"loss":1.65536308,"p":0.0722222254,"q":0.9222222,"max_close":12.08,"min_close":7.68,"close":11.31},"SID":{"profit":2.55747175,"loss":0.909890652,"p":0.483333319,"q":0.51111114,"max_close":9.49,"min_close":3.57,"close":5.36}}}