{"hold_stock_list":["VALE","INTC","KGC","DAC","GGB","LDI","THO","GOGL","CPLP","SID","EDRY","ET","SB","NMM","TX"],"portfolio":{"CPLP":{"cost_p":12.99,"position_%":4.447238367370211,"profit_%":13.702848344880673},"DAC":{"cost_p":76.97,"position_%":11.139431084643125,"profit_%":-9.419254254904509},"EDRY":{"cost_p":22.24,"position_%":3.11484089723851,"profit_%":-19.96402877697841},"ET":{"cost_p":9.35,"position_%":6.489407486797718,"profit_%":-11.764705882352938},"GGB":{"cost_p":4.45,"position_%":4.570487467620656,"profit_%":6.067415730337069},"GOGL":{"cost_p":10.75,"position_%":4.684088279720182,"profit_%":-23.534883720930228},"INTC":{"cost_p":49.94,"position_%":9.061616209024498,"profit_%":-0.6808169803764444},"KGC":{"cost_p":7.61,"position_%":10.847725985628658,"profit_%":-26.806833114323258},"LDI":{"cost_p":7.03,"position_%":6.563948293641106,"profit_%":-36.13086770981508},"NMM":{"cost_p":30.04,"position_%":5.001983812537869,"profit_%":-24.10119840213049},"SB":{"cost_p":4.05,"position_%":5.237386481665203,"profit_%":-12.34567901234568},"SID":{"cost_p":4.85,"position_%":13.313703942962807,"profit_%":-15.876288659793808},"THO":{"cost_p":104.58,"position_%":3.2548966929776517,"profit_%":-10.508701472556888},"TX":{"cost_p":40.0,"position_%":3.7348212197104442,"profit_%":1.925000000000008},"VALE":{"cost_p":12.76,"position_%":8.53842377846136,"profit_%":7.210031347962382}},"KellyFormula_Range_v1":{"SID":{"profit":3.10557985,"loss":0.19444418,"p":0.8833333,"q":0.1,"max_close":9.618398,"min_close":3.57,"close":4.08},"INTC":{"profit":4.9950676,"loss":0.747055054,"p":0.9111111,"q":0.0833333358,"max_close":66.9506,"min_close":47.5614853,"close":49.6},"THO":{"profit":22.9057846,"loss":0.0,"p":0.99444443,"q":0.0,"max_close":145.657974,"min_close":93.59,"close":93.59},"SB":{"profit":0.6128228,"loss":0.417272568,"p":0.6888889,"q":0.305555552,"max_close":5.28,"min_close":2.12,"close":3.55},"VALE":{"profit":4.039053,"loss":1.0714283,"p":0.8,"q":0.194444448,"max_close":20.7570267,"min_close":11.27,"close":13.68},"ET":{"profit":1.25079823,"loss":0.420428753,"p":0.8666667,"q":0.122222222,"max_close":10.9818878,"min_close":7.43126631,"close":8.25},"TX":{"profit":5.905514,"loss":3.33811951,"p":0.51111114,"q":0.483333319,"max_close":55.1230164,"min_close":32.1183052,"close":40.77},"CPLP":{"profit":1.12826061,"loss":2.38564873,"p":0.127777785,"q":0.8611111,"max_close":16.7,"min_close":10.3809137,"close":14.77},"LDI":{"profit":5.973482,"loss":0.18999958,"p":0.983333349,"q":0.00555555569,"max_close":21.1350632,"min_close":4.3,"close":4.49},"GOGL":{"profit":0.903144836,"loss":0.7910023,"p":0.683333337,"q":0.311111122,"max_close":10.6554384,"min_close":5.830318,"close":8.22},"DAC":{"profit":5.63903046,"loss":8.453995,"p":0.5833333,"q":0.411111116,"max_close":87.12521,"min_close":47.40861,"close":69.72},"NMM":{"profit":5.444498,"loss":0.7255955,"p":0.927777767,"q":0.06666667,"max_close":34.7383652,"min_close":21.3855934,"close":22.8},"EDRY":{"profit":8.542032,"loss":5.27459335,"p":0.7888889,"q":0.205555558,"max_close":33.81,"min_close":7.74,"close":17.8},"KGC":{"profit":1.00374174,"loss":0.238502979,"p":0.877777755,"q":0.116666667,"max_close":8.1103735,"min_close":5.04,"close":5.57},"GGB":{"profit":0.6263261,"loss":0.231769562,"p":0.7,"q":0.294444442,"max_close":6.49767637,"min_close":4.14701271,"close":4.72}}}