{"hold_stock_list":["SEE","EL","KSS","TGT","NKE","PVH","VFC","SBUX","MPW","NVO","PFE","ILPT","AAP","PYPL","QCOM","EPAM","EW","ZIM","VALE","GGB","SID","HAL","ALB"],"watch_stock_list":["ABNB","ACLS","ACMR","ADBE","ADSK","AEO","ALB","ALGM","ALGN","AMAT","ANSS","APD","APTV","ARTNA","ASML","AZN","BAC","BBY","BF-B","BIO","BLD","BUD","CAMT","CE","CNMD","CRM","CSCO","CVS","DE","DELL","DEO","DG","DHI","DIS","EL","EPAM","EW","EXLS","EXR","F","FDX","FFIV","FSLR","FTNT","G","GIS","GLOB","GM","GOOG","GSK","HAL","HAS","HMC","HOV","HPE","HPQ","INTC","ISRG","K","KSS","LMAT","LNTH","LQDT","LRCX","M","MA","MCHP","MKC","MMM","MMS","MOH","MPW","MS","MSFT","MU","NDAQ","NFLX","NICE","NKE","NOW","NVO","NXPI","ORCL","OXM","PAGS","PAYC","PCTY","PEP","PFE","PHG","PODD","PVH","PYPL","QCOM","SAIC","SBUX","SEE","SMP","SONY","SQM","STM","TDC","TEAM","TECH","TEX","TGT","TITN","TM","TEN","TRI","TX","UAL","UPS","VALE","VEEV","VFC","VMI","WDAY","WFC","WNS","X","ZTS"],"portfolio":{"AAP":{"cost_p":91.35,"position_%":11.925798759955649,"profit_%":-45.70333880678707},"ALB":{"cost_p":173.45,"position_%":6.4697155208829695,"profit_%":-66.10550590948401},"EL":{"cost_p":143.03,"position_%":5.335044168070863,"profit_%":-53.11473117527791},"EPAM":{"cost_p":248.63,"position_%":2.3184856874562305,"profit_%":-28.950649559586534},"EW":{"cost_p":87.4,"position_%":2.4450265344126763,"profit_%":-12.791762013729985},"GGB":{"cost_p":2.9,"position_%":2.1634102058876463,"profit_%":-2.0689655172413812},"HAL":{"cost_p":34.9,"position_%":2.278108246975655,"profit_%":-42.779369627507165},"ILPT":{"cost_p":17.2,"position_%":3.2078151328678897,"profit_%":-80.81395348837209},"KSS":{"cost_p":11.63,"position_%":10.411225114954481,"profit_%":-31.98624247635426},"MPW":{"cost_p":6.18,"position_%":4.034014030461189,"profit_%":-24.271844660194176},"NKE":{"cost_p":73.71,"position_%":5.498791940550979,"profit_%":-14.760548093881424},"NVO":{"cost_p":89.89,"position_%":2.514684613024662,"profit_%":-21.637557014128383},"PFE":{"cost_p":24,"position_%":2.2380105578148064,"profit_%":-1.6250000000000024},"PVH":{"cost_p":87.3,"position_%":4.884458042430815,"profit_%":-0.8820160366552074},"PYPL":{"cost_p":68.03,"position_%":2.537530970802355,"profit_%":5.071292077024847},"QCOM":{"cost_p":144.74,"position_%":2.6994137344842923,"profit_%":2.6875777255768867},"SBUX":{"cost_p":87.91,"position_%":2.4592938517187455,"profit_%":-1.0237743146399632},"SEE":{"cost_p":34.36,"position_%":7.369395765124522,"profit_%":-4.860302677532019},"SID":{"cost_p":4.54,"position_%":2.9634989803064395,"profit_%":-64.5374449339207},"TGT":{"cost_p":107.3,"position_%":4.002308880892145,"profit_%":-9.608574091332715},"VALE":{"cost_p":12.22,"position_%":2.279040751374745,"profit_%":-21.931260229132583},"VFC":{"cost_p":18.8,"position_%":1.2271757892017854,"profit_%":-27.925531914893615},"ZIM":{"cost_p":40.74,"position_%":8.737752720348459,"profit_%":-56.971035837015215}},"KellyFormula_Range_v1":{"KSS":{"profit":6.612723,"loss":0.7341676,"p":0.8611111,"q":0.13333334,"max_close":24.760235,"min_close":6.13,"close":7.48},"NVO":{"profit":28.493462,"loss":5.213455,"p":0.76666665,"q":0.22777778,"max_close":144.04109,"min_close":58.08,"close":70.44},"ILPT":{"profit":0.60204244,"loss":0.4084344,"p":0.8,"q":0.19444445,"max_close":5.113726,"min_close":2.5003462,"close":3.3},"EL":{"profit":12.482529,"loss":5.5346527,"p":0.64444447,"q":0.35,"max_close":123.27783,"min_close":50.06,"close":67.06},"AAP":{"profit":0.0,"loss":10.026302,"p":0.0,"q":0.99444443,"max_close":68.95981,"min_close":30.074455,"close":49.6},"SEE":{"profit":2.1007957,"loss":3.3743439,"p":0.6388889,"q":0.35555556,"max_close":39.125458,"min_close":23.93,"close":32.69},"SID":{"profit":0.2951671,"loss":0.123698354,"p":0.57222223,"q":0.40555555,"max_close":2.46132,"min_close":1.3,"close":1.61},"SBUX":{"profit":11.172546,"loss":3.905243,"p":0.79444444,"q":0.2,"max_close":115.00041,"min_close":70.7466,"close":87.01},"VALE":{"profit":0.5823908,"loss":0.5280371,"p":0.4611111,"q":0.53333336,"max_close":11.367276,"min_close":8.179748,"close":9.54},"QCOM":{"profit":13.37532,"loss":8.4711,"p":0.8388889,"q":0.15555556,"max_close":223.54147,"min_close":124.66,"close":148.63},"PFE":{"profit":2.369854,"loss":1.1737804,"p":0.8111111,"q":0.18333334,"max_close":29.837969,"min_close":21.185833,"close":23.61},"GGB":{"profit":0.31197834,"loss":0.16477656,"p":0.6944444,"q":0.29444444,"max_close":3.5385132,"min_close":2.3,"close":2.84},"VFC":{"profit":6.870904,"loss":1.8903456,"p":0.8333333,"q":0.16111112,"max_close":26.803305,"min_close":9.74,"close":13.55},"HAL":{"profit":6.6335278,"loss":0.25444603,"p":0.9444444,"q":0.05,"max_close":35.859035,"min_close":19.26,"close":19.97},"ALB":{"profit":28.48529,"loss":2.5020828,"p":0.8611111,"q":0.13333334,"max_close":125.50256,"min_close":50.76,"close":58.79},"EPAM":{"profit":41.343826,"loss":18.992188,"p":0.81666666,"q":0.17777778,"max_close":267.63,"min_close":143.33,"close":176.65},"MPW":{"profit":0.7056136,"loss":0.46639204,"p":0.5555556,"q":0.43888888,"max_close":6.21,"min_close":3.670565,"close":4.68},"PVH":{"profit":13.625214,"loss":13.4646225,"p":0.56666666,"q":0.42777777,"max_close":123.590614,"min_close":60.5,"close":86.53},"PYPL":{"profit":10.986122,"loss":4.6745834,"p":0.6611111,"q":0.33333334,"max_close":91.81,"min_close":57.22,"close":71.48},"NKE":{"profit":13.40136,"loss":4.889431,"p":0.8,"q":0.19444445,"max_close":95.772415,"min_close":53.27,"close":62.83},"TGT":{"profit":34.987434,"loss":3.383873,"p":0.8277778,"q":0.16666667,"max_close":156.39932,"min_close":87.75676,"close":96.99},"EW":{"profit":1.0766678,"loss":5.4674683,"p":0.033333335,"q":0.9611111,"max_close":93.78,"min_close":59.7,"close":76.22},"ZIM":{"profit":0.62338257,"loss":2.4678316,"p":0.1388889,"q":0.85555553,"max_close":19.37,"min_close":11.051109,"close":17.53}},"Factor_Intersectional_v1":[],"stock_info":{"KSS":["Kohl's Corp","Department Stores","Consumer Cyclical"],"NVO":["Novo Nordisk ADR","Drug Manufacturers - General","Healthcare"],"ILPT":["Industrial Logistics Properties Trust","REIT - Industrial","Real Estate"],"EL":["Estee Lauder Cos., Inc","Household & Personal Products","Consumer Defensive"],"AAP":["Advance Auto Parts Inc","Auto Parts","Consumer Cyclical"],"SEE":["Sealed Air Corp","Packaging & Containers","Consumer Cyclical"],"SID":["Companhia Siderurgica Nacional ADR","Steel","Basic Materials"],"SBUX":["Starbucks Corp","Restaurants","Consumer Cyclical"],"VALE":["Vale S.A. ADR","Other Industrial Metals & Mining","Basic Materials"],"QCOM":["Qualcomm, Inc","Semiconductors","Technology"],"PFE":["Pfizer Inc","Drug Manufacturers - General","Healthcare"],"GGB":["Gerdau S.A. ADR","Steel","Basic Materials"],"VFC":["VF Corp","Apparel Manufacturing","Consumer Cyclical"],"HAL":["Halliburton Co","Oil & Gas Equipment & Services","Energy"],"ALB":["Albemarle Corp","Specialty Chemicals","Basic Materials"],"EPAM":["EPAM Systems Inc","Information Technology Services","Technology"],"MPW":["Medical Properties Trust Inc","REIT - Healthcare Facilities","Real Estate"],"PVH":["PVH Corp","Apparel Manufacturing","Consumer Cyclical"],"PYPL":["PayPal Holdings Inc","Credit Services","Financial"],"NKE":["Nike, Inc","Footwear & Accessories","Consumer Cyclical"],"TGT":["Target Corp","Discount Stores","Consumer Defensive"],"EW":["Edwards Lifesciences Corp","Medical Devices","Healthcare"],"ZIM":["Zim Integrated Shipping Services Ltd","Marine Shipping","Industrials"]}}