{"hold_stock_list":["BIO","HIMX","ILPT","STC","ET","INTC","ARLP","BAC","BK","C","THO","WGO","DAC","GOGL","CPLP","EDRY","SB","NMM","ZIM","SID","PKX","TX"],"portfolio":{"ARLP":{"cost_p":14.01,"position_%":2.194139120823959,"profit_%":0},"BAC":{"cost_p":37.29,"position_%":7.008089748653141,"profit_%":-6.462858675248047},"BIO":{"cost_p":596.71,"position_%":4.111895018602573,"profit_%":-15.622329104590174},"BK":{"cost_p":44.42,"position_%":7.652392985132068,"profit_%":-2.543899144529497},"C":{"cost_p":50,"position_%":7.830617847337469,"profit_%":-1.3599999999999994},"CPLP":{"cost_p":12.99,"position_%":1.6275156133906197,"profit_%":16.474210931485764},"DAC":{"cost_p":76.97,"position_%":3.6163359342573904,"profit_%":-3.209042484084707},"EDRY":{"cost_p":22.24,"position_%":1.0449176455487117,"profit_%":49.32553956834534},"ET":{"cost_p":9.35,"position_%":3.2654459485181984,"profit_%":20.106951871657763},"GOGL":{"cost_p":10.75,"position_%":2.357015972048578,"profit_%":36.930232558139544},"HIMX":{"cost_p":9.18,"position_%":6.182116178115986,"profit_%":2.614379084967323},"ILPT":{"cost_p":20,"position_%":3.1322471389349875,"profit_%":-28.099999999999998},"INTC":{"cost_p":45.14,"position_%":10.6042226888644,"profit_%":-6.180770934869294},"NMM":{"cost_p":30.04,"position_%":2.516979833433988,"profit_%":-7.523302263648462},"PKX":{"cost_p":58.54,"position_%":1.8336174751325418,"profit_%":-6.012982576016392},"SB":{"cost_p":4.05,"position_%":2.6354335896106624,"profit_%":1.7283950617284023},"SID":{"cost_p":4.82,"position_%":5.284100923383325,"profit_%":-27.385892116182575},"STC":{"cost_p":54.28,"position_%":6.800734988055646,"profit_%":4.200442151805455},"THO":{"cost_p":89.53,"position_%":6.463913490340981,"profit_%":-16.530771808332396},"TX":{"cost_p":39.96,"position_%":3.754937870155264,"profit_%":0},"WGO":{"cost_p":56.56,"position_%":5.7576966907902944,"profit_%":-11.792786421499295},"ZIM":{"cost_p":55.24,"position_%":4.325633298869218,"profit_%":10.970311368573487}},"KellyFormula_Range_v1":{"PKX":{"profit":6.855465,"loss":1.11571121,"p":0.955555558,"q":0.03888889,"max_close":79.19,"min_close":52.4,"close":55.02},"ET":{"profit":0.327619553,"loss":1.66535187,"p":0.116666667,"q":0.872222245,"max_close":12.08,"min_close":8.15,"close":11.23},"DAC":{"profit":13.766571,"loss":3.04206848,"p":0.644444466,"q":0.35,"max_close":106.64,"min_close":65.69,"close":74.5},"STC":{"profit":12.8650627,"loss":3.090435,"p":0.8666667,"q":0.127777785,"max_close":80.18,"min_close":50.44,"close":56.56},"TX":{"profit":4.967388,"loss":1.08999634,"p":0.85,"q":0.144444451,"max_close":54.23,"min_close":36.57,"close":39.35},"EDRY":{"profit":3.132309,"loss":8.123964,"p":0.144444451,"q":0.85,"max_close":42.75,"min_close":17.0,"close":33.21},"ARLP":{"profit":0.745000839,"loss":5.32152367,"p":0.0444444455,"q":0.95,"max_close":19.61,"min_close":8.66,"close":18.18},"INTC":{"profit":7.62040329,"loss":0.0,"p":0.99444443,"q":0.0,"max_close":56.0,"min_close":42.35,"close":42.35},"CPLP":{"profit":0.9465246,"loss":1.36633968,"p":0.6,"q":0.394444436,"max_close":18.76,"min_close":12.35,"close":15.13},"WGO":{"profit":16.2353363,"loss":0.0,"p":0.99444443,"q":0.0,"max_close":78.55,"min_close":49.89,"close":49.89},"SID":{"profit":1.29561663,"loss":0.200000048,"p":0.98888886,"q":0.00555555569,"max_close":6.73,"min_close":3.3,"close":3.5},"C":{"profit":13.6983719,"loss":1.4642868,"p":0.955555558,"q":0.03888889,"max_close":72.53,"min_close":46.56,"close":49.32},"BK":{"profit":11.8689957,"loss":0.476997375,"p":0.9388889,"q":0.055555556,"max_close":63.66,"min_close":42.06,"close":43.29},"BAC":{"profit":8.654869,"loss":0.0699996948,"p":0.98888886,"q":0.00555555569,"max_close":49.38,"min_close":34.81,"close":34.88},"SB":{"profit":0.441428661,"loss":0.3833344,"p":0.50555557,"q":0.483333319,"max_close":5.28,"min_close":3.24,"close":4.12},"ZIM":{"profit":9.222744,"loss":7.67572,"p":0.344444454,"q":0.65,"max_close":88.62,"min_close":43.31,"close":61.3},"THO":{"profit":23.59008,"loss":0.0,"p":0.99444443,"q":0.0,"max_close":127.44,"min_close":74.73,"close":74.73},"ILPT":{"profit":8.98034,"loss":0.0,"p":0.98888886,"q":0.0,"max_close":28.4,"min_close":14.38,"close":14.38},"HIMX":{"profit":1.68525887,"loss":0.489131927,"p":0.8666667,"q":0.127777785,"max_close":15.99,"min_close":7.97,"close":9.42},"GOGL":{"profit":0.539999962,"loss":4.14393044,"p":0.00555555569,"q":0.98888886,"max_close":15.26,"min_close":7.68,"close":14.72},"BIO":{"profit":172.019531,"loss":10.1491394,"p":0.933333337,"q":0.06111111,"max_close":825.77,"min_close":475.22,"close":503.49},"NMM":{"profit":3.30142784,"loss":2.2037735,"p":0.7,"q":0.294444442,"max_close":36.49,"min_close":22.8,"close":27.78}}}