{
    "KellyFormula_Range_v1": {
        "ASML": {
            "close": 441.23,
            "loss": 6.716278,
            "max_close": 744.53,
            "min_close": 428.88,
            "p": 0.95,
            "profit": 136.9194,
            "q": 0.0444444455
        },
        "BAC": {
            "close": 31.07,
            "loss": 0.360002518,
            "max_close": 49.38,
            "min_close": 30.13,
            "p": 0.966666639,
            "profit": 7.06895828,
            "q": 0.027777778
        },
        "BIO": {
            "close": 428.71,
            "loss": 11.8124695,
            "max_close": 674.98,
            "min_close": 412.59,
            "p": 0.9722222,
            "profit": 111.2811,
            "q": 0.0222222228
        },
        "C": {
            "close": 43.4,
            "loss": 0.6100006,
            "max_close": 67.84,
            "min_close": 42.59,
            "p": 0.983333349,
            "profit": 10.2376328,
            "q": 0.0111111114
        },
        "CCS": {
            "close": 44.6,
            "loss": 1.841999,
            "max_close": 74.32,
            "min_close": 40.36,
            "p": 0.9111111,
            "profit": 10.1847649,
            "q": 0.0833333358
        },
        "DAC": {
            "close": 57.56,
            "loss": 0.6466675,
            "max_close": 106.64,
            "min_close": 56.0,
            "p": 0.9777778,
            "profit": 22.53638,
            "q": 0.0166666675
        },
        "EDRY": {
            "close": 14.0,
            "loss": 0.466666222,
            "max_close": 42.75,
            "min_close": 12.94,
            "p": 0.927777767,
            "profit": 10.1258984,
            "q": 0.06666667
        },
        "EMN": {
            "close": 72.64,
            "loss": 1.50999451,
            "max_close": 127.69,
            "min_close": 70.86,
            "p": 0.983333349,
            "profit": 31.0326385,
            "q": 0.0111111114
        },
        "GGB": {
            "close": 4.46,
            "loss": 0.133703709,
            "max_close": 6.51,
            "min_close": 4.06,
            "p": 0.844444454,
            "profit": 0.914474,
            "q": 0.15
        },
        "HIMX": {
            "close": 5.09,
            "loss": 0.07000017,
            "max_close": 12.95,
            "min_close": 4.97,
            "p": 0.983333349,
            "profit": 3.86621666,
            "q": 0.0111111114
        },
        "ILPT": {
            "close": 6.04,
            "loss": 0.159999847,
            "max_close": 25.24,
            "min_close": 5.88,
            "p": 0.98888886,
            "profit": 9.89587,
            "q": 0.00555555569
        },
        "INTC": {
            "close": 27.13,
            "loss": 0.199998856,
            "max_close": 55.91,
            "min_close": 26.89,
            "p": 0.983333349,
            "profit": 15.1380253,
            "q": 0.0111111114
        },
        "MMM": {
            "close": 114.28,
            "loss": 1.14500427,
            "max_close": 181.02,
            "min_close": 112.41,
            "p": 0.9722222,
            "profit": 30.6112823,
            "q": 0.0222222228
        },
        "NFLX": {
            "close": 245.2,
            "loss": 39.6886749,
            "max_close": 540.84,
            "min_close": 166.37,
            "p": 0.394444436,
            "profit": 141.666336,
            "q": 0.6
        },
        "NKE": {
            "close": 98.7,
            "loss": 1.72000122,
            "max_close": 152.21,
            "min_close": 96.06,
            "p": 0.9722222,
            "profit": 23.0596,
            "q": 0.0222222228
        },
        "NMM": {
            "close": 24.96,
            "loss": 2.02545357,
            "max_close": 36.49,
            "min_close": 20.36,
            "p": 0.8111111,
            "profit": 4.85240746,
            "q": 0.183333337
        },
        "SID": {
            "close": 2.31,
            "loss": 0.0250000954,
            "max_close": 5.71,
            "min_close": 2.27,
            "p": 0.983333349,
            "profit": 1.6955924,
            "q": 0.0111111114
        },
        "STC": {
            "close": 43.82,
            "loss": 0.9150009,
            "max_close": 79.25,
            "min_close": 42.77,
            "p": 0.983333349,
            "profit": 13.8993721,
            "q": 0.0111111114
        },
        "THO": {
            "close": 74.68,
            "loss": 3.056839,
            "max_close": 103.19,
            "min_close": 68.88,
            "p": 0.8888889,
            "profit": 9.917259,
            "q": 0.105555557
        },
        "TX": {
            "close": 27.47,
            "loss": 0.420000076,
            "max_close": 49.66,
            "min_close": 26.75,
            "p": 0.983333349,
            "profit": 11.5911808,
            "q": 0.0111111114
        },
        "VALE": {
            "close": 12.77,
            "loss": 0.311877251,
            "max_close": 21.23,
            "min_close": 12.14,
            "p": 0.9,
            "profit": 3.52086258,
            "q": 0.08888889
        },
        "ZIM": {
            "close": 25.39,
            "loss": 0.7333317,
            "max_close": 88.62,
            "min_close": 24.13,
            "p": 0.9777778,
            "profit": 31.9300117,
            "q": 0.0166666675
        }
    },
    "hold_stock_list": [
        "BIO",
        "ILPT",
        "ASML",
        "NFLX",
        "NKE",
        "INTC",
        "HIMX",
        "STC",
        "VALE",
        "CCS",
        "BAC",
        "C",
        "THO",
        "MMM",
        "EMN",
        "DAC",
        "EDRY",
        "NMM",
        "ZIM",
        "GGB",
        "SID",
        "TX"
    ],
    "portfolio": {
        "ASML": {
            "cost_p": 569.13,
            "position_%": 3.452652560251708,
            "profit_%": -22.472897229104067
        },
        "BAC": {
            "cost_p": 35.99,
            "position_%": 5.240038612343429,
            "profit_%": -13.670464017782722
        },
        "BIO": {
            "cost_p": 522.14,
            "position_%": 4.75137844027681,
            "profit_%": -17.893668364806377
        },
        "C": {
            "cost_p": 49.1,
            "position_%": 11.318959019762861,
            "profit_%": -11.608961303462326
        },
        "CCS": {
            "cost_p": 45.45,
            "position_%": 2.2057956370381477,
            "profit_%": -1.8701870187018732
        },
        "DAC": {
            "cost_p": 73.49,
            "position_%": 5.349964401515956,
            "profit_%": -21.67641856034834
        },
        "EDRY": {
            "cost_p": 22.24,
            "position_%": 0.8095197189394125,
            "profit_%": -37.05035971223021
        },
        "EMN": {
            "cost_p": 85,
            "position_%": 3.0939377747234746,
            "profit_%": -14.541176470588235
        },
        "GGB": {
            "cost_p": 4.57,
            "position_%": 2.4397215989858676,
            "profit_%": -2.407002188183814
        },
        "HIMX": {
            "cost_p": 7.32,
            "position_%": 4.6183391159637,
            "profit_%": -30.464480874316948
        },
        "ILPT": {
            "cost_p": 17.42,
            "position_%": 4.227168316524152,
            "profit_%": -65.32721010332952
        },
        "INTC": {
            "cost_p": 39.47,
            "position_%": 8.62007463305898,
            "profit_%": -31.264251330124143
        },
        "MMM": {
            "cost_p": 129.87,
            "position_%": 6.302897236130786,
            "profit_%": -12.004312004312007
        },
        "NFLX": {
            "cost_p": 248.68,
            "position_%": 3.017256650267583,
            "profit_%": -1.3993887727199685
        },
        "NKE": {
            "cost_p": 115.53,
            "position_%": 2.8034716165788476,
            "profit_%": -14.567644767592833
        },