{
    "KellyFormula_Range_v1": {
        "BIO": {
            "close": 649.04,
            "loss": 81.51544,
            "max_close": 662.35,
            "min_close": 478.82,
            "p": 0.0222222228,
            "profit": 5.75750732,
            "q": 0.9722222
        },
        "CNNE": {
            "close": 39.67,
            "loss": 1.66701126,
            "max_close": 45.6,
            "min_close": 34.48,
            "p": 0.50555557,
            "profit": 1.88275146,
            "q": 0.483333319
        },
        "DHI": {
            "close": 99.81,
            "loss": 23.4728546,
            "max_close": 100.58,
            "min_close": 64.6072845,
            "p": 0.0111111114,
            "profit": 0.6850052,
            "q": 0.983333349
        },
        "ELP": {
            "close": 5.78,
            "loss": 4.605448,
            "max_close": 5.78,
            "min_close": 1.02269232,
            "p": 0.0,
            "profit": 0.0,
            "q": 0.99444443
        },
        "HTH": {
            "close": 33.83,
            "loss": 8.317173,
            "max_close": 39.37,
            "min_close": 17.91427,
            "p": 0.155555561,
            "profit": 1.78070831,
            "q": 0.8388889
        },
        "LAKE": {
            "close": 28.92,
            "loss": 5.58139229,
            "max_close": 44.43,
            "min_close": 18.3,
            "p": 0.25555557,
            "profit": 3.442606,
            "q": 0.73888886
        },
        "MDC": {
            "close": 61.22,
            "loss": 13.685463,
            "max_close": 62.13,
            "min_close": 38.41685,
            "p": 0.027777778,
            "profit": 0.389995575,
            "q": 0.966666639
        },
        "PBFX": {
            "close": 14.65,
            "loss": 4.52258873,
            "max_close": 14.86,
            "min_close": 6.8425045,
            "p": 0.0222222228,
            "profit": 0.08000088,
            "q": 0.9722222
        },
        "PHM": {
            "close": 58.68,
            "loss": 12.5736084,
            "max_close": 58.68,
            "min_close": 40.3891258,
            "p": 0.0,
            "profit": 0.0,
            "q": 0.99444443
        },
        "QDEL": {
            "close": 111.0,
            "loss": 0.0,
            "max_close": 283.45,
            "min_close": 111.0,
            "p": 0.99444443,
            "profit": 83.66635,
            "q": 0.0
        },
        "SMP": {
            "close": 43.19,
            "loss": 1.331398,
            "max_close": 53.85105,
            "min_close": 38.99902,
            "p": 0.6,
            "profit": 3.08659363,
            "q": 0.3888889
        },
        "STC": {
            "close": 59.28,
            "loss": 11.81319,
            "max_close": 59.28,
            "min_close": 39.3002357,
            "p": 0.0,
            "profit": 0.0,
            "q": 0.99444443
        },
        "TDS": {
            "close": 23.35,
            "loss": 3.691801,
            "max_close": 23.88,
            "min_close": 16.3788166,
            "p": 0.0944444463,
            "profit": 0.294181824,
            "q": 0.894444466
        },
        "WFC": {
            "close": 45.08,
            "loss": 14.8354683,
            "max_close": 45.09,
            "min_close": 20.9815083,
            "p": 0.00555555569,
            "profit": 0.00999832153,
            "q": 0.98888886
        }
    },
    "hold_stock_list": [
        "SMP",
        "DHI",
        "TDS",
        "QDEL",
        "BIO",
        "WFC",
        "STC",
        "CNNE",
        "LAKE",
        "HTH",
        "MDC",
        "PBFX",
        "PHM",
        "ELP"
    ],
    "portfolio": {
        "BIO": {
            "cost_p": 580.11,
            "position_%": 16.813522577059793,
            "profit": 0,
            "profit_%": 11.882229232386953
        },
        "CNNE": {
            "cost_p": 41.7,
            "position_%": 3.8987260562006507,
            "profit": 0,
            "profit_%": -4.868105515587532
        },
        "DHI": {
            "cost_p": 72.88,
            "position_%": 3.4069443042674266,
            "profit": 0,
            "profit_%": 36.95115257958289
        },
        "ELP": {
            "cost_p": 5.27,
            "position_%": 8.893536403045625,
            "profit": 0,
            "profit_%": 9.677419354838722
        },
        "HTH": {
            "cost_p": 29.44,
            "position_%": 2.75248189675173,
            "profit": 0,
            "profit_%": 14.911684782608686
        },
        "LAKE": {
            "cost_p": 28.88,
            "position_%": 10.665493371394374,
            "profit": 0,
            "profit_%": 0.13850415512466308
        },
        "MDC": {
            "cost_p": 59.95,
            "position_%": 4.764252590140159,
            "profit": 0,
            "profit_%": 2.1184320266889007
        },
        "PBFX": {
            "cost_p": 11.39,
            "position_%": 5.324519158288418,
            "profit": 0,
            "profit_%": 28.621597892888495
        },
        "PHM": {
            "cost_p": 49.31,
            "position_%": 4.264453673714868,
            "profit": 0,
            "profit_%": 19.002230784830658
        },
        "QDEL": {
            "cost_p": 120.27,
            "position_%": 5.790968540319302,
            "profit": 0,
            "profit_%": -7.707657770017458
        },
        "SMP": {
            "cost_p": 41.45,
            "position_%": 12.342997390144161,
            "profit": 0,
            "profit_%": 4.197828709288286
        },
        "STC": {
            "cost_p": 53.5,
            "position_%": 13.255201117933984,
            "profit": 0,
            "profit_%": 10.803738317757011
        },
        "TDS": {
            "cost_p": 20.77,
            "position_%": 4.854708644321793,
            "profit": 0,
            "profit_%": 12.421762156957158
        },
        "WFC": {
            "cost_p": 31.79,
            "position_%": 2.972194276417714,
            "profit": 0,
            "profit_%": 41.80559924504561
        }
    }
}