{
    "Factor_Intersectional_v1": [],
    "KellyFormula_Range_v1": {
        "AAP": {
            "close": 33.63,
            "loss": 0.0,
            "max_close": 84.78195,
            "min_close": 33.63,
            "p": 0.99444443,
            "profit": 13.32246,
            "q": 0.0
        },
        "ALB": {
            "close": 76.48,
            "loss": 2.6055222,
            "max_close": 133.81505,
            "min_close": 69.95,
            "p": 0.95,
            "profit": 15.813774,
            "q": 0.044444446
        },
        "CVS": {
            "close": 65.25,
            "loss": 9.37384,
            "max_close": 76.283394,
            "min_close": 43.23058,
            "p": 0.044444446,
            "profit": 0.6253586,
            "q": 0.95
        },
        "DAC": {
            "close": 79.4,
            "loss": 1.3228302,
            "max_close": 95.34127,
            "min_close": 68.79265,
            "p": 0.7777778,
            "profit": 4.393265,
            "q": 0.21666667
        },
        "EL": {
            "close": 71.54,
            "loss": 5.0451202,
            "max_close": 154.45424,
            "min_close": 62.14359,
            "p": 0.82222223,
            "profit": 16.510048,
            "q": 0.17222223
        },
        "EPAM": {
            "close": 197.27,
            "loss": 7.878708,
            "max_close": 314.63,
            "min_close": 170.25,
            "p": 0.74444443,
            "profit": 27.589478,
            "q": 0.25
        },
        "EW": {
            "close": 71.8,
            "loss": 3.7783508,
            "max_close": 95.56,
            "min_close": 59.7,
            "p": 0.35555556,
            "profit": 8.647194,
            "q": 0.6388889
        },
        "GGB": {
            "close": 2.95,
            "loss": 0.08363652,
            "max_close": 3.889146,
            "min_close": 2.72,
            "p": 0.8055556,
            "profit": 0.3163805,
            "q": 0.18333334
        },
        "GIS": {
            "close": 62.22,
            "loss": 1.9996147,
            "max_close": 73.79097,
            "min_close": 57.56,
            "p": 0.6944444,
            "profit": 5.286766,
            "q": 0.3
        },
        "HAL": {
            "close": 24.45,
            "loss": 0.36500168,
            "max_close": 40.295002,
            "min_close": 23.98,
            "p": 0.98333335,
            "profit": 4.9536533,
            "q": 0.011111111
        },
        "ILPT": {
            "close": 3.92,
            "loss": 0.2814808,
            "max_close": 5.1334705,
            "min_close": 3.2416239,
            "p": 0.5,
            "profit": 0.6698642,
            "q": 0.48333332
        },
        "KSS": {
            "close": 11.23,
            "loss": 0.0,
            "max_close": 27.064507,
            "min_close": 11.23,
            "p": 0.99444443,
            "profit": 5.726717,
            "q": 0.0
        },
        "MPW": {
            "close": 5.65,
            "loss": 1.1587529,
            "max_close": 6.2460093,
            "min_close": 3.60159,
            "p": 0.083333336,
            "profit": 0.22050476,
            "q": 0.9111111
        },
        "NKE": {
            "close": 77.71,
            "loss": 3.55365,
            "max_close": 99.50302,
            "min_close": 68.33414,
            "p": 0.40555555,
            "profit": 4.8834534,
            "q": 0.5888889
        },
        "NVO": {
            "close": 88.04,
            "loss": 3.7912521,
            "max_close": 146.36218,
            "min_close": 77.87,
            "p": 0.7722222,
            "profit": 33.680954,
            "q": 0.22222222
        },
        "PAGS": {
            "close": 7.55,
            "loss": 0.71416616,
            "max_close": 14.6,
            "min_close": 6.19,
            "p": 0.7277778,
            "profit": 2.450839,
            "q": 0.26666668
        },
        "PEP": {
            "close": 154.61,
            "loss": 5.819351,
            "max_close": 178.78223,
            "min_close": 142.64,
            "p": 0.7222222,
            "profit": 12.147781,
            "q": 0.26666668
        },
        "PVH": {
            "close": 72.41,
            "loss": 1.5688782,
            "max_close": 140.38414,
            "min_close": 70.051994,
            "p": 0.9777778,
            "profit": 26.134949,
            "q": 0.016666668
        },
        "PYPL": {
            "close": 68.08,
            "loss": 6.8861313,
            "max_close": 91.81,
            "min_close": 57.22,
            "p": 0.75,
            "profit": 12.935898,
            "q": 0.24444444
        },
        "SEE": {
            "close": 31.72,
            "loss": 0.6899986,
            "max_close": 39.39198,
            "min_close": 30.61089,
            "p": 0.98888886,
            "profit": 3.115942,
            "q": 0.0055555557
        },
        "SID": {
            "close": 1.51,
            "loss": 0.09392846,
            "max_close": 3.0964158,
            "min_close": 1.3,
            "p": 0.8277778,
            "profit": 0.5469799,
            "q": 0.15555556
        },
        "TGT": {
            "close": 114.05,
            "loss": 0.0,
            "max_close": 172.50467,
            "min_close": 114.05,
            "p": 0.99444443,
            "profit": 26.852493,
            "q": 0.0
        },
        "VALE": {
            "close": 9.78,
            "loss": 0.57299423,
            "max_close": 12.415653,
            "min_close": 8.5,
            "p": 0.6611111,
            "profit": 0.7261896,
            "q": 0.33333334
        },
        "VFC": {
            "close": 20.56,
            "loss": 3.351883,
            "max_close": 26.93,
            "min_close": 11.779905,
            "p": 0.40555555,
            "profit": 2.5797367,
            "q": 0.5888889
        },
        "ZIM": {
            "close": 19.77,
            "loss": 3.1365051,
            "max_close": 23.31,
            "min_close": 7.2657223,
            "p": 0.29444444,
            "profit": 1.0891075,
            "q": 0.7
        }
    },
    "hold_stock_list": [
        "SEE",
        "GIS",
        "PEP",
        "EL",
        "KSS",
        "TGT",
        "NKE",
        "PVH",
        "VFC",
        "MPW",
        "NVO",
        "CVS",
        "ILPT",
        "AAP",
        "PYPL",
        "EPAM",
        "PAGS",
        "EW",
        "DAC",
        "ZIM",
        "VALE",
        "GGB",
        "SID",
        "HAL",
        "ALB"
    ],
    "portfolio": {
        "AAP": {
            "cost_p": 91.35,
            "position_%": 11.7659938948209,
            "profit_%": -63.185550082101805
        },
        "ALB": {
            "cost_p": 173.45,
            "position_%": 6.383021787650904,
            "profit_%": -55.90660132603055
        },
        "CVS": {
            "cost_p": 65.41,
            "position_%": 4.814222601674785,
            "profit_%": -0.2446109157621107
        },
        "DAC": {
            "cost_p": 73.24,
            "position_%": 4.042887135147468,
            "profit_%": 8.410704533042068
        },
        "EL": {
            "cost_p": 143.03,
            "position_%": 5.263554951211927,
            "profit_%": -49.98252114940921
        },
        "EPAM": {
            "cost_p": 248.63,
            "position_%": 2.2874181422076165,
            "profit_%": -20.65720146402284
        },
        "EW": {
            "cost_p": 87.4,
            "position_%": 2.412263350709235,
            "profit_%": -17.848970251716256
        },
        "GGB": {
            "cost_p": 2.9,
            "position_%": 2.1344206611920002,
            "profit_%": 1.7241379310344922
        },
        "GIS": {
            "cost_p": 62.3,
            "position_%": 4.585324385940056,
            "profit_%": -0.12841091492776613
        },
        "HAL": {
            "cost_p": 34.9,
            "position_%": 2.2475817565914036,
            "profit_%": -29.942693409742123
        },