{
    "KellyFormula_Range_v1": {
        "CPLP": {
            "close": 15.9,
            "loss": 2.89448643,
            "max_close": 16.7,
            "min_close": 10.98,
            "p": 0.127777785,
            "profit": 0.20826149,
            "q": 0.8666667
        },
        "DAC": {
            "close": 74.05,
            "loss": 5.0515976,
            "max_close": 87.73,
            "min_close": 55.47,
            "p": 0.294444442,
            "profit": 5.527931,
            "q": 0.7
        },
        "EDRY": {
            "close": 19.25,
            "loss": 2.3220005,
            "max_close": 33.81,
            "min_close": 12.77,
            "p": 0.7722222,
            "profit": 7.287401,
            "q": 0.222222224
        },
        "ET": {
            "close": 9.59,
            "loss": 0.607444763,
            "max_close": 11.35,
            "min_close": 8.15,
            "p": 0.4722222,
            "profit": 0.613880157,
            "q": 0.5222222
        },
        "GGB": {
            "close": 5.11,
            "loss": 0.347105026,
            "max_close": 7.26,
            "min_close": 4.26,
            "p": 0.572222233,
            "profit": 0.780386448,
            "q": 0.422222227
        },
        "GOGL": {
            "close": 9.32,
            "loss": 0.64499855,
            "max_close": 12.08,
            "min_close": 7.68,
            "p": 0.7,
            "profit": 0.98210144,
            "q": 0.294444442
        },
        "INTC": {
            "close": 55.7,
            "loss": 3.13219833,
            "max_close": 58.19,
            "min_close": 47.89,
            "p": 0.2611111,
            "profit": 1.00254822,
            "q": 0.733333349
        },
        "KGC": {
            "close": 5.59,
            "loss": 0.198928833,
            "max_close": 8.26,
            "min_close": 5.04,
            "p": 0.8333333,
            "profit": 0.903399,
            "q": 0.155555561
        },
        "LDI": {
            "close": 4.9,
            "loss": 0.214000225,
            "max_close": 19.06,
            "min_close": 4.3,
            "p": 0.85,
            "profit": 4.86666441,
            "q": 0.1388889
        },
        "NMM": {
            "close": 25.24,
            "loss": 1.49020767,
            "max_close": 34.93,
            "min_close": 21.47,
            "p": 0.7277778,
            "profit": 3.54633331,
            "q": 0.266666681
        },
        "SB": {
            "close": 3.65,
            "loss": 0.204545259,
            "max_close": 5.28,
            "min_close": 3.1,
            "p": 0.683333337,
            "profit": 0.531870365,
            "q": 0.305555552
        },
        "SID": {
            "close": 4.62,
            "loss": 0.463392258,
            "max_close": 10.04,
            "min_close": 3.57,
            "p": 0.6722222,
            "profit": 3.05859566,
            "q": 0.311111122
        },
        "THO": {
            "close": 99.97,
            "loss": 3.12200165,
            "max_close": 146.76,
            "min_close": 93.59,
            "p": 0.966666639,
            "profit": 13.7833176,
            "q": 0.027777778
        },
        "TX": {
            "close": 46.56,
            "loss": 5.70560837,
            "max_close": 56.19,
            "min_close": 32.74,
            "p": 0.25,
            "profit": 5.45976257,
            "q": 0.74444443
        },
        "VALE": {
            "close": 15.38,
            "loss": 1.90730953,
            "max_close": 22.94,
            "min_close": 11.27,
            "p": 0.5611111,
            "profit": 5.407525,
            "q": 0.433333337
        }
    },
    "hold_stock_list": [
        "VALE",
        "INTC",
        "KGC",
        "DAC",
        "GGB",
        "LDI",
        "THO",
        "GOGL",
        "CPLP",
        "SID",
        "EDRY",
        "ET",
        "SB",
        "NMM",
        "TX"
    ],
    "portfolio": {
        "CPLP": {
            "cost_p": 12.99,
            "position_%": 4.256500300627063,
            "profit_%": 22.401847575057737
        },
        "DAC": {
            "cost_p": 76.97,
            "position_%": 10.661670871632602,
            "profit_%": -3.793685851630508
        },
        "EDRY": {
            "cost_p": 22.24,
            "position_%": 2.9812481635296835,
            "profit_%": -13.444244604316541
        },
        "ET": {
            "cost_p": 9.35,
            "position_%": 6.211082617273747,
            "profit_%": 2.5668449197860985
        },
        "GGB": {
            "cost_p": 4.45,
            "position_%": 4.374463357457374,
            "profit_%": 14.831460674157308
        },
        "GOGL": {
            "cost_p": 10.75,
            "position_%": 4.48319193256612,
            "profit_%": -13.302325581395348
        },
        "INTC": {
            "cost_p": 49.94,
            "position_%": 8.672971613322343,
            "profit_%": 11.533840608730488
        },
        "KGC": {
            "cost_p": 7.61,
            "position_%": 10.38247674280884,
            "profit_%": -26.54402102496715
        },
        "LDI": {
            "cost_p": 6.36,
            "position_%": 9.472790927282567,
            "profit_%": -22.955974842767294
        },
        "NMM": {
            "cost_p": 30.04,
            "position_%": 4.787453210966322,
            "profit_%": -15.978695073235688
        },
        "SB": {
            "cost_p": 4.05,
            "position_%": 5.012759670647146,
            "profit_%": -9.87654320987654
        },
        "SID": {
            "cost_p": 4.82,
            "position_%": 13.841236977295567,
            "profit_%": -4.149377593360999
        },
        "THO": {
            "cost_p": 104.58,
            "position_%": 3.115297091745946,
            "profit_%": -4.408108624976094
        },
        "TX": {
            "cost_p": 40.0,
            "position_%": 3.574638085767006,
            "profit_%": 16.400000000000006
        },
        "VALE": {
            "cost_p": 12.76,
            "position_%": 8.172218437077671,
            "profit_%": 20.532915360501576
        }
    }
}