{"hold_stock_list":["VALE","INTC","KGC","DAC","GGB","LDI","THO","GOGL","CPLP","SID","EDRY","ET","SB","NMM","TX"],"portfolio":{"CPLP":{"cost_p":12.99,"position_%":4.447238367370211,"profit_%":24.095458044649735},"DAC":{"cost_p":76.97,"position_%":11.139431084643125,"profit_%":-8.756658438352598},"EDRY":{"cost_p":22.24,"position_%":3.11484089723851,"profit_%":-6.294964028776972},"ET":{"cost_p":9.35,"position_%":6.489407486797718,"profit_%":-10.58823529411765},"GGB":{"cost_p":4.45,"position_%":4.570487467620656,"profit_%":15.056179775280897},"GOGL":{"cost_p":10.75,"position_%":4.684088279720182,"profit_%":-8.651162790697672},"INTC":{"cost_p":49.94,"position_%":9.061616209024498,"profit_%":5.266319583500206},"KGC":{"cost_p":7.61,"position_%":10.847725985628658,"profit_%":-21.944809461235216},"LDI":{"cost_p":7.03,"position_%":6.563948293641106,"profit_%":-30.01422475106686},"NMM":{"cost_p":30.04,"position_%":5.001983812537869,"profit_%":-6.02529960053262},"SB":{"cost_p":4.05,"position_%":5.237386481665203,"profit_%":0.9876543209876552},"SID":{"cost_p":4.85,"position_%":13.313703942962807,"profit_%":-10.309278350515465},"THO":{"cost_p":104.58,"position_%":3.2548966929776517,"profit_%":1.730732453624022},"TX":{"cost_p":40.0,"position_%":3.7348212197104442,"profit_%":6.0249999999999915},"VALE":{"cost_p":12.76,"position_%":8.53842377846136,"profit_%":6.739811912225702}},"KellyFormula_Range_v1":{"GOGL":{"profit":0.7038336,"loss":1.24940586,"p":0.366666675,"q":0.627777755,"max_close":11.68,"min_close":6.264789,"close":9.82},"GGB":{"profit":0.433812141,"loss":0.4750309,"p":0.455555558,"q":0.5388889,"max_close":6.49767637,"min_close":4.14701271,"close":5.12},"CPLP":{"profit":0.17666626,"loss":3.58203125,"p":0.0166666675,"q":0.9777778,"max_close":16.36,"min_close":10.3809137,"close":16.12},"TX":{"profit":6.04779053,"loss":4.48169327,"p":0.366666675,"q":0.627777755,"max_close":55.1230164,"min_close":32.1183052,"close":42.41},"DAC":{"profit":5.4429245,"loss":10.3339119,"p":0.544444442,"q":0.45,"max_close":87.12521,"min_close":47.40861,"close":70.23},"NMM":{"profit":2.32264519,"loss":2.83750916,"p":0.45,"q":0.544444442,"max_close":34.7383652,"min_close":21.3855934,"close":28.23},"VALE":{"profit":4.053773,"loss":1.17433357,"p":0.8277778,"q":0.166666672,"max_close":20.7570267,"min_close":11.27,"close":13.62},"EDRY":{"profit":6.580641,"loss":7.5107,"p":0.677777767,"q":0.316666663,"max_close":33.81,"min_close":7.74,"close":20.84},"ET":{"profit":1.19861031,"loss":0.6474643,"p":0.822222233,"q":0.172222227,"max_close":10.9818878,"min_close":7.269303,"close":8.36},"KGC":{"profit":0.8018732,"loss":0.301543236,"p":0.766666651,"q":0.222222224,"max_close":8.1103735,"min_close":5.213712,"close":5.94},"SB":{"profit":0.5374999,"loss":0.651417255,"p":0.2888889,"q":0.705555558,"max_close":5.28,"min_close":2.12,"close":4.09},"THO":{"profit":13.2152252,"loss":1.80940247,"p":0.8888889,"q":0.105555557,"max_close":145.657974,"min_close":101.76,"close":106.39},"LDI":{"profit":6.382818,"loss":0.133999825,"p":0.966666639,"q":0.027777778,"max_close":21.1350632,"min_close":4.59,"close":4.92},"INTC":{"profit":3.4795723,"loss":2.29932022,"p":0.766666651,"q":0.227777779,"max_close":66.9506,"min_close":47.5614853,"close":52.57},"SID":{"profit":3.07918024,"loss":0.3777771,"p":0.844444454,"q":0.15,"max_close":9.618398,"min_close":3.57,"close":4.35}}}