{"hold_stock_list":["BIO","ILPT","INTC","STC","DHI","CCS","BAC","C","THO","WGO","DAC","EDRY","NMM","ZIM","X","SID","TX"],"portfolio":{"BAC":{"cost_p":35.99,"position_%":5.616746039337641,"profit_%":-9.419283134203948},"BIO":{"cost_p":550.38,"position_%":7.444193925479013,"profit_%":-12.791162469566478},"C":{"cost_p":49.1,"position_%":12.132681254279163,"profit_%":-3.869653767820771},"CCS":{"cost_p":45,"position_%":2.9262013958760975,"profit_%":-8.533333333333342},"DAC":{"cost_p":73.49,"position_%":5.734574415544918,"profit_%":-12.981358007892222},"DHI":{"cost_p":65,"position_%":3.3813882796790464,"profit_%":-1.415384615384618},"EDRY":{"cost_p":22.24,"position_%":0.867716253923792,"profit_%":-16.23201438848921},"ILPT":{"cost_p":17.42,"position_%":4.5310602947699214,"profit_%":-22.67508610792193},"INTC":{"cost_p":43.58,"position_%":6.234499667355927,"profit_%":-14.226709499770529},"NMM":{"cost_p":30.04,"position_%":2.0901401383859164,"profit_%":-22.5699067909454},"SID":{"cost_p":4.82,"position_%":4.388001559860424,"profit_%":-36.92946058091287},"STC":{"cost_p":52.86,"position_%":8.249546975253894,"profit_%":-10.385925085130538},"THO":{"cost_p":80.73,"position_%":7.989899272995017,"profit_%":-6.478384739254309},"TX":{"cost_p":39.96,"position_%":3.1181602074455697,"profit_%":-6.656656656656666},"WGO":{"cost_p":53.71,"position_%":8.032943045261378,"profit_%":-9.923664122137401},"X":{"cost_p":19.57,"position_%":7.635434842306031,"profit_%":-2.5549310168625445},"ZIM":{"cost_p":56.94,"position_%":9.626812432246243,"profit_%":-15.472427116262724}},"KellyFormula_Range_v1":{"STC":{"profit":19.24516,"loss":0.716663361,"p":0.9777778,"q":0.0166666675,"max_close":80.18,"min_close":45.91,"close":47.37},"CCS":{"profit":22.0811272,"loss":0.7166672,"p":0.9777778,"q":0.0166666675,"max_close":84.95,"min_close":40.36,"close":41.16},"INTC":{"profit":11.1018562,"loss":0.225002289,"p":0.983333349,"q":0.0111111114,"max_close":56.0,"min_close":36.97,"close":37.38},"BAC":{"profit":10.3594208,"loss":0.739997864,"p":0.966666639,"q":0.027777778,"max_close":49.38,"min_close":31.46,"close":32.6},"X":{"profit":7.342037,"loss":0.3433323,"p":0.9777778,"q":0.0166666675,"max_close":38.45,"min_close":18.59,"close":19.07},"BIO":{"profit":154.513092,"loss":7.751648,"p":0.9611111,"q":0.0333333351,"max_close":794.68,"min_close":463.67,"close":479.98},"EDRY":{"profit":8.528513,"loss":0.664999,"p":0.894444466,"q":0.1,"max_close":42.75,"min_close":17.0,"close":18.63},"TX":{"profit":5.491909,"loss":0.335712433,"p":0.955555558,"q":0.03888889,"max_close":49.66,"min_close":36.57,"close":37.3},"SID":{"profit":1.51223373,"loss":0.0,"p":0.99444443,"q":0.0,"max_close":5.71,"min_close":3.04,"close":3.04},"ILPT":{"profit":8.41478,"loss":0.2550001,"p":0.983333349,"q":0.0111111114,"max_close":28.4,"min_close":13.09,"close":13.465},"WGO":{"profit":16.1399574,"loss":2.28769684,"p":0.9222222,"q":0.0722222254,"max_close":77.45,"min_close":44.28,"close":48.38},"C":{"profit":13.0474739,"loss":0.876003265,"p":0.966666639,"q":0.027777778,"max_close":72.53,"min_close":45.69,"close":47.2},"NMM":{"profit":6.0009613,"loss":0.460001,"p":0.98888886,"q":0.00555555569,"max_close":36.49,"min_close":22.8,"close":23.26},"ZIM":{"profit":13.1720963,"loss":2.99583435,"p":0.927777767,"q":0.06666667,"max_close":88.62,"min_close":43.31,"close":48.13},"DAC":{"profit":17.7982826,"loss":0.0,"p":0.99444443,"q":0.0,"max_close":106.64,"min_close":63.95,"close":63.95},"THO":{"profit":19.8480072,"loss":2.77444458,"p":0.894444466,"q":0.1,"max_close":124.29,"min_close":69.02,"close":75.5},"DHI":{"profit":21.6155014,"loss":3.02666855,"p":0.9777778,"q":0.0166666675,"max_close":109.65,"min_close":60.56,"close":64.08}}}