{"hold_stock_list":["SMP","T","DHI","C","TDS","BGFV","BIO","WFC","PSX","SNX","LAKE","HTH","MDC","PBFX","PHM","ELP"],"portfolio":{"BGFV":{"cost_p":12.23,"position_%":4.36286099922818,"profit_%":18.560915780866715},"BIO":{"cost_p":597.32,"position_%":5.78372368988676,"profit_%":0.08872965914417275},"C":{"cost_p":62.71,"position_%":5.017453227668621,"profit_%":9.854887577738797},"DHI":{"cost_p":72.88,"position_%":3.7141141177870542,"profit_%":8.328759604829868},"ELP":{"cost_p":10.54,"position_%":9.695376901298486,"profit_%":1.8026565464895759},"HTH":{"cost_p":29.44,"position_%":6.751452227283602,"profit_%":13.9266304347826},"LAKE":{"cost_p":29.74,"position_%":4.546833995457752,"profit_%":11.129791526563547},"MDC":{"cost_p":59.95,"position_%":5.193797205190281,"profit_%":-5.48790658882403},"PBFX":{"cost_p":11.39,"position_%":9.78071285204265,"profit_%":11.676909569798068},"PHM":{"cost_p":49.31,"position_%":4.648936460262725,"profit_%":-6.083958629081322},"PSX":{"cost_p":70.43,"position_%":3.5892570981852674,"profit_%":20.871787590515385},"SMP":{"cost_p":41.45,"position_%":13.455841002484656,"profit_%":1.80940892641737},"SNX":{"cost_p":86.45,"position_%":6.388220224340034,"profit_%":7.056101792943892},"T":{"cost_p":28.54,"position_%":6.10871886760289,"profit_%":-0.9810791871058079},"TDS":{"cost_p":20.77,"position_%":5.292408769651284,"profit_%":-12.181030332209925},"WFC":{"cost_p":31.79,"position_%":5.670292361629755,"profit_%":17.36395092796478}},"KellyFormula_Range_v1":{"C":{"profit":1.37404633,"loss":14.0600739,"p":0.0333333351,"q":0.9611111,"max_close":68.6,"min_close":40.2755241,"close":65.88},"HTH":{"profit":0.221469879,"loss":10.0267239,"p":0.0166666675,"q":0.9777778,"max_close":33.51,"min_close":16.4422626,"close":33.04},"BGFV":{"profit":1.543333,"loss":6.359875,"p":0.1,"q":0.894444466,"max_close":16.16,"min_close":1.76140082,"close":13.5},"WFC":{"profit":1.20571518,"loss":9.695454,"p":0.03888889,"q":0.955555558,"max_close":38.29,"min_close":20.9815083,"close":36.17},"BIO":{"profit":26.4358521,"loss":61.48169,"p":0.25,"q":0.74444443,"max_close":662.35,"min_close":432.34,"close":584.5},"ELP":{"profit":1.27320957,"loss":0.139316559,"p":0.9222222,"q":0.0722222254,"max_close":14.32,"min_close":10.3125925,"close":10.62},"MDC":{"profit":2.18185425,"loss":11.61124,"p":0.06111111,"q":0.933333337,"max_close":61.05,"min_close":31.0048389,"close":56.57},"SMP":{"profit":3.904976,"loss":1.85599136,"p":0.6611111,"q":0.333333343,"max_close":53.85105,"min_close":37.67527,"close":42.01},"PSX":{"profit":2.29499054,"loss":20.9971,"p":0.0222222228,"q":0.9722222,"max_close":87.25,"min_close":43.12195,"close":83.05},"LAKE":{"profit":5.19874954,"loss":8.352295,"p":0.08888889,"q":0.905555546,"max_close":44.43,"min_close":18.3,"close":31.39},"PHM":{"profit":1.7806015,"loss":3.92402267,"p":0.333333343,"q":0.6611111,"max_close":49.51,"min_close":31.7402878,"close":45.11},"DHI":{"profit":1.87693024,"loss":8.413544,"p":0.155555561,"q":0.8388889,"max_close":83.23916,"min_close":50.67208,"close":76.87},"TDS":{"profit":1.87445068,"loss":0.752010345,"p":0.905555546,"q":0.08888889,"max_close":23.91577,"min_close":16.5031128,"close":17.89},"SNX":{"profit":0.8902664,"loss":18.1527176,"p":0.0444444455,"q":0.95,"max_close":91.34,"min_close":48.6883926,"close":89.16},"PBFX":{"profit":0.8056555,"loss":2.48444843,"p":0.0333333351,"q":0.9611111,"max_close":13.01,"min_close":6.8425045,"close":11.49},"T":{"profit":0.8800316,"loss":0.7371025,"p":0.783333361,"q":0.211111113,"max_close":30.9062023,"min_close":26.033514,"close":27.89}}}