{"hold_stock_list":["ARLP","BIO","DAC","GGB","THO","WGO","GOGL","CPLP","SID","EDRY","ET","SB","NMM","PKX","NC","TX"],"portfolio":{"ARLP":{"cost_p":14.01,"position_%":8.43892246440919,"profit_%":10.278372591006422},"BIO":{"cost_p":596.71,"position_%":6.325936749306346,"profit_%":-2.761810594761277},"CPLP":{"cost_p":12.99,"position_%":2.5038481727377677,"profit_%":40.261739799846026},"DAC":{"cost_p":76.97,"position_%":5.563544857264029,"profit_%":34.403014161361575},"EDRY":{"cost_p":22.24,"position_%":1.607551482727712,"profit_%":47.212230215827354},"ET":{"cost_p":9.35,"position_%":5.023718853509317,"profit_%":23.31550802139037},"GGB":{"cost_p":4.45,"position_%":2.144365736852014,"profit_%":43.595505617977516},"GOGL":{"cost_p":10.75,"position_%":3.6261465550137992,"profit_%":16.465116279069765},"NC":{"cost_p":29.95,"position_%":8.659382537355212,"profit_%":30.71786310517529},"NMM":{"cost_p":30.04,"position_%":3.872242640813872,"profit_%":17.64314247669775},"PKX":{"cost_p":58.54,"position_%":5.444385585486778,"profit_%":1.1615989067304402},"SB":{"cost_p":4.05,"position_%":4.054477587450728,"profit_%":16.049382716049394},"SID":{"cost_p":4.82,"position_%":11.195227538166458,"profit_%":15.35269709543567},"THO":{"cost_p":89.53,"position_%":9.944394909863634,"profit_%":-6.634647604155029},"TX":{"cost_p":39.81,"position_%":12.737937256051291,"profit_%":15.398141170560148},"WGO":{"cost_p":56.56,"position_%":8.857917072991848,"profit_%":-2.0685997171145716}},"KellyFormula_Range_v1":{"PKX":{"profit":7.98641968,"loss":1.83938217,"p":0.7277778,"q":0.266666681,"max_close":79.75,"min_close":54.58,"close":59.22},"NMM":{"profit":0.590000153,"loss":7.33152,"p":0.0111111114,"q":0.983333349,"max_close":36.49,"min_close":21.47,"close":35.34},"WGO":{"profit":14.0103607,"loss":1.44666672,"p":0.9777778,"q":0.0166666675,"max_close":78.55,"min_close":52.79,"close":55.39},"GGB":{"profit":0.01999998,"loss":1.2093811,"p":0.00555555569,"q":0.98888886,"max_close":6.41,"min_close":4.26,"close":6.39},"SID":{"profit":1.886539,"loss":0.9188981,"p":0.2888889,"q":0.705555558,"max_close":9.49,"min_close":3.57,"close":5.56},"NC":{"profit":0.692001343,"loss":8.839441,"p":0.027777778,"q":0.966666639,"max_close":40.97,"min_close":23.67,"close":39.15},"TX":{"profit":4.87508774,"loss":4.15935135,"p":0.316666663,"q":0.677777767,"max_close":56.19,"min_close":36.57,"close":45.94},"THO":{"profit":22.1875839,"loss":1.37499237,"p":0.9611111,"q":0.0333333351,"max_close":127.44,"min_close":81.43,"close":83.59},"EDRY":{"profit":0.769996643,"loss":8.095434,"p":0.0166666675,"q":0.9777778,"max_close":33.81,"min_close":17.0,"close":32.74},"CPLP":{"profit":0.364999771,"loss":3.97065067,"p":0.0111111114,"q":0.983333349,"max_close":18.68,"min_close":10.98,"close":18.22},"SB":{"profit":0.22576952,"loss":0.8352945,"p":0.144444451,"q":0.85,"max_close":5.28,"min_close":3.1,"close":4.7},"ARLP":{"profit":0.195000648,"loss":4.18262768,"p":0.0222222228,"q":0.9722222,"max_close":15.92,"min_close":6.83,"close":15.45},"DAC":{"profit":1.68625641,"loss":24.9936142,"p":0.0444444455,"q":0.95,"max_close":106.64,"min_close":62.14,"close":103.45},"GOGL":{"profit":0.229999542,"loss":2.49150562,"p":0.0166666675,"q":0.9777778,"max_close":12.9,"min_close":7.68,"close":12.52},"BIO":{"profit":140.237366,"loss":21.16333,"p":0.894444466,"q":0.1,"max_close":825.77,"min_close":524.57,"close":580.23},"ET":{"profit":0.0,"loss":2.06832886,"p":0.0,"q":0.99444443,"max_close":11.53,"min_close":8.15,"close":11.53}}}