{
    "Factor_Intersectional_v1": [],
    "KellyFormula_Range_v1": {
        "AAP": {
            "close": 56.6,
            "loss": 7.556679,
            "max_close": 65.77928,
            "min_close": 29.623726,
            "p": 0.2888889,
            "profit": 3.4356651,
            "q": 0.70555556
        },
        "ADBE": {
            "close": 264.67,
            "loss": 0.0,
            "max_close": 464.11,
            "min_close": 264.67,
            "p": 0.99444443,
            "profit": 85.177216,
            "q": 0.0
        },
        "EL": {
            "close": 101.31,
            "loss": 14.4930725,
            "max_close": 119.61,
            "min_close": 49.429493,
            "p": 0.24444444,
            "profit": 8.744423,
            "q": 0.75
        },
        "EPAM": {
            "close": 191.61,
            "loss": 24.93782,
            "max_close": 267.63,
            "min_close": 142.2,
            "p": 0.23333333,
            "profit": 18.710495,
            "q": 0.76111114
        },
        "FLO": {
            "close": 11.81,
            "loss": 0.8721094,
            "max_close": 18.565104,
            "min_close": 10.08,
            "p": 0.6333333,
            "profit": 2.5365362,
            "q": 0.3611111
        },
        "HOG": {
            "close": 20.94,
            "loss": 0.56230545,
            "max_close": 30.603024,
            "min_close": 19.56,
            "p": 0.85,
            "profit": 4.2677727,
            "q": 0.14444445
        },
        "ILPT": {
            "close": 5.57,
            "loss": 0.6193538,
            "max_close": 6.339303,
            "min_close": 2.433941,
            "p": 0.39444444,
            "profit": 0.29788685,
            "q": 0.6
        },
        "MOH": {
            "close": 125.43,
            "loss": 0.0,
            "max_close": 353.24,
            "min_close": 125.43,
            "p": 0.99444443,
            "profit": 66.95895,
            "q": 0.0
        },
        "MPW": {
            "close": 5.62,
            "loss": 0.9102831,
            "max_close": 5.894407,
            "min_close": 3.8470516,
            "p": 0.011111111,
            "profit": 0.050835133,
            "q": 0.98333335
        },
        "NICE": {
            "close": 113.57,
            "loss": 4.8479614,
            "max_close": 178.5,
            "min_close": 99.6,
            "p": 0.75,
            "profit": 32.371193,
            "q": 0.24444444
        },
        "NKE": {
            "close": 63.04,
            "loss": 2.0221596,
            "max_close": 79.84435,
            "min_close": 52.310772,
            "p": 0.7222222,
            "profit": 6.9022446,
            "q": 0.27222222
        },
        "NOW": {
            "close": 106.48,
            "loss": 4.0666733,
            "max_close": 208.938,
            "min_close": 100.74,
            "p": 0.9777778,
            "profit": 69.73344,
            "q": 0.016666668
        },
        "NVO": {
            "close": 49.12,
            "loss": 1.6713638,
            "max_close": 88.51028,
            "min_close": 43.34,
            "p": 0.7888889,
            "profit": 10.875725,
            "q": 0.20555556
        },
        "PVH": {
            "close": 68.54,
            "loss": 3.6647644,
            "max_close": 89.47852,
            "min_close": 60.41741,
            "p": 0.73888886,
            "profit": 10.354904,
            "q": 0.25555557
        },
        "PYPL": {
            "close": 41.49,
            "loss": 0.8650017,
            "max_close": 78.438675,
            "min_close": 39.9,
            "p": 0.9722222,
            "profit": 25.246304,
            "q": 0.022222223
        },
        "SID": {
            "close": 1.83,
            "loss": 0.29687488,
            "max_close": 2.12,
            "min_close": 1.25,
            "p": 0.1,
            "profit": 0.10666692,
            "q": 0.8888889
        },
        "SM": {
            "close": 21.13,
            "loss": 2.0949783,
            "max_close": 39.159084,
            "min_close": 17.57,
            "p": 0.57222223,
            "profit": 4.4356728,
            "q": 0.42222223
        },
        "TGT": {
            "close": 113.23,
            "loss": 17.44368,
            "max_close": 126.85357,
            "min_close": 83.68,
            "p": 0.016666668,
            "profit": 1.8366699,
            "q": 0.9777778
        },
        "VALE": {
            "close": 16.74,
            "loss": 5.455366,
            "max_close": 17.03,
            "min_close": 7.9883733,
            "p": 0.027777778,
            "profit": 0.16400146,
            "q": 0.96666664
        },
        "ZIM": {
            "close": 20.73,
            "loss": 4.7671347,
            "max_close": 23.27,
            "min_close": 11.213416,
            "p": 0.16666667,
            "profit": 1.2746696,
            "q": 0.8277778
        }
    },
    "hold_stock_list": [
        "EL",
        "FLO",
        "TGT",
        "NKE",
        "PVH",
        "MPW",
        "MOH",
        "NVO",
        "ILPT",
        "AAP",
        "HOG",
        "PYPL",
        "EPAM",
        "NOW",
        "ADBE",
        "NICE",
        "ZIM",
        "VALE",
        "SID",
        "SM"
    ],
    "portfolio": {
        "AAP": {
            "cost_p": 91.35,
            "position_%": 12.712989038538577,
            "profit_%": -38.040503557744934
        },
        "ADBE": {
            "cost_p": 299.55,
            "position_%": 2.977696353502409,
            "profit_%": -11.644132865965613
        },
        "EL": {
            "cost_p": 143.03,
            "position_%": 5.687196253599727,
            "profit_%": -29.168705865902254
        },
        "EPAM": {
            "cost_p": 248.63,
            "position_%": 2.4715227653857585,
            "profit_%": -22.933676547480182
        },
        "FLO": {
            "cost_p": 10.95,
            "position_%": 3.2654757206661373,
            "profit_%": 7.853881278538824
        },
        "HOG": {
            "cost_p": 21.9,
            "position_%": 3.2654757206661373,
            "profit_%": -4.383561643835605
        },
        "ILPT": {
            "cost_p": 17.2,
            "position_%": 3.4195544837417082,
            "profit_%": -67.61627906976744
        },
        "MOH": {
            "cost_p": 199,
            "position_%": 3.9563450131662785,
            "profit_%": -36.96984924623115
        },
        "MPW": {
            "cost_p": 6.18,
            "position_%": 4.3002885746123924,
            "profit_%": -9.061488673139152
        },
        "NICE": {
            "cost_p": 119.55,
            "position_%": 3.5651837662615224,
            "profit_%": -5.002091175240488
        },
        "NKE": {
            "cost_p": 70.07,
            "position_%": 9.054960391817323,
            "profit_%": -10.032824318538596
        },
        "NOW": {
            "cost_p": 102.91,
            "position_%": 3.068950743504586,
            "profit_%": 3.4690506267612555
        },
        "NVO": {
            "cost_p": 64.24,
            "position_%": 8.30156494320458,
            "profit_%": -23.53673723536737
        },
        "PVH": {
            "cost_p": 87.3,
            "position_%": 5.206868135418334,
            "profit_%": -21.489117983963336
        },
        "PYPL": {
            "cost_p": 68.03,
            "position_%": 2.7050266456854466,
            "profit_%": -39.01220049977951
        },
        "SID": {
            "cost_p": 4.54,
            "position_%": 3.159111671317195,
            "profit_%": -59.691629955947135
        },
        "SM": {
            "cost_p": 18.16,
            "position_%": 3.6104133386482227,
            "profit_%": 16.35462555066079
        },
        "TGT": {
            "cost_p": 107.3,
            "position_%": 4.266490652389364,
            "profit_%": 5.526561043802429
        },
        "VALE": {
            "cost_p": 12.22,
            "position_%": 2.4294741739141674,