{
    "KellyFormula_Range_v1": {
        "BAC": {
            "close": 28.22,
            "loss": 4.03805542,
            "max_close": 29.29,
            "min_close": 19.3805389,
            "p": 0.06666667,
            "profit": 0.65953064,
            "q": 0.927777767
        },
        "BIO": {
            "close": 579.65,
            "loss": 89.0350647,
            "max_close": 643.45,
            "min_close": 334.87,
            "p": 0.0833333358,
            "profit": 19.86261,
            "q": 0.9111111
        },
        "DHI": {
            "close": 70.4,
            "loss": 15.3707619,
            "max_close": 78.602684,
            "min_close": 31.8579254,
            "p": 0.383333325,
            "profit": 3.49681854,
            "q": 0.6111111
        },
        "FBP": {
            "close": 8.83,
            "loss": 2.916039,
            "max_close": 8.94,
            "min_close": 4.309639,
            "p": 0.00555555569,
            "profit": 0.109999657,
            "q": 0.98888886
        },
        "FHN": {
            "close": 12.7,
            "loss": 3.25808525,
            "max_close": 13.0291986,
            "min_close": 6.87582064,
            "p": 0.055555556,
            "profit": 0.184709549,
            "q": 0.9388889
        },
        "INTC": {
            "close": 50.47,
            "loss": 2.635933,
            "max_close": 63.44745,
            "min_close": 43.79363,
            "p": 0.5777778,
            "profit": 6.75880051,
            "q": 0.416666657
        },
        "PBCT": {
            "close": 13.01,
            "loss": 2.01986122,
            "max_close": 13.52,
            "min_close": 9.070121,
            "p": 0.06666667,
            "profit": 0.218020439,
            "q": 0.927777767
        },
        "PFC": {
            "close": 22.4,
            "loss": 5.288702,
            "max_close": 22.94,
            "min_close": 12.4695129,
            "p": 0.03888889,
            "profit": 0.308572769,
            "q": 0.955555558
        },
        "PSX": {
            "close": 67.19,
            "loss": 9.8508,
            "max_close": 87.2001343,
            "min_close": 43.5934563,
            "p": 0.2611111,
            "profit": 6.459259,
            "q": 0.733333349
        },
        "SFM": {
            "close": 19.44,
            "loss": 0.4680786,
            "max_close": 27.41,
            "min_close": 18.59,
            "p": 0.9222222,
            "profit": 3.423336,
            "q": 0.0722222254
        },
        "SNV": {
            "close": 32.29,
            "loss": 10.858593,
            "max_close": 33.82,
            "min_close": 14.1251116,
            "p": 0.055555556,
            "profit": 0.622001648,
            "q": 0.9388889
        },
        "STL": {
            "close": 17.15,
            "loss": 5.12204933,
            "max_close": 17.35,
            "min_close": 8.31964,
            "p": 0.0222222228,
            "profit": 0.117502213,
            "q": 0.9722222
        },
        "T": {
            "close": 30.55,
            "loss": 1.85452271,
            "max_close": 32.0722351,
            "min_close": 26.0500717,
            "p": 0.055555556,
            "profit": 0.610660553,
            "q": 0.9388889
        },
        "WFC": {
            "close": 28.64,
            "loss": 3.67338,
            "max_close": 33.0351639,
            "min_close": 21.0457516,
            "p": 0.1,
            "profit": 1.38226891,
            "q": 0.894444466
        }
    },
    "hold_stock_list": [
        "INTC",
        "T",
        "DHI",
        "BAC",
        "PFC",
        "SNV",
        "FHN",
        "STL",
        "SFM",
        "BIO",
        "PBCT",
        "FBP",
        "WFC",
        "PSX"
    ],
    "portfolio": {
        "BAC": {
            "cost_p": 25.9,
            "position_%": 3.7945483608404653,
            "profit_%": 8.95752895752896
        },
        "BIO": {
            "cost_p": 597.32,
            "position_%": 7.229248432272506,
            "profit_%": -2.9582133529766406
        },
        "DHI": {
            "cost_p": 72.88,
            "position_%": 4.642381811953217,
            "profit_%": -3.4028540065861557
        },
        "FBP": {
            "cost_p": 6.92,
            "position_%": 7.405388857442826,
            "profit_%": 27.601156069364162
        },
        "FHN": {
            "cost_p": 10.96,
            "position_%": 9.355087300091895,
            "profit_%": 15.875912408759108
        },
        "INTC": {
            "cost_p": 46.15,
            "position_%": 7.643240856425171,
            "profit_%": 9.360780065005418
        },
        "PBCT": {
            "cost_p": 14.03,
            "position_%": 6.434616370969623,
            "profit_%": -7.27013542409123
        },
        "PFC": {
            "cost_p": 17.29,
            "position_%": 4.4054215987196,
            "profit_%": 29.55465587044534
        },
        "PSX": {
            "cost_p": 70.43,
            "position_%": 11.215798264814252,
            "profit_%": -4.600312366889122
        },
        "SFM": {
            "cost_p": 20.61,
            "position_%": 11.290389772797198,
            "profit_%": -5.676855895196498
        },
        "SNV": {
            "cost_p": 15.59,
            "position_%": 1.9861342603828387,
            "profit_%": 107.11994868505452
        },
        "STL": {
            "cost_p": 16.83,
            "position_%": 6.432323207615748,
            "profit_%": 1.9013666072489621
        },
        "T": {
            "cost_p": 28.54,
            "position_%": 7.635469580614821,
            "profit_%": 7.042747021723902
        },
        "WFC": {
            "cost_p": 31.79,
            "position_%": 10.529951325059855,
            "profit_%": -9.9087763447625
        }
    }
}