{"hold_stock_list":["SEE","EL","KSS","TGT","NKE","PVH","VFC","SBUX","MPW","NVO","PFE","ILPT","AAP","PYPL","EPAM","EW","ZIM","VALE","GGB","SID","HAL","ALB"],"watch_stock_list":["ABNB","ACLS","ACMR","ADBE","ADSK","AEO","ALB","AMAT","ANSS","APD","APTV","ARTNA","ASML","AZN","BAC","BBY","BIO","BLD","BUD","CAMT","CE","CNMD","CRM","CSCO","CVS","DE","DELL","DEO","DG","DHI","DIS","EL","EPAM","EW","EXLS","EXR","F","FDX","FFIV","FSLR","FTNT","G","GIS","GLOB","GM","GOOG","HAL","HAS","HMC","HOV","HPE","HPQ","INTC","ISRG","K","KSS","LMAT","LNTH","LQDT","LRCX","M","MA","MCHP","MMM","MMS","MOH","MPW","MS","MSFT","MU","NDAQ","NFLX","NICE","NKE","NOW","NVO","NXPI","ORCL","OXM","PAGS","PAYC","PCTY","PEP","PFE","PHG","PODD","PVH","PYPL","QCOM","SAIC","SBUX","SEE","SMP","SONY","SQM","STM","TDC","TEAM","TECH","TEX","TGT","TITN","TM","TEN","TRI","TX","UAL","UPS","VALE","VFC","VMI","WDAY","WFC","WNS","X","ZTS"],"portfolio":{"AAP":{"cost_p":91.35,"position_%":12.256656632481434,"profit_%":-40.64586754241926},"ALB":{"cost_p":173.45,"position_%":6.649205075936836,"profit_%":-62.23695589507062},"EL":{"cost_p":143.03,"position_%":5.4830544941553505,"profit_%":-40.01957631266168},"EPAM":{"cost_p":248.63,"position_%":2.3828075209428876,"profit_%":-27.615332019466678},"EW":{"cost_p":87.4,"position_%":2.5128589952589193,"profit_%":-12.254004576659048},"GGB":{"cost_p":2.9,"position_%":2.2234297745998064,"profit_%":5.862068965517239},"HAL":{"cost_p":34.9,"position_%":2.34130988764971,"profit_%":-40.143266475644694},"ILPT":{"cost_p":17.2,"position_%":3.29680966578592,"profit_%":-73.66279069767441},"KSS":{"cost_p":11.63,"position_%":10.700064115281002,"profit_%":-22.441960447119527},"MPW":{"cost_p":6.18,"position_%":4.145929829706364,"profit_%":-31.87702265372168},"NKE":{"cost_p":73.71,"position_%":5.651345127094888,"profit_%":3.8258038258038365},"NVO":{"cost_p":89.89,"position_%":2.5844496005014217,"profit_%":-22.883524307486937},"PFE":{"cost_p":24,"position_%":2.3000997668273864,"profit_%":5.166666666666661},"PVH":{"cost_p":87.3,"position_%":5.01996774110077,"profit_%":-16.357388316151205},"PYPL":{"cost_p":68.03,"position_%":2.607929785621118,"profit_%":11.980008819638403},"SBUX":{"cost_p":87.91,"position_%":2.527522131272444,"profit_%":6.518029803207831},"SEE":{"cost_p":34.36,"position_%":7.573845182201444,"profit_%":-7.654249126891733},"SID":{"cost_p":4.54,"position_%":3.045715441240597,"profit_%":-66.51982378854625},"TGT":{"cost_p":107.3,"position_%":4.1133450830096425,"profit_%":-5.3122087604846255},"VALE":{"cost_p":12.22,"position_%":2.3422682625525546,"profit_%":-18.657937806873985},"VFC":{"cost_p":18.8,"position_%":1.2612213721436834,"profit_%":-33.56382978723404},"ZIM":{"cost_p":40.74,"position_%":8.980164514635822,"profit_%":-61.02110947471772}},"KellyFormula_Range_v1":{"HAL":{"profit":5.121187,"loss":1.2054157,"p":0.7222222,"q":0.27222222,"max_close":35.486828,"min_close":19.099735,"close":21.52},"AAP":{"profit":0.0,"loss":12.998844,"p":0.0,"q":0.99444443,"max_close":63.16309,"min_close":30.074455,"close":54.22},"NKE":{"profit":1.8208694,"loss":9.312889,"p":0.20555556,"q":0.7888889,"max_close":87.95319,"min_close":52.918324,"close":76.53},"TGT":{"profit":27.529152,"loss":6.371292,"p":0.6611111,"q":0.33333334,"max_close":156.39932,"min_close":87.75676,"close":101.6},"ZIM":{"profit":1.2314672,"loss":1.2829485,"p":0.5222222,"q":0.4722222,"max_close":19.37,"min_close":11.051109,"close":15.88},"NVO":{"profit":20.489296,"loss":3.7722092,"p":0.73888886,"q":0.25555557,"max_close":140.27608,"min_close":58.08,"close":69.32},"MPW":{"profit":0.6941819,"loss":0.28699613,"p":0.73888886,"q":0.25555557,"max_close":6.0981083,"min_close":3.6044285,"close":4.21},"VALE":{"profit":0.26710033,"loss":0.73755264,"p":0.17777778,"q":0.8111111,"max_close":11.250294,"min_close":8.179748,"close":9.94},"PYPL":{"profit":8.416046,"loss":7.240387,"p":0.49444443,"q":0.5,"max_close":91.81,"min_close":57.22,"close":76.18},"SBUX":{"profit":7.175537,"loss":6.529602,"p":0.54444444,"q":0.45,"max_close":115.00041,"min_close":70.7466,"close":93.64},"ILPT":{"profit":0.10100031,"loss":1.002409,"p":0.055555556,"q":0.9388889,"max_close":5.113726,"min_close":2.5003462,"close":4.53},"EW":{"profit":0.88578033,"loss":4.8984528,"p":0.10555556,"q":0.8888889,"max_close":93.78,"min_close":59.7,"close":76.69},"PVH":{"profit":20.876167,"loss":5.5206375,"p":0.64444447,"q":0.35,"max_close":112.74688,"min_close":60.472145,"close":73.02},"ALB":{"profit":22.481369,"loss":7.1585846,"p":0.6611111,"q":0.33333334,"max_close":109.52888,"min_close":50.43097,"close":65.5},"SID":{"profit":0.22347844,"loss":0.08285689,"p":0.62777776,"q":0.35,"max_close":2.35638,"min_close":1.3,"close":1.52},"PFE":{"profit":0.78359604,"loss":1.49477,"p":0.44444445,"q":0.55,"max_close":29.83797,"min_close":21.185833,"close":25.24},"GGB":{"profit":0.22725677,"loss":0.23395324,"p":0.24444444,"q":0.75,"max_close":3.5385134,"min_close":2.3,"close":3.07},"EPAM":{"profit":43.490173,"loss":14.230484,"p":0.65,"q":0.34444445,"max_close":267.63,"min_close":143.33,"close":179.97},"SEE":{"profit":2.4140625,"loss":2.7178497,"p":0.62777776,"q":0.36666667,"max_close":37.127045,"min_close":23.781643,"close":31.73},"EL":{"profit":2.0778503,"loss":16.940918,"p":0.07777778,"q":0.9166667,"max_close":104.18515,"min_close":49.80485,"close":85.79},"KSS":{"profit":4.9569216,"loss":1.3080616,"p":0.5833333,"q":0.41111112,"max_close":20.890903,"min_close":6.0484843,"close":9.02},"VFC":{"profit":7.34132,"loss":0.8907118,"p":0.76111114,"q":0.23333333,"max_close":26.618027,"min_close":9.672672,"close":12.49}},"Factor_Intersectional_v1":[],"stock_info":{"HAL":["Halliburton Co","Oil & Gas Equipment & Services","Energy"],"AAP":["Advance Auto Parts Inc","Auto Parts","Consumer Cyclical"],"NKE":["Nike, Inc","Footwear & Accessories","Consumer Cyclical"],"TGT":["Target Corp","Discount Stores","Consumer Defensive"],"ZIM":["Zim Integrated Shipping Services Ltd","Marine Shipping","Industrials"],"NVO":["Novo Nordisk ADR","Drug Manufacturers - General","Healthcare"],"MPW":["Medical Properties Trust Inc","REIT - Healthcare Facilities","Real Estate"],"VALE":["Vale S.A. ADR","Other Industrial Metals & Mining","Basic Materials"],"PYPL":["PayPal Holdings Inc","Credit Services","Financial"],"SBUX":["Starbucks Corp","Restaurants","Consumer Cyclical"],"ILPT":["Industrial Logistics Properties Trust","REIT - Industrial","Real Estate"],"EW":["Edwards Lifesciences Corp","Medical Devices","Healthcare"],"PVH":["PVH Corp","Apparel Manufacturing","Consumer Cyclical"],"ALB":["Albemarle Corp","Specialty Chemicals","Basic Materials"],"SID":["Companhia Siderurgica Nacional ADR","Steel","Basic Materials"],"PFE":["Pfizer Inc","Drug Manufacturers - General","Healthcare"],"GGB":["Gerdau S.A. ADR","Steel","Basic Materials"],"EPAM":["EPAM Systems Inc","Information Technology Services","Technology"],"SEE":["Sealed Air Corp","Packaging & Containers","Consumer Cyclical"],"EL":["Estee Lauder Cos., Inc","Household & Personal Products","Consumer Defensive"],"KSS":["Kohl's Corp","Department Stores","Consumer Cyclical"],"VFC":["VF Corp","Apparel Manufacturing","Consumer Cyclical"]}}