{
    "KellyFormula_Range_v1": {
        "ASML": {
            "close": 501.0,
            "loss": 29.9100037,
            "max_close": 811.43,
            "min_close": 428.88,
            "p": 0.8277778,
            "profit": 118.909119,
            "q": 0.166666672
        },
        "BAC": {
            "close": 34.94,
            "loss": 1.97344971,
            "max_close": 49.38,
            "min_close": 30.13,
            "p": 0.6722222,
            "profit": 6.732731,
            "q": 0.322222233
        },
        "BIO": {
            "close": 509.38,
            "loss": 17.2818,
            "max_close": 764.32,
            "min_close": 463.67,
            "p": 0.7222222,
            "profit": 72.01752,
            "q": 0.272222221
        },
        "C": {
            "close": 50.67,
            "loss": 2.49054718,
            "max_close": 67.84,
            "min_close": 44.14,
            "p": 0.6888889,
            "profit": 6.793789,
            "q": 0.305555552
        },
        "CCS": {
            "close": 46.65,
            "loss": 2.69944763,
            "max_close": 81.94,
            "min_close": 40.36,
            "p": 0.894444466,
            "profit": 10.9610672,
            "q": 0.1
        },
        "DAC": {
            "close": 70.02,
            "loss": 5.16488647,
            "max_close": 106.64,
            "min_close": 57.38,
            "p": 0.75555557,
            "profit": 15.1667862,
            "q": 0.23888889
        },
        "EDRY": {
            "close": 14.05,
            "loss": 0.408333778,
            "max_close": 42.75,
            "min_close": 13.03,
            "p": 0.9611111,
            "profit": 10.0798578,
            "q": 0.0333333351
        },
        "GGB": {
            "close": 4.79,
            "loss": 0.287500381,
            "max_close": 6.51,
            "min_close": 4.06,
            "p": 0.7,
            "profit": 0.7487297,
            "q": 0.2888889
        },
        "HIMX": {
            "close": 5.78,
            "loss": 0.1133337,
            "max_close": 15.99,
            "min_close": 5.6,
            "p": 0.9777778,
            "profit": 3.77449083,
            "q": 0.0166666675
        },
        "ILPT": {
            "close": 7.1,
            "loss": 0.190000057,
            "max_close": 25.55,
            "min_close": 6.74,
            "p": 0.966666639,
            "profit": 10.3830185,
            "q": 0.027777778
        },
        "INTC": {
            "close": 31.46,
            "loss": 0.714998245,
            "max_close": 55.91,
            "min_close": 30.36,
            "p": 0.9722222,
            "profit": 12.656353,
            "q": 0.0222222228
        },
        "MMM": {
            "close": 123.1,
            "loss": 3.58249664,
            "max_close": 181.02,
            "min_close": 116.6,
            "p": 0.9722222,
            "profit": 26.1571732,
            "q": 0.0222222228
        },
        "NFLX": {
            "close": 233.57,
            "loss": 34.4255829,
            "max_close": 614.24,
            "min_close": 166.37,
            "p": 0.5,
            "profit": 172.910492,
            "q": 0.49444443
        },
        "NKE": {
            "close": 110.97,
            "loss": 3.93541718,
            "max_close": 168.78,
            "min_close": 101.18,
            "p": 0.7277778,
            "profit": 21.4342651,
            "q": 0.266666681
        },
        "NMM": {
            "close": 26.29,
            "loss": 2.266779,
            "max_close": 36.49,
            "min_close": 20.36,
            "p": 0.6611111,
            "profit": 4.38210869,
            "q": 0.327777773
        },
        "SID": {
            "close": 2.8,
            "loss": 0.140833378,
            "max_close": 5.71,
            "min_close": 2.45,
            "p": 0.8611111,
            "profit": 1.53883862,
            "q": 0.13333334
        },
        "STC": {
            "close": 53.67,
            "loss": 2.72209167,
            "max_close": 80.18,
            "min_close": 45.91,
            "p": 0.65,
            "profit": 10.7844391,
            "q": 0.344444454
        },
        "THO": {
            "close": 81.42,
            "loss": 4.37088,
            "max_close": 106.42,
            "min_close": 69.02,
            "p": 0.6111111,
            "profit": 8.964745,
            "q": 0.377777785
        },
        "TX": {
            "close": 31.95,
            "loss": 1.44182014,
            "max_close": 49.66,
            "min_close": 29.4,
            "p": 0.933333337,
            "profit": 8.73439,
            "q": 0.06111111
        },
        "VALE": {
            "close": 13.51,
            "loss": 0.5991421,
            "max_close": 21.23,
            "min_close": 12.14,
            "p": 0.8,
            "profit": 3.22472382,
            "q": 0.194444448
        },
        "ZIM": {
            "close": 32.06,
            "loss": 0.59000206,
            "max_close": 88.62,
            "min_close": 31.46,
            "p": 0.983333349,
            "profit": 26.9997787,
            "q": 0.0111111114
        }
    },
    "hold_stock_list": [
        "BIO",
        "ILPT",
        "ASML",
        "NFLX",
        "NKE",
        "INTC",
        "HIMX",
        "STC",
        "VALE",
        "CCS",
        "BAC",
        "C",
        "THO",
        "MMM",
        "DAC",
        "EDRY",
        "NMM",
        "ZIM",
        "GGB",
        "SID",
        "TX"
    ],
    "portfolio": {
        "ASML": {
            "cost_p": 569.13,
            "position_%": 3.682524260285807,
            "profit_%": -11.970902957145116
        },
        "BAC": {
            "cost_p": 35.99,
            "position_%": 5.588911417539875,
            "profit_%": -2.9174770769658354
        },
        "BIO": {
            "cost_p": 522.14,
            "position_%": 5.0677170873059705,
            "profit_%": -2.4437890221013503
        },
        "C": {
            "cost_p": 49.1,
            "position_%": 12.072555944760001,
            "profit_%": 3.1975560081466403
        },
        "CCS": {
            "cost_p": 45.45,
            "position_%": 2.3526537364748292,
            "profit_%": 2.6402640264026305
        },
        "DAC": {
            "cost_p": 73.49,
            "position_%": 5.706155877674428,
            "profit_%": -4.721730847734385
        },
        "EDRY": {
            "cost_p": 22.24,
            "position_%": 0.8634161567524784,
            "profit_%": -36.82553956834532
        },
        "GGB": {
            "cost_p": 4.57,
            "position_%": 2.602154088725845,
            "profit_%": 4.814004376367609
        },
        "HIMX": {
            "cost_p": 7.32,
            "position_%": 4.925820232408025,
            "profit_%": -21.038251366120218
        },
        "ILPT": {
            "cost_p": 17.42,
            "position_%": 4.50860595042811,
            "profit_%": -59.24225028702641
        },
        "INTC": {
            "cost_p": 39.47,
            "position_%": 9.193984453332822,
            "profit_%": -20.29389409678236
        },
        "MMM": {
            "cost_p": 130,
            "position_%": 3.3646313062896347,
            "profit_%": -5.307692307692312
        },
        "NFLX": {
            "cost_p": 248.68,
            "position_%": 3.21814043556964,
            "profit_%": -6.076081711436389
        },
        "NKE": {
            "cost_p": 115.53,
            "position_%": 2.990121960120319,
            "profit_%": -3.9470267462996644
        },
        "NMM": {
            "cost_p": 30.04,
            "position_%": 2.07978213753474,
            "profit_%": -12.48335552596538
        },
        "SID": {
            "cost_p": 4.82,
            "position_%": 4.366256164392779,
            "profit_%": -41.908713692946066
        },
        "STC": {
            "cost_p": 52.86,
            "position_%": 8.208665116175542,
            "profit_%": 1.5323496027241814
        },
        "THO": {
            "cost_p": 79.5,