{"hold_stock_list":["BIO","ILPT","ASML","NFLX","NKE","INTC","HIMX","STC","VALE","CCS","BAC","C","THO","MMM","EMN","DAC","EDRY","NMM","ZIM","GGB","SID","TX"],"portfolio":{"ASML":{"cost_p":569.13,"position_%":3.452652560251708,"profit_%":-27.020188709082277},"BAC":{"cost_p":35.99,"position_%":5.240038612343429,"profit_%":-16.08780216726869},"BIO":{"cost_p":522.14,"position_%":4.75137844027681,"profit_%":-20.109549163059718},"C":{"cost_p":49.1,"position_%":11.318959019762861,"profit_%":-15.132382892057025},"CCS":{"cost_p":45.45,"position_%":2.2057956370381477,"profit_%":-5.874587458745878},"DAC":{"cost_p":73.49,"position_%":5.349964401515956,"profit_%":-24.23458974010069},"EDRY":{"cost_p":22.24,"position_%":0.8095197189394125,"profit_%":-41.54676258992806},"EMN":{"cost_p":85,"position_%":3.0939377747234746,"profit_%":-16.411764705882355},"GGB":{"cost_p":4.57,"position_%":2.4397215989858676,"profit_%":-1.094091903719928},"HIMX":{"cost_p":7.32,"position_%":4.6183391159637,"profit_%":-33.879781420765035},"ILPT":{"cost_p":17.42,"position_%":4.227168316524152,"profit_%":-68.42709529276694},"INTC":{"cost_p":39.47,"position_%":8.62007463305898,"profit_%":-34.7099062579174},"MMM":{"cost_p":129.87,"position_%":6.302897236130786,"profit_%":-14.914914914914917},"NFLX":{"cost_p":248.68,"position_%":3.017256650267583,"profit_%":-5.324111307704684},"NKE":{"cost_p":115.53,"position_%":2.8034716165788476,"profit_%":-28.053319484116678},"NMM":{"cost_p":30.04,"position_%":1.949957315791798,"profit_%":-18.375499334221036},"SID":{"cost_p":4.82,"position_%":4.093704334085099,"profit_%":-50.62240663900416},"STC":{"cost_p":52.86,"position_%":7.696261212794488,"profit_%":-17.442300416193717},"THO":{"cost_p":79.5,"position_%":2.8937418010648965,"profit_%":-11.974842767295593},"TX":{"cost_p":39.96,"position_%":2.909029493598825,"profit_%":-31.456456456456454},"VALE":{"cost_p":13.29,"position_%":3.224975139299998,"profit_%":0.225733634311521},"ZIM":{"cost_p":56.94,"position_%":8.981155371003178,"profit_%":-58.72848612574639}},"KellyFormula_Range_v1":{"MMM":{"profit":32.94522,"loss":0.0,"p":0.99444443,"q":0.0,"max_close":181.02,"min_close":110.5,"close":110.5},"C":{"profit":11.5749245,"loss":0.0,"p":0.99444443,"q":0.0,"max_close":67.84,"min_close":41.67,"close":41.67},"NMM":{"profit":5.15200424,"loss":1.84103394,"p":0.8333333,"q":0.161111116,"max_close":36.49,"min_close":20.36,"close":24.52},"CCS":{"profit":11.0959625,"loss":1.61500168,"p":0.9611111,"q":0.0333333351,"max_close":74.32,"min_close":40.36,"close":42.78},"ASML":{"profit":153.0151,"loss":0.0,"p":0.99444443,"q":0.0,"max_close":744.53,"min_close":415.35,"close":415.35},"BIO":{"profit":118.685974,"loss":3.585022,"p":0.983333349,"q":0.0111111114,"max_close":641.29,"min_close":412.59,"close":417.14},"BAC":{"profit":7.571121,"loss":0.0700016,"p":0.98888886,"q":0.00555555569,"max_close":49.38,"min_close":30.13,"close":30.2},"ZIM":{"profit":33.0339432,"loss":0.459999084,"p":0.98888886,"q":0.00555555569,"max_close":88.62,"min_close":23.04,"close":23.5},"GGB":{"profit":0.881712437,"loss":0.166970253,"p":0.8111111,"q":0.183333337,"max_close":6.51,"min_close":4.06,"close":4.52},"SID":{"profit":1.61902785,"loss":0.09500027,"p":0.9722222,"q":0.0222222228,"max_close":5.71,"min_close":2.26,"close":2.38},"THO":{"profit":13.28965,"loss":0.830001831,"p":0.966666639,"q":0.027777778,"max_close":102.62,"min_close":68.88,"close":69.98},"ILPT":{"profit":10.1667891,"loss":0.0,"p":0.99444443,"q":0.0,"max_close":24.83,"min_close":5.5,"close":5.5},"TX":{"profit":11.5137444,"loss":0.279998779,"p":0.9777778,"q":0.0166666675,"max_close":49.66,"min_close":26.75,"close":27.39},"INTC":{"profit":16.0018425,"loss":0.0,"p":0.99444443,"q":0.0,"max_close":55.7,"min_close":25.77,"close":25.77},"DAC":{"profit":23.9697952,"loss":1.04999924,"p":0.98888886,"q":0.00555555569,"max_close":106.64,"min_close":54.63,"close":55.68},"STC":{"profit":13.6825371,"loss":0.7350006,"p":0.983333349,"q":0.0111111114,"max_close":78.43,"min_close":42.77,"close":43.64},"HIMX":{"profit":3.98407936,"loss":0.0,"p":0.99444443,"q":0.0,"max_close":12.95,"min_close":4.84,"close":4.84},"EMN":{"profit":32.05625,"loss":0.215003967,"p":0.983333349,"q":0.0111111114,"max_close":127.69,"min_close":70.81,"close":71.05},"VALE":{"profit":3.36545372,"loss":0.546666145,"p":0.794444442,"q":0.2,"max_close":21.23,"min_close":12.14,"close":13.32},"NKE":{"profit":37.4798126,"loss":0.0,"p":0.99444443,"q":0.0,"max_close":149.59,"min_close":83.12,"close":83.12},"NFLX":{"profit":124.629608,"loss":33.95677,"p":0.455555558,"q":0.5388889,"max_close":525.69,"min_close":166.37,"close":235.44},"EDRY":{"profit":10.414465,"loss":0.06000042,"p":0.98888886,"q":0.00555555569,"max_close":42.75,"min_close":12.94,"close":13.0}}}