{"hold_stock_list":["SEE","EL","KSS","TGT","DIS","NKE","PVH","VFC","SBUX","MPW","NVO","PFE","ILPT","AAP","GM","PYPL","QCOM","EPAM","PAGS","EW","DAC","ZIM","VALE","GGB","SID","HAL","ALB"],"watch_stock_list":["ABNB","ACLS","ACMR","ADBE","ADSK","AEO","ALB","ALGM","ALGN","AMAT","ANSS","APD","APTV","ARTNA","ASML","AZN","BAC","BBY","BF-B","BIO","BLD","BUD","CAMT","CE","CNMD","CRM","CSCO","CVS","DE","DELL","DEO","DG","DHI","DIS","EL","EPAM","EW","EXLS","EXR","F","FDX","FFIV","FSLR","FTNT","G","GIS","GLOB","GM","GOOG","GSK","HAL","HAS","HMC","HOV","HPE","HPQ","INTC","ISRG","K","KSS","LMAT","LNTH","LQDT","LRCX","M","MA","MCHP","MKC","MMM","MMS","MOH","MPW","MS","MSFT","MU","NDAQ","NFLX","NICE","NKE","NOW","NVO","NXPI","ORCL","OXM","PAGS","PAYC","PCTY","PEP","PFE","PHG","PODD","PVH","PYPL","QCOM","SAIC","SBUX","SEE","SMP","SONY","SQM","STM","TDC","TEAM","TECH","TEX","TGT","TITN","TM","TEN","TRI","TX","UAL","UPS","VALE","VEEV","VFC","VMI","WDAY","WFC","WNS","X","ZTS"],"portfolio":{"AAP":{"cost_p":91.35,"position_%":11.442882221255896,"profit_%":-66.19594964422551},"ALB":{"cost_p":173.45,"position_%":6.207734525848262,"profit_%":-69.69155376189103},"DAC":{"cost_p":73.24,"position_%":3.9318634477353136,"profit_%":3.8093937738940555},"DIS":{"cost_p":93.9,"position_%":2.520494113478604,"profit_%":-11.853035143769977},"EL":{"cost_p":143.03,"position_%":5.119009911975076,"profit_%":-63.18254911557016},"EPAM":{"cost_p":248.63,"position_%":2.224602241512905,"profit_%":-40.76338334070707},"EW":{"cost_p":87.4,"position_%":2.346019015101491,"profit_%":-18.53546910755149},"GGB":{"cost_p":2.9,"position_%":2.0758062986405257,"profit_%":-13.103448275862064},"GM":{"cost_p":44.92,"position_%":2.4115142827999767,"profit_%":-1.5583259127337552},"HAL":{"cost_p":34.9,"position_%":2.1858598222322434,"profit_%":-38.595988538681944},"ILPT":{"cost_p":17.2,"position_%":3.0779196841911243,"profit_%":-84.7093023255814},"KSS":{"cost_p":21.98,"position_%":5.11328354977193,"profit_%":-72.11101000909919},"MPW":{"cost_p":6.18,"position_%":3.8706629516891877,"profit_%":-12.7831715210356},"NKE":{"cost_p":73.71,"position_%":5.276126974923901,"profit_%":-27.35042735042735},"NVO":{"cost_p":89.89,"position_%":2.4128563989413387,"profit_%":-30.047836244298587},"PAGS":{"cost_p":6.91,"position_%":0.06182681691209497,"profit_%":21.70767004341534},"PFE":{"cost_p":24,"position_%":2.147385826179854,"profit_%":-8.166666666666671},"PVH":{"cost_p":87.3,"position_%":4.686669565637533,"profit_%":-22.405498281786944},"PYPL":{"cost_p":68.03,"position_%":2.434777629250258,"profit_%":-11.450830515948844},"QCOM":{"cost_p":144.74,"position_%":2.5901052040106007,"profit_%":-6.218046151720326},"SBUX":{"cost_p":87.91,"position_%":2.3597085997433878,"profit_%":-8.13331816630644},"SEE":{"cost_p":34.36,"position_%":7.070983627972563,"profit_%":-24.708963911525025},"SID":{"cost_p":4.54,"position_%":2.843496731499824,"profit_%":-67.62114537444934},"TGT":{"cost_p":107.3,"position_%":3.840241652484973,"profit_%":-15.694315004659837},"VALE":{"cost_p":12.22,"position_%":2.186754566326485,"profit_%":-26.350245499181675},"VFC":{"cost_p":18.8,"position_%":1.1774832280219534,"profit_%":-45.159574468085104},"ZIM":{"cost_p":40.74,"position_%":8.383931111862696,"profit_%":-66.91212567501226}},"KellyFormula_Range_v1":{"AAP":{"profit":11.841124,"loss":0.8055439,"p":0.98888886,"q":0.0055555557,"max_close":76.818344,"min_close":30.074455,"close":30.88},"EPAM":{"profit":66.58853,"loss":2.4700012,"p":0.9722222,"q":0.022222223,"max_close":267.63,"min_close":143.33,"close":147.28},"TGT":{"profit":43.91221,"loss":1.699997,"p":0.98888886,"q":0.0055555557,"max_close":163.26923,"min_close":88.76,"close":90.46},"SEE":{"profit":7.85478,"loss":1.4349995,"p":0.9722222,"q":0.022222223,"max_close":39.125458,"min_close":23.93,"close":25.87},"SID":{"profit":0.45554078,"loss":0.072692394,"p":0.82222223,"q":0.14444445,"max_close":2.7259855,"min_close":1.3,"close":1.47},"VFC":{"profit":9.420657,"loss":0.57000065,"p":0.98888886,"q":0.0055555557,"max_close":26.803305,"min_close":9.74,"close":10.31},"PVH":{"profit":27.139282,"loss":2.3861008,"p":0.89444447,"q":0.1,"max_close":123.590614,"min_close":60.5,"close":67.74},"ZIM":{"profit":2.363162,"loss":1.0110865,"p":0.76111114,"q":0.23333333,"max_close":19.163383,"min_close":6.3671327,"close":13.48},"GGB":{"profit":0.62060237,"loss":0.08799982,"p":0.9611111,"q":0.027777778,"max_close":3.889146,"min_close":2.3,"close":2.52},"EL":{"profit":25.352589,"loss":2.5999985,"p":0.98888886,"q":0.0055555557,"max_close":145.69199,"min_close":50.06,"close":52.66},"QCOM":{"profit":26.581894,"loss":6.680008,"p":0.9722222,"q":0.022222223,"max_close":223.54146,"min_close":124.66,"close":135.74},"NKE":{"profit":22.12968,"loss":0.27999878,"p":0.98888886,"q":0.0055555557,"max_close":95.772415,"min_close":53.27,"close":53.55},"PAGS":{"profit":2.130001,"loss":0.85904646,"p":0.29444444,"q":0.7,"max_close":14.6,"min_close":6.19,"close":8.41},"DIS":{"profit":18.304,"loss":1.0499954,"p":0.98888886,"q":0.0055555557,"max_close":117.08121,"min_close":81.72,"close":82.77},"PFE":{"profit":4.608429,"loss":0.26000214,"p":0.9777778,"q":0.016666668,"max_close":30.407196,"min_close":21.59,"close":22.04},"SBUX":{"profit":16.932709,"loss":5.4479065,"p":0.92777777,"q":0.06666667,"max_close":115.81,"min_close":70.69843,"close":80.76},"DAC":{"profit":5.310158,"loss":4.4855576,"p":0.9444444,"q":0.05,"max_close":95.34127,"min_close":66.47,"close":76.03},"HAL":{"profit":6.6630917,"loss":0.9914303,"p":0.95555556,"q":0.03888889,"max_close":38.184498,"min_close":19.26,"close":21.43},"GM":{"profit":5.58004,"loss":1.6157684,"p":0.9,"q":0.094444446,"max_close":59.911987,"min_close":39.659782,"close":44.22},"VALE":{"profit":1.1053019,"loss":0.2224989,"p":0.8388889,"q":0.15555556,"max_close":12.415653,"min_close":8.26,"close":9.0},"NVO":{"profit":38.915607,"loss":1.0933342,"p":0.9777778,"q":0.016666668,"max_close":144.04108,"min_close":61.21,"close":62.88},"EW":{"profit":1.9408646,"loss":3.0621414,"p":0.31666666,"q":0.67777777,"max_close":93.78,"min_close":59.7,"close":71.2},"KSS":{"profit":8.612822,"loss":0.0,"p":0.99444443,"q":0.0,"max_close":24.760235,"min_close":6.13,"close":6.13},"ILPT":{"profit":1.3897223,"loss":0.09000015,"p":0.98333335,"q":0.011111111,"max_close":5.1334705,"min_close":2.51,"close":2.63},"ALB":{"profit":34.62697,"loss":1.8100014,"p":0.98888886,"q":0.0055555557,"max_close":133.0665,"min_close":50.76,"close":52.57},"PYPL":{"profit":17.329426,"loss":2.1366692,"p":0.9777778,"q":0.016666668,"max_close":91.81,"min_close":57.22,"close":60.24},"MPW":{"profit":0.433805,"loss":0.9650626,"p":0.23888889,"q":0.75555557,"max_close":6.21,"min_close":3.670565,"close":5.39}},"Factor_Intersectional_v1":[],"stock_info":{"AAP":["Advance Auto Parts Inc","Specialty Retail","Consumer Cyclical"],"EPAM":["EPAM Systems Inc","Information Technology Services","Technology"],"TGT":["Target Corp","Discount Stores","Consumer Defensive"],"SEE":["Sealed Air Corp.","Packaging & Containers","Consumer Cyclical"],"SID":["Companhia Siderurgica Nacional ADR","Steel","Basic Materials"],"VFC":["VF Corp.","Apparel Manufacturing","Consumer Cyclical"],"PVH":["PVH Corp","Apparel Manufacturing","Consumer Cyclical"],"ZIM":["Zim Integrated Shipping Services Ltd","Marine Shipping","Industrials"],"GGB":["Gerdau S.A. ADR","Steel","Basic Materials"],"EL":["Estee Lauder Cos., Inc.","Household & Personal Products","Consumer Defensive"],"QCOM":["Qualcomm, Inc.","Semiconductors","Technology"],"NKE":["Nike, Inc.","Footwear & Accessories","Consumer Cyclical"],"PAGS":["PagSeguro Digital Ltd","Software - Infrastructure","Technology"],"DIS":["Walt Disney Co","Entertainment","Communication Services"],"PFE":["Pfizer Inc.","Drug Manufacturers - General","Healthcare"],"SBUX":["Starbucks Corp.","Restaurants","Consumer Cyclical"],"DAC":["Danaos Corporation","Marine Shipping","Industrials"],"HAL":["Halliburton Co.","Oil & Gas Equipment & Services","Energy"],