{"hold_stock_list":["CEIX","INTC","KGC","DAC","ARLP","GOGL","CPLP","SID","EDRY","CNNE","ET","SB","NMM","X","TX"],"portfolio":{"ARLP":{"cost_p":7.06,"position_%":7.279541486487864,"profit_%":64.73087818696885},"CEIX":{"cost_p":18.18,"position_%":7.052397974509949,"profit_%":64.74147414741473},"CNNE":{"cost_p":31,"position_%":3.331751646933203,"profit_%":7.483870967741936},"CPLP":{"cost_p":12.99,"position_%":4.7991329922407795,"profit_%":8.92994611239415},"DAC":{"cost_p":76.97,"position_%":12.02085582489603,"profit_%":-4.612186566194618},"EDRY":{"cost_p":22.24,"position_%":3.361307508317288,"profit_%":38.26438848920864},"ET":{"cost_p":9.35,"position_%":7.002891906691608,"profit_%":5.6684491978609755},"GOGL":{"cost_p":10.75,"position_%":5.054724020800878,"profit_%":-12.93023255813954},"INTC":{"cost_p":49.94,"position_%":9.778630628577938,"profit_%":-0.9611533840608668},"KGC":{"cost_p":7.61,"position_%":11.706069108052468,"profit_%":-16.951379763469117},"NMM":{"cost_p":30.04,"position_%":5.397773530092971,"profit_%":-1.697736351531285},"SB":{"cost_p":4.05,"position_%":5.65180280006857,"profit_%":15.308641975308646},"SID":{"cost_p":5.46,"position_%":8.747258693856626,"profit_%":-18.315018315018314},"TX":{"cost_p":40.0,"position_%":4.03034473419339,"profit_%":10.600000000000005},"X":{"cost_p":21.82,"position_%":4.78551714428043,"profit_%":4.8579285059578305}},"KellyFormula_Range_v1":{"CNNE":{"profit":4.41220856,"loss":1.53113556,"p":0.605555534,"q":0.3888889,"max_close":42.07,"min_close":29.78,"close":33.32},"KGC":{"profit":0.75664854,"loss":0.4261737,"p":0.5833333,"q":0.411111116,"max_close":8.151266,"min_close":5.24,"close":6.32},"ET":{"profit":0.46735,"loss":1.27460384,"p":0.272222221,"q":0.7222222,"max_close":11.163332,"min_close":6.56621027,"close":9.88},"SID":{"profit":2.81349421,"loss":0.03999996,"p":0.98888886,"q":0.00555555569,"max_close":9.618398,"min_close":4.42,"close":4.46},"GOGL":{"profit":0.92016983,"loss":1.97307682,"p":0.49444443,"q":0.5,"max_close":11.68,"min_close":4.78385067,"close":9.36},"TX":{"profit":6.95999146,"loss":7.29169846,"p":0.266666681,"q":0.716666639,"max_close":56.19,"min_close":26.3268738,"close":44.24},"DAC":{"profit":6.06599426,"loss":16.1302834,"p":0.283333331,"q":0.7111111,"max_close":87.73,"min_close":32.4324837,"close":73.42},"NMM":{"profit":1.95047569,"loss":5.09403038,"p":0.272222221,"q":0.7222222,"max_close":34.7979736,"min_close":16.91582,"close":29.53},"ARLP":{"profit":0.2849989,"loss":4.586744,"p":0.055555556,"q":0.9388889,"max_close":12.56,"min_close":5.29967546,"close":11.63},"X":{"profit":2.608572,"loss":2.127922,"p":0.5833333,"q":0.411111116,"max_close":29.45,"min_close":16.3977814,"close":22.88},"CPLP":{"profit":0.0,"loss":2.307724,"p":0.0,"q":0.99444443,"max_close":14.15,"min_close":9.434888,"close":14.15},"CEIX":{"profit":3.02230835,"loss":13.6611977,"p":0.0722222254,"q":0.9222222,"max_close":35.7,"min_close":8.78,"close":29.95},"INTC":{"profit":7.57206345,"loss":0.0,"p":0.99444443,"q":0.0,"max_close":67.41304,"min_close":49.46,"close":49.46},"EDRY":{"profit":1.06285667,"loss":11.6881428,"p":0.07777778,"q":0.9111111,"max_close":33.81,"min_close":6.62,"close":30.75},"SB":{"profit":0.2579999,"loss":1.303441,"p":0.1388889,"q":0.855555534,"max_close":5.28,"min_close":2.12,"close":4.67}}}