{"hold_stock_list":["BIO","HIMX","ILPT","STC","ET","INTC","ARLP","BAC","BK","C","THO","WGO","DAC","GOGL","CPLP","EDRY","SB","NMM","ZIM","SID","PKX","TX"],"portfolio":{"ARLP":{"cost_p":14.01,"position_%":3.8038291656672776,"profit_%":26.481084939329048},"BAC":{"cost_p":37.59,"position_%":3.6021145821245235,"profit_%":-4.868316041500413},"BIO":{"cost_p":596.71,"position_%":4.193242123844067,"profit_%":-17.854569221229745},"BK":{"cost_p":44.42,"position_%":7.803783041224105,"profit_%":-3.2868077442593444},"C":{"cost_p":50,"position_%":7.985533790291131,"profit_%":-2.5},"CPLP":{"cost_p":12.99,"position_%":1.6597133429741087,"profit_%":17.8598922247883},"DAC":{"cost_p":76.97,"position_%":3.68787921503225,"profit_%":5.300766532415225},"EDRY":{"cost_p":22.24,"position_%":1.0655896289764484,"profit_%":52.60791366906476},"ET":{"cost_p":9.35,"position_%":3.3300474458893046,"profit_%":14.331550802139038},"GOGL":{"cost_p":10.75,"position_%":2.4036456708776304,"profit_%":22.604651162790695},"HIMX":{"cost_p":9.18,"position_%":6.304419216759043,"profit_%":-8.714596949891055},"ILPT":{"cost_p":20,"position_%":3.194213516116452,"profit_%":-26.749999999999996},"INTC":{"cost_p":45.14,"position_%":10.81400985881225,"profit_%":-2.5033229951262794},"NMM":{"cost_p":30.04,"position_%":2.5667741551456973,"profit_%":-6.258322237017307},"PKX":{"cost_p":58.54,"position_%":1.869892592334571,"profit_%":-8.472839084386747},"SB":{"cost_p":4.05,"position_%":2.6875713247914317,"profit_%":0.4938271604938386},"SID":{"cost_p":4.82,"position_%":5.3886382016884555,"profit_%":-25.31120331950208},"STC":{"cost_p":54.28,"position_%":6.935276386192041,"profit_%":0.5895357406042747},"THO":{"cost_p":89.53,"position_%":6.591791427056733,"profit_%":-9.281804981570426},"TX":{"cost_p":39.96,"position_%":3.829223163120403,"profit_%":-3.1781781781781855},"WGO":{"cost_p":56.56,"position_%":5.871603285325263,"profit_%":-1.1138613861386184},"ZIM":{"cost_p":55.24,"position_%":4.411208865756821,"profit_%":10.047067342505425}},"KellyFormula_Range_v1":{"ARLP":{"profit":0.8987522,"loss":5.197427,"p":0.0444444455,"q":0.95,"max_close":19.61,"min_close":8.09,"close":17.72},"INTC":{"profit":6.385029,"loss":0.6799965,"p":0.983333349,"q":0.0111111114,"max_close":56.0,"min_close":43.07,"close":44.01},"ET":{"profit":0.689332962,"loss":1.26644611,"p":0.166666672,"q":0.8277778,"max_close":12.08,"min_close":8.15,"close":10.69},"EDRY":{"profit":3.61117935,"loss":8.543497,"p":0.0944444463,"q":0.9,"max_close":42.75,"min_close":17.0,"close":33.94},"PKX":{"profit":8.480446,"loss":0.0,"p":0.99444443,"q":0.0,"max_close":79.19,"min_close":53.58,"close":53.58},"BK":{"profit":12.1297188,"loss":0.590000153,"p":0.9777778,"q":0.0166666675,"max_close":63.66,"min_close":42.06,"close":42.96},"HIMX":{"profit":2.57129765,"loss":0.190000534,"p":0.98888886,"q":0.00555555569,"max_close":15.99,"min_close":8.19,"close":8.38},"GOGL":{"profit":0.439998627,"loss":2.82888317,"p":0.05,"q":0.9444444,"max_close":13.96,"min_close":7.68,"close":13.18},"THO":{"profit":20.6348877,"loss":2.4311142,"p":0.894444466,"q":0.1,"max_close":127.44,"min_close":75.33,"close":81.22},"CPLP":{"profit":0.928874,"loss":1.4505043,"p":0.49444443,"q":0.49444443,"max_close":18.76,"min_close":11.99,"close":15.31},"SID":{"profit":1.31297636,"loss":0.0299999714,"p":0.98888886,"q":0.00555555569,"max_close":7.32,"min_close":3.57,"close":3.6},"DAC":{"profit":10.26342,"loss":8.06105,"p":0.516666651,"q":0.477777779,"max_close":106.64,"min_close":65.69,"close":81.05},"BIO":{"profit":185.47818,"loss":11.1200256,"p":0.98888886,"q":0.00555555569,"max_close":825.77,"min_close":479.05,"close":490.17},"C":{"profit":14.6530571,"loss":0.290000916,"p":0.983333349,"q":0.0111111114,"max_close":73.18,"min_close":48.21,"close":48.75},"WGO":{"profit":12.6638031,"loss":1.62999344,"p":0.8666667,"q":0.127777785,"max_close":78.55,"min_close":52.44,"close":55.93},"BAC":{"profit":7.99021149,"loss":0.07999802,"p":0.98888886,"q":0.00555555569,"max_close":49.38,"min_close":35.68,"close":35.76},"SB":{"profit":0.462577343,"loss":0.365062475,"p":0.5388889,"q":0.45,"max_close":5.28,"min_close":3.24,"close":4.07},"ZIM":{"profit":10.0164413,"loss":7.55808258,"p":0.327777773,"q":0.6666667,"max_close":88.62,"min_close":43.31,"close":60.79},"ILPT":{"profit":9.17481,"loss":0.13999939,"p":0.983333349,"q":0.0111111114,"max_close":28.4,"min_close":14.38,"close":14.65},"TX":{"profit":5.89709854,"loss":0.866470337,"p":0.9,"q":0.0944444463,"max_close":55.86,"min_close":36.57,"close":38.69},"STC":{"profit":14.390976,"loss":2.30800247,"p":0.9111111,"q":0.0833333358,"max_close":80.18,"min_close":50.44,"close":54.6},"NMM":{"profit":3.08291817,"loss":2.41983032,"p":0.6666667,"q":0.327777773,"max_close":36.49,"min_close":22.8,"close":28.16}}}