{
    "KellyFormula_Range_v1": {
        "BAC": {
            "close": 27.0,
            "loss": 3.20657158,
            "max_close": 28.3412,
            "min_close": 17.8342,
            "p": 0.0444444455,
            "profit": 0.755725861,
            "q": 0.95
        },
        "BIO": {
            "close": 602.36,
            "loss": 128.718567,
            "max_close": 643.45,
            "min_close": 320.01,
            "p": 0.0166666675,
            "profit": 30.5767212,
            "q": 0.9777778
        },
        "DHI": {
            "close": 73.27,
            "loss": 17.86985,
            "max_close": 78.82,
            "min_close": 28.6063,
            "p": 0.166666672,
            "profit": 2.53434,
            "q": 0.8277778
        },
        "EWBC": {
            "close": 43.17,
            "loss": 9.169136,
            "max_close": 45.52,
            "min_close": 22.2542,
            "p": 0.0166666675,
            "profit": 1.65333557,
            "q": 0.9777778
        },
        "FBP": {
            "close": 8.02,
            "loss": 2.40455484,
            "max_close": 8.21,
            "min_close": 3.6669,
            "p": 0.0111111114,
            "profit": 0.13999939,
            "q": 0.983333349
        },
        "FHN": {
            "close": 11.8,
            "loss": 2.5476265,
            "max_close": 13.2503,
            "min_close": 6.597,
            "p": 0.0333333351,
            "profit": 0.661799431,
            "q": 0.9611111
        },
        "PBCT": {
            "close": 12.68,
            "loss": 1.80420685,
            "max_close": 14.1536,
            "min_close": 9.0701,
            "p": 0.06666667,
            "profit": 0.6442909,
            "q": 0.927777767
        },
        "PFC": {
            "close": 20.64,
            "loss": 4.07926,
            "max_close": 24.4768,
            "min_close": 11.0733,
            "p": 0.03888889,
            "profit": 2.240572,
            "q": 0.955555558
        },
        "PNC": {
            "close": 122.78,
            "loss": 18.17469,
            "max_close": 128.3619,
            "min_close": 77.9677,
            "p": 0.03888889,
            "profit": 3.28959656,
            "q": 0.955555558
        },
        "PSX": {
            "close": 58.76,
            "loss": 7.04737473,
            "max_close": 88.4534,
            "min_close": 40.9713,
            "p": 0.5888889,
            "profit": 8.86684,
            "q": 0.405555546
        },
        "SNV": {
            "close": 29.61,
            "loss": 9.111448,
            "max_close": 30.57,
            "min_close": 12.368,
            "p": 0.0111111114,
            "profit": 0.799999237,
            "q": 0.983333349
        },
        "STL": {
            "close": 15.47,
            "loss": 4.031911,
            "max_close": 17.0813,
            "min_close": 7.3472,
            "p": 0.0333333351,
            "profit": 0.866616249,
            "q": 0.9611111
        },
        "WFC": {
            "close": 24.07,
            "loss": 0.925214767,
            "max_close": 40.2328,
            "min_close": 21.0458,
            "p": 0.7222222,
            "profit": 2.7439518,
            "q": 0.272222221
        }
    },
    "hold_stock_list": [
        "DHI",
        "BAC",
        "PNC",
        "PFC",
        "SNV",
        "FHN",
        "STL",
        "EWBC",
        "BIO",
        "PBCT",
        "FBP",
        "WFC",
        "PSX"
    ],
    "portfolio": {
        "BAC": {
            "cost_p": 25.9,
            "position_%": 4.291546194312739,
            "profit_%": 5.173745173745173
        },
        "BIO": {
            "cost_p": 597.32,
            "position_%": 8.176112318776369,
            "profit_%": -0.7818254871760651
        },
        "DHI": {
            "cost_p": 72.88,
            "position_%": 5.250426164873467,
            "profit_%": 1.4956092206366678
        },
        "EWBC": {
            "cost_p": 32.92,
            "position_%": 9.486499964195088,
            "profit_%": 35.78371810449575
        },
        "FBP": {
            "cost_p": 6.92,
            "position_%": 8.37532305465875,
            "profit_%": 19.075144508670526
        },
        "FHN": {
            "cost_p": 10.96,
            "position_%": 10.58038677659134,
            "profit_%": 11.405109489051094
        },
        "PBCT": {
            "cost_p": 14.03,
            "position_%": 7.277401886263146,
            "profit_%": -5.488239486813967
        },
        "PFC": {
            "cost_p": 17.29,
            "position_%": 4.982429659202099,
            "profit_%": 24.92770387507231
        },
        "PNC": {
            "cost_p": 99.87,
            "position_%": 7.9143258396611476,
            "profit_%": 25.162711524982473
        },
        "PSX": {
            "cost_p": 74.12,
            "position_%": 9.077589166832002,
            "profit_%": -15.542363734484624
        },
        "SNV": {
            "cost_p": 15.59,
            "position_%": 8.98508714713253,
            "profit_%": 94.67607440667095
        },
        "STL": {
            "cost_p": 16.83,
            "position_%": 7.2748083716921315,
            "profit_%": -6.060606060606048
        },
        "WFC": {
            "cost_p": 34,
            "position_%": 8.328063455809176,
            "profit_%": -27.764705882352946
        }
    }
}