{
    "KellyFormula_Range_v1": {
        "ARLP": {
            "close": 7.22,
            "loss": 1.82723618,
            "max_close": 7.36,
            "min_close": 2.64479,
            "p": 0.0166666675,
            "profit": 0.07666683,
            "q": 0.9777778
        },
        "BIO": {
            "close": 672.7,
            "loss": 78.3581543,
            "max_close": 673.4,
            "min_close": 516.56,
            "p": 0.00555555569,
            "profit": 0.7000122,
            "q": 0.98888886
        },
        "CEIX": {
            "close": 17.37,
            "loss": 8.17432,
            "max_close": 18.67,
            "min_close": 3.76,
            "p": 0.08888889,
            "profit": 0.5462475,
            "q": 0.9
        },
        "CPLP": {
            "close": 11.8,
            "loss": 2.80251122,
            "max_close": 13.45,
            "min_close": 6.99167,
            "p": 0.3,
            "profit": 0.793567657,
            "q": 0.6944444
        },
        "EDRY": {
            "close": 26.485,
            "loss": 17.8575363,
            "max_close": 32.89,
            "min_close": 3.7,
            "p": 0.116666667,
            "profit": 2.53119087,
            "q": 0.877777755
        },
        "GOGL": {
            "close": 10.07,
            "loss": 4.175938,
            "max_close": 11.29,
            "min_close": 3.11279774,
            "p": 0.144444451,
            "profit": 0.5493355,
            "q": 0.85
        },
        "GSL": {
            "close": 17.16,
            "loss": 4.537915,
            "max_close": 21.39,
            "min_close": 6.65200329,
            "p": 0.116666667,
            "profit": 2.50786781,
            "q": 0.877777755
        },
        "KGC": {
            "close": 6.2,
            "loss": 0.04140854,
            "max_close": 9.005795,
            "min_close": 6.13875675,
            "p": 0.983333349,
            "profit": 1.09214067,
            "q": 0.0111111114
        },
        "LDI": {
            "close": 12.78,
            "loss": 0.328753471,
            "max_close": 30.3490582,
            "min_close": 12.025135,
            "p": 0.5222222,
            "profit": 4.98306,
            "q": 0.03888889
        },
        "TX": {
            "close": 40.68,
            "loss": 9.37935448,
            "max_close": 41.32,
            "min_close": 17.8606052,
            "p": 0.0111111114,
            "profit": 0.419998169,
            "q": 0.983333349
        }
    },
    "hold_stock_list": [
        "CEIX",
        "BIO",
        "KGC",
        "GSL",
        "ARLP",
        "GOGL",
        "CPLP",
        "LDI",
        "EDRY",
        "TX"
    ],
    "portfolio": {
        "ARLP": {
            "cost_p": 7.06,
            "position_%": 8.532702143336419,
            "profit": 0,
            "profit_%": 2.266288951841362
        },
        "BIO": {
            "cost_p": 580.11,
            "position_%": 14.159422820819003,
            "profit": 0,
            "profit_%": 15.96076606160901
        },
        "CEIX": {
            "cost_p": 18.18,
            "position_%": 8.266456263002272,
            "profit": 0,
            "profit_%": -4.455445544554449
        },
        "CPLP": {
            "cost_p": 12.99,
            "position_%": 5.6252955553669395,
            "profit": 0,
            "profit_%": -9.160892994611237
        },
        "EDRY": {
            "cost_p": 22.24,
            "position_%": 3.9399508655687825,
            "profit": 0,
            "profit_%": 19.109712230215827
        },
        "GOGL": {
            "cost_p": 10.75,
            "position_%": 5.924886143766004,
            "profit": 0,
            "profit_%": -6.325581395348835
        },
        "GSL": {
            "cost_p": 15.76,
            "position_%": 12.40879808980096,
            "profit": 0,
            "profit_%": 8.88324873096447
        },
        "KGC": {
            "cost_p": 7.61,
            "position_%": 13.72124894867718,
            "profit": 0,
            "profit_%": -18.528252299605782
        },
        "LDI": {
            "cost_p": 13.57,
            "position_%": 13.248754041717184,
            "profit": 0,
            "profit_%": -5.821665438467214
        },
        "TX": {
            "cost_p": 40.0,
            "position_%": 14.172485127945261,
            "profit": 0,
            "profit_%": 1.6999999999999995
        }
    }
}