{"hold_stock_list":["CEIX","BIO","KGC","GSL","ARLP","GOGL","CPLP","SID","EDRY","CNNE","PBFX","ET","SB","NMM","X","TX"],"portfolio":{"ARLP":{"cost_p":7.06,"position_%":7.747359625619467,"profit_%":62.74787535410766},"BIO":{"cost_p":580.11,"position_%":4.147161872104262,"profit_%":24.133354019065347},"CEIX":{"cost_p":18.18,"position_%":7.505618785597394,"profit_%":76.56765676567657},"CNNE":{"cost_p":31,"position_%":3.5458659367425387,"profit_%":1.4193548387096815},"CPLP":{"cost_p":12.99,"position_%":5.107548222793763,"profit_%":0.07698229407236172},"EDRY":{"cost_p":22.24,"position_%":3.577321199084609,"profit_%":11.330935251798575},"ET":{"cost_p":9.35,"position_%":7.452931221174425,"profit_%":6.310160427807486},"GOGL":{"cost_p":10.75,"position_%":5.379564752820081,"profit_%":-11.999999999999993},"GSL":{"cost_p":15.75,"position_%":8.444665600357105,"profit_%":33.841269841269835},"KGC":{"cost_p":7.61,"position_%":12.458357075205353,"profit_%":-19.053876478318006},"NMM":{"cost_p":30.04,"position_%":5.74466026368589,"profit_%":-8.78828229027963},"PBFX":{"cost_p":11.7,"position_%":4.182120106843518,"profit_%":23.760683760683772},"SB":{"cost_p":4.05,"position_%":6.015014669054359,"profit_%":13.580246913580243},"SID":{"cost_p":5.46,"position_%":9.309399357833671,"profit_%":-9.706959706959712},"TX":{"cost_p":40.0,"position_%":4.289353955736941,"profit_%":9.924999999999997},"X":{"cost_p":21.82,"position_%":5.093057355346632,"profit_%":2.8414298808432674}},"KellyFormula_Range_v1":{"CEIX":{"profit":0.3999977,"loss":17.2506771,"p":0.0166666675,"q":0.9777778,"max_close":33.98,"min_close":8.12,"close":33.54},"KGC":{"profit":0.836782455,"loss":0.3631816,"p":0.677777767,"q":0.316666663,"max_close":8.151266,"min_close":5.24,"close":6.16},"NMM":{"profit":2.9974308,"loss":4.65961456,"p":0.411111116,"q":0.5833333,"max_close":34.7979736,"min_close":13.1218348,"close":27.4},"ARLP":{"profit":0.283750534,"loss":4.59563351,"p":0.0444444455,"q":0.95,"max_close":11.98,"min_close":4.882302,"close":11.49},"CNNE":{"profit":4.931669,"loss":0.546522141,"p":0.8666667,"q":0.127777785,"max_close":42.07,"min_close":29.78,"close":31.44},"GOGL":{"profit":0.9131727,"loss":2.136188,"p":0.433333337,"q":0.5611111,"max_close":11.68,"min_close":4.428799,"close":9.46},"GSL":{"profit":2.10550117,"loss":5.1599493,"p":0.172222227,"q":0.822222233,"max_close":25.22,"min_close":11.5253487,"close":21.08},"SID":{"profit":2.35357952,"loss":0.0,"p":0.99444443,"q":0.0,"max_close":9.618398,"min_close":4.93,"close":4.93},"EDRY":{"profit":3.88038445,"loss":11.9917831,"p":0.416666657,"q":0.5777778,"max_close":33.81,"min_close":6.62,"close":24.76},"ET":{"profit":0.530993462,"loss":1.38974762,"p":0.205555558,"q":0.783333361,"max_close":11.163332,"min_close":5.937548,"close":9.94},"TX":{"profit":7.502819,"loss":7.61911,"p":0.25555557,"q":0.73888886,"max_close":56.19,"min_close":25.04841,"close":43.97},"BIO":{"profit":55.85199,"loss":104.555237,"p":0.2777778,"q":0.716666639,"max_close":825.77,"min_close":554.11,"close":720.11},"PBFX":{"profit":0.6394844,"loss":1.82964039,"p":0.23888889,"q":0.75555557,"max_close":15.8821535,"min_close":9.259094,"close":14.48},"X":{"profit":2.78263283,"loss":2.54888153,"p":0.644444466,"q":0.344444454,"max_close":29.45,"min_close":16.238081,"close":22.44},"CPLP":{"profit":0.288642883,"loss":1.53240585,"p":0.127777785,"q":0.8611111,"max_close":13.77,"min_close":9.002005,"close":13.0},"SB":{"profit":0.3661909,"loss":1.29886007,"p":0.116666667,"q":0.877777755,"max_close":5.28,"min_close":1.74,"close":4.6}}}