{
    "KellyFormula_Range_v1": {
        "BIO": {
            "close": 582.88,
            "loss": 7.986084,
            "max_close": 825.77,
            "min_close": 564.67,
            "p": 0.966666639,
            "profit": 133.935974,
            "q": 0.027777778
        },
        "CPLP": {
            "close": 15.16,
            "loss": 2.37796783,
            "max_close": 16.73,
            "min_close": 10.98,
            "p": 0.338888884,
            "profit": 0.7271309,
            "q": 0.655555546
        },
        "DAC": {
            "close": 93.55,
            "loss": 19.2327652,
            "max_close": 100.3,
            "min_close": 62.14,
            "p": 0.07777778,
            "profit": 3.52570343,
            "q": 0.9166667
        },
        "EDRY": null,
        "ET": {
            "close": 9.76,
            "loss": 0.6474333,
            "max_close": 11.35,
            "min_close": 8.15,
            "p": 0.366666675,
            "profit": 0.5275736,
            "q": 0.627777755
        },
        "GGB": {
            "close": 5.02,
            "loss": 0.2902894,
            "max_close": 6.43,
            "min_close": 4.26,
            "p": 0.6,
            "profit": 0.543147564,
            "q": 0.383333325
        },
        "GOGL": {
            "close": 12.9,
            "loss": 3.02893925,
            "max_close": 12.9,
            "min_close": 7.68,
            "p": 0.0,
            "profit": 0.0,
            "q": 0.99444443
        },
        "INTC": {
            "close": 44.69,
            "loss": 0.0,
            "max_close": 58.19,
            "min_close": 44.69,
            "p": 0.99444443,
            "profit": 8.037769,
            "q": 0.0
        },
        "NMM": {
            "close": 31.33,
            "loss": 4.43777275,
            "max_close": 33.55,
            "min_close": 21.47,
            "p": 0.0722222254,
            "profit": 0.696157455,
            "q": 0.9222222
        },
        "PKX": {
            "close": 57.88,
            "loss": 1.5261116,
            "max_close": 79.75,
            "min_close": 54.58,
            "p": 0.8888889,
            "profit": 10.3870049,
            "q": 0.1
        },
        "SB": {
            "close": 4.42,
            "loss": 0.704344749,
            "max_close": 5.28,
            "min_close": 3.1,
            "p": 0.188888893,
            "profit": 0.4152937,
            "q": 0.8055556
        },
        "SID": {
            "close": 4.86,
            "loss": 0.562799931,
            "max_close": 9.49,
            "min_close": 3.57,
            "p": 0.5777778,
            "profit": 2.31519175,
            "q": 0.416666657
        },
        "THO": {
            "close": 88.33,
            "loss": 1.01000214,
            "max_close": 127.44,
            "min_close": 87.32,
            "p": 0.98888886,
            "profit": 20.3182831,
            "q": 0.00555555569
        },
        "TX": {
            "close": 36.57,
            "loss": 2.00888824,
            "max_close": 56.19,
            "min_close": 32.74,
            "p": 0.9444444,
            "profit": 8.087051,
            "q": 0.05
        },
        "VALE": {
            "close": 17.18,
            "loss": 3.08776951,
            "max_close": 22.94,
            "min_close": 11.27,
            "p": 0.422222227,
            "profit": 3.50645065,
            "q": 0.572222233
        }
    },
    "hold_stock_list": [
        "VALE",
        "INTC",
        "BIO",
        "DAC",
        "GGB",
        "THO",
        "GOGL",
        "CPLP",
        "SID",
        "EDRY",
        "ET",
        "SB",
        "NMM",
        "PKX",
        "TX"
    ],
    "portfolio": {
        "BIO": {
            "cost_p": 596.71,
            "position_%": 6.711797757577041,
            "profit_%": -2.3177087697541587
        },
        "CPLP": {
            "cost_p": 12.99,
            "position_%": 3.652790001463263,
            "profit_%": 16.705157813702847
        },
        "DAC": {
            "cost_p": 76.97,
            "position_%": 9.149498885987246,
            "profit_%": 21.540860075354033
        },
        "EDRY": {
            "cost_p": 22.24,
            "position_%": 2.5584101290954115,
            "profit_%": 10.746402877697845
        },
        "ET": {
            "cost_p": 9.35,
            "position_%": 5.330148920533961,
            "profit_%": 4.385026737967916
        },
        "GGB": {
            "cost_p": 4.45,
            "position_%": 3.7540220569310674,
            "profit_%": 12.80898876404493
        },
        "GOGL": {
            "cost_p": 10.75,
            "position_%": 3.8473293807839677,
            "profit_%": 20.000000000000004
        },
        "INTC": {
            "cost_p": 47.47,
            "position_%": 19.46464398884566,
            "profit_%": -5.856330313882455
        },
        "NMM": {
            "cost_p": 30.04,
            "position_%": 4.108436505669864,
            "profit_%": 4.294274300932088
        },
        "PKX": {
            "cost_p": 58.54,
            "position_%": 5.77647491781542,
            "profit_%": -1.1274342330030689
        },
        "SB": {
            "cost_p": 4.05,
            "position_%": 4.301787175248333,
            "profit_%": 9.135802469135806
        },
        "SID": {
            "cost_p": 4.82,
            "position_%": 11.87809901742531,
            "profit_%": 0.8298755186721999
        },
        "THO": {
            "cost_p": 98.9,
            "position_%": 7.862842017356492,
            "profit_%": -10.68756319514662
        },
        "TX": {
            "cost_p": 39.41,
            "position_%": 8.341797457971056,
            "profit_%": -7.206292819081443
        },
        "VALE": {
            "cost_p": 12.76,
            "position_%": 3.2619217872959085,
            "profit_%": 34.639498432601876
        }
    }
}