{
    "KellyFormula_Range_v1": {
        "ARLP": {
            "close": 11.49,
            "loss": 4.59563351,
            "max_close": 11.98,
            "min_close": 4.882302,
            "p": 0.0444444455,
            "profit": 0.283750534,
            "q": 0.95
        },
        "BIO": {
            "close": 720.11,
            "loss": 104.555237,
            "max_close": 825.77,
            "min_close": 554.11,
            "p": 0.2777778,
            "profit": 55.85199,
            "q": 0.716666639
        },
        "CEIX": {
            "close": 33.54,
            "loss": 17.2506771,
            "max_close": 33.98,
            "min_close": 8.12,
            "p": 0.0166666675,
            "profit": 0.3999977,
            "q": 0.9777778
        },
        "CNNE": {
            "close": 31.44,
            "loss": 0.546522141,
            "max_close": 42.07,
            "min_close": 29.78,
            "p": 0.8666667,
            "profit": 4.931669,
            "q": 0.127777785
        },
        "CPLP": {
            "close": 13.0,
            "loss": 1.53240585,
            "max_close": 13.77,
            "min_close": 9.002005,
            "p": 0.127777785,
            "profit": 0.288642883,
            "q": 0.8611111
        },
        "EDRY": {
            "close": 24.76,
            "loss": 11.9917831,
            "max_close": 33.81,
            "min_close": 6.62,
            "p": 0.416666657,
            "profit": 3.88038445,
            "q": 0.5777778
        },
        "ET": {
            "close": 9.94,
            "loss": 1.38974762,
            "max_close": 11.163332,
            "min_close": 5.937548,
            "p": 0.205555558,
            "profit": 0.530993462,
            "q": 0.783333361
        },
        "GOGL": {
            "close": 9.46,
            "loss": 2.136188,
            "max_close": 11.68,
            "min_close": 4.428799,
            "p": 0.433333337,
            "profit": 0.9131727,
            "q": 0.5611111
        },
        "GSL": {
            "close": 21.08,
            "loss": 5.1599493,
            "max_close": 25.22,
            "min_close": 11.5253487,
            "p": 0.172222227,
            "profit": 2.10550117,
            "q": 0.822222233
        },
        "KGC": {
            "close": 6.16,
            "loss": 0.3631816,
            "max_close": 8.151266,
            "min_close": 5.24,
            "p": 0.677777767,
            "profit": 0.836782455,
            "q": 0.316666663
        },
        "NMM": {
            "close": 27.4,
            "loss": 4.65961456,
            "max_close": 34.7979736,
            "min_close": 13.1218348,
            "p": 0.411111116,
            "profit": 2.9974308,
            "q": 0.5833333
        },
        "PBFX": {
            "close": 14.48,
            "loss": 1.82964039,
            "max_close": 15.8821535,
            "min_close": 9.259094,
            "p": 0.23888889,
            "profit": 0.6394844,
            "q": 0.75555557
        },
        "SB": {
            "close": 4.6,
            "loss": 1.29886007,
            "max_close": 5.28,
            "min_close": 1.74,
            "p": 0.116666667,
            "profit": 0.3661909,
            "q": 0.877777755
        },
        "SID": {
            "close": 4.93,
            "loss": 0.0,
            "max_close": 9.618398,
            "min_close": 4.93,
            "p": 0.99444443,
            "profit": 2.35357952,
            "q": 0.0
        },
        "TX": {
            "close": 43.97,
            "loss": 7.61911,
            "max_close": 56.19,
            "min_close": 25.04841,
            "p": 0.25555557,
            "profit": 7.502819,
            "q": 0.73888886
        },
        "X": {
            "close": 22.44,
            "loss": 2.54888153,
            "max_close": 29.45,
            "min_close": 16.238081,
            "p": 0.644444466,
            "profit": 2.78263283,
            "q": 0.344444454
        }
    },
    "hold_stock_list": [
        "CEIX",
        "BIO",
        "KGC",
        "GSL",
        "ARLP",
        "GOGL",
        "CPLP",
        "SID",
        "EDRY",
        "CNNE",
        "PBFX",
        "ET",
        "SB",
        "NMM",
        "X",
        "TX"
    ],
    "portfolio": {
        "ARLP": {
            "cost_p": 7.06,
            "position_%": 7.747359625619467,
            "profit_%": 62.74787535410766
        },
        "BIO": {
            "cost_p": 580.11,
            "position_%": 4.147161872104262,
            "profit_%": 24.133354019065347
        },
        "CEIX": {
            "cost_p": 18.18,
            "position_%": 7.505618785597394,
            "profit_%": 76.56765676567657
        },
        "CNNE": {
            "cost_p": 31,
            "position_%": 3.5458659367425387,
            "profit_%": 1.4193548387096815
        },
        "CPLP": {
            "cost_p": 12.99,
            "position_%": 5.107548222793763,
            "profit_%": 0.07698229407236172
        },
        "EDRY": {
            "cost_p": 22.24,
            "position_%": 3.577321199084609,
            "profit_%": 11.330935251798575
        },
        "ET": {
            "cost_p": 9.35,
            "position_%": 7.452931221174425,
            "profit_%": 6.310160427807486
        },
        "GOGL": {
            "cost_p": 10.75,
            "position_%": 5.379564752820081,
            "profit_%": -11.999999999999993
        },
        "GSL": {
            "cost_p": 15.75,
            "position_%": 8.444665600357105,
            "profit_%": 33.841269841269835
        },
        "KGC": {
            "cost_p": 7.61,
            "position_%": 12.458357075205353,
            "profit_%": -19.053876478318006
        },
        "NMM": {
            "cost_p": 30.04,
            "position_%": 5.74466026368589,
            "profit_%": -8.78828229027963
        },
        "PBFX": {
            "cost_p": 11.7,
            "position_%": 4.182120106843518,
            "profit_%": 23.760683760683772
        },
        "SB": {
            "cost_p": 4.05,
            "position_%": 6.015014669054359,
            "profit_%": 13.580246913580243
        },
        "SID": {
            "cost_p": 5.46,
            "position_%": 9.309399357833671,
            "profit_%": -9.706959706959712
        },
        "TX": {
            "cost_p": 40.0,
            "position_%": 4.289353955736941,
            "profit_%": 9.924999999999997
        },
        "X": {
            "cost_p": 21.82,
            "position_%": 5.093057355346632,
            "profit_%": 2.8414298808432674
        }
    }
}