{
    "Factor_Intersectional_v1": [],
    "KellyFormula_Range_v1": {
        "AAP": {
            "close": 42.37,
            "loss": 6.618675,
            "max_close": 65.77928,
            "min_close": 29.623726,
            "p": 0.81666666,
            "profit": 11.547176,
            "q": 0.17777778
        },
        "ALB": {
            "close": 176.88,
            "loss": 88.425964,
            "max_close": 176.88,
            "min_close": 50.007885,
            "p": 0.0,
            "profit": 0.0,
            "q": 0.99444443
        },
        "EL": {
            "close": 115.37,
            "loss": 28.411194,
            "max_close": 115.37,
            "min_close": 49.429493,
            "p": 0.0,
            "profit": 0.0,
            "q": 0.99444443
        },
        "EPAM": {
            "close": 211.99,
            "loss": 39.64093,
            "max_close": 267.63,
            "min_close": 142.2,
            "p": 0.022222223,
            "profit": 5.1349945,
            "q": 0.9722222
        },
        "HAL": {
            "close": 32.61,
            "loss": 9.21279,
            "max_close": 32.63,
            "min_close": 18.836878,
            "p": 0.0055555557,
            "profit": 0.020000458,
            "q": 0.98888886
        },
        "HOG": {
            "close": 21.1,
            "loss": 0.32545662,
            "max_close": 30.603024,
            "min_close": 20.380846,
            "p": 0.93333334,
            "profit": 4.0206165,
            "q": 0.06111111
        },
        "ILPT": {
            "close": 6.0,
            "loss": 1.051434,
            "max_close": 6.3965173,
            "min_close": 2.4559078,
            "p": 0.11111111,
            "profit": 0.17302847,
            "q": 0.8833333
        },
        "MPW": {
            "close": 5.33,
            "loss": 0.73011255,
            "max_close": 5.894407,
            "min_close": 3.7462645,
            "p": 0.1,
            "profit": 0.13419247,
            "q": 0.89444447
        },
        "NICE": {
            "close": 116.07,
            "loss": 7.958748,
            "max_close": 178.5,
            "min_close": 99.6,
            "p": 0.81666666,
            "profit": 33.3453,
            "q": 0.17777778
        },
        "NKE": {
            "close": 66.3,
            "loss": 4.6991386,
            "max_close": 79.84435,
            "min_close": 52.310772,
            "p": 0.49444443,
            "profit": 6.07473,
            "q": 0.5
        },
        "NVO": {
            "close": 59.64,
            "loss": 7.381153,
            "max_close": 88.51028,
            "min_close": 44.874336,
            "p": 0.37777779,
            "profit": 8.555229,
            "q": 0.6166667
        },
        "PVH": {
            "close": 65.51,
            "loss": 1.1448517,
            "max_close": 98.821236,
            "min_close": 60.41741,
            "p": 0.9166667,
            "profit": 12.268227,
            "q": 0.07777778
        },
        "PYPL": {
            "close": 56.56,
            "loss": 0.0,
            "max_close": 91.59824,
            "min_close": 56.56,
            "p": 0.99444443,
            "profit": 11.495899,
            "q": 0.0
        },
        "SBUX": {
            "close": 90.56,
            "loss": 5.781143,
            "max_close": 113.427155,
            "min_close": 77.89724,
            "p": 0.19444445,
            "profit": 1.8697052,
            "q": 0.8
        },
        "SID": {
            "close": 1.87,
            "loss": 0.32744253,
            "max_close": 1.88,
            "min_close": 1.25,
            "p": 0.0055555557,
            "profit": 0.00999999,
            "q": 0.9777778
        },
        "SM": {
            "close": 18.17,
            "loss": 0.28017616,
            "max_close": 42.88422,
            "min_close": 17.57,
            "p": 0.9444444,
            "profit": 5.2887497,
            "q": 0.05
        },
        "TGT": {
            "close": 108.63,
            "loss": 14.117485,
            "max_close": 136.47893,
            "min_close": 83.68,
            "p": 0.0,
            "profit": 0.0,
            "q": 0.99444443
        },
        "VALE": {
            "close": 14.11,
            "loss": 3.4143896,
            "max_close": 14.26,
            "min_close": 7.9883733,
            "p": 0.011111111,
            "profit": 0.105000496,
            "q": 0.98333335
        },
        "VFC": {
            "close": 19.65,
            "loss": 5.448432,
            "max_close": 26.329767,
            "min_close": 9.567923,
            "p": 0.027777778,
            "profit": 0.19199944,
            "q": 0.96666664
        },
        "ZIM": {
            "close": 21.57,
            "loss": 5.4982815,
            "max_close": 23.27,
            "min_close": 11.213416,
            "p": 0.033333335,
            "profit": 0.8850002,
            "q": 0.9611111
        }
    },
    "hold_stock_list": [
        "EL",
        "TGT",
        "SBUX",
        "NKE",
        "PVH",
        "VFC",
        "MPW",
        "NVO",
        "ILPT",
        "AAP",
        "HOG",
        "PYPL",
        "EPAM",
        "NICE",
        "ZIM",
        "VALE",
        "SID",
        "HAL",
        "SM",
        "ALB"
    ],
    "portfolio": {
        "AAP": {
            "cost_p": 91.35,
            "position_%": 12.815104367596794,
            "profit_%": -53.617952928297754
        },
        "ALB": {
            "cost_p": 173.45,
            "position_%": 6.952161553083632,
            "profit_%": 1.9775151340443973
        },
        "EL": {
            "cost_p": 143.03,
            "position_%": 5.732877872225724,
            "profit_%": -19.338600293644685
        },
        "EPAM": {
            "cost_p": 248.63,
            "position_%": 2.491374930733905,
            "profit_%": -14.736757430720344
        },
        "HAL": {
            "cost_p": 26.94,
            "position_%": 2.699498879216965,
            "profit_%": 21.046770601336295
        },
        "HOG": {
            "cost_p": 21.9,
            "position_%": 3.2917052034995287,
            "profit_%": -3.6529680365296677
        },
        "ILPT": {
            "cost_p": 17.2,
            "position_%": 3.4470215829644992,
            "profit_%": -65.11627906976743
        },
        "MPW": {
            "cost_p": 6.18,
            "position_%": 4.334830048809424,
            "profit_%": -13.754045307443361
        },
        "NICE": {
            "cost_p": 119.55,
            "position_%": 3.5938206125878414,
            "profit_%": -2.910915934755336
        },
        "NKE": {
            "cost_p": 70.07,
            "position_%": 9.127693110866835,
            "profit_%": -5.380333951762518
        },
        "NVO": {
            "cost_p": 64.24,
            "position_%": 8.368246117341023,
            "profit_%": -7.160647571606467
        },
        "PVH": {
            "cost_p": 87.3,
            "position_%": 5.248691584758152,
            "profit_%": -24.95990836197021
        },
        "PYPL": {
            "cost_p": 68.03,
            "position_%": 2.7267543987101726,
            "profit_%": -16.860208731442007
        },
        "SBUX": {
            "cost_p": 79.91,
            "position_%": 1.6014621784575178,
            "profit_%": 13.32749343010888
        },
        "SID": {
            "cost_p": 4.54,
            "position_%": 3.184486799610807,
            "profit_%": -58.81057268722467
        },
        "SM": {
            "cost_p": 18.16,
            "position_%": 3.6394134852694937,
            "profit_%": 0.05506607929516279
        },
        "TGT": {
            "cost_p": 107.3,
            "position_%": 4.300760649442916,
            "profit_%": 1.2395153774464103
        },
        "VALE": {
            "cost_p": 12.22,
            "position_%": 2.4489885897573354,
            "profit_%": 15.466448445171837
        },
        "VFC": {
            "cost_p": 18.8,
            "position_%": 1.3186861637154883,