{
    "Factor_Intersectional_v1": [],
    "KellyFormula_Range_v1": {
        "AAP": {
            "close": 55.89,
            "loss": 6.646023,
            "max_close": 65.48838,
            "min_close": 38.351055,
            "p": 0.27222222,
            "profit": 2.460003,
            "q": 0.7222222
        },
        "ADBE": {
            "close": 258.42,
            "loss": 12.940521,
            "max_close": 416.92,
            "min_close": 225.35,
            "p": 0.6722222,
            "profit": 62.766144,
            "q": 0.32222223
        },
        "ADSK": {
            "close": 233.64,
            "loss": 6.174011,
            "max_close": 326.79,
            "min_close": 218.45,
            "p": 0.8833333,
            "profit": 42.192215,
            "q": 0.11111111
        },
        "CRM": {
            "close": 188.75,
            "loss": 8.717392,
            "max_close": 272.4766,
            "min_close": 164.96,
            "p": 0.7,
            "profit": 43.713272,
            "q": 0.29444444
        },
        "EL": {
            "close": 82.9,
            "loss": 7.353668,
            "max_close": 118.776634,
            "min_close": 66.337265,
            "p": 0.7722222,
            "profit": 15.431885,
            "q": 0.22222222
        },
        "EPAM": {
            "close": 97.59,
            "loss": 3.778328,
            "max_close": 221.4,
            "min_close": 89.69,
            "p": 0.9611111,
            "profit": 63.101868,
            "q": 0.033333335
        },
        "FLO": {
            "close": 7.3,
            "loss": 0.11800003,
            "max_close": 15.694437,
            "min_close": 7.01,
            "p": 0.96666664,
            "profit": 2.8051577,
            "q": 0.027777778
        },
        "GLOB": {
            "close": 39.58,
            "loss": 2.6887512,
            "max_close": 103.28,
            "min_close": 32.75,
            "p": 0.95,
            "profit": 16.234627,
            "q": 0.044444446
        },
        "ILPT": {
            "close": 8.69,
            "loss": 2.7648644,
            "max_close": 8.97,
            "min_close": 3.138735,
            "p": 0.027777778,
            "profit": 0.15400028,
            "q": 0.9611111
        },
        "IT": {
            "close": 164.75,
            "loss": 10.0099945,
            "max_close": 425.62,
            "min_close": 140.65,
            "p": 0.5777778,
            "profit": 70.70111,
            "q": 0.41666666
        },
        "MOH": {
            "close": 184.82,
            "loss": 28.799545,
            "max_close": 306.29,
            "min_close": 122.65,
            "p": 0.25555557,
            "profit": 8.436508,
            "q": 0.73888886
        },
        "MPT": {
            "close": 4.95,
            "loss": 0.1640563,
            "max_close": 5.9101014,
            "min_close": 3.7768216,
            "p": 0.6722222,
            "profit": 0.24278498,
            "q": 0.32222223
        },
        "NICE": {
            "close": 94.91,
            "loss": 3.559288,
            "max_close": 178.32,
            "min_close": 86.38,
            "p": 0.9166667,
            "profit": 22.510963,
            "q": 0.07777778
        },
        "NKE": {
            "close": 43.81,
            "loss": 1.0393181,
            "max_close": 77.12365,
            "min_close": 41.50858,
            "p": 0.87777776,
            "profit": 16.258171,
            "q": 0.11666667
        },
        "NOW": {
            "close": 117.9,
            "loss": 16.284943,
            "max_close": 208.938,
            "min_close": 83.0,
            "p": 0.5555556,
            "profit": 45.910988,
            "q": 0.43888888
        },
        "NVO": {
            "close": 42.0,
            "loss": 4.3580475,
            "max_close": 77.311485,
            "min_close": 34.765,
            "p": 0.7277778,
            "profit": 8.173672,
            "q": 0.26666668
        },
        "PAYC": {
            "close": 137.79,
            "loss": 11.311729,
            "max_close": 263.23297,
            "min_close": 113.28088,
            "p": 0.5611111,
            "profit": 35.163925,
            "q": 0.43333334
        },
        "PODD": {
            "close": 143.3,
            "loss": 0.76000977,
            "max_close": 352.82,
            "min_close": 142.43,
            "p": 0.98333335,
            "profit": 117.21709,
            "q": 0.011111111
        },
        "PYPL": {
            "close": 42.61,
            "loss": 1.8748665,
            "max_close": 77.80403,
            "min_close": 38.962036,
            "p": 0.9222222,
            "profit": 13.433655,
            "q": 0.072222225
        },
        "SID": {
            "close": 1.31,
            "loss": 0.066571355,
            "max_close": 2.12,
            "min_close": 1.11,
            "p": 0.79444444,
            "profit": 0.3116784,
            "q": 0.19444445
        },
        "TASK": {
            "close": 5.86,
            "loss": 0.20785761,
            "max_close": 11.867776,
            "min_close": 5.49,
            "p": 0.95555556,
            "profit": 1.8535614,
            "q": 0.03888889
        },
        "ZIM": {
            "close": 24.5,
            "loss": 6.9609833,
            "max_close": 28.55,
            "min_close": 12.033946,
            "p": 0.4,
            "profit": 2.022953,
            "q": 0.59444445
        }
    },
    "hold_stock_list": [
        "EL",
        "FLO",
        "NKE",
        "MPT",
        "MOH",
        "NVO",
        "ILPT",
        "AAP",
        "PYPL",
        "TASK",
        "EPAM",
        "IT",
        "PAYC",
        "PODD",
        "ADSK",
        "GLOB",
        "CRM",
        "NOW",
        "ADBE",
        "NICE",
        "ZIM",
        "SID"
    ],
    "portfolio": {
        "AAP": {
            "cost_p": 91.35,
            "position_%": 9.616678835711873,
            "profit_%": -37.81061850027367
        },
        "ADBE": {
            "cost_p": 281.04,
            "position_%": 4.226556290544163,
            "profit_%": -10.486051807571885
        },
        "ADSK": {
            "cost_p": 228.33,
            "position_%": 3.433851401295007,
            "profit_%": 1.7211930101169264
        },
        "CRM": {
            "cost_p": 234.16,
            "position_%": 3.521528682727801,
            "profit_%": -20.545780662794662
        },
        "EL": {
            "cost_p": 112.06,
            "position_%": 6.7410745505035425,
            "profit_%": -25.388184900945927
        },
        "EPAM": {
            "cost_p": 152.61,
            "position_%": 6.885298414815807,
            "profit_%": -35.97405150383331
        },
        "FLO": {
            "cost_p": 10.95,
            "position_%": 2.4701532547746896,
            "profit_%": -31.05022831050228
        },
        "GLOB": {
            "cost_p": 49.15,
            "position_%": 2.2174983099940824,
            "profit_%": -21.932858596134285
        },
        "ILPT": {
            "cost_p": 17.2,
            "position_%": 2.5867053870395535,
            "profit_%": -49.76744186046511
        },
        "IT": {
            "cost_p": 160.87,
            "position_%": 2.4193214861224006,
            "profit_%": 0.4164853608503683
        },
        "MOH": {
            "cost_p": 199,
            "position_%": 2.99275797686553,
            "profit_%": -4.266331658291462
        },
        "MPT": {
            "cost_p": 6.18,
            "position_%": 3.252932414050322,
            "profit_%": -19.74110032362459
        },
        "NICE": {
            "cost_p": 119.55,
            "position_%": 2.69686595076086,
            "profit_%": -22.735257214554576
        },
        "NKE": {
            "cost_p": 64.33,
            "position_%": 9.190849980862891,
            "profit_%": -33.20379294263952
        },
        "NOW": {
            "cost_p": 102.91,
            "position_%": 2.321492889943957,