{
    "KellyFormula_Range_v1": {
        "BGFV": {
            "close": 16.59,
            "loss": 6.77216625,
            "max_close": 17.1,
            "min_close": 4.30722,
            "p": 0.03888889,
            "profit": 0.334285736,
            "q": 0.955555558
        },
        "BIO": {
            "close": 614.85,
            "loss": 59.0522461,
            "max_close": 662.35,
            "min_close": 478.82,
            "p": 0.08888889,
            "profit": 21.3150635,
            "q": 0.905555546
        },
        "CNNE": {
            "close": 41.21,
            "loss": 2.53438568,
            "max_close": 45.6,
            "min_close": 34.48,
            "p": 0.222222224,
            "profit": 1.75224686,
            "q": 0.7722222
        },
        "DHI": {
            "close": 93.14,
            "loss": 18.62413,
            "max_close": 93.93,
            "min_close": 64.07681,
            "p": 0.0166666675,
            "profit": 0.546669,
            "q": 0.9777778
        },
        "ELP": {
            "close": 1.12,
            "loss": 0.0435607433,
            "max_close": 1.42010415,
            "min_close": 1.02269232,
            "p": 0.6166667,
            "profit": 0.114410043,
            "q": 0.3611111
        },
        "HTH": {
            "close": 33.41,
            "loss": 8.793581,
            "max_close": 39.37,
            "min_close": 17.91427,
            "p": 0.144444451,
            "profit": 2.244999,
            "q": 0.85
        },
        "LAKE": {
            "close": 28.19,
            "loss": 5.24428,
            "max_close": 44.43,
            "min_close": 18.3,
            "p": 0.2611111,
            "profit": 4.05723,
            "q": 0.733333349
        },
        "MDC": {
            "close": 60.54,
            "loss": 14.2861862,
            "max_close": 61.67,
            "min_close": 38.41685,
            "p": 0.027777778,
            "profit": 0.6019974,
            "q": 0.966666639
        },
        "PBFX": {
            "close": 14.37,
            "loss": 4.77531338,
            "max_close": 14.86,
            "min_close": 6.8425045,
            "p": 0.06111111,
            "profit": 0.210000992,
            "q": 0.933333337
        },
        "PHM": {
            "close": 54.05,
            "loss": 8.664722,
            "max_close": 54.56,
            "min_close": 40.3891258,
            "p": 0.0111111114,
            "profit": 0.2800026,
            "q": 0.983333349
        },
        "SMP": {
            "close": 42.25,
            "loss": 1.08093643,
            "max_close": 53.85105,
            "min_close": 38.7728958,
            "p": 0.75555557,
            "profit": 3.44625854,
            "q": 0.23888889
        },
        "STC": {
            "close": 56.26,
            "loss": 9.911533,
            "max_close": 58.3,
            "min_close": 39.3002357,
            "p": 0.0166666675,
            "profit": 1.090004,
            "q": 0.9777778
        },
        "TDS": {
            "close": 23.51,
            "loss": 3.82741356,
            "max_close": 23.88,
            "min_close": 16.3788166,
            "p": 0.0333333351,
            "profit": 0.192775726,
            "q": 0.9611111
        },
        "WFC": {
            "close": 39.79,
            "loss": 11.1155987,
            "max_close": 40.81,
            "min_close": 20.9815083,
            "p": 0.0444444455,
            "profit": 0.4300003,
            "q": 0.95
        }
    },
    "hold_stock_list": [
        "SMP",
        "DHI",
        "TDS",
        "BGFV",
        "BIO",
        "WFC",
        "STC",
        "CNNE",
        "LAKE",
        "HTH",
        "MDC",
        "PBFX",
        "PHM",
        "ELP"
    ],
    "portfolio": {
        "BGFV": {
            "cost_p": 12.23,
            "position": 700,
            "position_%": 4.0763362893159805,
            "profit": 0,
            "profit_%": 38.34832379394931
        },
        "BIO": {
            "cost_p": 580.11,
            "position": 62,
            "position_%": 17.125669148148088,
            "profit": 0,
            "profit_%": 6.659081898260674
        },
        "CNNE": {
            "cost_p": 41.7,
            "position": 200,
            "position_%": 3.9711067226837136,
            "profit": 0,
            "profit_%": -0.09592326139090228
        },
        "DHI": {
            "cost_p": 72.88,
            "position": 100,
            "position_%": 3.4701949394387177,
            "profit": 0,
            "profit_%": 28.375411635565325
        },
        "ELP": {
            "cost_p": 1.05,
            "position": 18050,
            "position_%": 9.024268604515957,
            "profit": 0,
            "profit_%": 6.666666666666672
        },
        "HTH": {
            "cost_p": 29.44,
            "position": 200,
            "position_%": 2.8035823001392934,
            "profit": 0,
            "profit_%": 15.251358695652167
        },
        "LAKE": {
            "cost_p": 28.88,
            "position": 790,
            "position_%": 10.86350049153159,
            "profit": 0,
            "profit_%": -3.912742382271465
        },
        "MDC": {
            "cost_p": 59.95,
            "position": 170,
            "position_%": 4.852701938157202,
            "profit": 0,
            "profit_%": 1.951626355296071
        },
        "PBFX": {
            "cost_p": 11.39,
            "position": 1000,
            "position_%": 5.4233699725860305,
            "profit": 0,
            "profit_%": 27.74363476733977
        },
        "PHM": {
            "cost_p": 49.31,
            "position": 185,
            "position_%": 4.343624150080788,
            "profit": 0,
            "profit_%": 9.916852565402557
        },
        "SMP": {
            "cost_p": 41.45,
            "position": 637,
            "position_%": 12.57214772402732,
            "profit": 0,
            "profit_%": 3.377563329312421
        },
        "STC": {
            "cost_p": 53.5,
            "position": 530,
            "position_%": 13.501286705239412,
            "profit": 0,
            "profit_%": 5.084112149532708
        },
        "TDS": {
            "cost_p": 20.77,
            "position": 500,
            "position_%": 4.944837327946087,
            "profit": 0,
            "profit_%": 12.566201251805486
        },
        "WFC": {
            "cost_p": 31.79,
            "position": 200,
            "position_%": 3.027373686189814,
            "profit": 0,
            "profit_%": 25.1336898395722
        }
    }
}