{
    "Factor_Intersectional_v1": [],
    "KellyFormula_Range_v1": {
        "AAP": {
            "close": 49.42,
            "loss": 9.533321,
            "max_close": 64.195885,
            "min_close": 30.074455,
            "p": 0.06111111,
            "profit": 2.2336388,
            "q": 0.93333334
        },
        "ALB": {
            "close": 56.66,
            "loss": 2.3415375,
            "max_close": 109.52887,
            "min_close": 50.43097,
            "p": 0.9166667,
            "profit": 25.554981,
            "q": 0.07777778
        },
        "EL": {
            "close": 75.19,
            "loss": 8.923508,
            "max_close": 112.62757,
            "min_close": 49.80485,
            "p": 0.25555557,
            "profit": 9.738411,
            "q": 0.73888886
        },
        "EPAM": {
            "close": 163.06,
            "loss": 10.02124,
            "max_close": 267.63,
            "min_close": 143.33,
            "p": 0.8611111,
            "profit": 49.573868,
            "q": 0.13333334
        },
        "EW": {
            "close": 73.83,
            "loss": 3.7623901,
            "max_close": 93.78,
            "min_close": 59.7,
            "p": 0.31666666,
            "profit": 1.8549118,
            "q": 0.67777777
        },
        "GGB": {
            "close": 2.86,
            "loss": 0.17070818,
            "max_close": 3.5385132,
            "min_close": 2.3,
            "p": 0.65,
            "profit": 0.2646637,
            "q": 0.33888888
        },
        "HAL": {
            "close": 22.28,
            "loss": 1.8101597,
            "max_close": 35.48683,
            "min_close": 19.099735,
            "p": 0.7222222,
            "profit": 4.907343,
            "q": 0.26666668
        },
        "ILPT": {
            "close": 4.7,
            "loss": 1.1249523,
            "max_close": 5.113726,
            "min_close": 2.5003462,
            "p": 0.0055555557,
            "profit": 0.03999996,
            "q": 0.98888886
        },
        "KSS": {
            "close": 8.23,
            "loss": 0.9743204,
            "max_close": 22.458406,
            "min_close": 6.0484843,
            "p": 0.73888886,
            "profit": 5.3140736,
            "q": 0.25555557
        },
        "MPW": {
            "close": 4.44,
            "loss": 0.36734343,
            "max_close": 6.0981083,
            "min_close": 3.6044285,
            "p": 0.60555553,
            "profit": 0.64113426,
            "q": 0.3888889
        },
        "NKE": {
            "close": 59.79,
            "loss": 3.1743355,
            "max_close": 95.14015,
            "min_close": 52.918324,
            "p": 0.8333333,
            "profit": 13.143784,
            "q": 0.16111112
        },
        "NVO": {
            "close": 74.01,
            "loss": 7.4840775,
            "max_close": 144.04108,
            "min_close": 58.08,
            "p": 0.70555556,
            "profit": 20.505302,
            "q": 0.2888889
        },
        "PFE": {
            "close": 23.97,
            "loss": 1.20084,
            "max_close": 29.837969,
            "min_close": 21.185833,
            "p": 0.7277778,
            "profit": 1.7518253,
            "q": 0.2611111
        },
        "PVH": {
            "close": 64.63,
            "loss": 1.2266388,
            "max_close": 114.23,
            "min_close": 60.472145,
            "p": 0.95555556,
            "profit": 22.546127,
            "q": 0.03888889
        },
        "PYPL": {
            "close": 70.05,
            "loss": 4.4398956,
            "max_close": 91.81,
            "min_close": 57.22,
            "p": 0.74444443,
            "profit": 10.830147,
            "q": 0.25
        },
        "SBUX": {
            "close": 93.12,
            "loss": 6.772705,
            "max_close": 115.00041,
            "min_close": 70.7466,
            "p": 0.6,
            "profit": 7.0541534,
            "q": 0.39444444
        },
        "SEE": {
            "close": 30.31,
            "loss": 2.5222569,
            "max_close": 37.127045,
            "min_close": 23.781643,
            "p": 0.76111114,
            "profit": 3.5392551,
            "q": 0.23333333
        },
        "SID": {
            "close": 1.43,
            "loss": 0.065999985,
            "max_close": 2.35638,
            "min_close": 1.3,
            "p": 0.8888889,
            "profit": 0.27897525,
            "q": 0.083333336
        },
        "TGT": {
            "close": 95.54,
            "loss": 2.1084137,
            "max_close": 156.39932,
            "min_close": 87.75676,
            "p": 0.8111111,
            "profit": 31.123848,
            "q": 0.18333334
        },
        "VALE": {
            "close": 9.06,
            "loss": 0.42809963,
            "max_close": 11.254913,
            "min_close": 8.179748,
            "p": 0.76111114,
            "profit": 0.6469784,
            "q": 0.23333333
        },
        "VFC": {
            "close": 11.71,
            "loss": 0.6745548,
            "max_close": 26.618027,
            "min_close": 9.672672,
            "p": 0.89444447,
            "profit": 7.441325,
            "q": 0.1
        },
        "ZIM": {
            "close": 16.53,
            "loss": 1.7414932,
            "max_close": 19.37,
            "min_close": 11.051109,
            "p": 0.38333333,
            "profit": 0.8999386,
            "q": 0.6111111
        }
    },
    "hold_stock_list": [
        "SEE",
        "EL",
        "KSS",
        "TGT",
        "NKE",
        "PVH",
        "VFC",
        "SBUX",
        "MPW",
        "NVO",
        "PFE",
        "ILPT",
        "AAP",
        "PYPL",
        "EPAM",
        "EW",
        "ZIM",
        "VALE",
        "GGB",
        "SID",
        "HAL",
        "ALB"
    ],
    "portfolio": {
        "AAP": {
            "cost_p": 91.35,
            "position_%": 12.256656632481434,
            "profit_%": -45.90038314176245
        },
        "ALB": {
            "cost_p": 173.45,
            "position_%": 6.649205075936836,
            "profit_%": -67.33352551167484
        },
        "EL": {
            "cost_p": 143.03,
            "position_%": 5.4830544941553505,
            "profit_%": -47.43060896315458
        },
        "EPAM": {
            "cost_p": 248.63,
            "position_%": 2.3828075209428876,
            "profit_%": -34.41660298435426
        },
        "EW": {
            "cost_p": 87.4,
            "position_%": 2.5128589952589193,
            "profit_%": -15.52631578947369
        },
        "GGB": {
            "cost_p": 2.9,
            "position_%": 2.2234297745998064,
            "profit_%": -1.3793103448275874
        },
        "HAL": {
            "cost_p": 34.9,
            "position_%": 2.34130988764971,
            "profit_%": -36.160458452722054
        },
        "ILPT": {
            "cost_p": 17.2,
            "position_%": 3.29680966578592,
            "profit_%": -72.67441860465117
        },
        "KSS": {
            "cost_p": 11.63,
            "position_%": 10.700064115281002,
            "profit_%": -29.234737747205504
        },
        "MPW": {
            "cost_p": 6.18,
            "position_%": 4.145929829706364,
            "profit_%": -28.155339805825236
        },
        "NKE": {
            "cost_p": 73.71,
            "position_%": 5.651345127094888,
            "profit_%": -18.88481888481888
        },
        "NVO": {
            "cost_p": 89.89,
            "position_%": 2.5844496005014217,
            "profit_%": -17.933029257981982
        },
        "PFE": {
            "cost_p": 24,
            "position_%": 2.3000997668273864,
            "profit_%": -0.12500000000000472
        },
        "PVH": {
            "cost_p": 87.3,
            "position_%": 5.01996774110077,
            "profit_%": -25.967926689576178
        },
        "PYPL": {
            "cost_p": 68.03,
            "position_%": 2.607929785621118,