{"hold_stock_list":["SEE","EL","TGT","NKE","PVH","VFC","MPW","NVO","ILPT","AAP","PYPL","EPAM","EW","ZIM","VALE","GGB","SID","HAL","ALB"],"watch_stock_list":["ABNB","ACLS","ACMR","ADBE","ADSK","AEO","ALB","AMAT","ANSS","APD","APTV","ARTNA","ASML","AZN","BAC","BBY","BIO","BLD","BUD","CAMT","CE","CNMD","CRM","CSCO","CVS","DE","DELL","DEO","DG","DHI","DIS","EL","EPAM","EW","EXLS","EXR","F","FDX","FFIV","FSLR","FTNT","G","GIS","GLOB","GM","GOOG","HAL","HAS","HMC","HOV","HPE","HPQ","INTC","ISRG","K","KSS","LMAT","LNTH","LQDT","LRCX","M","MA","MCHP","MMM","MMS","MOH","MPW","MS","MSFT","MU","NDAQ","NFLX","NICE","NKE","NOW","NVO","NXPI","ORCL","OXM","PAGS","PAYC","PCTY","PEP","PFE","PHG","PODD","PVH","PYPL","QCOM","SAIC","SBUX","SEE","SMP","SONY","SQM","STM","TDC","TEAM","TECH","TEX","TGT","TITN","TM","TEN","TRI","TX","UAL","UPS","VALE","VFC","VMI","WDAY","WFC","WNS","X","ZTS"],"portfolio":{"AAP":{"cost_p":91.35,"position_%":13.591265202365213,"profit_%":-35.76354679802955},"ALB":{"cost_p":173.45,"position_%":7.373226833529584,"profit_%":-51.72095704814067},"EL":{"cost_p":143.03,"position_%":6.080095900834456,"profit_%":-36.7964762637209},"EPAM":{"cost_p":248.63,"position_%":2.6422677826757863,"profit_%":-31.327675662631215},"EW":{"cost_p":87.4,"position_%":2.786480362858831,"profit_%":-8.46681922196797},"GGB":{"cost_p":2.9,"position_%":2.4655356376172723,"profit_%":5.172413793103446},"HAL":{"cost_p":26.94,"position_%":5.439694273580935,"profit_%":-16.666666666666675},"ILPT":{"cost_p":17.2,"position_%":3.655794221294576,"profit_%":-67.20930232558139},"MPW":{"cost_p":6.18,"position":7000,"position_%":4.597373779453586,"profit_%":-30.09708737864077},"NKE":{"cost_p":73.71,"position_%":6.266711443061005,"profit_%":3.47307013973681},"NVO":{"cost_p":89.89,"position_%":2.8658663594665943,"profit_%":-20.23584380910001},"PVH":{"cost_p":87.3,"position_%":5.566584340447962,"profit_%":-11.970217640320737},"PYPL":{"cost_p":68.03,"position_%":2.8919032659845354,"profit_%":14.625900338086142},"SEE":{"cost_p":34.36,"position_%":8.398549584897319,"profit_%":-9.662398137369035},"SID":{"cost_p":4.54,"position_%":3.3773587311843496,"profit_%":-66.29955947136563},"TGT":{"cost_p":107.3,"position_%":4.561240929591954,"profit_%":-1.1649580615097856},"VALE":{"cost_p":12.22,"position_%":2.5973142665244024,"profit_%":-18.166939443535192},"VFC":{"cost_p":18.8,"position_%":1.398553835820832,"profit_%":-32.60638297872341},"ZIM":{"cost_p":29.42,"position_%":13.444183248810807,"profit_%":-43.13392250169953}},"KellyFormula_Range_v1":{"ILPT":{"profit":0.1804843,"loss":2.0158057,"p":0.016666668,"q":0.9777778,"max_close":5.932734,"min_close":2.4764423,"close":5.64},"VFC":{"profit":7.3515434,"loss":0.86899567,"p":0.67777777,"q":0.31666666,"max_close":26.618027,"min_close":9.672672,"close":12.67},"VALE":{"profit":0.20502377,"loss":0.754796,"p":0.12777779,"q":0.8666667,"max_close":11.250293,"min_close":8.179748,"close":10.0},"MPW":{"profit":0.65837336,"loss":0.32036304,"p":0.6388889,"q":0.35555556,"max_close":6.0981083,"min_close":3.6044285,"close":4.32},"EPAM":{"profit":43.91887,"loss":11.626907,"p":0.76111114,"q":0.23333333,"max_close":267.63,"min_close":143.33,"close":170.74},"AAP":{"profit":3.6290855,"loss":17.044819,"p":0.06111111,"q":0.93333334,"max_close":66.5,"min_close":29.948305,"close":58.68},"EL":{"profit":1.1899948,"loss":20.065765,"p":0.011111111,"q":0.98333335,"max_close":99.313194,"min_close":49.80485,"close":90.4},"NKE":{"profit":1.2410431,"loss":9.029869,"p":0.18333334,"q":0.8111111,"max_close":87.95319,"min_close":52.918324,"close":76.27},"NVO":{"profit":16.898949,"loss":4.964554,"p":0.60555553,"q":0.3888889,"max_close":136.95312,"min_close":58.08,"close":71.7},"GGB":{"profit":0.24219489,"loss":0.22584939,"p":0.23888889,"q":0.73333335,"max_close":3.5385134,"min_close":2.3,"close":3.05},"HAL":{"profit":4.432232,"loss":1.6429558,"p":0.5888889,"q":0.40555555,"max_close":33.772873,"min_close":19.099735,"close":22.45},"SID":{"profit":0.18248177,"loss":0.083765864,"p":0.55,"q":0.42777777,"max_close":2.35638,"min_close":1.3,"close":1.53},"ZIM":{"profit":0.8625145,"loss":1.5581656,"p":0.31666666,"q":0.67777777,"max_close":19.37,"min_close":11.0988655,"close":16.73},"TGT":{"profit":24.4292,"loss":8.101334,"p":0.5,"q":0.49444443,"max_close":156.39934,"min_close":87.75676,"close":106.05},"ALB":{"profit":12.079491,"loss":16.995018,"p":0.33333334,"q":0.6611111,"max_close":109.52887,"min_close":50.43097,"close":83.74},"SEE":{"profit":2.4517593,"loss":2.5086746,"p":0.68333334,"q":0.31111112,"max_close":37.127045,"min_close":23.781643,"close":31.04},"EW":{"profit":0.0,"loss":6.98024,"p":0.0,"q":0.99444443,"max_close":80.0,"min_close":60.7,"close":80.0},"PVH":{"profit":17.992386,"loss":7.762802,"p":0.5277778,"q":0.46666667,"max_close":112.74688,"min_close":60.472145,"close":76.85},"PYPL":{"profit":8.554604,"loss":7.6842422,"p":0.36666667,"q":0.62777776,"max_close":91.81,"min_close":57.41,"close":77.98}},"Factor_Intersectional_v1":[],"stock_info":{"ILPT":["Industrial Logistics Properties Trust","REIT - Industrial","Real Estate"],"VFC":["VF Corp","Apparel Manufacturing","Consumer Cyclical"],"VALE":["Vale S.A. ADR","Other Industrial Metals & Mining","Basic Materials"],"MPW":["Medical Properties Trust Inc","REIT - Healthcare Facilities","Real Estate"],"EPAM":["EPAM Systems Inc","Information Technology Services","Technology"],"AAP":["Advance Auto Parts Inc","Auto Parts","Consumer Cyclical"],"EL":["Estee Lauder Cos., Inc","Household & Personal Products","Consumer Defensive"],"NKE":["Nike, Inc","Footwear & Accessories","Consumer Cyclical"],"NVO":["Novo Nordisk ADR","Drug Manufacturers - General","Healthcare"],"GGB":["Gerdau S.A. ADR","Steel","Basic Materials"],"HAL":["Halliburton Co","Oil & Gas Equipment & Services","Energy"],"SID":["Companhia Siderurgica Nacional ADR","Steel","Basic Materials"],"ZIM":["Zim Integrated Shipping Services Ltd","Marine Shipping","Industrials"],"TGT":["Target Corp","Discount Stores","Consumer Defensive"],"ALB":["Albemarle Corp","Specialty Chemicals","Basic Materials"],"SEE":["Sealed Air Corp","Packaging & Containers","Consumer Cyclical"],"EW":["Edwards Lifesciences Corp","Medical Devices","Healthcare"],"PVH":["PVH Corp","Apparel Manufacturing","Consumer Cyclical"],"PYPL":["PayPal Holdings Inc","Credit Services","Financial"]}}