{
    "KellyFormula_Range_v1": {
        "AX": {
            "close": 35.77,
            "loss": 0.545715332,
            "max_close": 62.14,
            "min_close": 34.86,
            "p": 0.955555558,
            "profit": 14.8855286,
            "q": 0.03888889
        },
        "BAC": {
            "close": 31.46,
            "loss": 0.0,
            "max_close": 49.38,
            "min_close": 31.46,
            "p": 0.99444443,
            "profit": 11.4964752,
            "q": 0.0
        },
        "BIO": {
            "close": 469.96,
            "loss": 0.0,
            "max_close": 794.68,
            "min_close": 469.96,
            "p": 0.99444443,
            "profit": 166.6954,
            "q": 0.0
        },
        "BK": {
            "close": 40.6,
            "loss": 0.0,
            "max_close": 63.66,
            "min_close": 40.6,
            "p": 0.99444443,
            "profit": 13.1415558,
            "q": 0.0
        },
        "C": {
            "close": 45.96,
            "loss": 0.270000458,
            "max_close": 72.53,
            "min_close": 45.69,
            "p": 0.98888886,
            "profit": 14.655899,
            "q": 0.00555555569
        },
        "DAC": {
            "close": 71.38,
            "loss": 1.70501709,
            "max_close": 106.64,
            "min_close": 65.16,
            "p": 0.8277778,
            "profit": 13.1375275,
            "q": 0.166666672
        },
        "EDRY": {
            "close": 21.76,
            "loss": 2.44072914,
            "max_close": 42.75,
            "min_close": 17.0,
            "p": 0.6888889,
            "profit": 7.9417,
            "q": 0.305555552
        },
        "ILPT": {
            "close": 13.89,
            "loss": 0.06000042,
            "max_close": 28.4,
            "min_close": 13.83,
            "p": 0.98888886,
            "profit": 8.277646,
            "q": 0.00555555569
        },
        "INTC": {
            "close": 37.77,
            "loss": 0.0,
            "max_close": 56.0,
            "min_close": 37.77,
            "p": 0.99444443,
            "profit": 11.1236839,
            "q": 0.0
        },
        "NMM": {
            "close": 25.33,
            "loss": 0.6861515,
            "max_close": 36.49,
            "min_close": 22.8,
            "p": 0.85,
            "profit": 4.90261269,
            "q": 0.144444451
        },
        "SB": {
            "close": 4.14,
            "loss": 0.4040699,
            "max_close": 5.28,
            "min_close": 3.24,
            "p": 0.51111114,
            "profit": 0.43173933,
            "q": 0.477777779
        },
        "SID": {
            "close": 3.49,
            "loss": 0.190000057,
            "max_close": 5.71,
            "min_close": 3.3,
            "p": 0.98888886,
            "profit": 1.12101054,
            "q": 0.00555555569
        },
        "STC": {
            "close": 49.48,
            "loss": 0.979999542,
            "max_close": 80.18,
            "min_close": 48.5,
            "p": 0.98888886,
            "profit": 17.3543663,
            "q": 0.00555555569
        },
        "THO": {
            "close": 71.82,
            "loss": 2.102501,
            "max_close": 127.44,
            "min_close": 69.02,
            "p": 0.9722222,
            "profit": 23.2938156,
            "q": 0.0222222228
        },
        "TX": {
            "close": 37.66,
            "loss": 0.658336639,
            "max_close": 49.66,
            "min_close": 36.57,
            "p": 0.9611111,
            "profit": 5.22860336,
            "q": 0.0333333351
        },
        "WGO": {
            "close": 46.22,
            "loss": 1.20750427,
            "max_close": 78.55,
            "min_close": 44.28,
            "p": 0.9722222,
            "profit": 18.2146835,
            "q": 0.0222222228
        },
        "ZIM": {
            "close": 49.95,
            "loss": 2.71407318,
            "max_close": 88.62,
            "min_close": 43.31,
            "p": 0.844444454,
            "profit": 12.5518417,
            "q": 0.15
        }
    },
    "hold_stock_list": [
        "AX",
        "BIO",
        "ILPT",
        "STC",
        "INTC",
        "BAC",
        "BK",
        "C",
        "THO",
        "WGO",
        "DAC",
        "EDRY",
        "SB",
        "NMM",
        "ZIM",
        "SID",
        "TX"
    ],
    "portfolio": {
        "AX": {
            "cost_p": 37.5,
            "position_%": 3.0000444006571296,
            "profit_%": -4.613333333333324
        },
        "BAC": {
            "cost_p": 35.99,
            "position_%": 5.758485225581338,
            "profit_%": -12.5868296749097
        },
        "BIO": {
            "cost_p": 550.38,
            "position_%": 10.567452398295494,
            "profit_%": -14.611722809695124
        },
        "BK": {
            "cost_p": 43.8,
            "position_%": 6.424095076607133,
            "profit_%": -7.305936073059352
        },
        "C": {
            "cost_p": 49.1,
            "position_%": 12.438850761657939,
            "profit_%": -6.395112016293281
        },
        "DAC": {
            "cost_p": 76.97,
            "position_%": 3.0788455669143904,
            "profit_%": -7.26256983240224
        },
        "EDRY": {
            "cost_p": 22.24,
            "position_%": 0.8896131662748608,
            "profit_%": -2.15827338129495
        },
        "ILPT": {
            "cost_p": 17.42,
            "position_%": 4.6454020852841955,
            "profit_%": -20.264064293915045
        },
        "INTC": {
            "cost_p": 45.14,
            "position_%": 9.028133616377522,
            "profit_%": -15.972529906956137
        },
        "NMM": {
            "cost_p": 30.04,
            "position_%": 2.1428850480320443,
            "profit_%": -15.679094540612521
        },
        "SB": {
            "cost_p": 4.05,
            "position_%": 2.2437332072514673,
            "profit_%": 2.2222222222222188
        },
        "SID": {
            "cost_p": 4.82,
            "position_%": 4.498733247918736,
            "profit_%": -27.593360995850624
        },
        "STC": {
            "cost_p": 54.28,
            "position_%": 5.789952357961564,
            "profit_%": -8.843036109064121
        },
        "THO": {
            "cost_p": 80.73,
            "position_%": 8.191525234573472,
            "profit_%": -11.036789297658876
        },
        "TX": {
            "cost_p": 39.96,
            "position_%": 3.1968473133402378,
            "profit_%": -5.755755755755766
        },
        "WGO": {
            "cost_p": 53.71,
            "position_%": 8.235655221030605,
            "profit_%": -13.945261590020483
        },
        "ZIM": {
            "cost_p": 56.94,
            "position_%": 9.86974607224187,
            "profit_%": -12.276080084299254
        }
    }
}