{"hold_stock_list":["SEE","EL","TGT","SBUX","NKE","PVH","VFC","MPW","NVO","ILPT","AAP","PYPL","EPAM","EW","ZIM","VALE","SID","HAL","ALB"],"watch_stock_list":["ABNB","ACLS","ACMR","ADBE","ADSK","AEO","ALB","AMAT","APD","APTV","ARTNA","ASML","AZN","BAC","BBY","BIO","BLD","BUD","CAMT","CE","CNMD","CRM","CSCO","CVS","DE","DELL","DEO","DG","DHI","DIS","EL","EPAM","EW","EXLS","EXR","F","FDX","FFIV","FSLR","FTNT","G","GGB","GIS","GLOB","GM","GOOG","HAL","HAS","HMC","HOV","HPE","HPQ","INTC","ISRG","K","KSS","LMAT","LNTH","LQDT","LRCX","M","MA","MATX","MCHP","MMM","MMS","MOH","MPW","MS","MSFT","MU","NDAQ","NFLX","NICE","NKE","NOW","NVO","NXPI","ORCL","OXM","PAGS","PAYC","PCTY","PEP","PFE","PHG","PODD","PVH","PYPL","QCOM","SAIC","SBUX","SEE","SMP","SONY","SQM","STM","STNG","TDC","TEAM","TECH","TEX","TGT","TITN","TM","TEN","TRMD","TRI","TX","UAL","UPS","VALE","VFC","VMI","WDAY","WFC","WNS","X","ZTS"],"portfolio":{"AAP":{"cost_p":91.35,"position_%":12.726614137497982,"profit_%":-40.831964969896006},"ALB":{"cost_p":173.45,"position_%":6.904155828130504,"profit_%":-44.45661573940616},"EL":{"cost_p":143.03,"position_%":5.693291485139844,"profit_%":-35.16045584842341},"EPAM":{"cost_p":248.63,"position_%":2.474171610764035,"profit_%":-40.99666170614971},"EW":{"cost_p":80.31,"position_%":5.594276854857489,"profit_%":-9.164487610509276},"HAL":{"cost_p":26.94,"position_%":5.093631020736351,"profit_%":-16.481069042316264},"ILPT":{"cost_p":17.2,"position_%":3.423219378606073,"profit_%":-69.88372093023256},"MPW":{"cost_p":6.18,"position_%":4.304897392979614,"profit_%":-16.8284789644013},"NKE":{"cost_p":73.71,"position_%":5.868034892954735,"profit_%":-8.587708587708587},"NVO":{"cost_p":74.48,"position_%":5.188167602412971,"profit_%":-22.79806659505908},"PVH":{"cost_p":87.3,"position_%":5.212448577075177,"profit_%":-8.27033218785796},"PYPL":{"cost_p":68.03,"position_%":2.7079257479833854,"profit_%":1.2200499779509015},"SBUX":{"cost_p":79.91,"position_%":3.1808076807489685,"profit_%":0.15016894005757045},"SEE":{"cost_p":34.36,"position_%":7.864249449200021,"profit_%":-2.5320139697322395},"SID":{"cost_p":4.54,"position_%":3.162497437561076,"profit_%":-66.07929515418502},"TGT":{"cost_p":107.3,"position_%":4.271063247958507,"profit_%":-18.60205032618825},"VALE":{"cost_p":12.22,"position_%":2.4320779538701287,"profit_%":-9.901800327332248},"VFC":{"cost_p":18.8,"position":700,"position_%":1.3095804366993,"profit_%":-25.265957446808514},"ZIM":{"cost_p":29.42,"position_%":12.588889264823836,"profit_%":-56.76410605030592}},"KellyFormula_Range_v1":{"NKE":{"profit":6.6924896,"loss":7.617466,"p":0.6166667,"q":0.37777779,"max_close":82.11787,"min_close":52.644737,"close":67.38},"EW":{"profit":4.071129,"loss":2.2734604,"p":0.70555556,"q":0.2888889,"max_close":81.83,"min_close":65.75,"close":72.95},"SBUX":{"profit":12.172638,"loss":0.8774719,"p":0.95,"q":0.044444446,"max_close":114.2466,"min_close":78.46,"close":80.03},"EL":{"profit":1.4426117,"loss":17.695068,"p":0.027777778,"q":0.96666664,"max_close":95.76,"min_close":49.61482,"close":92.74},"TGT":{"profit":14.464172,"loss":0.72093964,"p":0.96666664,"q":0.027777778,"max_close":154.7214,"min_close":85.53,"close":87.34},"ILPT":{"profit":0.65222406,"loss":1.6561708,"p":0.3611111,"q":0.62777776,"max_close":6.45,"min_close":2.4764423,"close":5.18},"PYPL":{"profit":4.7668076,"loss":2.9511795,"p":0.6333333,"q":0.35555556,"max_close":91.81,"min_close":57.41,"close":68.86},"PVH":{"profit":4.7784576,"loss":8.63224,"p":0.31111112,"q":0.68333334,"max_close":112.69704,"min_close":60.445415,"close":80.08},"NVO":{"profit":13.9885025,"loss":4.0165024,"p":0.7722222,"q":0.22222222,"max_close":117.880455,"min_close":45.38,"close":57.5},"SID":{"profit":0.09776068,"loss":0.09571445,"p":0.37222221,"q":0.5833333,"max_close":2.07972,"min_close":1.25,"close":1.54},"VFC":{"profit":4.322654,"loss":1.9065046,"p":0.46666667,"q":0.5277778,"max_close":26.460835,"min_close":9.61555,"close":14.05},"SEE":{"profit":1.0146255,"loss":3.067648,"p":0.16111112,"q":0.8333333,"max_close":36.64,"min_close":23.64138,"close":33.49},"MPW":{"profit":0.38328457,"loss":0.6612401,"p":0.25,"q":0.74444443,"max_close":5.9922843,"min_close":3.5418787,"close":5.14},"HAL":{"profit":2.1467228,"loss":1.5240364,"p":0.39444444,"q":0.6,"max_close":31.096924,"min_close":18.956635,"close":22.5},"AAP":{"profit":5.6442413,"loss":12.846722,"p":0.34444445,"q":0.65,"max_close":66.16962,"min_close":29.799515,"close":54.05},"EPAM":{"profit":32.252365,"loss":2.1616669,"p":0.9611111,"q":0.033333335,"max_close":267.63,"min_close":142.38,"close":146.7},"ZIM":{"profit":2.5357113,"loss":0.5994835,"p":0.95555556,"q":0.03888889,"max_close":18.54858,"min_close":11.213416,"close":12.72},"VALE":{"profit":0.08600044,"loss":1.5213108,"p":0.027777778,"q":0.9611111,"max_close":11.29,"min_close":7.91076,"close":11.01},"ALB":{"profit":0.16000366,"loss":25.371552,"p":0.0055555557,"q":0.98888886,"max_close":108.93781,"min_close":50.15882,"close":96.34}},"Factor_Intersectional_v1":[],"stock_info":{"NKE":["Nike, Inc","Footwear & Accessories","Consumer Cyclical"],"EW":["Edwards Lifesciences Corp","Medical Devices","Healthcare"],"SBUX":["Starbucks Corp","Restaurants","Consumer Cyclical"],"EL":["Estee Lauder Cos., Inc","Household & Personal Products","Consumer Defensive"],"TGT":["Target Corp","Discount Stores","Consumer Defensive"],"ILPT":["Industrial Logistics Properties Trust","REIT - Industrial","Real Estate"],"PYPL":["PayPal Holdings Inc","Credit Services","Financial"],"PVH":["PVH Corp","Apparel Manufacturing","Consumer Cyclical"],"NVO":["Novo Nordisk ADR","Drug Manufacturers - General","Healthcare"],"SID":["Companhia Siderurgica Nacional ADR","Steel","Basic Materials"],"VFC":["VF Corp","Apparel Manufacturing","Consumer Cyclical"],"SEE":["Sealed Air Corp","Packaging & Containers","Consumer Cyclical"],"MPW":["Medical Properties Trust Inc","REIT - Healthcare Facilities","Real Estate"],"HAL":["Halliburton Co","Oil & Gas Equipment & Services","Energy"],"AAP":["Advance Auto Parts Inc","Auto Parts","Consumer Cyclical"],"EPAM":["EPAM Systems Inc","Information Technology Services","Technology"],"ZIM":["Zim Integrated Shipping Services Ltd","Marine Shipping","Industrials"],"VALE":["Vale S.A. ADR","Other Industrial Metals & Mining","Basic Materials"],"ALB":["Albemarle Corp","Specialty Chemicals","Basic Materials"]}}