{
    "KellyFormula_Range_v1": {
        "BAC": {
            "close": 33.32,
            "loss": 1.44730759,
            "max_close": 49.38,
            "min_close": 30.13,
            "p": 0.85,
            "profit": 8.857449,
            "q": 0.144444451
        },
        "BIO": {
            "close": 559.86,
            "loss": 46.2756348,
            "max_close": 779.99,
            "min_close": 463.67,
            "p": 0.5611111,
            "profit": 98.90399,
            "q": 0.433333337
        },
        "C": {
            "close": 52.23,
            "loss": 3.32580566,
            "max_close": 69.16,
            "min_close": 44.14,
            "p": 0.644444466,
            "profit": 8.775177,
            "q": 0.344444454
        },
        "CCS": {
            "close": 51.31,
            "loss": 3.657318,
            "max_close": 84.95,
            "min_close": 40.36,
            "p": 0.766666651,
            "profit": 13.159565,
            "q": 0.227777779
        },
        "DAC": {
            "close": 70.7,
            "loss": 4.69223,
            "max_close": 106.64,
            "min_close": 57.38,
            "p": 0.7222222,
            "profit": 14.9613876,
            "q": 0.272222221
        },
        "DHI": {
            "close": 78.31,
            "loss": 6.85636139,
            "max_close": 109.65,
            "min_close": 60.56,
            "p": 0.5222222,
            "profit": 15.2670288,
            "q": 0.4722222
        },
        "EDRY": {
            "close": 17.46,
            "loss": 0.9152622,
            "max_close": 42.75,
            "min_close": 15.55,
            "p": 0.8888889,
            "profit": 8.130817,
            "q": 0.105555557
        },
        "GGB": {
            "close": 4.7,
            "loss": 0.282557,
            "max_close": 6.51,
            "min_close": 4.06,
            "p": 0.75555557,
            "profit": 0.7953663,
            "q": 0.23888889
        },
        "HIMX": {
            "close": 7.18,
            "loss": 0.488667,
            "max_close": 15.99,
            "min_close": 6.35,
            "p": 0.9111111,
            "profit": 3.28506613,
            "q": 0.0833333358
        },
        "ILPT": {
            "close": 10.02,
            "loss": 0.322501183,
            "max_close": 25.77,
            "min_close": 9.59,
            "p": 0.95,
            "profit": 10.1158218,
            "q": 0.0444444455
        },
        "INTC": {
            "close": 39.71,
            "loss": 1.84535217,
            "max_close": 55.91,
            "min_close": 36.34,
            "p": 0.8388889,
            "profit": 8.327744,
            "q": 0.155555561
        },
        "NMM": {
            "close": 28.72,
            "loss": 3.69418526,
            "max_close": 36.49,
            "min_close": 20.36,
            "p": 0.477777779,
            "profit": 2.91849327,
            "q": 0.516666651
        },
        "SID": {
            "close": 2.9,
            "loss": 0.21333313,
            "max_close": 5.71,
            "min_close": 2.45,
            "p": 0.894444466,
            "profit": 1.58726549,
            "q": 0.1
        },
        "STC": {
            "close": 53.77,
            "loss": 3.162548,
            "max_close": 80.18,
            "min_close": 45.91,
            "p": 0.733333349,
            "profit": 14.3880959,
            "q": 0.2611111
        },
        "THO": {
            "close": 84.07,
            "loss": 5.665001,
            "max_close": 114.76,
            "min_close": 69.02,
            "p": 0.5222222,
            "profit": 14.0052032,
            "q": 0.466666669
        },
        "TX": {
            "close": 35.0,
            "loss": 1.70600128,
            "max_close": 49.66,
            "min_close": 30.76,
            "p": 0.9111111,
            "profit": 7.07230759,
            "q": 0.0833333358
        },
        "WGO": {
            "close": 59.51,
            "loss": 6.656666,
            "max_close": 77.45,
            "min_close": 44.28,
            "p": 0.477777779,
            "profit": 9.509312,
            "q": 0.516666651
        },
        "X": {
            "close": 21.7,
            "loss": 2.551752,
            "max_close": 38.45,
            "min_close": 17.02,
            "p": 0.7722222,
            "profit": 5.7994194,
            "q": 0.222222224
        },
        "ZIM": {
            "close": 48.31,
            "loss": 2.309204,
            "max_close": 88.62,
            "min_close": 42.05,
            "p": 0.855555534,
            "profit": 13.8832436,
            "q": 0.1388889
        }
    },
    "hold_stock_list": [
        "BIO",
        "ILPT",
        "INTC",
        "HIMX",
        "STC",
        "DHI",
        "CCS",
        "BAC",
        "C",
        "THO",
        "WGO",
        "DAC",
        "EDRY",
        "NMM",
        "ZIM",
        "X",
        "GGB",
        "SID",
        "TX"
    ],
    "portfolio": {
        "BAC": {
            "cost_p": 35.99,
            "position_%": 5.558197791559731,
            "profit_%": -7.418727424284528
        },
        "BIO": {
            "cost_p": 550.38,
            "position_%": 7.366596592894764,
            "profit_%": 1.7224463098223077
        },
        "C": {
            "cost_p": 49.1,
            "position_%": 12.006211724891344,
            "profit_%": 6.374745417515265
        },
        "CCS": {
            "cost_p": 44.7,
            "position_%": 1.725836630193943,
            "profit_%": 14.787472035794181
        },
        "DAC": {
            "cost_p": 73.49,
            "position_%": 5.674797939729435,
            "profit_%": -3.7964348891005475
        },
        "DHI": {
            "cost_p": 64.7,
            "position_%": 2.498023041913828,
            "profit_%": 21.0355486862442
        },
        "EDRY": {
            "cost_p": 22.24,
            "position_%": 0.858671289832512,
            "profit_%": -21.492805755395676
        },
        "GGB": {
            "cost_p": 4.57,
            "position_%": 2.587854061143908,
            "profit_%": 2.84463894967177
        },
        "HIMX": {
            "cost_p": 7.32,
            "position_%": 4.89875059595095,
            "profit_%": -1.9125683060109366
        },
        "ILPT": {
            "cost_p": 17.42,
            "position_%": 4.483829097386798,
            "profit_%": -42.47990815154995
        },
        "INTC": {
            "cost_p": 43.58,
            "position_%": 6.169512034171308,
            "profit_%": -8.880220284534184
        },
        "NMM": {
            "cost_p": 30.04,
            "position_%": 2.0683527828858264,
            "profit_%": -4.394141145139815
        },
        "SID": {
            "cost_p": 4.82,
            "position_%": 4.342261588571486,
            "profit_%": -39.83402489626556
        },
        "STC": {
            "cost_p": 52.86,
            "position_%": 8.163554744702624,
            "profit_%": 1.7215285660234652
        },
        "THO": {
            "cost_p": 80.73,
            "position_%": 7.906613577134891,
            "profit_%": 4.137247615508471
        },
        "TX": {
            "cost_p": 39.96,
            "position_%": 3.0856569012326602,
            "profit_%": -12.412412412412415
        },
        "WGO": {
            "cost_p": 52.16,
            "position_%": 6.04158648529638,
            "profit_%": 14.091257668711659
        },
        "X": {
            "cost_p": 19.57,
            "position_%": 5.037229359119383,
            "profit_%": 10.884006131834436
        },
        "ZIM": {
            "cost_p": 56.94,
            "position_%": 9.526463761388221,
            "profit_%": -15.156304882332272
        }
    }
}