{"hold_stock_list":["QDEL","BIO","KGC","STC","CNNE","LAKE","LDI","EDRY","TX"],"portfolio":{"BIO":{"cost_p":580.11,"position_%":14.614662366371393,"profit":0,"profit_%":0.23271448518384835},"CNNE":{"cost_p":40.66,"position_%":4.080854143866908,"profit":0,"profit_%":-12.887358583374311},"EDRY":{"cost_p":22.24,"position_%":4.066624209831308,"profit":0,"profit_%":-0.08992805755395492},"KGC":{"cost_p":7.61,"position_%":14.162400767847567,"profit":0,"profit_%":6.833114323258875},"LAKE":{"cost_p":28.88,"position_%":9.270667932868031,"profit":0,"profit_%":-11.530470914127418},"LDI":{"cost_p":13.57,"position_%":13.674714679054647,"profit":0,"profit_%":14.959469417833452},"QDEL":{"cost_p":112.07,"position_%":13.980235669974917,"profit":0,"profit_%":-2.444900508610685},"STC":{"cost_p":53.5,"position_%":11.52169559050427,"profit":0,"profit_%":14.691588785046727},"TX":{"cost_p":40.0,"position_%":14.628144639680965,"profit":0,"profit_%":-5.675000000000008}},"KellyFormula_Range_v1":{"STC":{"profit":0.239997864,"loss":11.6137314,"p":0.00555555569,"q":0.98888886,"max_close":61.6,"min_close":40.5055351,"close":61.36},"TX":{"profit":1.30292511,"loss":10.3492851,"p":0.116666667,"q":0.877777755,"max_close":40.88,"min_close":17.5480919,"close":37.73},"EDRY":{"profit":0.0,"loss":14.7258453,"p":0.0,"q":0.99444443,"max_close":22.22,"min_close":3.47,"close":22.22},"BIO":{"profit":26.1740112,"loss":28.1896362,"p":0.5222222,"q":0.4722222,"max_close":662.35,"min_close":494.17,"close":581.46},"QDEL":{"profit":75.9333649,"loss":1.9375,"p":0.9722222,"q":0.0222222228,"max_close":283.45,"min_close":104.79,"close":109.33},"KGC":{"profit":0.713438034,"loss":0.877748,"p":0.2,"q":0.794444442,"max_close":9.875889,"min_close":6.16129827,"close":8.13},"LDI":{"profit":4.394083,"loss":2.00384617,"p":0.344444454,"q":0.0722222254,"max_close":30.538002,"min_close":12.1,"close":15.6},"LAKE":{"profit":4.03979874,"loss":3.69170761,"p":0.572222233,"q":0.422222227,"max_close":44.43,"min_close":18.3,"close":25.55},"CNNE":{"profit":4.574295,"loss":0.419998169,"p":0.955555558,"q":0.03888889,"max_close":45.6,"min_close":34.48,"close":35.42}}}