{"hold_stock_list":["VALE","INTC","KGC","DAC","GGB","LDI","THO","GOGL","CPLP","SID","EDRY","ET","SB","NMM","TX"],"portfolio":{"CPLP":{"cost_p":12.99,"position_%":4.447238367370211,"profit_%":23.24865280985374},"DAC":{"cost_p":76.97,"position_%":11.139431084643125,"profit_%":-6.66493439002208},"EDRY":{"cost_p":22.24,"position_%":3.11484089723851,"profit_%":-7.553956834532373},"ET":{"cost_p":9.35,"position_%":6.489407486797718,"profit_%":-9.30481283422459},"GGB":{"cost_p":4.45,"position_%":4.570487467620656,"profit_%":17.303370786516844},"GOGL":{"cost_p":10.75,"position_%":4.684088279720182,"profit_%":-22.232558139534888},"INTC":{"cost_p":49.94,"position_%":9.061616209024498,"profit_%":1.3015618742491104},"KGC":{"cost_p":7.61,"position_%":10.847725985628658,"profit_%":-29.960578186596585},"LDI":{"cost_p":7.03,"position_%":6.563948293641106,"profit_%":-33.00142247510669},"NMM":{"cost_p":30.04,"position_%":5.001983812537869,"profit_%":-9.087882822902799},"SB":{"cost_p":4.05,"position_%":5.237386481665203,"profit_%":-6.419753086419748},"SID":{"cost_p":4.85,"position_%":13.313703942962807,"profit_%":-11.134020618556702},"THO":{"cost_p":104.58,"position_%":3.2548966929776517,"profit_%":-2.6773761713520723},"TX":{"cost_p":40.0,"position_%":3.7348212197104442,"profit_%":9.124999999999996},"VALE":{"cost_p":12.76,"position_%":8.53842377846136,"profit_%":5.9561128526645755}},"KellyFormula_Range_v1":{"TX":{"profit":6.38175964,"loss":4.915642,"p":0.283333331,"q":0.7111111,"max_close":55.1230164,"min_close":32.1183052,"close":43.65},"VALE":{"profit":4.15918159,"loss":1.07499981,"p":0.822222233,"q":0.166666672,"max_close":20.7570267,"min_close":11.27,"close":13.52},"ET":{"profit":1.0882225,"loss":0.6529174,"p":0.816666663,"q":0.177777782,"max_close":10.9818878,"min_close":7.316939,"close":8.48},"CPLP":{"profit":0.287500381,"loss":3.50869656,"p":0.0444444455,"q":0.9444444,"max_close":16.7,"min_close":10.3809137,"close":16.01},"DAC":{"profit":5.12628937,"loss":9.051868,"p":0.427777767,"q":0.566666663,"max_close":87.12521,"min_close":47.40861,"close":71.84},"NMM":{"profit":2.68645287,"loss":2.406992,"p":0.5611111,"q":0.433333337,"max_close":34.7383652,"min_close":21.3855934,"close":27.31},"GGB":{"profit":0.386695385,"loss":0.502495766,"p":0.4,"q":0.594444454,"max_close":6.49767637,"min_close":4.14701271,"close":5.22},"GOGL":{"profit":0.836533546,"loss":0.9984522,"p":0.627777755,"q":0.366666675,"max_close":10.6554384,"min_close":5.715246,"close":8.36},"INTC":{"profit":4.842312,"loss":1.19429016,"p":0.85,"q":0.144444451,"max_close":66.9506,"min_close":47.5614853,"close":50.59},"SID":{"profit":3.09235334,"loss":0.337777138,"p":0.844444454,"q":0.15,"max_close":9.618398,"min_close":3.57,"close":4.31},"THO":{"profit":15.9229736,"loss":0.0199966431,"p":0.98888886,"q":0.00555555569,"max_close":145.657974,"min_close":101.76,"close":101.78},"SB":{"profit":0.5252633,"loss":0.5645776,"p":0.5277778,"q":0.4611111,"max_close":5.28,"min_close":2.12,"close":3.79},"LDI":{"profit":6.20995045,"loss":0.119999886,"p":0.98888886,"q":0.00555555569,"max_close":21.1350632,"min_close":4.59,"close":4.71},"KGC":{"profit":1.19643259,"loss":0.06560421,"p":0.955555558,"q":0.03888889,"max_close":8.1103735,"min_close":5.213712,"close":5.33},"EDRY":{"profit":6.60927773,"loss":7.239422,"p":0.705555558,"q":0.2888889,"max_close":33.81,"min_close":7.74,"close":20.56}}}