{
    "Factor_Intersectional_v1": [],
    "KellyFormula_Range_v1": {
        "AAP": {
            "close": 38.75,
            "loss": 6.2758675,
            "max_close": 66.16962,
            "min_close": 29.799515,
            "p": 0.8611111,
            "profit": 14.717564,
            "q": 0.13333334
        },
        "ALB": {
            "close": 146.13,
            "loss": 62.26301,
            "max_close": 150.01,
            "min_close": 50.007885,
            "p": 0.016666668,
            "profit": 2.276657,
            "q": 0.9777778
        },
        "CNMD": {
            "close": 41.88,
            "loss": 1.5317383,
            "max_close": 73.20085,
            "min_close": 38.99,
            "p": 0.8666667,
            "profit": 9.0097275,
            "q": 0.12777779
        },
        "EL": {
            "close": 108.16,
            "loss": 23.138702,
            "max_close": 108.65,
            "min_close": 49.429493,
            "p": 0.0055555557,
            "profit": 0.48999786,
            "q": 0.98888886
        },
        "EPAM": {
            "close": 206.61,
            "loss": 38.153183,
            "max_close": 267.63,
            "min_close": 142.2,
            "p": 0.06666667,
            "profit": 3.4299927,
            "q": 0.92777777
        },
        "HAL": {
            "close": 31.92,
            "loss": 8.833321,
            "max_close": 31.92,
            "min_close": 18.836878,
            "p": 0.0,
            "profit": 0.0,
            "q": 0.99444443
        },
        "HOG": {
            "close": 20.52,
            "loss": 0.030000687,
            "max_close": 30.603024,
            "min_close": 20.380846,
            "p": 0.98888886,
            "profit": 4.4061317,
            "q": 0.0055555557
        },
        "ILPT": {
            "close": 5.57,
            "loss": 1.1060257,
            "max_close": 6.3965173,
            "min_close": 2.4559078,
            "p": 0.34444445,
            "profit": 0.33152246,
            "q": 0.6388889
        },
        "MPW": {
            "close": 5.09,
            "loss": 0.5598855,
            "max_close": 5.894407,
            "min_close": 3.587048,
            "p": 0.18333334,
            "profit": 0.22608614,
            "q": 0.8055556
        },
        "NICE": {
            "close": 115.72,
            "loss": 7.8541946,
            "max_close": 178.5,
            "min_close": 99.6,
            "p": 0.82222223,
            "profit": 34.816833,
            "q": 0.17222223
        },
        "NKE": {
            "close": 64.53,
            "loss": 4.1446953,
            "max_close": 79.84435,
            "min_close": 52.310772,
            "p": 0.5555556,
            "profit": 7.083351,
            "q": 0.43888888
        },
        "NVO": {
            "close": 55.11,
            "loss": 5.2099648,
            "max_close": 88.51028,
            "min_close": 44.874336,
            "p": 0.5833333,
            "profit": 9.268539,
            "q": 0.41111112
        },
        "PVH": {
            "close": 68.39,
            "loss": 2.9879456,
            "max_close": 107.57452,
            "min_close": 60.41741,
            "p": 0.87777776,
            "profit": 10.005394,
            "q": 0.11666667
        },
        "PYPL": {
            "close": 59.29,
            "loss": 0.8587532,
            "max_close": 91.59824,
            "min_close": 57.277588,
            "p": 0.9722222,
            "profit": 9.120628,
            "q": 0.022222223
        },
        "SBUX": {
            "close": 86.56,
            "loss": 3.2057495,
            "max_close": 113.42715,
            "min_close": 77.89724,
            "p": 0.36666667,
            "profit": 4.026001,
            "q": 0.62777776
        },
        "SID": {
            "close": 1.67,
            "loss": 0.16251624,
            "max_close": 1.81,
            "min_close": 1.25,
            "p": 0.11111111,
            "profit": 0.06849992,
            "q": 0.8388889
        },
        "TGT": {
            "close": 102.1,
            "loss": 8.971336,
            "max_close": 136.47891,
            "min_close": 83.68,
            "p": 0.08888889,
            "profit": 1.3673096,
            "q": 0.90555555
        },
        "VALE": {
            "close": 13.26,
            "loss": 2.7626705,
            "max_close": 13.56,
            "min_close": 7.91076,
            "p": 0.016666668,
            "profit": 0.12333393,
            "q": 0.9777778
        },
        "VFC": {
            "close": 18.84,
            "loss": 4.956456,
            "max_close": 26.32977,
            "min_close": 9.567923,
            "p": 0.033333335,
            "profit": 0.47094154,
            "q": 0.9611111
        },
        "ZIM": {
            "close": 20.92,
            "loss": 5.1579,
            "max_close": 21.91,
            "min_close": 11.213416,
            "p": 0.03888889,
            "profit": 0.33857155,
            "q": 0.95555556
        }
    },
    "hold_stock_list": [
        "EL",
        "TGT",
        "SBUX",
        "NKE",
        "PVH",
        "VFC",
        "MPW",
        "CNMD",
        "NVO",
        "ILPT",
        "AAP",
        "HOG",
        "PYPL",
        "EPAM",
        "NICE",
        "ZIM",
        "VALE",
        "SID",
        "HAL",
        "ALB"
    ],
    "portfolio": {
        "AAP": {
            "cost_p": 91.35,
            "position_%": 12.371834125134585,
            "profit_%": -57.5807334428024
        },
        "ALB": {
            "cost_p": 173.45,
            "position_%": 6.711688573006784,
            "profit_%": -15.750936869414813
        },
        "CNMD": {
            "cost_p": 39.81,
            "position_%": 3.080914639278179,
            "profit_%": 5.199698568198945
        },
        "EL": {
            "cost_p": 143.03,
            "position_%": 5.534579513388068,
            "profit_%": -24.379500804027128
        },
        "EPAM": {
            "cost_p": 248.63,
            "position_%": 2.405199091822826,
            "profit_%": -16.90061537223987
        },
        "HAL": {
            "cost_p": 26.94,
            "position_%": 4.951635792705755,
            "profit_%": 18.48552338530067
        },
        "HOG": {
            "cost_p": 21.9,
            "position_%": 3.177846203852304,
            "profit_%": -6.301369863013695
        },
        "ILPT": {
            "cost_p": 17.2,
            "position_%": 3.327790240868166,
            "profit_%": -67.61627906976744
        },
        "MPW": {
            "cost_p": 6.18,
            "position_%": 4.184889704068514,
            "profit_%": -17.637540453074433
        },
        "NICE": {
            "cost_p": 119.55,
            "position_%": 3.4695115403702554,
            "profit_%": -3.2036804684232525
        },
        "NKE": {
            "cost_p": 70.07,
            "position_%": 8.811969210201223,
            "profit_%": -7.906379334950753
        },
        "NVO": {
            "cost_p": 64.24,
            "position_%": 8.078791238237857,
            "profit_%": -14.21232876712328
        },
        "PVH": {
            "cost_p": 87.3,
            "position_%": 5.067141070252167,
            "profit_%": -21.660939289805267
        },
        "PYPL": {
            "cost_p": 68.03,
            "position_%": 2.6324368614681553,
            "profit_%": -12.84727326179627
        },
        "SBUX": {
            "cost_p": 79.91,
            "position_%": 3.0921362575322693,
            "profit_%": 8.321862094856721
        },
        "SID": {
            "cost_p": 4.54,
            "position_%": 3.0743364492671605,
            "profit_%": -63.21585903083701
        },
        "TGT": {
            "cost_p": 107.3,
            "position_%": 4.151998754013421,
            "profit_%": -4.846225535880711
        },
        "VALE": {
            "cost_p": 12.22,
            "position_%": 2.364278880430755,
            "profit_%": 10.965630114566283
        },
        "VFC": {
            "cost_p": 18.8,