{"hold_stock_list":["SEE","EL","TGT","SBUX","NKE","PVH","VFC","MPW","NVO","ILPT","AAP","PYPL","G","EPAM","EW","ZIM","VALE","SID","HAL","ALB"],"watch_stock_list":["ABNB","ACLS","ACMR","ADBE","ADSK","AEO","ALB","AMAT","APD","APTV","ARTNA","ASML","AZN","BAC","BBY","BIO","BLD","BUD","CAMT","CE","CIVI","CMCSA","CNMD","CRM","CSCO","CVS","DE","DELL","DEO","DG","DHI","DIS","EL","EPAM","EW","EXLS","EXR","F","FDX","FFIV","FSLR","FTNT","G","GGB","GIS","GLOB","GM","GOOG","GT","HAL","HAS","HMC","HOV","HPE","HPQ","INTC","ISRG","K","KSS","LMAT","LNTH","LQDT","LRCX","M","MA","MATX","MCHP","MMS","MOH","MPW","MS","MSFT","MU","NDAQ","NFLX","NICE","NKE","NOG","NOW","NVO","NXPI","ORCL","OXM","PAGS","PAYC","PBR","PBR-A","PCTY","PEP","PFE","PODD","PVH","PYPL","QCOM","SAIC","SBUX","SEE","SM","SMP","SONY","SQM","STM","STNG","TDC","TEAM","TECH","TEX","TGT","TITN","TM","TEN","TRMD","TRI","TX","UAL","UPS","VALE","VIST","VFC","VMI","WDAY","WFC","WNS","X","VZ","ZTS"],"portfolio":{"AAP":{"cost_p":91.35,"position_%":12.431495064922943,"profit_%":-44.4991789819376},"ALB":{"cost_p":173.45,"position_%":6.7440544812288215,"profit_%":-43.56298645142692},"EL":{"cost_p":143.03,"position_%":5.561269025368453,"profit_%":-31.755575753338462},"EPAM":{"cost_p":248.63,"position_%":2.416797730856042,"profit_%":-35.989220930700235},"EW":{"cost_p":80.31,"position_%":5.464550457930825,"profit_%":3.947204582243807},"G":{"cost_p":39.76,"position_%":2.3189127083337384,"profit_%":-4.1247484909456755},"HAL":{"cost_p":26.94,"position_%":4.975514163680866,"profit_%":0.07423904974016174},"ILPT":{"cost_p":17.2,"position_%":3.3438379094014334,"profit_%":-69.41860465116278},"MPW":{"cost_p":6.18,"position_%":4.205070580253082,"profit_%":-16.34304207119741},"NKE":{"cost_p":73.71,"position_%":5.73196028609255,"profit_%":-11.952245285578604},"NVO":{"cost_p":74.48,"position_%":5.067858524550963,"profit_%":-32.81417830290011},"PVH":{"cost_p":87.3,"position_%":5.091576444606019,"profit_%":-10.217640320733107},"PYPL":{"cost_p":68.03,"position_%":2.645131313681157,"profit_%":-0.14699397324708852},"SBUX":{"cost_p":79.91,"position_%":3.107047527212425,"profit_%":4.05456138155426},"SEE":{"cost_p":34.36,"position_%":7.681884369307457,"profit_%":-2.211874272409773},"SID":{"cost_p":4.54,"position_%":3.089161882580743,"profit_%":-61.45374449339207},"TGT":{"cost_p":107.3,"position_%":4.172021019520626,"profit_%":-13.40167753960857},"VALE":{"cost_p":12.22,"position_%":2.375680189121251,"profit_%":-2.700490998363339},"VFC":{"cost_p":18.8,"position_%":1.2792124095268274,"profit_%":-25.21276595744681},"ZIM":{"cost_p":29.42,"position_%":12.296963911823774,"profit_%":-49.9320190346703}},"KellyFormula_Range_v1":{"ALB":{"profit":4.010002,"loss":25.928078,"p":0.011111111,"q":0.98333335,"max_close":108.93781,"min_close":50.15882,"close":97.89},"AAP":{"profit":7.0185013,"loss":12.232708,"p":0.5,"q":0.49444443,"max_close":66.16962,"min_close":29.799515,"close":50.7},"VALE":{"profit":0.0,"loss":2.1584845,"p":0.0,"q":0.99444443,"max_close":11.89,"min_close":7.91076,"close":11.89},"TGT":{"profit":9.020378,"loss":2.8769608,"p":0.7111111,"q":0.28333333,"max_close":150.74481,"min_close":85.53,"close":92.92},"G":{"profit":6.9918327,"loss":0.22999954,"p":0.98888886,"q":0.0055555557,"max_close":54.916096,"min_close":37.613354,"close":38.12},"HAL":{"profit":0.3899994,"loss":4.652006,"p":0.011111111,"q":0.98333335,"max_close":31.096924,"min_close":18.956635,"close":26.96},"PVH":{"profit":5.1996384,"loss":7.7917023,"p":0.38333333,"q":0.6111111,"max_close":112.69704,"min_close":60.44541,"close":78.38},"ZIM":{"profit":1.4706821,"loss":1.1092548,"p":0.56666666,"q":0.42777777,"max_close":18.54858,"min_close":11.213416,"close":14.73},"SEE":{"profit":1.060669,"loss":3.1934967,"p":0.16666667,"q":0.8277778,"max_close":36.64,"min_close":23.64138,"close":33.6},"NKE":{"profit":8.186981,"loss":5.7203903,"p":0.65,"q":0.34444445,"max_close":80.3541,"min_close":52.644737,"close":64.9},"ILPT":{"profit":0.5228939,"loss":1.7455649,"p":0.41111112,"q":0.5777778,"max_close":6.3965173,"min_close":2.4559076,"close":5.26},"SID":{"profit":0.031428576,"loss":0.2378949,"p":0.03888889,"q":0.95,"max_close":2.07972,"min_close":1.25,"close":1.75},"EPAM":{"profit":20.771576,"loss":6.892212,"p":0.64444447,"q":0.35,"max_close":267.63,"min_close":142.2,"close":159.15},"EL":{"profit":2.557495,"loss":21.320244,"p":0.044444446,"q":0.95,"max_close":102.52,"min_close":49.614822,"close":97.61},"EW":{"profit":0.0,"loss":7.9641724,"p":0.0,"q":0.99444443,"max_close":83.48,"min_close":65.75,"close":83.48},"MPW":{"profit":0.3452053,"loss":0.6407981,"p":0.2611111,"q":0.73333335,"max_close":5.9922843,"min_close":3.5418787,"close":5.17},"PYPL":{"profit":3.6445465,"loss":2.9637299,"p":0.73333335,"q":0.2611111,"max_close":91.81,"min_close":57.41,"close":67.93},"VFC":{"profit":2.8404837,"loss":1.8966446,"p":0.4611111,"q":0.53333336,"max_close":26.460835,"min_close":9.61555,"close":14.06},"SBUX":{"profit":8.790092,"loss":2.1113586,"p":0.81666666,"q":0.17777778,"max_close":114.2466,"min_close":78.46,"close":83.15},"NVO":{"profit":16.229263,"loss":1.6944427,"p":0.9444444,"q":0.05,"max_close":110.17463,"min_close":45.38,"close":50.04}},"Factor_Intersectional_v1":[],"stock_info":{"ALB":["Albemarle Corp","Specialty Chemicals","Basic Materials"],"AAP":["Advance Auto Parts Inc","Auto Parts","Consumer Cyclical"],"VALE":["Vale S.A. ADR","Other Industrial Metals & Mining","Basic Materials"],"TGT":["Target Corp","Discount Stores","Consumer Defensive"],"G":["Genpact Ltd","Information Technology Services","Technology"],"HAL":["Halliburton Co","Oil & Gas Equipment & Services","Energy"],"PVH":["PVH Corp","Apparel Manufacturing","Consumer Cyclical"],"ZIM":["Zim Integrated Shipping Services Ltd","Marine Shipping","Industrials"],"SEE":["Sealed Air Corp","Packaging & Containers","Consumer Cyclical"],"NKE":["Nike, Inc","Footwear & Accessories","Consumer Cyclical"],"ILPT":["Industrial Logistics Properties Trust","REIT - Industrial","Real Estate"],"SID":["Companhia Siderurgica Nacional ADR","Steel","Basic Materials"],"EPAM":["EPAM Systems Inc","Information Technology Services","Technology"],"EL":["Estee Lauder Cos., Inc","Household & Personal Products","Consumer Defensive"],"EW":["Edwards Lifesciences Corp","Medical Devices","Healthcare"],"MPW":["Medical Properties Trust Inc","REIT - Healthcare Facilities","Real Estate"],"PYPL":["PayPal Holdings Inc","Credit Services","Financial"],"VFC":["VF Corp","Apparel Manufacturing","Consumer Cyclical"],"SBUX":["Starbucks Corp","Restaurants","Consumer Cyclical"],"NVO":["Novo Nordisk ADR","Drug Manufacturers - General","Healthcare"]}}