{"hold_stock_list":["CEIX","BIO","KGC","GSL","ARLP","GOGL","CPLP","LDI","EDRY","TX"],"portfolio":{"ARLP":{"cost_p":7.06,"position_%":8.532702143336419,"profit":0,"profit_%":12.464589235127491},"BIO":{"cost_p":580.11,"position_%":14.159422820819003,"profit":0,"profit_%":27.477547361707256},"CEIX":{"cost_p":18.18,"position_%":8.266456263002272,"profit":0,"profit_%":15.566556655665579},"CPLP":{"cost_p":12.99,"position_%":5.6252955553669395,"profit":0,"profit_%":-7.852193995381058},"EDRY":{"cost_p":22.24,"position_%":3.9399508655687825,"profit":0,"profit_%":0.49460431654677606},"GOGL":{"cost_p":10.75,"position_%":5.924886143766004,"profit":0,"profit_%":-9.116279069767446},"GSL":{"cost_p":15.76,"position_%":12.40879808980096,"profit":0,"profit_%":9.898477157360409},"KGC":{"cost_p":7.61,"position_%":13.72124894867718,"profit":0,"profit_%":-13.797634691195803},"LDI":{"cost_p":13.57,"position_%":13.248754041717184,"profit":0,"profit_%":-23.581429624170973},"TX":{"cost_p":40.0,"position_%":14.172485127945261,"profit":0,"profit_%":21.6}},"KellyFormula_Range_v1":{"TX":{"profit":0.7900009,"loss":15.07143,"p":0.00555555569,"q":0.98888886,"max_close":49.43,"min_close":22.358902,"close":48.64},"CEIX":{"profit":0.940000534,"loss":9.712526,"p":0.00555555569,"q":0.98888886,"max_close":21.95,"min_close":4.35,"close":21.01},"KGC":{"profit":0.725758553,"loss":0.234938622,"p":0.7722222,"q":0.222222224,"max_close":8.19350052,"min_close":6.08,"close":6.56},"GSL":{"profit":2.05720329,"loss":3.80489922,"p":0.1388889,"q":0.855555534,"max_close":21.39,"min_close":7.62763071,"close":17.32},"GOGL":{"profit":0.6908188,"loss":3.45241165,"p":0.2,"q":0.794444442,"max_close":11.29,"min_close":3.542149,"close":9.77},"EDRY":{"profit":5.03764153,"loss":13.2201815,"p":0.2,"q":0.794444442,"max_close":32.89,"min_close":4.49,"close":22.35},"ARLP":{"profit":0.309999943,"loss":2.148953,"p":0.00555555569,"q":0.98888886,"max_close":8.25,"min_close":3.25436974,"close":7.94},"BIO":{"profit":0.0,"loss":136.601074,"p":0.0,"q":0.99444443,"max_close":739.51,"min_close":516.56,"close":739.51},"LDI":{"profit":6.239028,"loss":0.0,"p":0.65,"q":0.0,"max_close":30.3490582,"min_close":10.37,"close":10.37},"CPLP":{"profit":0.617503166,"loss":2.42377377,"p":0.305555552,"q":0.6888889,"max_close":13.45,"min_close":7.35127926,"close":11.97}}}