{
    "Factor_Intersectional_v1": [],
    "KellyFormula_Range_v1": {
        "AAP": {
            "close": 48.14,
            "loss": 7.2726707,
            "max_close": 85.25006,
            "min_close": 35.69,
            "p": 0.50555557,
            "profit": 16.888596,
            "q": 0.4888889
        },
        "ALB": {
            "close": 85.23,
            "loss": 5.766754,
            "max_close": 140.61734,
            "min_close": 72.23231,
            "p": 0.89444447,
            "profit": 17.117462,
            "q": 0.1
        },
        "CVS": {
            "close": 44.22,
            "loss": 0.24500275,
            "max_close": 78.15086,
            "min_close": 43.78,
            "p": 0.9722222,
            "profit": 13.427437,
            "q": 0.022222223
        },
        "DAC": {
            "close": 82.9,
            "loss": 3.4426727,
            "max_close": 95.34127,
            "min_close": 68.38013,
            "p": 0.4722222,
            "profit": 4.495369,
            "q": 0.5222222
        },
        "EL": {
            "close": 73.98,
            "loss": 7.1333466,
            "max_close": 155.9366,
            "min_close": 62.74,
            "p": 0.87777776,
            "profit": 28.193108,
            "q": 0.11666667
        },
        "EPAM": {
            "close": 229.16,
            "loss": 34.866455,
            "max_close": 314.63,
            "min_close": 170.25,
            "p": 0.2888889,
            "profit": 13.892883,
            "q": 0.70555556
        },
        "EW": {
            "close": 72.59,
            "loss": 5.0702057,
            "max_close": 95.56,
            "min_close": 59.7,
            "p": 0.46666667,
            "profit": 13.012032,
            "q": 0.5277778
        },
        "GGB": {
            "close": 2.88,
            "loss": 0.0,
            "max_close": 3.9173353,
            "min_close": 2.88,
            "p": 0.98888886,
            "profit": 0.45175195,
            "q": 0.0
        },
        "GIS": {
            "close": 63.54,
            "loss": 1.10186,
            "max_close": 74.52436,
            "min_close": 60.71325,
            "p": 0.8888889,
            "profit": 4.7881546,
            "q": 0.10555556
        },
        "HAL": {
            "close": 27.73,
            "loss": 0.69109154,
            "max_close": 40.580658,
            "min_close": 25.77,
            "p": 0.89444447,
            "profit": 4.5116463,
            "q": 0.1
        },
        "ILPT": {
            "close": 3.62,
            "loss": 0.10726142,
            "max_close": 5.146735,
            "min_close": 3.25,
            "p": 0.8,
            "profit": 0.67679167,
            "q": 0.18333334
        },
        "KSS": {
            "close": 14.03,
            "loss": 0.16666603,
            "max_close": 27.064508,
            "min_close": 13.86,
            "p": 0.9777778,
            "profit": 5.2918863,
            "q": 0.016666668
        },
        "MPW": {
            "close": 4.02,
            "loss": 0.14374733,
            "max_close": 6.2460093,
            "min_close": 2.792142,
            "p": 0.9,
            "profit": 0.66225195,
            "q": 0.094444446
        },
        "NKE": {
            "close": 73.67,
            "loss": 1.3902893,
            "max_close": 105.37247,
            "min_close": 70.41491,
            "p": 0.85555553,
            "profit": 10.017906,
            "q": 0.1388889
        },
        "NVO": {
            "close": 87.52,
            "loss": 1.2220001,
            "max_close": 146.36218,
            "min_close": 85.0,
            "p": 0.96666664,
            "profit": 37.914673,
            "q": 0.027777778
        },
        "PAGS": {
            "close": 6.41,
            "loss": 0.10874939,
            "max_close": 14.6,
            "min_close": 6.19,
            "p": 0.95,
            "profit": 4.1036263,
            "q": 0.044444446
        },
        "PYPL": {
            "close": 86.18,
            "loss": 16.822372,
            "max_close": 91.3,
            "min_close": 56.13,
            "p": 0.1388889,
            "profit": 2.0762024,
            "q": 0.85555553
        },
        "SEE": {
            "close": 33.29,
            "loss": 1.4216251,
            "max_close": 39.39198,
            "min_close": 30.61089,
            "p": 0.8666667,
            "profit": 2.40625,
            "q": 0.12777779
        },
        "SID": {
            "close": 1.42,
            "loss": 0.0,
            "max_close": 3.7422938,
            "min_close": 1.42,
            "p": 0.99444443,
            "profit": 0.7787212,
            "q": 0.0
        },
        "TGT": {
            "close": 137.19,
            "loss": 5.229889,
            "max_close": 175.23389,
            "min_close": 121.59,
            "p": 0.79444444,
            "profit": 14.495789,
            "q": 0.2
        },
        "VALE": {
            "close": 8.88,
            "loss": 0.067500114,
            "max_close": 14.287046,
            "min_close": 8.74,
            "p": 0.9722222,
            "profit": 1.7903051,
            "q": 0.022222223
        },
        "VFC": {
            "close": 21.54,
            "loss": 4.9892044,
            "max_close": 22.59,
            "min_close": 11.779906,
            "p": 0.055555556,
            "profit": 0.4976101,
            "q": 0.9388889
        },
        "ZIM": {
            "close": 23.31,
            "loss": 4.9159546,
            "max_close": 27.01,
            "min_close": 8.707805,
            "p": 0.14444445,
            "profit": 1.3553848,
            "q": 0.85
        }
    },
    "hold_stock_list": [
        "SEE",
        "GIS",
        "EL",
        "KSS",
        "TGT",
        "NKE",
        "VFC",
        "MPW",
        "NVO",
        "CVS",
        "ILPT",
        "AAP",
        "PYPL",
        "EPAM",
        "PAGS",
        "EW",
        "DAC",
        "ZIM",
        "VALE",
        "GGB",
        "SID",
        "HAL",
        "ALB"
    ],
    "portfolio": {
        "AAP": {
            "cost_p": 91.35,
            "position_%": 13.830087496471915,
            "profit_%": -47.3015873015873
        },
        "ALB": {
            "cost_p": 173.45,
            "position_%": 7.5027873211761795,
            "profit_%": -50.86191986163159
        },
        "CVS": {
            "cost_p": 65.41,
            "position_%": 5.658775654979924,
            "profit_%": -32.39565815624522
        },
        "DAC": {
            "cost_p": 73.24,
            "position_%": 4.752125771717584,
            "profit_%": 13.189513926815962
        },
        "EL": {
            "cost_p": 143.25,
            "position_%": 6.19645018021613,
            "profit_%": -48.35602094240837
        },
        "EPAM": {
            "cost_p": 250,
            "position_%": 2.7035122950332156,
            "profit_%": -8.336000000000002
        },
        "EW": {
            "cost_p": 87.5,
            "position_%": 2.838687909784876,
            "profit_%": -17.039999999999996
        },
        "GGB": {
            "cost_p": 2.9,
            "position_%": 2.508859409790824,
            "profit_%": -0.6896551724137937
        },
        "GIS": {
            "cost_p": 65,
            "position_%": 2.811652786834544,
            "profit_%": -2.2461538461538475
        },
        "HAL": {
            "cost_p": 35,
            "position_%": 2.649442049132551,
            "profit_%": -20.771428571428572
        },
        "ILPT": {
            "cost_p": 17.24,
            "position_%": 3.7286841573098104,
            "profit_%": -79.00232018561483
        },
        "KSS": {
            "cost_p": 22.03,
            "position_%": 6.1940710893965,
            "profit_%": -36.31411711302769
        },
        "MPW": {
            "cost_p": 6.18,
            "position_%": 4.678157675325475,
            "profit_%": -34.95145631067961
        },
        "NKE": {
            "cost_p": 75.5,
            "position_%": 3.265842852400124,