{"hold_stock_list":["SMP","T","DHI","C","REGI","TDS","BGFV","BIO","WFC","PSX","SNX","LAKE","HTH","MDC","PBFX","PHM"],"portfolio":{"BGFV":{"cost_p":12.23,"position_%":4.431654884811138,"profit_%":17.170891251022073},"BIO":{"cost_p":597.32,"position_%":5.8749218339110385,"profit_%":-0.47545704145182344},"C":{"cost_p":62.71,"position_%":5.096568767522663,"profit_%":6.426407271567523},"DHI":{"cost_p":72.88,"position_%":3.772678518923441,"profit_%":6.8880351262349215},"HTH":{"cost_p":29.44,"position_%":6.857909579953038,"profit_%":11.345108695652172},"LAKE":{"cost_p":29.74,"position_%":4.618528779615112,"profit_%":7.666442501681253},"MDC":{"cost_p":59.95,"position_%":5.275693348738782,"profit_%":-4.203502919099254},"PBFX":{"cost_p":11.11,"position_%":5.751160585241415,"profit_%":17.911791179117913},"PHM":{"cost_p":49.31,"position_%":4.722241202950227,"profit_%":-6.874873250861895},"PSX":{"cost_p":70.43,"position_%":9.1146318636038,"profit_%":21.439727388896767},"REGI":{"cost_p":80.92,"position_%":4.18887411843146,"profit_%":15.793376173999013},"SMP":{"cost_p":41.45,"position_%":13.668013608146667,"profit_%":-1.254523522316051},"SNX":{"cost_p":86.45,"position_%":6.488950110364305,"profit_%":0.6362058993637908},"T":{"cost_p":28.54,"position_%":6.205041557441204,"profit_%":2.2424667133847254},"TDS":{"cost_p":20.77,"position_%":5.375859826978586,"profit_%":-12.614347616754939},"WFC":{"cost_p":31.79,"position_%":8.557271413367125,"profit_%":16.829191569676002}},"KellyFormula_Range_v1":{"REGI":{"profit":8.286842,"loss":44.31721,"p":0.105555557,"q":0.8888889,"max_close":113.68,"min_close":22.31,"close":93.7},"WFC":{"profit":0.404998779,"loss":10.4635944,"p":0.0111111114,"q":0.983333349,"max_close":37.83,"min_close":20.9815083,"close":37.14},"MDC":{"profit":2.06005859,"loss":12.5636787,"p":0.03888889,"q":0.955555558,"max_close":61.05,"min_close":31.0048389,"close":57.43},"T":{"profit":0.6885071,"loss":0.9086952,"p":0.116666667,"q":0.877777755,"max_close":31.50766,"min_close":26.033514,"close":29.18},"TDS":{"profit":1.77911949,"loss":0.686187744,"p":0.855555534,"q":0.1388889,"max_close":23.91577,"min_close":16.5031128,"close":18.15},"SNX":{"profit":1.75040436,"loss":18.0007019,"p":0.116666667,"q":0.877777755,"max_close":91.34,"min_close":48.6883926,"close":87.0},"HTH":{"profit":0.211277008,"loss":10.0380764,"p":0.0222222228,"q":0.9722222,"max_close":33.18,"min_close":16.4422626,"close":32.78},"C":{"profit":1.66837311,"loss":14.6703377,"p":0.00555555569,"q":0.98888886,"max_close":68.40837,"min_close":40.2755241,"close":66.74},"DHI":{"profit":2.22581482,"loss":9.024368,"p":0.0722222254,"q":0.9222222,"max_close":83.23916,"min_close":50.67208,"close":77.9},"PHM":{"profit":1.52603149,"loss":4.3663826,"p":0.233333334,"q":0.76111114,"max_close":49.51,"min_close":31.7402878,"close":45.92},"BIO":{"profit":25.694519,"loss":67.6907349,"p":0.172222227,"q":0.822222233,"max_close":662.35,"min_close":432.34,"close":594.48},"BGFV":{"profit":1.01000023,"loss":7.19496965,"p":0.0722222254,"q":0.9222222,"max_close":16.16,"min_close":1.76140082,"close":14.33},"SMP":{"profit":4.45560837,"loss":1.27132416,"p":0.75555557,"q":0.23888889,"max_close":53.85105,"min_close":37.67527,"close":40.93},"PSX":{"profit":0.7269821,"loss":23.1331482,"p":0.00555555569,"q":0.98888886,"max_close":86.25698,"min_close":43.12195,"close":85.53},"PBFX":{"profit":0.0,"loss":3.79076862,"p":0.0,"q":0.99444443,"max_close":13.1,"min_close":7.000287,"close":13.1},"LAKE":{"profit":5.95249557,"loss":9.039665,"p":0.06666667,"q":0.927777767,"max_close":44.43,"min_close":15.57,"close":32.02}}}