{"hold_stock_list":["ARLP","INTC","BIO","DAC","GGB","THO","GOGL","CPLP","SID","EDRY","ET","SB","NMM","PKX","TX"],"portfolio":{"ARLP":{"cost_p":14.01,"position_%":9.071557376998229,"profit_%":9.279086366880804},"BIO":{"cost_p":596.71,"position_%":6.800168910973847,"profit_%":-2.3746878718305493},"CPLP":{"cost_p":12.99,"position_%":3.7008846069929393,"profit_%":16.397228637413384},"DAC":{"cost_p":76.97,"position_%":9.269966128708422,"profit_%":15.590489801221254},"EDRY":{"cost_p":22.24,"position_%":2.592095538301164,"profit_%":23.24640287769785},"ET":{"cost_p":9.35,"position_%":5.4003285393034,"profit_%":11.550802139037435},"GGB":{"cost_p":4.45,"position_%":3.803449538364568,"profit_%":29.8876404494382},"GOGL":{"cost_p":10.75,"position_%":3.897985396825791,"profit_%":6.790697674418608},"INTC":{"cost_p":47.28,"position_%":7.396361244877192,"profit_%":1.6708967851099814},"NMM":{"cost_p":30.04,"position_%":4.162530399106048,"profit_%":4.693741677762983},"PKX":{"cost_p":58.54,"position_%":5.852531105664464,"profit_%":0.9566108643662492},"SB":{"cost_p":4.05,"position_%":4.358426828002339,"profit_%":5.432098765432094},"SID":{"cost_p":4.82,"position_%":12.034492482819338,"profit_%":17.84232365145227},"THO":{"cost_p":98.9,"position_%":7.966368440998539,"profit_%":-11.274014155712846},"TX":{"cost_p":39.81,"position_%":13.692853462063717,"profit_%":3.0896759608138575}},"KellyFormula_Range_v1":{"SID":{"profit":2.33063555,"loss":1.07551813,"p":0.35,"q":0.644444466,"max_close":9.49,"min_close":3.57,"close":5.68},"THO":{"profit":20.1534958,"loss":1.71334076,"p":0.9777778,"q":0.0166666675,"max_close":127.44,"min_close":84.34,"close":87.75},"BIO":{"profit":133.811157,"loss":11.522522,"p":0.9722222,"q":0.0222222228,"max_close":825.77,"min_close":564.67,"close":582.54},"PKX":{"profit":9.382248,"loss":1.75443649,"p":0.794444442,"q":0.2,"max_close":79.75,"min_close":54.58,"close":59.1},"INTC":{"profit":4.66068268,"loss":1.02199936,"p":0.9111111,"q":0.0833333358,"max_close":57.48,"min_close":44.65,"close":48.07},"TX":{"profit":5.340149,"loss":2.58169937,"p":0.7277778,"q":0.2611111,"max_close":56.19,"min_close":32.89,"close":41.04},"GOGL":{"profit":0.529762268,"loss":1.82595539,"p":0.116666667,"q":0.872222245,"max_close":12.9,"min_close":7.68,"close":11.48},"NMM":{"profit":0.897331238,"loss":4.48043251,"p":0.0833333358,"q":0.905555546,"max_close":33.67,"min_close":21.47,"close":31.45},"SB":{"profit":0.44822216,"loss":0.5901489,"p":0.25,"q":0.74444443,"max_close":5.28,"min_close":3.1,"close":4.27},"ARLP":{"profit":0.0,"loss":4.72715,"p":0.0,"q":0.99444443,"max_close":15.31,"min_close":6.64,"close":15.31},"ET":{"profit":0.25266552,"loss":1.037137,"p":0.0833333358,"q":0.9111111,"max_close":11.01,"min_close":8.15,"close":10.43},"CPLP":{"profit":0.737264633,"loss":2.26495934,"p":0.355555564,"q":0.6388889,"max_close":16.73,"min_close":10.98,"close":15.12},"GGB":{"profit":0.180644989,"loss":0.7592559,"p":0.172222227,"q":0.822222233,"max_close":6.22,"min_close":4.26,"close":5.78},"DAC":{"profit":6.14957428,"loss":14.7053375,"p":0.13333334,"q":0.8611111,"max_close":100.3,"min_close":62.14,"close":88.97},"EDRY":{"profit":2.355856,"loss":5.15766335,"p":0.316666663,"q":0.677777767,"max_close":33.81,"min_close":17.0,"close":27.41}}}