{
    "KellyFormula_Range_v1": {
        "BGFV": {
            "close": 15.07,
            "loss": 7.83115339,
            "max_close": 16.16,
            "min_close": 1.76140082,
            "p": 0.05,
            "profit": 0.5277786,
            "q": 0.9444444
        },
        "BIO": {
            "close": 603.54,
            "loss": 73.51343,
            "max_close": 662.35,
            "min_close": 432.34,
            "p": 0.122222222,
            "profit": 24.87146,
            "q": 0.872222245
        },
        "C": {
            "close": 65.52,
            "loss": 13.8192635,
            "max_close": 68.40837,
            "min_close": 40.2755241,
            "p": 0.027777778,
            "profit": 0.9630127,
            "q": 0.966666639
        },
        "DHI": {
            "close": 77.46,
            "loss": 8.989105,
            "max_close": 83.23916,
            "min_close": 50.67208,
            "p": 0.1,
            "profit": 1.97092438,
            "q": 0.894444466
        },
        "HTH": {
            "close": 33.18,
            "loss": 10.283617,
            "max_close": 33.18,
            "min_close": 16.4422626,
            "p": 0.0,
            "profit": 0.0,
            "q": 0.99444443
        },
        "LAKE": {
            "close": 33.24,
            "loss": 10.3091927,
            "max_close": 44.43,
            "min_close": 14.66,
            "p": 0.06111111,
            "profit": 5.16272354,
            "q": 0.933333337
        },
        "MDC": {
            "close": 56.51,
            "loss": 11.976944,
            "max_close": 61.05,
            "min_close": 31.0048389,
            "p": 0.055555556,
            "profit": 2.153038,
            "q": 0.9388889
        },
        "PBFX": {
            "close": 12.83,
            "loss": 3.52310944,
            "max_close": 12.83,
            "min_close": 7.000287,
            "p": 0.0,
            "profit": 0.0,
            "q": 0.99444443
        },
        "PHM": {
            "close": 45.44,
            "loss": 4.214485,
            "max_close": 49.51,
            "min_close": 31.7402878,
            "p": 0.2777778,
            "profit": 1.72833633,
            "q": 0.716666639
        },
        "PSX": {
            "close": 83.96,
            "loss": 21.6849785,
            "max_close": 86.25698,
            "min_close": 43.12195,
            "p": 0.0111111114,
            "profit": 1.17707062,
            "q": 0.983333349
        },
        "REGI": {
            "close": 97.42,
            "loss": 46.7265625,
            "max_close": 113.68,
            "min_close": 22.31,
            "p": 0.06666667,
            "profit": 7.65415955,
            "q": 0.9222222
        },
        "SMP": {
            "close": 42.47,
            "loss": 1.9238739,
            "max_close": 53.85105,
            "min_close": 37.67527,
            "p": 0.594444454,
            "profit": 3.882454,
            "q": 0.4
        },
        "SNX": {
            "close": 88.21,
            "loss": 27.5070724,
            "max_close": 91.34,
            "min_close": 39.68084,
            "p": 0.0722222254,
            "profit": 1.16062164,
            "q": 0.9222222
        },
        "T": {
            "close": 29.32,
            "loss": 1.0135994,
            "max_close": 31.50766,
            "min_close": 26.033514,
            "p": 0.0833333358,
            "profit": 0.9204407,
            "q": 0.9111111
        },
        "TDS": {
            "close": 18.03,
            "loss": 0.800109863,
            "max_close": 23.91577,
            "min_close": 16.5031128,
            "p": 0.894444466,
            "profit": 1.833847,
            "q": 0.1
        },
        "WFC": {
            "close": 37.26,
            "loss": 10.5576,
            "max_close": 37.83,
            "min_close": 20.9815083,
            "p": 0.00555555569,
            "profit": 0.5700035,
            "q": 0.98888886
        }
    },
    "hold_stock_list": [
        "SMP",
        "T",
        "DHI",
        "C",
        "REGI",
        "TDS",
        "BGFV",
        "BIO",
        "WFC",
        "PSX",
        "SNX",
        "LAKE",
        "HTH",
        "MDC",
        "PBFX",
        "PHM"
    ],
    "portfolio": {
        "BGFV": {
            "cost_p": 12.23,
            "position_%": 4.431654884811138,
            "profit_%": 23.221586263286998
        },
        "BIO": {
            "cost_p": 597.32,
            "position_%": 5.8749218339110385,
            "profit_%": 1.0413178865599533
        },
        "C": {
            "cost_p": 62.71,
            "position_%": 5.096568767522663,
            "profit_%": 4.480944028065691
        },
        "DHI": {
            "cost_p": 72.88,
            "position_%": 3.772678518923441,
            "profit_%": 6.284302963776069
        },
        "HTH": {
            "cost_p": 29.44,
            "position_%": 6.857909579953038,
            "profit_%": 12.70380434782608
        },
        "LAKE": {
            "cost_p": 29.74,
            "position_%": 4.618528779615112,
            "profit_%": 11.768661735037
        },
        "MDC": {
            "cost_p": 59.95,
            "position_%": 5.275693348738782,
            "profit_%": -5.738115095913269
        },
        "PBFX": {
            "cost_p": 11.11,
            "position_%": 5.751160585241415,
            "profit_%": 15.481548154815489
        },
        "PHM": {
            "cost_p": 49.31,
            "position_%": 4.722241202950227,
            "profit_%": -7.848306631514915
        },
        "PSX": {
            "cost_p": 70.43,
            "position_%": 9.1146318636038,
            "profit_%": 19.210563680249873
        },
        "REGI": {
            "cost_p": 80.92,
            "position_%": 4.18887411843146,
            "profit_%": 20.390509144834404
        },
        "SMP": {
            "cost_p": 41.45,
            "position_%": 13.668013608146667,
            "profit_%": 2.4607961399276137
        },
        "SNX": {
            "cost_p": 86.45,
            "position_%": 6.488950110364305,
            "profit_%": 2.035858877964131
        },
        "T": {
            "cost_p": 28.54,
            "position_%": 6.205041557441204,
            "profit_%": 2.7330063069376354
        },
        "TDS": {
            "cost_p": 20.77,
            "position_%": 5.375859826978586,
            "profit_%": -13.192103996148283
        },
        "WFC": {
            "cost_p": 31.79,
            "position_%": 8.557271413367125,
            "profit_%": 17.20666876376219
        }
    }
}