{
    "KellyFormula_Range_v1": {
        "BIO": {
            "close": 581.16,
            "loss": 24.5368042,
            "max_close": 662.35,
            "min_close": 494.17,
            "p": 0.55,
            "profit": 25.1522827,
            "q": 0.444444448
        },
        "CNNE": {
            "close": 34.78,
            "loss": 0.299999237,
            "max_close": 45.6,
            "min_close": 34.48,
            "p": 0.98888886,
            "profit": 4.998028,
            "q": 0.00555555569
        },
        "CPLP": {
            "close": 12.8,
            "loss": 3.483882,
            "max_close": 13.28,
            "min_close": 6.081397,
            "p": 0.027777778,
            "profit": 0.32199955,
            "q": 0.966666639
        },
        "EDRY": {
            "close": 31.26,
            "loss": 23.1986847,
            "max_close": 32.89,
            "min_close": 3.47,
            "p": 0.0111111114,
            "profit": 1.494997,
            "q": 0.983333349
        },
        "GOGL": {
            "close": 10.64,
            "loss": 4.84637165,
            "max_close": 10.64,
            "min_close": 3.11279774,
            "p": 0.0,
            "profit": 0.0,
            "q": 0.99444443
        },
        "GSL": {
            "close": 18.84,
            "loss": 6.839036,
            "max_close": 18.84,
            "min_close": 5.55811834,
            "p": 0.0,
            "profit": 0.0,
            "q": 0.99444443
        },
        "KGC": {
            "close": 7.77,
            "loss": 0.6586528,
            "max_close": 9.232914,
            "min_close": 6.13875675,
            "p": 0.305555552,
            "profit": 0.612278461,
            "q": 0.6888889
        },
        "LDI": {
            "close": 15.07,
            "loss": 1.357647,
            "max_close": 30.538002,
            "min_close": 12.1,
            "p": 0.355555564,
            "profit": 4.784893,
            "q": 0.0944444463
        },
        "QDEL": {
            "close": 112.42,
            "loss": 3.99665833,
            "max_close": 283.45,
            "min_close": 104.07,
            "p": 0.927777767,
            "profit": 74.12782,
            "q": 0.06666667
        },
        "TX": {
            "close": 37.26,
            "loss": 9.597055,
            "max_close": 40.88,
            "min_close": 17.5480919,
            "p": 0.155555561,
            "profit": 1.38406372,
            "q": 0.8388889
        }
    },
    "hold_stock_list": [
        "QDEL",
        "BIO",
        "KGC",
        "GSL",
        "CNNE",
        "GOGL",
        "CPLP",
        "LDI",
        "EDRY",
        "TX"
    ],
    "portfolio": {
        "BIO": {
            "cost_p": 580.11,
            "position_%": 14.634172540552997,
            "profit": 0,
            "profit_%": 3.950974815121263
        },
        "CNNE": {
            "cost_p": 40.66,
            "position_%": 4.086301972435276,
            "profit": 0,
            "profit_%": -13.84653221839645
        },
        "CPLP": {
            "cost_p": 13.14,
            "position_%": 3.8226764121973935,
            "profit": 0,
            "profit_%": -0.45662100456621385
        },
        "EDRY": {
            "cost_p": 22.24,
            "position_%": 4.072053041827283,
            "profit": 0,
            "profit_%": 40.692446043165475
        },
        "GOGL": {
            "cost_p": 11.03,
            "position_%": 4.0390957779995444,
            "profit": 0,
            "profit_%": -0.3626473254759669
        },
        "GSL": {
            "cost_p": 15.76,
            "position_%": 12.824851306794164,
            "profit": 0,
            "profit_%": 20.812182741116747
        },
        "KGC": {
            "cost_p": 7.61,
            "position_%": 14.18130718517584,
            "profit": 0,
            "profit_%": 3.547963206307484
        },
        "LDI": {
            "cost_p": 13.57,
            "position_%": 13.692970048804822,
            "profit": 0,
            "profit_%": 8.621960206337508
        },
        "QDEL": {
            "cost_p": 112.07,
            "position_%": 13.99889890188431,
            "profit": 0,
            "profit_%": 2.373516552154913
        },
        "TX": {
            "cost_p": 40.0,
            "position_%": 14.647672812328361,
            "profit": 0,
            "profit_%": -6.775000000000002
        }
    }
}