{"hold_stock_list":["SEE","GIS","PEP","EL","KSS","TGT","NKE","PVH","VFC","MPW","NVO","CVS","ILPT","AAP","PYPL","EPAM","PAGS","EW","DAC","ZIM","VALE","GGB","SID","HAL","ALB"],"watch_stock_list":["ABNB","ACLS","ACMR","ADBE","ADSK","AEO","ALB","ALGM","ALGN","AMAT","ANSS","APD","APTV","ARTNA","ASML","AZN","BAC","BBY","BF-B","BIO","BLD","BUD","CAMT","CE","CNMD","CRM","CSCO","CVS","DE","DELL","DEO","DG","DHI","DIS","EL","EPAM","EW","EXLS","EXR","F","FDX","FFIV","FSLR","FTNT","G","GIS","GLOB","GM","GOOG","GSK","HAL","HAS","HMC","HOV","HPE","HPQ","INTC","ISRG","K","KSS","LMAT","LNTH","LQDT","LRCX","M","MA","MCHP","MKC","MMM","MMS","MOH","MPW","MS","MSFT","MU","NDAQ","NFLX","NICE","NKE","NOW","NVO","NXPI","ORCL","OXM","PAGS","PAYC","PCTY","PEP","PFE","PHG","PODD","PVH","PYPL","QCOM","SAIC","SBUX","SEE","SMP","SONY","SQM","STM","TDC","TEAM","TECH","TEX","TGT","TITN","TM","TEN","TRI","TX","UAL","UPS","VALE","VEEV","VFC","VMI","WDAY","WFC","WNS","X","ZTS"],"portfolio":{"AAP":{"cost_p":91.35,"position_%":12.031655418055102,"profit_%":-47.59715380405036},"ALB":{"cost_p":173.45,"position_%":6.527142488894073,"profit_%":-53.179590660132604},"CVS":{"cost_p":65.41,"position_%":4.922921766486726,"profit_%":0.6421036538755569},"DAC":{"cost_p":73.24,"position_%":4.134170503487477,"profit_%":14.65046422719826},"EL":{"cost_p":143.03,"position_%":5.3823994821938275,"profit_%":-51.97511011675873},"EPAM":{"cost_p":248.63,"position_%":2.3390652018070535,"profit_%":7.034549330330213},"EW":{"cost_p":87.4,"position_%":2.4667292600000374,"profit_%":-12.826086956521749},"GGB":{"cost_p":2.9,"position_%":2.182613227765098,"profit_%":6.206896551724143},"GIS":{"cost_p":62.3,"position_%":4.688855313440193,"profit_%":-5.553772070625993},"HAL":{"cost_p":34.9,"position_%":2.298329360099196,"profit_%":-25.042979942693407},"ILPT":{"cost_p":17.2,"position_%":3.2362885790999734,"profit_%":0},"KSS":{"cost_p":21.98,"position_%":5.376378480186199,"profit_%":-46.678798908098265},"MPW":{"cost_p":6.18,"position_%":4.069821044530954,"profit_%":-19.902912621359217},"NKE":{"cost_p":73.71,"position_%":5.547600724778116,"profit_%":-0.9089675756342255},"NVO":{"cost_p":89.89,"position_%":2.537005642807819,"profit_%":-13.371898987651571},"PAGS":{"cost_p":6.91,"position_%":0.06500800605110701,"profit_%":16.353111432706207},"PEP":{"cost_p":144.84,"position_%":5.450512067405118,"profit_%":-1.001104667219012},"PVH":{"cost_p":94.6,"position_%":2.669938077757478,"profit_%":-17.854122621564482},"PYPL":{"cost_p":68.03,"position_%":2.560054791118269,"profit_%":14.611200940761426},"SEE":{"cost_p":37.16,"position_%":4.894322006950493,"profit_%":-8.53067814854681},"SID":{"cost_p":4.54,"position_%":2.9898038094127077,"profit_%":-65.63876651982379},"TGT":{"cost_p":135.71,"position_%":1.276734660086213,"profit_%":-5.769655883870025},"VALE":{"cost_p":12.22,"position_%":2.299270141662888,"profit_%":-20.13093289689035},"VFC":{"cost_p":18.8,"position_%":1.2380685378184781,"profit_%":36.11702127659574},"ZIM":{"cost_p":40.74,"position_%":8.815311408105398,"profit_%":-50.58910162002947}},"KellyFormula_Range_v1":{"ZIM":{"profit":1.0269032,"loss":3.3757572,"p":0.18333334,"q":0.8111111,"max_close":23.31,"min_close":7.2657223,"close":20.13},"ILPT":{"profit":0.6860657,"loss":0.33589125,"p":0.42777777,"q":0.56666666,"max_close":5.1334705,"min_close":3.2416239,"close":4.01},"MPW":{"profit":0.5990586,"loss":0.5444703,"p":0.15555556,"q":0.8388889,"max_close":6.2460093,"min_close":3.2377927,"close":4.95},"SID":{"profit":0.57256746,"loss":0.12344813,"p":0.82222223,"q":0.16111112,"max_close":3.5998206,"min_close":1.3,"close":1.56},"VFC":{"profit":0.6499996,"loss":7.0897236,"p":0.033333335,"q":0.9611111,"max_close":26.93,"min_close":11.779906,"close":25.59},"KSS":{"profit":5.957141,"loss":0.10000038,"p":0.98888886,"q":0.0055555557,"max_close":27.064508,"min_close":11.62,"close":11.72},"EL":{"profit":22.172447,"loss":3.8520737,"p":0.8888889,"q":0.10555556,"max_close":155.19865,"min_close":62.443096,"close":68.69},"NVO":{"profit":39.250305,"loss":0.0,"p":0.99444443,"q":0.0,"max_close":146.36218,"min_close":77.87,"close":77.87},"HAL":{"profit":4.210161,"loss":0.377779,"p":0.9444444,"q":0.05,"max_close":40.580658,"min_close":25.19,"close":26.16},"EPAM":{"profit":1.5100098,"loss":53.61998,"p":0.0055555557,"q":0.98888886,"max_close":314.63,"min_close":170.25,"close":266.12},"CVS":{"profit":0.29463196,"loss":10.149044,"p":0.011111111,"q":0.98333335,"max_close":76.2834,"min_close":43.23058,"close":65.83},"EW":{"profit":12.941017,"loss":7.0367966,"p":0.21666667,"q":0.7777778,"max_close":95.56,"min_close":59.7,"close":76.19},"SEE":{"profit":1.6564217,"loss":0.63923645,"p":0.7888889,"q":0.20555556,"max_close":39.39198,"min_close":30.61089,"close":33.99},"AAP":{"profit":10.9052925,"loss":6.3589745,"p":0.41111112,"q":0.5833333,"max_close":84.78196,"min_close":35.49403,"close":47.87},"VALE":{"profit":0.8112955,"loss":0.6377039,"p":0.71666664,"q":0.2777778,"max_close":12.466866,"min_close":8.5,"close":9.76},"PVH":{"profit":23.87867,"loss":0.18666077,"p":0.9777778,"q":0.016666668,"max_close":140.4603,"min_close":77.4,"close":77.71},"PAGS":{"profit":2.6461859,"loss":0.99649954,"p":0.65555555,"q":0.33333334,"max_close":14.6,"min_close":6.19,"close":8.04},"DAC":{"profit":4.288475,"loss":3.565384,"p":0.37222221,"q":0.62222224,"max_close":95.34127,"min_close":68.38013,"close":83.97},"TGT":{"profit":15.006996,"loss":4.2429276,"p":0.96666664,"q":0.027777778,"max_close":172.50467,"min_close":120.56183,"close":127.88},"PEP":{"profit":19.644745,"loss":0.75,"p":0.98888886,"q":0.0055555557,"max_close":178.78223,"min_close":142.64,"close":143.39},"GGB":{"profit":0.2221551,"loss":0.15127134,"p":0.76111114,"q":0.22222222,"max_close":3.8891463,"min_close":2.72,"close":3.08},"ALB":{"profit":14.9596405,"loss":3.4102554,"p":0.8833333,"q":0.11111111,"max_close":140.61736,"min_close":72.23231,"close":81.21},"GIS":{"profit":7.0802116,"loss":0.3516693,"p":0.9611111,"q":0.033333335,"max_close":73.79097,"min_close":58.08,"close":58.84},"NKE":{"profit":7.7401886,"loss":1.4012604,"p":0.8111111,"q":0.18333334,"max_close":104.26153,"min_close":68.68,"close":73.04},"PYPL":{"profit":7.1018753,"loss":11.6692505,"p":0.48333332,"q":0.51111114,"max_close":91.81,"min_close":57.22,"close":77.97}},"Factor_Intersectional_v1":[],"stock_info":{"ZIM":["Zim Integrated Shipping Services Ltd","Marine Shipping","Industrials"],"ILPT":["Industrial Logistics Properties Trust","REIT - Industrial","Real Estate"],"MPW":["Medical Properties Trust Inc","REIT - Healthcare Facilities","Real Estate"],"SID":["Companhia Siderurgica Nacional ADR","Steel","Basic Materials"],"VFC":["VF Corp.","Apparel Manufacturing","Consumer Cyclical"],"KSS":["Kohl's Corp.","Department Stores","Consumer Cyclical"],"EL":["Estee Lauder Cos., Inc.","Household & Personal Products","Consumer Defensive"],"NVO":["Novo Nordisk ADR","Biotechnology","Healthcare"],"HAL":["Halliburton Co.","Oil & Gas Equipment & Services","Energy"],"EPAM":["EPAM Systems Inc","Information Technology Services","Technology"],"CVS":["CVS Health Corp","Healthcare Plans","Healthcare"],"EW":["Edwards Lifesciences Corp","Medical Devices","Healthcare"],"SEE":["Sealed Air Corp.","Packaging & Containers","Consumer Cyclical"],"AAP":["Advance Auto Parts Inc","Specialty Retail","Consumer Cyclical"],"VALE":["Vale S.A. ADR","Other Industrial Metals & Mining","Basic Materials"],"PVH":["PVH Corp","Apparel Manufacturing","Consumer Cyclical"],"PAGS":["PagSeguro Digital Ltd","Software - Infrastructure","Technology"],"DAC":["Danaos Corporation","Marine Shipping","Industrials"],"TGT":["Target Corp","Discount Stores","Consumer Defensive"],"PEP":["PepsiCo Inc","Beverages - Non-Alcoholic","Consumer Defensive"],"GGB":["Gerdau S.A. ADR","Steel","Basic Materials"],"ALB":["Albemarle Corp.","Specialty Chemicals","Basic Materials"],"GIS":["General Mills, Inc.","Packaged Foods","Consumer Defensive"],"NKE":["Nike, Inc.","Footwear & Accessories","Consumer Cyclical"],