{
    "KellyFormula_Range_v1": {
        "ARLP": {
            "close": 20.99,
            "loss": 7.2859745,
            "max_close": 20.99,
            "min_close": 9.11,
            "p": 0.0,
            "profit": 0.0,
            "q": 0.99444443
        },
        "AX": {
            "close": 39.63,
            "loss": 2.69347763,
            "max_close": 62.14,
            "min_close": 34.86,
            "p": 0.8666667,
            "profit": 12.7346191,
            "q": 0.127777785
        },
        "BAC": {
            "close": 36.7,
            "loss": 1.060524,
            "max_close": 49.38,
            "min_close": 33.86,
            "p": 0.8888889,
            "profit": 7.409355,
            "q": 0.105555557
        },
        "BIO": {
            "close": 552.53,
            "loss": 34.8156738,
            "max_close": 802.96,
            "min_close": 475.22,
            "p": 0.7888889,
            "profit": 129.815674,
            "q": 0.205555558
        },
        "BK": {
            "close": 46.47,
            "loss": 2.588932,
            "max_close": 63.66,
            "min_close": 42.06,
            "p": 0.8388889,
            "profit": 9.429794,
            "q": 0.155555561
        },
        "C": {
            "close": 52.43,
            "loss": 2.29656219,
            "max_close": 72.53,
            "min_close": 46.56,
            "p": 0.816666663,
            "profit": 11.4187775,
            "q": 0.177777782
        },
        "CPLP": {
            "close": 16.07,
            "loss": 1.22407818,
            "max_close": 18.76,
            "min_close": 12.35,
            "p": 0.211111113,
            "profit": 0.7957897,
            "q": 0.783333361
        },
        "DAC": {
            "close": 84.83,
            "loss": 9.69294,
            "max_close": 106.64,
            "min_close": 65.69,
            "p": 0.35,
            "profit": 10.19442,
            "q": 0.644444466
        },
        "EDRY": {
            "close": 28.8,
            "loss": 6.398758,
            "max_close": 42.75,
            "min_close": 17.0,
            "p": 0.411111116,
            "profit": 4.09918976,
            "q": 0.5833333
        },
        "ET": {
            "close": 12.01,
            "loss": 2.10320473,
            "max_close": 12.08,
            "min_close": 8.15,
            "p": 0.00555555569,
            "profit": 0.0699996948,
            "q": 0.98888886
        },
        "GOGL": {
            "close": 15.39,
            "loss": 4.76604557,
            "max_close": 16.02,
            "min_close": 7.68,
            "p": 0.0333333351,
            "profit": 0.3516655,
            "q": 0.955555558
        },
        "HIMX": {
            "close": 9.59,
            "loss": 0.492777824,
            "max_close": 15.99,
            "min_close": 7.97,
            "p": 0.794444442,
            "profit": 1.50335789,
            "q": 0.2
        },
        "ILPT": {
            "close": 14.96,
            "loss": 0.4585724,
            "max_close": 28.4,
            "min_close": 13.97,
            "p": 0.9166667,
            "profit": 8.348065,
            "q": 0.07777778
        },
        "INTC": {
            "close": 44.84,
            "loss": 1.36874771,
            "max_close": 56.0,
            "min_close": 41.65,
            "p": 0.8611111,
            "profit": 5.4169693,
            "q": 0.13333334
        },
        "NMM": {
            "close": 31.16,
            "loss": 3.34644127,
            "max_close": 36.49,
            "min_close": 22.8,
            "p": 0.305555552,
            "profit": 1.64272308,
            "q": 0.6722222
        },
        "PKX": {
            "close": 58.31,
            "loss": 1.8011322,
            "max_close": 76.4,
            "min_close": 52.4,
            "p": 0.65,
            "profit": 4.329571,
            "q": 0.344444454
        },
        "SB": {
            "close": 4.79,
            "loss": 0.7087579,
            "max_close": 5.28,
            "min_close": 3.24,
            "p": 0.1,
            "profit": 0.1816678,
            "q": 0.894444466
        },
        "SID": {
            "close": 4.73,
            "loss": 0.52454567,
            "max_close": 5.93,
            "min_close": 3.3,
            "p": 0.438888878,
            "profit": 0.5032916,
            "q": 0.55
        },
        "STC": {
            "close": 55.93,
            "loss": 2.29615021,
            "max_close": 80.18,
            "min_close": 50.44,
            "p": 0.85,
            "profit": 13.3969345,
            "q": 0.144444451
        },
        "THO": {
            "close": 76.55,
            "loss": 2.93417358,
            "max_close": 127.44,
            "min_close": 69.02,
            "p": 0.9222222,
            "profit": 21.2697449,
            "q": 0.06666667
        },
        "TX": {
            "close": 44.04,
            "loss": 2.87459183,
            "max_close": 51.64,
            "min_close": 36.57,
            "p": 0.316666663,
            "profit": 2.38069534,
            "q": 0.677777767
        },
        "WGO": {
            "close": 49.57,
            "loss": 2.13777542,
            "max_close": 78.55,
            "min_close": 44.28,
            "p": 0.9444444,
            "profit": 16.1991959,
            "q": 0.05
        },
        "ZIM": {
            "close": 66.37,
            "loss": 11.2424812,
            "max_close": 88.62,
            "min_close": 43.31,
            "p": 0.2777778,
            "profit": 6.4058,
            "q": 0.716666639
        }
    },
    "hold_stock_list": [
        "AX",
        "BIO",
        "HIMX",
        "ILPT",
        "STC",
        "ET",
        "INTC",
        "ARLP",
        "BAC",
        "BK",
        "C",
        "THO",
        "WGO",
        "DAC",
        "GOGL",
        "CPLP",
        "EDRY",
        "SB",
        "NMM",
        "ZIM",
        "SID",
        "PKX",
        "TX"
    ],
    "portfolio": {
        "ARLP": {
            "cost_p": 14.01,
            "position_%": 1.8201343495598548,
            "profit_%": 49.821556031406125
        },
        "AX": {
            "cost_p": 37.5,
            "position_%": 2.923127970385206,
            "profit_%": 5.680000000000007
        },
        "BAC": {
            "cost_p": 37.29,
            "position_%": 5.813516907502097,
            "profit_%": -1.5821936175918379
        },
        "BIO": {
            "cost_p": 550.38,
            "position_%": 10.296519502979901,
            "profit_%": 0.3906391947381768
        },
        "BK": {
            "cost_p": 44.42,
            "position_%": 6.347994617287196,
            "profit_%": 4.6150382710490705
        },
        "C": {
            "cost_p": 50,
            "position_%": 6.495839934189346,
            "profit_%": 4.859999999999999
        },
        "CPLP": {
            "cost_p": 12.99,
            "position_%": 1.3500953719219138,
            "profit_%": 23.710546574287914
        },
        "DAC": {
            "cost_p": 76.97,
            "position_%": 2.999908798407324,
            "profit_%": 10.211770819799922
        },
        "EDRY": {
            "cost_p": 22.24,
            "position_%": 0.8668048808182262,
            "profit_%": 29.496402877697854
        },
        "ET": {
            "cost_p": 9.35,
            "position_%": 2.7088302109562994,
            "profit_%": 28.44919786096257
        },
        "GOGL": {
            "cost_p": 10.75,
            "position_%": 1.3966055858507096,
            "profit_%": 43.162790697674424
        },
        "HIMX": {
            "cost_p": 9.18,
            "position_%": 5.128335711243805,
            "profit_%": 4.466230936819174
        },
        "ILPT": {
            "cost_p": 17.42,
            "position_%": 4.526301266143137,
            "profit_%": -14.121699196326066
        },
        "INTC": {
            "cost_p": 45.14,
            "position_%": 8.796666438879212,
            "profit_%": -0.6645990252547567
        },