{
    "KellyFormula_Range_v1": {
        "ARLP": {
            "close": 15.97,
            "loss": 4.2369833,
            "max_close": 15.97,
            "min_close": 7.59,
            "p": 0.0,
            "profit": 0.0,
            "q": 0.99444443
        },
        "BIO": {
            "close": 589.71,
            "loss": 20.5137939,
            "max_close": 825.77,
            "min_close": 524.57,
            "p": 0.8055556,
            "profit": 140.939453,
            "q": 0.188888893
        },
        "CPLP": {
            "close": 16.59,
            "loss": 2.2591877,
            "max_close": 18.76,
            "min_close": 11.22,
            "p": 0.0722222254,
            "profit": 1.23384666,
            "q": 0.9222222
        },
        "DAC": {
            "close": 87.13,
            "loss": 12.3757706,
            "max_close": 106.64,
            "min_close": 64.2,
            "p": 0.283333331,
            "profit": 9.535881,
            "q": 0.7111111
        },
        "EDRY": {
            "close": 30.98,
            "loss": 6.83423233,
            "max_close": 37.98,
            "min_close": 17.0,
            "p": 0.13333334,
            "profit": 1.68708038,
            "q": 0.8611111
        },
        "ET": {
            "close": 11.05,
            "loss": 1.604743,
            "max_close": 11.53,
            "min_close": 8.15,
            "p": 0.03888889,
            "profit": 0.2642851,
            "q": 0.95
        },
        "GGB": {
            "close": 6.19,
            "loss": 1.05273676,
            "max_close": 6.51,
            "min_close": 4.26,
            "p": 0.06111111,
            "profit": 0.185454369,
            "q": 0.933333337
        },
        "GOGL": {
            "close": 11.31,
            "loss": 1.81722832,
            "max_close": 12.9,
            "min_close": 7.68,
            "p": 0.2777778,
            "profit": 0.625398636,
            "q": 0.7111111
        },
        "INTC": {
            "close": 46.57,
            "loss": 1.66666412,
            "max_close": 56.0,
            "min_close": 44.4,
            "p": 0.9611111,
            "profit": 4.79554,
            "q": 0.0333333351
        },
        "NC": {
            "close": 46.22,
            "loss": 14.9001179,
            "max_close": 46.22,
            "min_close": 24.56,
            "p": 0.0,
            "profit": 0.0,
            "q": 0.99444443
        },
        "NMM": {
            "close": 30.18,
            "loss": 3.81369781,
            "max_close": 36.49,
            "min_close": 21.69,
            "p": 0.377777785,
            "profit": 1.98057938,
            "q": 0.6166667
        },
        "PKX": {
            "close": 58.37,
            "loss": 1.52351,
            "max_close": 79.75,
            "min_close": 54.58,
            "p": 0.783333361,
            "profit": 7.409939,
            "q": 0.205555558
        },
        "SB": {
            "close": 3.86,
            "loss": 0.308205366,
            "max_close": 5.28,
            "min_close": 3.17,
            "p": 0.5611111,
            "profit": 0.6055443,
            "q": 0.433333337
        },
        "SID": {
            "close": 5.4,
            "loss": 0.824576855,
            "max_close": 9.49,
            "min_close": 3.57,
            "p": 0.333333343,
            "profit": 1.34999943,
            "q": 0.655555546
        },
        "THO": {
            "close": 82.56,
            "loss": 2.02908325,
            "max_close": 127.44,
            "min_close": 78.69,
            "p": 0.933333337,
            "profit": 22.5799789,
            "q": 0.06111111
        },
        "TX": {
            "close": 48.86,
            "loss": 6.16083145,
            "max_close": 56.19,
            "min_close": 36.57,
            "p": 0.194444448,
            "profit": 4.37257,
            "q": 0.8
        },
        "WGO": {
            "close": 55.14,
            "loss": 1.47200012,
            "max_close": 78.55,
            "min_close": 52.44,
            "p": 0.9388889,
            "profit": 14.3046341,
            "q": 0.055555556
        },
        "ZIM": {
            "close": 55.27,
            "loss": 6.53087234,
            "max_close": 88.62,
            "min_close": 34.62,
            "p": 0.4888889,
            "profit": 10.8927345,
            "q": 0.50555557
        }
    },
    "hold_stock_list": [
        "ARLP",
        "BIO",
        "DAC",
        "GGB",
        "THO",
        "WGO",
        "GOGL",
        "CPLP",
        "SID",
        "EDRY",
        "ET",
        "SB",
        "NMM",
        "PKX",
        "NC",
        "INTC",
        "ZIM",
        "TX"
    ],
    "portfolio": {
        "ARLP": {
            "cost_p": 14.01,
            "position_%": 8.098787588953128,
            "profit_%": 13.99000713775875
        },
        "BIO": {
            "cost_p": 596.71,
            "position_%": 6.070966791063119,
            "profit_%": -1.1730991603961722
        },
        "CPLP": {
            "cost_p": 12.99,
            "position_%": 2.402929354015729,
            "profit_%": 27.713625866050805
        },
        "DAC": {
            "cost_p": 76.97,
            "position_%": 5.3393034751325255,
            "profit_%": 13.199948031700659
        },
        "EDRY": {
            "cost_p": 22.24,
            "position_%": 1.5427583381440477,
            "profit_%": 39.29856115107915
        },
        "ET": {
            "cost_p": 9.35,
            "position_%": 4.821235421084003,
            "profit_%": 18.181818181818194
        },
        "GGB": {
            "cost_p": 4.45,
            "position_%": 2.057936032596227,
            "profit_%": 39.10112359550562
        },
        "GOGL": {
            "cost_p": 10.75,
            "position_%": 3.47999295399699,
            "profit_%": 5.209302325581399
        },
        "INTC": {
            "cost_p": 47.41,
            "position_%": 5.481277938504895,
            "profit_%": -1.7717781058848268
        },
        "NC": {
            "cost_p": 29.95,
            "position_%": 4.155180955702718,
            "profit_%": 54.32387312186978
        },
        "NMM": {
            "cost_p": 30.04,
            "position_%": 3.7161700173333707,
            "profit_%": 0.4660452729693761
        },
        "PKX": {
            "cost_p": 58.54,
            "position_%": 5.224946975775133,
            "profit_%": -0.2903997266826131
        },
        "SB": {
            "cost_p": 4.05,
            "position_%": 3.891059895788894,
            "profit_%": -4.691358024691357
        },
        "SID": {
            "cost_p": 4.82,
            "position_%": 10.743998445772714,
            "profit_%": 12.033195020746888
        },
        "THO": {
            "cost_p": 89.53,
            "position_%": 9.543581235082566,
            "profit_%": -7.785099966491678
        },
        "TX": {
            "cost_p": 39.81,
            "position_%": 8.54244160097804,
            "profit_%": 22.73298166289876
        },
        "WGO": {
            "cost_p": 56.56,
            "position_%": 8.500894415996369,
            "profit_%": -2.5106082036775135
        },
        "ZIM": {
            "cost_p": 55.24,
            "position_%": 6.386538564079526,
            "profit_%": 0.05430847212165303
        }
    }
}