{
    "KellyFormula_Range_v1": {
        "ASML": {
            "close": 436.14,
            "loss": 4.216675,
            "max_close": 763.12,
            "min_close": 428.88,
            "p": 0.9777778,
            "profit": 143.348877,
            "q": 0.0166666675
        },
        "BAC": {
            "close": 31.73,
            "loss": 0.601110458,
            "max_close": 49.38,
            "min_close": 30.13,
            "p": 0.9444444,
            "profit": 6.872818,
            "q": 0.05
        },
        "BIO": {
            "close": 421.93,
            "loss": 3.380005,
            "max_close": 683.52,
            "min_close": 418.55,
            "p": 0.98888886,
            "profit": 120.258789,
            "q": 0.00555555569
        },
        "C": {
            "close": 44.26,
            "loss": 0.119998932,
            "max_close": 67.84,
            "min_close": 44.14,
            "p": 0.98888886,
            "profit": 9.684841,
            "q": 0.00555555569
        },
        "CCS": {
            "close": 44.2,
            "loss": 2.00000381,
            "max_close": 75.7,
            "min_close": 40.36,
            "p": 0.9444444,
            "profit": 10.715538,
            "q": 0.05
        },
        "DAC": {
            "close": 57.36,
            "loss": 0.0,
            "max_close": 106.64,
            "min_close": 57.36,
            "p": 0.99444443,
            "profit": 22.56739,
            "q": 0.0
        },
        "EDRY": {
            "close": 13.23,
            "loss": 0.244999886,
            "max_close": 42.75,
            "min_close": 12.94,
            "p": 0.983333349,
            "profit": 10.3988438,
            "q": 0.0111111114
        },
        "EMN": {
            "close": 72.69,
            "loss": 0.0,
            "max_close": 127.69,
            "min_close": 72.69,
            "p": 0.99444443,
            "profit": 31.4528351,
            "q": 0.0
        },
        "GGB": {
            "close": 4.65,
            "loss": 0.228571892,
            "max_close": 6.51,
            "min_close": 4.06,
            "p": 0.74444443,
            "profit": 0.8362689,
            "q": 0.233333334
        },
        "HIMX": {
            "close": 5.13,
            "loss": 0.0,
            "max_close": 13.01,
            "min_close": 5.13,
            "p": 0.99444443,
            "profit": 3.90799046,
            "q": 0.0
        },
        "ILPT": {
            "close": 7.07,
            "loss": 0.222500324,
            "max_close": 25.25,
            "min_close": 6.74,
            "p": 0.95,
            "profit": 9.562544,
            "q": 0.0444444455
        },
        "INTC": {
            "close": 27.52,
            "loss": 0.0,
            "max_close": 55.91,
            "min_close": 27.52,
            "p": 0.99444443,
            "profit": 15.0307274,
            "q": 0.0
        },
        "MMM": {
            "close": 112.99,
            "loss": 0.0,
            "max_close": 181.02,
            "min_close": 112.99,
            "p": 0.99444443,
            "profit": 32.2919846,
            "q": 0.0
        },
        "NFLX": {
            "close": 226.41,
            "loss": 30.7860565,
            "max_close": 553.29,
            "min_close": 166.37,
            "p": 0.55,
            "profit": 126.8443,
            "q": 0.444444448
        },
        "NKE": {
            "close": 97.02,
            "loss": 0.0,
            "max_close": 161.04,
            "min_close": 97.02,
            "p": 0.99444443,
            "profit": 25.1863174,
            "q": 0.0
        },
        "NMM": {
            "close": 24.47,
            "loss": 1.95922852,
            "max_close": 36.49,
            "min_close": 20.36,
            "p": 0.85,
            "profit": 5.11249161,
            "q": 0.144444451
        },
        "SID": {
            "close": 2.49,
            "loss": 0.03999996,
            "max_close": 5.71,
            "min_close": 2.45,
            "p": 0.9777778,
            "profit": 1.55408978,
            "q": 0.0111111114
        },
        "STC": {
            "close": 43.91,
            "loss": 0.0,
            "max_close": 79.25,
            "min_close": 43.91,
            "p": 0.99444443,
            "profit": 14.2278137,
            "q": 0.0
        },
        "THO": {
            "close": 70.33,
            "loss": 0.8266678,
            "max_close": 106.42,
            "min_close": 69.02,
            "p": 0.9777778,
            "profit": 13.920639,
            "q": 0.0166666675
        },
        "TX": {
            "close": 27.88,
            "loss": 0.0,
            "max_close": 49.66,
            "min_close": 27.88,
            "p": 0.99444443,
            "profit": 11.3877544,
            "q": 0.0
        },
        "VALE": {
            "close": 13.04,
            "loss": 0.470001221,
            "max_close": 21.23,
            "min_close": 12.14,
            "p": 0.8833333,
            "profit": 3.34433842,
            "q": 0.111111112
        },
        "ZIM": {
            "close": 24.87,
            "loss": 0.0,
            "max_close": 88.62,
            "min_close": 24.87,
            "p": 0.99444443,
            "profit": 32.44449,
            "q": 0.0
        }
    },
    "hold_stock_list": [
        "BIO",
        "ILPT",
        "ASML",
        "NFLX",
        "NKE",
        "INTC",
        "HIMX",
        "STC",
        "VALE",
        "CCS",
        "BAC",
        "C",
        "THO",
        "MMM",
        "EMN",
        "DAC",
        "EDRY",
        "NMM",
        "ZIM",
        "GGB",
        "SID",
        "TX"
    ],
    "portfolio": {
        "ASML": {
            "cost_p": 569.13,
            "position_%": 3.452652560251708,
            "profit_%": -23.367244741974595
        },
        "BAC": {
            "cost_p": 35.99,
            "position_%": 5.240038612343429,
            "profit_%": -11.836621283689917
        },
        "BIO": {
            "cost_p": 522.14,
            "position_%": 4.75137844027681,
            "profit_%": -19.19217068219251
        },
        "C": {
            "cost_p": 49.1,
            "position_%": 11.318959019762861,
            "profit_%": -9.857433808553978
        },
        "CCS": {
            "cost_p": 45.45,
            "position_%": 2.2057956370381477,
            "profit_%": -2.75027502750275
        },
        "DAC": {
            "cost_p": 73.49,
            "position_%": 5.349964401515956,
            "profit_%": -21.948564430534763
        },
        "EDRY": {
            "cost_p": 22.24,
            "position_%": 0.8095197189394125,
            "profit_%": -40.512589928057544
        },
        "EMN": {
            "cost_p": 85,
            "position_%": 3.0939377747234746,
            "profit_%": -14.482352941176474
        },
        "GGB": {
            "cost_p": 4.57,
            "position_%": 2.4397215989858676,
            "profit_%": 1.7505470459518613
        },
        "HIMX": {
            "cost_p": 7.32,
            "position_%": 4.6183391159637,
            "profit_%": -29.918032786885252
        },
        "ILPT": {
            "cost_p": 17.42,
            "position_%": 4.227168316524152,
            "profit_%": -59.414466130884044
        },
        "INTC": {
            "cost_p": 39.47,
            "position_%": 8.62007463305898,
            "profit_%": -30.276159108183432
        },
        "MMM": {
            "cost_p": 129.87,
            "position_%": 6.302897236130786,
            "profit_%": -12.997612997613004
        },
        "NFLX": {
            "cost_p": 248.68,
            "position_%": 3.017256650267583,
            "profit_%": -8.955283898986654
        },
        "NKE": {
            "cost_p": 115.53,
            "position_%": 2.8034716165788476,
            "profit_%": -16.021812516229556
        },
        "NMM": {
            "cost_p": 30.04,
            "position_%": 1.949957315791798,
            "profit_%": -18.541944074567247
        },