{
    "Factor_Intersectional_v1": [],
    "KellyFormula_Range_v1": {
        "AAP": {
            "close": 53.19,
            "loss": 5.705429,
            "max_close": 65.77928,
            "min_close": 29.623728,
            "p": 0.50555557,
            "profit": 4.831436,
            "q": 0.4888889
        },
        "ADBE": {
            "close": 251.86,
            "loss": 3.8600006,
            "max_close": 420.68,
            "min_close": 246.68,
            "p": 0.98333335,
            "profit": 81.30379,
            "q": 0.011111111
        },
        "ADSK": {
            "close": 249.78,
            "loss": 16.209991,
            "max_close": 326.79,
            "min_close": 218.64,
            "p": 0.8888889,
            "profit": 46.85605,
            "q": 0.10555556
        },
        "CRM": {
            "close": 198.34,
            "loss": 8.252258,
            "max_close": 289.7161,
            "min_close": 178.16,
            "p": 0.87222224,
            "profit": 48.155426,
            "q": 0.12222222
        },
        "EL": {
            "close": 88.76,
            "loss": 2.3347702,
            "max_close": 119.235886,
            "min_close": 49.27489,
            "p": 0.6888889,
            "profit": 12.140739,
            "q": 0.30555555
        },
        "EPAM": {
            "close": 137.05,
            "loss": 5.632492,
            "max_close": 221.4,
            "min_close": 128.82,
            "p": 0.9722222,
            "profit": 37.503418,
            "q": 0.022222223
        },
        "FLO": {
            "close": 8.89,
            "loss": 0.16548252,
            "max_close": 17.688745,
            "min_close": 8.62,
            "p": 0.9611111,
            "profit": 3.2445621,
            "q": 0.033333335
        },
        "GLOB": {
            "close": 44.46,
            "loss": 2.5149994,
            "max_close": 140.36,
            "min_close": 41.56,
            "p": 0.98333335,
            "profit": 21.460114,
            "q": 0.011111111
        },
        "HOG": {
            "close": 17.82,
            "loss": 0.0826664,
            "max_close": 30.283392,
            "min_close": 17.63,
            "p": 0.9777778,
            "profit": 5.95817,
            "q": 0.016666668
        },
        "ILPT": {
            "close": 6.17,
            "loss": 0.6150894,
            "max_close": 6.6,
            "min_close": 2.433941,
            "p": 0.06666667,
            "profit": 0.13894844,
            "q": 0.92777777
        },
        "MOH": {
            "close": 146.49,
            "loss": 7.744446,
            "max_close": 353.24,
            "min_close": 122.65,
            "p": 0.84444445,
            "profit": 32.343033,
            "q": 0.15
        },
        "MPT": {
            "close": 4.78,
            "loss": 0.64209795,
            "max_close": 5.9101014,
            "min_close": 3.7768216,
            "p": 0.65555555,
            "profit": 0.34803295,
            "q": 0.33888888
        },
        "NICE": {
            "close": 117.84,
            "loss": 7.432106,
            "max_close": 178.32,
            "min_close": 95.31,
            "p": 0.6,
            "profit": 25.006119,
            "q": 0.39444444
        },
        "NKE": {
            "close": 54.79,
            "loss": 0.7350006,
            "max_close": 77.81375,
            "min_close": 51.965847,
            "p": 0.98333335,
            "profit": 12.424736,
            "q": 0.011111111
        },
        "NOW": {
            "close": 114.88,
            "loss": 7.9773865,
            "max_close": 208.938,
            "min_close": 100.58,
            "p": 0.8666667,
            "profit": 56.66015,
            "q": 0.12777779
        },
        "NVO": {
            "close": 38.58,
            "loss": 0.8137512,
            "max_close": 80.14687,
            "min_close": 36.66,
            "p": 0.9444444,
            "profit": 15.771221,
            "q": 0.044444446
        },
        "PAYC": {
            "close": 123.47,
            "loss": 5.222183,
            "max_close": 263.95123,
            "min_close": 114.11907,
            "p": 0.95555556,
            "profit": 62.14412,
            "q": 0.03888889
        },
        "PODD": {
            "close": 224.66,
            "loss": 4.8200073,
            "max_close": 352.82,
            "min_close": 219.84,
            "p": 0.98888886,
            "profit": 73.9115,
            "q": 0.0055555557
        },
        "PVH": {
            "close": 62.37,
            "loss": 0.6441307,
            "max_close": 89.427444,
            "min_close": 60.38292,
            "p": 0.9222222,
            "profit": 13.359837,
            "q": 0.072222225
        },
        "PYPL": {
            "close": 45.42,
            "loss": 3.5785408,
            "max_close": 77.80403,
            "min_close": 38.962036,
            "p": 0.89444447,
            "profit": 19.293694,
            "q": 0.1
        },
        "SID": {
            "close": 1.17,
            "loss": 0.059999943,
            "max_close": 2.12,
            "min_close": 1.11,
            "p": 0.98888886,
            "profit": 0.41999996,
            "q": 0.0055555557
        },
        "SM": {
            "close": 26.76,
            "loss": 4.8824863,
            "max_close": 30.413643,
            "min_close": 17.421158,
            "p": 0.10555556,
            "profit": 0.5571995,
            "q": 0.8888889
        },
        "ZIM": {
            "close": 26.72,
            "loss": 9.61194,
            "max_close": 29.27,
            "min_close": 11.213416,
            "p": 0.10555556,
            "profit": 1.8110523,
            "q": 0.8888889
        }
    },
    "hold_stock_list": [
        "EL",
        "FLO",
        "NKE",
        "PVH",
        "MPT",
        "MOH",
        "NVO",
        "ILPT",
        "AAP",
        "HOG",
        "PYPL",
        "EPAM",
        "PAYC",
        "PODD",
        "ADSK",
        "GLOB",
        "CRM",
        "NOW",
        "ADBE",
        "NICE",
        "ZIM",
        "SID",
        "SM"
    ],
    "portfolio": {
        "AAP": {
            "cost_p": 91.35,
            "position_%": 10.230086966538039,
            "profit_%": -41.77339901477832
        },
        "ADBE": {
            "cost_p": 281.04,
            "position_%": 4.496150818790916,
            "profit_%": 0
        },
        "ADSK": {
            "cost_p": 228.33,
            "position_%": 3.6528825663767783,
            "profit_%": 9.394297726974111
        },
        "CRM": {
            "cost_p": 234.16,
            "position_%": 3.746152418616854,
            "profit_%": 0
        },
        "EL": {
            "cost_p": 143.03,
            "position_%": 4.576462080925595,
            "profit_%": -37.9430888624764
        },
        "EPAM": {
            "cost_p": 195.07,
            "position_%": 4.681170688629077,
            "profit_%": -29.743169118777868
        },
        "FLO": {
            "cost_p": 10.95,
            "position_%": 2.627714104705408,
            "profit_%": -18.812785388127843
        },
        "GLOB": {
            "cost_p": 49.15,
            "position_%": 2.35894334696385,
            "profit_%": -9.542217700915561
        },
        "HOG": {
            "cost_p": 21.9,
            "position_%": 2.627714104705408,
            "profit_%": -18.630136986301363
        },
        "ILPT": {
            "cost_p": 17.2,
            "position_%": 2.7517006149730907,
            "profit_%": -64.12790697674419
        },
        "MOH": {
            "cost_p": 199,
            "position_%": 3.183653618486309,
            "profit_%": -26.38693467336683
        },
        "MPT": {
            "cost_p": 6.18,
            "position_%": 3.460423505922556,
            "profit_%": -22.653721682847888
        },
        "NICE": {
            "cost_p": 119.55,
            "position_%": 2.868887865000288,
            "profit_%": -1.4303638644918393
        },