{"hold_stock_list":["VALE","INTC","KGC","DAC","GGB","LDI","THO","GOGL","CPLP","SID","EDRY","ET","SB","NMM","TX"],"portfolio":{"CPLP":{"cost_p":12.99,"position_%":4.256500300627063,"profit_%":21.247113163972283},"DAC":{"cost_p":76.97,"position_%":10.661670871632602,"profit_%":-8.756658438352598},"EDRY":{"cost_p":22.24,"position_%":2.9812481635296835,"profit_%":-12.365107913669066},"ET":{"cost_p":9.35,"position_%":6.211082617273747,"profit_%":-5.775401069518708},"GGB":{"cost_p":4.45,"position_%":4.374463357457374,"profit_%":6.741573033707861},"GOGL":{"cost_p":10.75,"position_%":4.48319193256612,"profit_%":-12.558139534883717},"INTC":{"cost_p":49.94,"position_%":8.672971613322343,"profit_%":7.869443331998398},"KGC":{"cost_p":7.61,"position_%":10.38247674280884,"profit_%":-26.4126149802891},"LDI":{"cost_p":6.36,"position_%":9.472790927282567,"profit_%":-19.33962264150944},"NMM":{"cost_p":30.04,"position_%":4.787453210966322,"profit_%":-16.744340878828222},"SB":{"cost_p":4.05,"position_%":5.012759670647146,"profit_%":-6.419753086419748},"SID":{"cost_p":4.82,"position_%":13.841236977295567,"profit_%":-14.730290456431533},"THO":{"cost_p":104.58,"position_%":3.115297091745946,"profit_%":-1.128322815069796},"TX":{"cost_p":40.0,"position_%":3.574638085767006,"profit_%":20.075000000000003},"VALE":{"cost_p":12.76,"position_%":8.172218437077671,"profit_%":7.0532915360501605}},"KellyFormula_Range_v1":{"SB":{"profit":0.5168042,"loss":0.314875126,"p":0.5388889,"q":0.444444448,"max_close":5.28,"min_close":2.75,"close":3.79},"EDRY":{"profit":7.31170273,"loss":3.55659,"p":0.74444443,"q":0.244444445,"max_close":33.81,"min_close":9.78,"close":19.49},"NMM":{"profit":3.828106,"loss":1.67361259,"p":0.794444442,"q":0.2,"max_close":34.93,"min_close":21.47,"close":25.01},"THO":{"profit":12.9598083,"loss":2.825554,"p":0.894444466,"q":0.1,"max_close":146.76,"min_close":93.59,"close":103.4},"SID":{"profit":3.034679,"loss":0.1804347,"p":0.8666667,"q":0.127777785,"max_close":10.04,"min_close":3.57,"close":4.11},"VALE":{"profit":5.536524,"loss":1.00270271,"p":0.783333361,"q":0.205555558,"max_close":22.94,"min_close":11.27,"close":13.66},"DAC":{"profit":5.576515,"loss":5.94206238,"p":0.6111111,"q":0.377777785,"max_close":87.73,"min_close":50.2,"close":70.23},"INTC":{"profit":2.072277,"loss":2.30528259,"p":0.51111114,"q":0.483333319,"max_close":62.57,"min_close":47.89,"close":53.87},"GGB":{"profit":0.910542965,"loss":0.205333233,"p":0.816666663,"q":0.166666672,"max_close":7.26,"min_close":4.26,"close":4.75},"GOGL":{"profit":0.999688148,"loss":0.690691,"p":0.622222245,"q":0.3611111,"max_close":12.08,"min_close":7.68,"close":9.4},"TX":{"profit":5.052227,"loss":7.100857,"p":0.2,"q":0.794444442,"max_close":56.19,"min_close":32.74,"close":48.03},"ET":{"profit":1.00111294,"loss":0.447648048,"p":0.8,"q":0.188888893,"max_close":11.35,"min_close":8.06,"close":8.81},"KGC":{"profit":0.955721855,"loss":0.208462238,"p":0.844444454,"q":0.144444451,"max_close":8.26,"min_close":5.04,"close":5.6},"CPLP":{"profit":0.300798416,"loss":2.93454742,"p":0.1388889,"q":0.855555534,"max_close":16.7,"min_close":10.98,"close":15.75},"LDI":{"profit":5.310582,"loss":0.406399727,"p":0.855555534,"q":0.1388889,"max_close":21.37,"min_close":4.3,"close":5.13}}}