{
    "Factor_Intersectional_v1": [],
    "KellyFormula_Range_v1": {
        "AAP": {
            "close": 50.7,
            "loss": 12.232708,
            "max_close": 66.16962,
            "min_close": 29.799515,
            "p": 0.5,
            "profit": 7.0185013,
            "q": 0.49444443
        },
        "ALB": {
            "close": 97.89,
            "loss": 25.928078,
            "max_close": 108.93781,
            "min_close": 50.15882,
            "p": 0.011111111,
            "profit": 4.010002,
            "q": 0.98333335
        },
        "EL": {
            "close": 97.61,
            "loss": 21.320244,
            "max_close": 102.52,
            "min_close": 49.614822,
            "p": 0.044444446,
            "profit": 2.557495,
            "q": 0.95
        },
        "EPAM": {
            "close": 159.15,
            "loss": 6.892212,
            "max_close": 267.63,
            "min_close": 142.2,
            "p": 0.64444447,
            "profit": 20.771576,
            "q": 0.35
        },
        "EW": {
            "close": 83.48,
            "loss": 7.9641724,
            "max_close": 83.48,
            "min_close": 65.75,
            "p": 0.0,
            "profit": 0.0,
            "q": 0.99444443
        },
        "G": {
            "close": 38.12,
            "loss": 0.22999954,
            "max_close": 54.916096,
            "min_close": 37.613354,
            "p": 0.98888886,
            "profit": 6.9918327,
            "q": 0.0055555557
        },
        "HAL": {
            "close": 26.96,
            "loss": 4.652006,
            "max_close": 31.096924,
            "min_close": 18.956635,
            "p": 0.011111111,
            "profit": 0.3899994,
            "q": 0.98333335
        },
        "ILPT": {
            "close": 5.26,
            "loss": 1.7455649,
            "max_close": 6.3965173,
            "min_close": 2.4559076,
            "p": 0.41111112,
            "profit": 0.5228939,
            "q": 0.5777778
        },
        "MPW": {
            "close": 5.17,
            "loss": 0.6407981,
            "max_close": 5.9922843,
            "min_close": 3.5418787,
            "p": 0.2611111,
            "profit": 0.3452053,
            "q": 0.73333335
        },
        "NKE": {
            "close": 64.9,
            "loss": 5.7203903,
            "max_close": 80.3541,
            "min_close": 52.644737,
            "p": 0.65,
            "profit": 8.186981,
            "q": 0.34444445
        },
        "NVO": {
            "close": 50.04,
            "loss": 1.6944427,
            "max_close": 110.17463,
            "min_close": 45.38,
            "p": 0.9444444,
            "profit": 16.229263,
            "q": 0.05
        },
        "PVH": {
            "close": 78.38,
            "loss": 7.7917023,
            "max_close": 112.69704,
            "min_close": 60.44541,
            "p": 0.38333333,
            "profit": 5.1996384,
            "q": 0.6111111
        },
        "PYPL": {
            "close": 67.93,
            "loss": 2.9637299,
            "max_close": 91.81,
            "min_close": 57.41,
            "p": 0.73333335,
            "profit": 3.6445465,
            "q": 0.2611111
        },
        "SBUX": {
            "close": 83.15,
            "loss": 2.1113586,
            "max_close": 114.2466,
            "min_close": 78.46,
            "p": 0.81666666,
            "profit": 8.790092,
            "q": 0.17777778
        },
        "SEE": {
            "close": 33.6,
            "loss": 3.1934967,
            "max_close": 36.64,
            "min_close": 23.64138,
            "p": 0.16666667,
            "profit": 1.060669,
            "q": 0.8277778
        },
        "SID": {
            "close": 1.75,
            "loss": 0.2378949,
            "max_close": 2.07972,
            "min_close": 1.25,
            "p": 0.03888889,
            "profit": 0.031428576,
            "q": 0.95
        },
        "TGT": {
            "close": 92.92,
            "loss": 2.8769608,
            "max_close": 150.74481,
            "min_close": 85.53,
            "p": 0.7111111,
            "profit": 9.020378,
            "q": 0.28333333
        },
        "VALE": {
            "close": 11.89,
            "loss": 2.1584845,
            "max_close": 11.89,
            "min_close": 7.91076,
            "p": 0.0,
            "profit": 0.0,
            "q": 0.99444443
        },
        "VFC": {
            "close": 14.06,
            "loss": 1.8966446,
            "max_close": 26.460835,
            "min_close": 9.61555,
            "p": 0.4611111,
            "profit": 2.8404837,
            "q": 0.53333336
        },
        "ZIM": {
            "close": 14.73,
            "loss": 1.1092548,
            "max_close": 18.54858,
            "min_close": 11.213416,
            "p": 0.56666666,
            "profit": 1.4706821,
            "q": 0.42777777
        }
    },
    "hold_stock_list": [
        "SEE",
        "EL",
        "TGT",
        "SBUX",
        "NKE",
        "PVH",
        "VFC",
        "MPW",
        "NVO",
        "ILPT",
        "AAP",
        "PYPL",
        "G",
        "EPAM",
        "EW",
        "ZIM",
        "VALE",
        "SID",
        "HAL",
        "ALB"
    ],
    "portfolio": {
        "AAP": {
            "cost_p": 91.35,
            "position_%": 12.431495064922943,
            "profit_%": -44.4991789819376
        },
        "ALB": {
            "cost_p": 173.45,
            "position_%": 6.7440544812288215,
            "profit_%": -43.56298645142692
        },
        "EL": {
            "cost_p": 143.03,
            "position_%": 5.561269025368453,
            "profit_%": -31.755575753338462
        },
        "EPAM": {
            "cost_p": 248.63,
            "position_%": 2.416797730856042,
            "profit_%": -35.989220930700235
        },
        "EW": {
            "cost_p": 80.31,
            "position_%": 5.464550457930825,
            "profit_%": 3.947204582243807
        },
        "G": {
            "cost_p": 39.76,
            "position_%": 2.3189127083337384,
            "profit_%": -4.1247484909456755
        },
        "HAL": {
            "cost_p": 26.94,
            "position_%": 4.975514163680866,
            "profit_%": 0.07423904974016174
        },
        "ILPT": {
            "cost_p": 17.2,
            "position_%": 3.3438379094014334,
            "profit_%": -69.41860465116278
        },
        "MPW": {
            "cost_p": 6.18,
            "position_%": 4.205070580253082,
            "profit_%": -16.34304207119741
        },
        "NKE": {
            "cost_p": 73.71,
            "position_%": 5.73196028609255,
            "profit_%": -11.952245285578604
        },
        "NVO": {
            "cost_p": 74.48,
            "position_%": 5.067858524550963,
            "profit_%": -32.81417830290011
        },
        "PVH": {
            "cost_p": 87.3,
            "position_%": 5.091576444606019,
            "profit_%": -10.217640320733107
        },
        "PYPL": {
            "cost_p": 68.03,
            "position_%": 2.645131313681157,
            "profit_%": -0.14699397324708852
        },
        "SBUX": {
            "cost_p": 79.91,
            "position_%": 3.107047527212425,
            "profit_%": 4.05456138155426
        },
        "SEE": {
            "cost_p": 34.36,
            "position_%": 7.681884369307457,
            "profit_%": -2.211874272409773
        },
        "SID": {
            "cost_p": 4.54,
            "position_%": 3.089161882580743,
            "profit_%": -61.45374449339207
        },
        "TGT": {
            "cost_p": 107.3,
            "position_%": 4.172021019520626,
            "profit_%": -13.40167753960857
        },
        "VALE": {
            "cost_p": 12.22,
            "position_%": 2.375680189121251,
            "profit_%": -2.700490998363339
        },
        "VFC": {
            "cost_p": 18.8,
            "position_%": 1.2792124095268274,