{
    "KellyFormula_Range_v1": {
        "ARLP": {
            "close": 8.09,
            "loss": 2.05437613,
            "max_close": 8.27,
            "min_close": 4.173737,
            "p": 0.027777778,
            "profit": 0.114927292,
            "q": 0.966666639
        },
        "BIO": {
            "close": 788.79,
            "loss": 166.884888,
            "max_close": 788.79,
            "min_close": 541.87,
            "p": 0.0,
            "profit": 0.0,
            "q": 0.99444443
        },
        "BXS": {
            "close": 28.5,
            "loss": 1.36490822,
            "max_close": 34.72739,
            "min_close": 25.17,
            "p": 0.65,
            "profit": 2.03302956,
            "q": 0.344444454
        },
        "CEIX": {
            "close": 21.64,
            "loss": 9.183037,
            "max_close": 23.23,
            "min_close": 5.85,
            "p": 0.0444444455,
            "profit": 0.979999542,
            "q": 0.95
        },
        "CNNE": {
            "close": 31.84,
            "loss": 0.880001068,
            "max_close": 45.6,
            "min_close": 29.78,
            "p": 0.933333337,
            "profit": 6.600891,
            "q": 0.06111111
        },
        "CPLP": {
            "close": 11.99,
            "loss": 1.93861294,
            "max_close": 13.3364019,
            "min_close": 7.435169,
            "p": 0.3,
            "profit": 0.501612663,
            "q": 0.6944444
        },
        "EDRY": {
            "close": 28.03,
            "loss": 14.5573473,
            "max_close": 32.89,
            "min_close": 5.41,
            "p": 0.0722222254,
            "profit": 1.97846031,
            "q": 0.9222222
        },
        "GOGL": {
            "close": 10.6,
            "loss": 3.10660553,
            "max_close": 11.29,
            "min_close": 4.16666031,
            "p": 0.06666667,
            "profit": 0.312916756,
            "q": 0.927777767
        },
        "GSL": {
            "close": 20.09,
            "loss": 5.27162933,
            "max_close": 21.110466,
            "min_close": 9.930279,
            "p": 0.03888889,
            "profit": 0.400108337,
            "q": 0.955555558
        },
        "KGC": {
            "close": 5.96,
            "loss": 0.1316719,
            "max_close": 8.151266,
            "min_close": 5.67,
            "p": 0.955555558,
            "profit": 1.002049,
            "q": 0.03888889
        },
        "PBFX": {
            "close": 11.4,
            "loss": 1.96161652,
            "max_close": 15.8821535,
            "min_close": 8.060749,
            "p": 0.6944444,
            "profit": 2.48823738,
            "q": 0.3
        },
        "TDS": {
            "close": 20.01,
            "loss": 1.28019142,
            "max_close": 26.17267,
            "min_close": 17.54039,
            "p": 0.6888889,
            "profit": 2.956564,
            "q": 0.305555552
        },
        "TX": {
            "close": 54.99,
            "loss": 19.2313232,
            "max_close": 56.19,
            "min_close": 25.04841,
            "p": 0.027777778,
            "profit": 0.8280029,
            "q": 0.966666639
        }
    },
    "hold_stock_list": [
        "CEIX",
        "BIO",
        "KGC",
        "GSL",
        "ARLP",
        "GOGL",
        "CPLP",
        "TDS",
        "BXS",
        "EDRY",
        "CNNE",
        "PBFX",
        "TX"
    ],
    "portfolio": {
        "ARLP": {
            "cost_p": 7.06,
            "position_%": 8.574818497921196,
            "profit_%": 14.589235127478759
        },
        "BIO": {
            "cost_p": 580.11,
            "position_%": 9.180201269396917,
            "profit_%": 35.97248797641826
        },
        "BXS": {
            "cost_p": 26.04,
            "position_%": 4.63591381267316,
            "profit_%": 9.447004608294934
        },
        "CEIX": {
            "cost_p": 18.18,
            "position_%": 8.307258461096582,
            "profit_%": 19.031903190319035
        },
        "CNNE": {
            "cost_p": 31,
            "position_%": 3.9245831218397123,
            "profit_%": 2.709677419354838
        },
        "CPLP": {
            "cost_p": 12.99,
            "position_%": 5.65306131330319,
            "profit_%": -7.698229407236336
        },
        "EDRY": {
            "cost_p": 22.24,
            "position_%": 3.959397972114097,
            "profit_%": 26.03417266187052
        },
        "GOGL": {
            "cost_p": 10.75,
            "position_%": 5.954130643516901,
            "profit_%": -1.3953488372093057
        },
        "GSL": {
            "cost_p": 15.76,
            "position_%": 12.470046371006827,
            "profit_%": 27.4746192893401
        },
        "KGC": {
            "cost_p": 7.61,
            "position_%": 13.788975323788,
            "profit_%": -21.68199737187911
        },
        "PBFX": {
            "cost_p": 11.7,
            "position_%": 9.257585186597707,
            "profit_%": -2.564102564102555
        },
        "TDS": {
            "cost_p": 20.56,
            "position_%": 4.799068861004479,
            "profit_%": -2.675097276264578
        },
        "TX": {
            "cost_p": 40.0,
            "position_%": 9.494959165741239,
            "profit_%": 37.475
        }
    }
}