{
    "KellyFormula_Range_v1": {
        "ARLP": {
            "close": 19.15,
            "loss": 6.547743,
            "max_close": 19.61,
            "min_close": 7.83,
            "p": 0.0111111114,
            "profit": 0.255001068,
            "q": 0.983333349
        },
        "BAC": {
            "close": 37.45,
            "loss": 0.914287567,
            "max_close": 49.38,
            "min_close": 35.68,
            "p": 0.955555558,
            "profit": 6.590275,
            "q": 0.03888889
        },
        "BIO": {
            "close": 501.46,
            "loss": 2.25,
            "max_close": 825.77,
            "min_close": 493.53,
            "p": 0.9722222,
            "profit": 180.425568,
            "q": 0.0222222228
        },
        "BK": {
            "close": 43.76,
            "loss": 0.9366646,
            "max_close": 63.66,
            "min_close": 42.06,
            "p": 0.9611111,
            "profit": 11.6525459,
            "q": 0.0333333351
        },
        "C": {
            "close": 51.62,
            "loss": 1.29470062,
            "max_close": 73.18,
            "min_close": 48.21,
            "p": 0.9,
            "profit": 13.2155647,
            "q": 0.0944444463
        },
        "CPLP": {
            "close": 15.7,
            "loss": 1.68413162,
            "max_close": 18.76,
            "min_close": 11.54,
            "p": 0.416666657,
            "profit": 0.682333946,
            "q": 0.5777778
        },
        "DAC": {
            "close": 84.6,
            "loss": 9.799248,
            "max_close": 106.64,
            "min_close": 65.69,
            "p": 0.4,
            "profit": 9.290405,
            "q": 0.594444454
        },
        "EDRY": {
            "close": 35.8,
            "loss": 10.32913,
            "max_close": 42.75,
            "min_close": 17.0,
            "p": 0.07777778,
            "profit": 2.33785248,
            "q": 0.9166667
        },
        "ET": {
            "close": 11.63,
            "loss": 1.97509,
            "max_close": 12.08,
            "min_close": 8.15,
            "p": 0.0333333351,
            "profit": 0.196666718,
            "q": 0.9611111
        },
        "GOGL": {
            "close": 13.83,
            "loss": 3.38672256,
            "max_close": 13.96,
            "min_close": 7.68,
            "p": 0.0111111114,
            "profit": 0.08500004,
            "q": 0.983333349
        },
        "HIMX": {
            "close": 8.78,
            "loss": 0.113332748,
            "max_close": 15.99,
            "min_close": 8.57,
            "p": 0.9777778,
            "profit": 2.23835659,
            "q": 0.0166666675
        },
        "ILPT": {
            "close": 14.64,
            "loss": 0.0,
            "max_close": 28.4,
            "min_close": 14.64,
            "p": 0.99444443,
            "profit": 9.223916,
            "q": 0.0
        },
        "INTC": {
            "close": 44.3,
            "loss": 0.7099991,
            "max_close": 56.0,
            "min_close": 43.59,
            "p": 0.98888886,
            "profit": 6.154278,
            "q": 0.00555555569
        },
        "NMM": {
            "close": 32.16,
            "loss": 3.80909538,
            "max_close": 36.49,
            "min_close": 22.8,
            "p": 0.194444448,
            "profit": 1.34485245,
            "q": 0.8
        },
        "PKX": {
            "close": 55.75,
            "loss": 0.642505646,
            "max_close": 79.19,
            "min_close": 54.58,
            "p": 0.9444444,
            "profit": 6.80730057,
            "q": 0.0444444455
        },
        "SB": {
            "close": 4.3,
            "loss": 0.470720768,
            "max_close": 5.28,
            "min_close": 3.24,
            "p": 0.377777785,
            "profit": 0.374117374,
            "q": 0.6166667
        },
        "SID": {
            "close": 4.04,
            "loss": 0.161111116,
            "max_close": 7.32,
            "min_close": 3.57,
            "p": 0.8888889,
            "profit": 1.02293682,
            "q": 0.1
        },
        "STC": {
            "close": 56.6,
            "loss": 3.719448,
            "max_close": 80.18,
            "min_close": 50.44,
            "p": 0.894444466,
            "profit": 12.6724243,
            "q": 0.1
        },
        "THO": {
            "close": 82.36,
            "loss": 2.94477844,
            "max_close": 127.44,
            "min_close": 75.33,
            "p": 0.8666667,
            "profit": 20.5351257,
            "q": 0.127777785
        },
        "TX": {
            "close": 39.58,
            "loss": 1.345829,
            "max_close": 55.86,
            "min_close": 36.57,
            "p": 0.8611111,
            "profit": 5.42548,
            "q": 0.13333334
        },
        "WGO": {
            "close": 57.31,
            "loss": 2.6307106,
            "max_close": 78.55,
            "min_close": 52.44,
            "p": 0.8388889,
            "profit": 11.8530617,
            "q": 0.155555561
        },
        "ZIM": {
            "close": 66.16,
            "loss": 12.1085205,
            "max_close": 88.62,
            "min_close": 43.31,
            "p": 0.25,
            "profit": 6.981331,
            "q": 0.74444443
        }
    },
    "hold_stock_list": [
        "BIO",
        "HIMX",
        "ILPT",
        "STC",
        "ET",
        "INTC",
        "ARLP",
        "BAC",
        "BK",
        "C",
        "THO",
        "WGO",
        "DAC",
        "GOGL",
        "CPLP",
        "EDRY",
        "SB",
        "NMM",
        "ZIM",
        "SID",
        "PKX",
        "TX"
    ],
    "portfolio": {
        "ARLP": {
            "cost_p": 14.01,
            "position_%": 3.8038291656672776,
            "profit_%": 36.68807994289792
        },
        "BAC": {
            "cost_p": 37.59,
            "position_%": 3.6021145821245235,
            "profit_%": -0.3724394785847315
        },
        "BIO": {
            "cost_p": 596.71,
            "position_%": 4.193242123844067,
            "profit_%": -15.96252786110507
        },
        "BK": {
            "cost_p": 44.42,
            "position_%": 7.803783041224105,
            "profit_%": -1.4858171994597111
        },
        "C": {
            "cost_p": 50,
            "position_%": 7.985533790291131,
            "profit_%": 3.239999999999995
        },
        "CPLP": {
            "cost_p": 12.99,
            "position_%": 1.6597133429741087,
            "profit_%": 20.862201693610462
        },
        "DAC": {
            "cost_p": 76.97,
            "position_%": 3.68787921503225,
            "profit_%": 9.912953098609842
        },
        "EDRY": {
            "cost_p": 22.24,
            "position_%": 1.0655896289764484,
            "profit_%": 60.97122302158273
        },
        "ET": {
            "cost_p": 9.35,
            "position_%": 3.3300474458893046,
            "profit_%": 24.385026737967927
        },
        "GOGL": {
            "cost_p": 10.75,
            "position_%": 2.4036456708776304,
            "profit_%": 28.651162790697676
        },
        "HIMX": {
            "cost_p": 9.18,
            "position_%": 6.304419216759043,
            "profit_%": -4.357298474945537
        },
        "ILPT": {
            "cost_p": 20,
            "position_%": 3.194213516116452,
            "profit_%": -26.799999999999997
        },
        "INTC": {
            "cost_p": 45.14,
            "position_%": 10.81400985881225,
            "profit_%": -1.8608772707133439
        },
        "NMM": {
            "cost_p": 30.04,
            "position_%": 2.5667741551456973,
            "profit_%": 7.057256990679087
        },
        "PKX": {
            "cost_p": 58.54,
            "position_%": 1.869892592334571,
            "profit_%": -4.765971984967543
        },
        "SB": {
            "cost_p": 4.05,
            "position_%": 2.6875713247914317,