{"hold_stock_list":["QDEL","BIO","KGC","GSL","CNNE","GOGL","CPLP","LDI","EDRY","TX"],"portfolio":{"BIO":{"cost_p":580.11,"position_%":14.634172540552997,"profit":0,"profit_%":4.5784420196169595},"CNNE":{"cost_p":40.66,"position_%":4.086301972435276,"profit":0,"profit_%":-14.363010329562215},"CPLP":{"cost_p":13.14,"position_%":3.8226764121973935,"profit":0,"profit_%":-1.8264840182648419},"EDRY":{"cost_p":22.24,"position_%":4.072053041827283,"profit":0,"profit_%":26.169064748201443},"GOGL":{"cost_p":11.03,"position_%":4.0390957779995444,"profit":0,"profit_%":-2.6291931097008083},"GSL":{"cost_p":15.76,"position_%":12.824851306794164,"profit":0,"profit_%":27.918781725888326},"KGC":{"cost_p":7.61,"position_%":14.18130718517584,"profit":0,"profit_%":1.9710906701708208},"LDI":{"cost_p":13.57,"position_%":13.692970048804822,"profit":0,"profit_%":4.274134119380988},"QDEL":{"cost_p":112.07,"position_%":13.99889890188431,"profit":0,"profit_%":2.953511198358171},"TX":{"cost_p":40.0,"position_%":14.647672812328361,"profit":0,"profit_%":-7.424999999999997}},"KellyFormula_Range_v1":{"BIO":{"profit":24.6167,"loss":32.19818,"p":0.194444448,"q":0.8,"max_close":662.35,"min_close":504.15,"close":606.67},"GOGL":{"profit":0.2800007,"loss":4.87796259,"p":0.0111111114,"q":0.983333349,"max_close":11.09,"min_close":3.11279774,"close":10.74},"QDEL":{"profit":72.34954,"loss":5.056099,"p":0.894444466,"q":0.1,"max_close":283.45,"min_close":104.07,"close":115.38},"CPLP":{"profit":0.204285622,"loss":3.5073185,"p":0.03888889,"q":0.955555558,"max_close":13.28,"min_close":6.3041234,"close":12.9},"CNNE":{"profit":4.98479462,"loss":0.0250015259,"p":0.983333349,"q":0.0111111114,"max_close":45.6,"min_close":34.78,"close":34.82},"EDRY":{"profit":3.18500137,"loss":20.045187,"p":0.0333333351,"q":0.9611111,"max_close":32.89,"min_close":3.6101,"close":28.06},"GSL":{"profit":0.219999313,"loss":7.97429371,"p":0.00555555569,"q":0.98888886,"max_close":20.38,"min_close":5.981876,"close":20.16},"KGC":{"profit":0.570027351,"loss":0.653968334,"p":0.311111122,"q":0.683333337,"max_close":9.232914,"min_close":6.13875675,"close":7.76},"TX":{"profit":1.40855026,"loss":9.362593,"p":0.188888893,"q":0.8055556,"max_close":40.88,"min_close":17.5480919,"close":37.03},"LDI":{"profit":5.340191,"loss":0.701333046,"p":0.383333325,"q":0.0833333358,"max_close":30.538002,"min_close":12.1,"close":14.15}}}