{"hold_stock_list":["SEE","EL","KSS","TGT","NKE","PVH","VFC","SBUX","MPW","NVO","PFE","ILPT","AAP","PYPL","EPAM","EW","ZIM","VALE","GGB","SID","HAL","ALB"],"watch_stock_list":["ABNB","ACLS","ACMR","ADBE","ADSK","AEO","ALB","ALGM","ALGN","AMAT","ANSS","APD","APTV","ARTNA","ASML","AZN","BAC","BBY","BF-B","BIO","BLD","BUD","CAMT","CE","CNMD","CRM","CSCO","CVS","DE","DELL","DEO","DG","DHI","DIS","EL","EPAM","EW","EXLS","EXR","F","FDX","FFIV","FSLR","FTNT","G","GIS","GLOB","GM","GOOG","GSK","HAL","HAS","HMC","HOV","HPE","HPQ","INTC","ISRG","K","KSS","LMAT","LNTH","LQDT","LRCX","M","MA","MCHP","MKC","MMM","MMS","MOH","MPW","MS","MSFT","MU","NDAQ","NFLX","NICE","NKE","NOW","NVO","NXPI","ORCL","OXM","PAGS","PAYC","PCTY","PEP","PFE","PHG","PODD","PVH","PYPL","QCOM","SAIC","SBUX","SEE","SMP","SONY","SQM","STM","TDC","TEAM","TECH","TEX","TGT","TITN","TM","TEN","TRI","TX","UAL","UPS","VALE","VEEV","VFC","VMI","WDAY","WFC","WNS","X","ZTS"],"portfolio":{"AAP":{"cost_p":91.35,"position_%":12.256656632481434,"profit_%":-46.95128626163109},"ALB":{"cost_p":173.45,"position_%":6.649205075936836,"profit_%":-64.85442490631304},"EL":{"cost_p":143.03,"position_%":5.4830544941553505,"profit_%":-47.850101377333424},"EPAM":{"cost_p":248.63,"position_%":2.3828075209428876,"profit_%":-30.587620158468397},"EW":{"cost_p":87.4,"position_%":2.5128589952589193,"profit_%":-14.393592677345552},"GGB":{"cost_p":2.9,"position_%":2.2234297745998064,"profit_%":5.172413793103446},"HAL":{"cost_p":34.9,"position_%":2.34130988764971,"profit_%":-34.355300859598856},"ILPT":{"cost_p":17.2,"position_%":3.29680966578592,"profit_%":-74.59302325581395},"KSS":{"cost_p":11.63,"position_%":10.700064115281002,"profit_%":-23.21582115219261},"MPW":{"cost_p":6.18,"position_%":4.145929829706364,"profit_%":-28.317152103559874},"NKE":{"cost_p":73.71,"position_%":5.651345127094888,"profit_%":-16.022249355582684},"NVO":{"cost_p":89.89,"position_%":2.5844496005014217,"profit_%":-14.317499165646907},"PFE":{"cost_p":24,"position_%":2.3000997668273864,"profit_%":1.6666666666666607},"PVH":{"cost_p":87.3,"position_%":5.01996774110077,"profit_%":-25.372279495990828},"PYPL":{"cost_p":68.03,"position_%":2.607929785621118,"profit_%":6.2178450683522035},"SBUX":{"cost_p":87.91,"position_%":2.527522131272444,"profit_%":6.336025480605173},"SEE":{"cost_p":34.36,"position_%":7.573845182201444,"profit_%":-8.643771827706633},"SID":{"cost_p":4.54,"position_%":3.045715441240597,"profit_%":-65.85903083700441},"TGT":{"cost_p":107.3,"position_%":4.1133450830096425,"profit_%":-9.25442684063373},"VALE":{"cost_p":12.22,"position_%":2.3422682625525546,"profit_%":-19.639934533551557},"VFC":{"cost_p":18.8,"position_%":1.2612213721436834,"profit_%":-33.98936170212766},"ZIM":{"cost_p":40.74,"position_%":8.980164514635822,"profit_%":-55.76828669612175}},"KellyFormula_Range_v1":{"SBUX":{"profit":6.8232803,"loss":6.999443,"p":0.59444445,"q":0.4,"max_close":115.00041,"min_close":70.7466,"close":93.48},"ILPT":{"profit":0.20113611,"loss":0.8557136,"p":0.06666667,"q":0.92777777,"max_close":5.1137257,"min_close":2.5003462,"close":4.37},"TGT":{"profit":32.480705,"loss":3.2351532,"p":0.76111114,"q":0.23333333,"max_close":156.39932,"min_close":87.75676,"close":97.37},"ZIM":{"profit":0.43039322,"loss":2.4544277,"p":0.07777778,"q":0.9166667,"max_close":19.37,"min_close":11.051109,"close":18.02},"EPAM":{"profit":42.711716,"loss":15.776794,"p":0.82222223,"q":0.17222223,"max_close":267.63,"min_close":143.33,"close":172.58},"PFE":{"profit":1.5146999,"loss":1.3736019,"p":0.67777777,"q":0.31666666,"max_close":29.83797,"min_close":21.185833,"close":24.4},"EW":{"profit":1.4764023,"loss":4.3700104,"p":0.21666667,"q":0.7777778,"max_close":93.78,"min_close":59.7,"close":74.82},"PVH":{"profit":23.172668,"loss":1.1359863,"p":0.93333334,"q":0.06111111,"max_close":114.229996,"min_close":60.472145,"close":65.15},"NKE":{"profit":12.172386,"loss":4.3736496,"p":0.79444444,"q":0.2,"max_close":95.14015,"min_close":52.918324,"close":61.9},"PYPL":{"profit":10.434433,"loss":4.9939957,"p":0.6388889,"q":0.35555556,"max_close":91.81,"min_close":57.22,"close":72.26},"SEE":{"profit":2.6891632,"loss":3.2877789,"p":0.73333335,"q":0.2611111,"max_close":37.12705,"min_close":23.781643,"close":31.39},"VFC":{"profit":7.3507404,"loss":0.98343945,"p":0.8388889,"q":0.15555556,"max_close":26.618027,"min_close":9.672672,"close":12.41},"KSS":{"profit":5.6863832,"loss":1.3197889,"p":0.6388889,"q":0.35555556,"max_close":22.458406,"min_close":6.0484843,"close":8.93},"AAP":{"profit":2.0160332,"loss":9.190769,"p":0.10555556,"q":0.8888889,"max_close":64.56685,"min_close":30.074455,"close":48.46},"HAL":{"profit":4.3964787,"loss":2.4019413,"p":0.7222222,"q":0.27222222,"max_close":35.486828,"min_close":19.099735,"close":22.91},"EL":{"profit":11.178886,"loss":8.518135,"p":0.27222222,"q":0.7222222,"max_close":112.62757,"min_close":49.80485,"close":74.59},"GGB":{"profit":0.24283218,"loss":0.24108005,"p":0.35,"q":0.6333333,"max_close":3.5385132,"min_close":2.3,"close":3.05},"VALE":{"profit":0.54764557,"loss":0.65115833,"p":0.2611111,"q":0.73333335,"max_close":11.254913,"min_close":8.179748,"close":9.82},"SID":{"profit":0.2723285,"loss":0.0926559,"p":0.62222224,"q":0.35555556,"max_close":2.35638,"min_close":1.3,"close":1.55},"NVO":{"profit":19.528503,"loss":9.297768,"p":0.6611111,"q":0.33333334,"max_close":144.04108,"min_close":58.08,"close":77.02},"ALB":{"profit":27.06337,"loss":3.8418121,"p":0.75555557,"q":0.23888889,"max_close":109.52888,"min_close":50.43097,"close":60.96},"MPW":{"profit":0.6958294,"loss":0.3657236,"p":0.68333334,"q":0.31111112,"max_close":6.21,"min_close":3.670565,"close":4.43}},"Factor_Intersectional_v1":[],"stock_info":{"SBUX":["Starbucks Corp","Restaurants","Consumer Cyclical"],"ILPT":["Industrial Logistics Properties Trust","REIT - Industrial","Real Estate"],"TGT":["Target Corp","Discount Stores","Consumer Defensive"],"ZIM":["Zim Integrated Shipping Services Ltd","Marine Shipping","Industrials"],"EPAM":["EPAM Systems Inc","Information Technology Services","Technology"],"PFE":["Pfizer Inc","Drug Manufacturers - General","Healthcare"],"EW":["Edwards Lifesciences Corp","Medical Devices","Healthcare"],"PVH":["PVH Corp","Apparel Manufacturing","Consumer Cyclical"],"NKE":["Nike, Inc","Footwear & Accessories","Consumer Cyclical"],"PYPL":["PayPal Holdings Inc","Credit Services","Financial"],"SEE":["Sealed Air Corp","Packaging & Containers","Consumer Cyclical"],"VFC":["VF Corp","Apparel Manufacturing","Consumer Cyclical"],"KSS":["Kohl's Corp","Department Stores","Consumer Cyclical"],"AAP":["Advance Auto Parts Inc","Auto Parts","Consumer Cyclical"],"HAL":["Halliburton Co","Oil & Gas Equipment & Services","Energy"],"EL":["Estee Lauder Cos., Inc","Household & Personal Products","Consumer Defensive"],"GGB":["Gerdau S.A. ADR","Steel","Basic Materials"],"VALE":["Vale S.A. ADR","Other Industrial Metals & Mining","Basic Materials"],"SID":["Companhia Siderurgica Nacional ADR","Steel","Basic Materials"],"NVO":["Novo Nordisk ADR","Drug Manufacturers - General","Healthcare"],"ALB":["Albemarle Corp","Specialty Chemicals","Basic Materials"],"MPW":["Medical Properties Trust Inc","REIT - Healthcare Facilities","Real Estate"]}}