{
    "KellyFormula_Range_v1": {
        "BGFV": {
            "close": 16.99,
            "loss": 7.11881065,
            "max_close": 17.1,
            "min_close": 3.86397171,
            "p": 0.0111111114,
            "profit": 0.0700016,
            "q": 0.983333349
        },
        "BIO": {
            "close": 602.57,
            "loss": 50.1688232,
            "max_close": 662.35,
            "min_close": 478.82,
            "p": 0.127777785,
            "profit": 24.76007,
            "q": 0.8666667
        },
        "DHI": {
            "close": 93.93,
            "loss": 19.43386,
            "max_close": 93.93,
            "min_close": 63.25328,
            "p": 0.0,
            "profit": 0.0,
            "q": 0.99444443
        },
        "ELP": {
            "close": 1.11,
            "loss": 0.0420012474,
            "max_close": 1.42010415,
            "min_close": 1.02269232,
            "p": 0.7,
            "profit": 0.110918164,
            "q": 0.294444442
        },
        "HTH": {
            "close": 32.96,
            "loss": 8.769026,
            "max_close": 39.37,
            "min_close": 17.91427,
            "p": 0.166666672,
            "profit": 2.35815048,
            "q": 0.8277778
        },
        "LAKE": {
            "close": 28.08,
            "loss": 5.295574,
            "max_close": 44.43,
            "min_close": 18.3,
            "p": 0.272222221,
            "profit": 3.9983654,
            "q": 0.7222222
        },
        "MDC": {
            "close": 61.44,
            "loss": 15.04689,
            "max_close": 61.44,
            "min_close": 36.4300079,
            "p": 0.0,
            "profit": 0.0,
            "q": 0.99444443
        },
        "PBFX": {
            "close": 14.46,
            "loss": 4.846978,
            "max_close": 14.86,
            "min_close": 6.8425045,
            "p": 0.0444444455,
            "profit": 0.1762495,
            "q": 0.95
        },
        "PHM": {
            "close": 54.56,
            "loss": 9.217186,
            "max_close": 54.56,
            "min_close": 40.3891258,
            "p": 0.0,
            "profit": 0.0,
            "q": 0.99444443
        },
        "SMP": {
            "close": 42.48,
            "loss": 1.257534,
            "max_close": 53.85105,
            "min_close": 38.40702,
            "p": 0.705555558,
            "profit": 3.4479332,
            "q": 0.283333331
        },
        "SNX": {
            "close": 119.99,
            "loss": 41.07499,
            "max_close": 120.66,
            "min_close": 60.5623932,
            "p": 0.0222222228,
            "profit": 0.375,
            "q": 0.9722222
        },
        "STC": {
            "close": 58.3,
            "loss": 11.996315,
            "max_close": 58.3,
            "min_close": 36.91632,
            "p": 0.0,
            "profit": 0.0,
            "q": 0.99444443
        },
        "TDS": {
            "close": 23.23,
            "loss": 3.68219185,
            "max_close": 23.88,
            "min_close": 16.3788166,
            "p": 0.055555556,
            "profit": 0.2668457,
            "q": 0.9388889
        },
        "WFC": {
            "close": 40.5,
            "loss": 11.5393085,
            "max_close": 40.81,
            "min_close": 20.9815083,
            "p": 0.00555555569,
            "profit": 0.310001373,
            "q": 0.98888886
        }
    },
    "hold_stock_list": [
        "SMP",
        "DHI",
        "TDS",
        "BGFV",
        "BIO",
        "WFC",
        "STC",
        "SNX",
        "LAKE",
        "HTH",
        "MDC",
        "PBFX",
        "PHM",
        "ELP"
    ],
    "portfolio": {
        "BGFV": {
            "cost_p": 12.23,
            "position": 700,
            "position_%": 4.121244401105828,
            "profit": 0,
            "profit_%": 38.920686835650024
        },
        "BIO": {
            "cost_p": 580.11,
            "position": 62,
            "position_%": 17.314338926595152,
            "profit": 0,
            "profit_%": 3.871679509058633
        },
        "DHI": {
            "cost_p": 72.88,
            "position": 100,
            "position_%": 3.5084253235906173,
            "profit": 0,
            "profit_%": 28.883095499451173
        },
        "ELP": {
            "cost_p": 1.05,
            "position": 18050,
            "position_%": 9.12368701226004,
            "profit": 0,
            "profit_%": 5.714285714285719
        },
        "HTH": {
            "cost_p": 29.44,
            "position": 200,
            "position_%": 2.8344687575880285,
            "profit": 0,
            "profit_%": 11.956521739130432
        },
        "LAKE": {
            "cost_p": 28.88,
            "position": 790,
            "position_%": 10.983181317615895,
            "profit": 0,
            "profit_%": -2.7700831024930777
        },
        "MDC": {
            "cost_p": 59.95,
            "position": 170,
            "position_%": 4.906163101725271,
            "profit": 0,
            "profit_%": 2.4854045037531187
        },
        "PBFX": {
            "cost_p": 11.39,
            "position": 1000,
            "position_%": 5.4831180619782005,
            "profit": 0,
            "profit_%": 26.953467954345918
        },
        "PHM": {
            "cost_p": 49.31,
            "position": 185,
            "position_%": 4.391476914195509,
            "profit": 0,
            "profit_%": 10.646927600892313
        },
        "SMP": {
            "cost_p": 41.45,
            "position": 637,
            "position_%": 12.710652345667317,
            "profit": 0,
            "profit_%": 2.4849215922798407
        },
        "SNX": {
            "cost_p": 86.45,
            "position": 70,
            "position_%": 2.913177256546188,
            "profit": 0,
            "profit_%": 38.796992481203
        },
        "STC": {
            "cost_p": 53.5,
            "position": 530,
            "position_%": 13.650027449288139,
            "profit": 0,
            "profit_%": 8.971962616822426
        },
        "TDS": {
            "cost_p": 20.77,
            "position": 500,
            "position_%": 4.9993135270977715,
            "profit": 0,
            "profit_%": 11.8440057775638
        },
        "WFC": {
            "cost_p": 31.79,
            "position": 200,
            "position_%": 3.0607256047460405,
            "profit": 0,
            "profit_%": 27.398553004089337
        }
    }
}