{
    "KellyFormula_Range_v1": {
        "BAC": {
            "close": 32.08,
            "loss": 0.220001221,
            "max_close": 49.38,
            "min_close": 31.46,
            "p": 0.966666639,
            "profit": 10.8126335,
            "q": 0.027777778
        },
        "BIO": {
            "close": 505.58,
            "loss": 18.6699829,
            "max_close": 794.68,
            "min_close": 463.67,
            "p": 0.8888889,
            "profit": 138.8295,
            "q": 0.105555557
        },
        "C": {
            "close": 46.35,
            "loss": 0.5250015,
            "max_close": 72.42,
            "min_close": 45.69,
            "p": 0.983333349,
            "profit": 13.5240211,
            "q": 0.0111111114
        },
        "CCS": {
            "close": 44.24,
            "loss": 3.61750412,
            "max_close": 84.95,
            "min_close": 40.36,
            "p": 0.9722222,
            "profit": 19.0078773,
            "q": 0.0222222228
        },
        "DAC": {
            "close": 62.56,
            "loss": 0.0,
            "max_close": 106.64,
            "min_close": 62.56,
            "p": 0.99444443,
            "profit": 19.1351585,
            "q": 0.0
        },
        "DHI": {
            "close": 67.4,
            "loss": 3.07090759,
            "max_close": 109.65,
            "min_close": 60.56,
            "p": 0.933333337,
            "profit": 19.1420746,
            "q": 0.06111111
        },
        "EDRY": {
            "close": 18.56,
            "loss": 0.5949993,
            "max_close": 42.75,
            "min_close": 17.0,
            "p": 0.894444466,
            "profit": 8.524786,
            "q": 0.1
        },
        "ILPT": {
            "close": 13.99,
            "loss": 0.358124733,
            "max_close": 28.4,
            "min_close": 13.09,
            "p": 0.95,
            "profit": 8.101,
            "q": 0.0444444455
        },
        "INTC": {
            "close": 37.41,
            "loss": 0.1800003,
            "max_close": 56.0,
            "min_close": 36.97,
            "p": 0.9777778,
            "profit": 11.0407906,
            "q": 0.0166666675
        },
        "NMM": {
            "close": 22.63,
            "loss": 0.0,
            "max_close": 36.49,
            "min_close": 22.63,
            "p": 0.99444443,
            "profit": 6.54402733,
            "q": 0.0
        },
        "SID": {
            "close": 2.97,
            "loss": 0.0,
            "max_close": 5.71,
            "min_close": 2.97,
            "p": 0.99444443,
            "profit": 1.57066941,
            "q": 0.0
        },
        "STC": {
            "close": 48.4,
            "loss": 1.56750107,
            "max_close": 80.18,
            "min_close": 45.91,
            "p": 0.9722222,
            "profit": 18.2260437,
            "q": 0.0222222228
        },
        "THO": {
            "close": 76.53,
            "loss": 3.210907,
            "max_close": 124.29,
            "min_close": 69.02,
            "p": 0.872222245,
            "profit": 19.0072556,
            "q": 0.122222222
        },
        "TX": {
            "close": 38.02,
            "loss": 0.710712433,
            "max_close": 49.66,
            "min_close": 36.57,
            "p": 0.9111111,
            "profit": 4.98742676,
            "q": 0.07777778
        },
        "WGO": {
            "close": 50.43,
            "loss": 2.73279953,
            "max_close": 77.45,
            "min_close": 44.28,
            "p": 0.855555534,
            "profit": 15.0778656,
            "q": 0.1388889
        },
        "X": {
            "close": 19.01,
            "loss": 0.283332825,
            "max_close": 38.45,
            "min_close": 18.59,
            "p": 0.9777778,
            "profit": 7.3828907,
            "q": 0.0166666675
        },
        "ZIM": {
            "close": 47.51,
            "loss": 2.56499863,
            "max_close": 88.62,
            "min_close": 43.31,
            "p": 0.9388889,
            "profit": 13.635746,
            "q": 0.055555556
        }
    },
    "hold_stock_list": [
        "BIO",
        "ILPT",
        "INTC",
        "STC",
        "DHI",
        "CCS",
        "BAC",
        "C",
        "THO",
        "WGO",
        "DAC",
        "EDRY",
        "NMM",
        "ZIM",
        "X",
        "SID",
        "TX"
    ],
    "portfolio": {
        "BAC": {
            "cost_p": 35.99,
            "position_%": 5.616746039337641,
            "profit_%": -10.864128924701316
        },
        "BIO": {
            "cost_p": 550.38,
            "position_%": 7.444193925479013,
            "profit_%": -8.1398306624514
        },
        "C": {
            "cost_p": 49.1,
            "position_%": 12.132681254279163,
            "profit_%": -5.6008146639511205
        },
        "CCS": {
            "cost_p": 45,
            "position_%": 2.9262013958760975,
            "profit_%": -1.6888888888888847
        },
        "DAC": {
            "cost_p": 73.49,
            "position_%": 5.734574415544918,
            "profit_%": -14.87277180568784
        },
        "DHI": {
            "cost_p": 65,
            "position_%": 3.3813882796790464,
            "profit_%": 3.692307692307701
        },
        "EDRY": {
            "cost_p": 22.24,
            "position_%": 0.867716253923792,
            "profit_%": -16.546762589928058
        },
        "ILPT": {
            "cost_p": 17.42,
            "position_%": 4.5310602947699214,
            "profit_%": -19.690011481056263
        },
        "INTC": {
            "cost_p": 43.58,
            "position_%": 6.234499667355927,
            "profit_%": -14.157870582836168
        },
        "NMM": {
            "cost_p": 30.04,
            "position_%": 2.0901401383859164,
            "profit_%": -24.66711051930759
        },
        "SID": {
            "cost_p": 4.82,
            "position_%": 4.388001559860424,
            "profit_%": -38.38174273858921
        },
        "STC": {
            "cost_p": 52.86,
            "position_%": 8.249546975253894,
            "profit_%": -8.43738176314794
        },
        "THO": {
            "cost_p": 80.73,
            "position_%": 7.989899272995017,
            "profit_%": -5.202526941657379
        },
        "TX": {
            "cost_p": 39.96,
            "position_%": 3.1181602074455697,
            "profit_%": -4.854854854854849
        },
        "WGO": {
            "cost_p": 53.71,
            "position_%": 8.032943045261378,
            "profit_%": -6.106870229007636
        },
        "X": {
            "cost_p": 19.57,
            "position_%": 7.635434842306031,
            "profit_%": -2.8615227388860434
        },
        "ZIM": {
            "cost_p": 56.94,
            "position_%": 9.626812432246243,
            "profit_%": -16.56129258868985
        }
    }
}