{
    "Factor_Intersectional_v1": [],
    "KellyFormula_Range_v1": {
        "AAP": {
            "close": 48.44,
            "loss": 7.059082,
            "max_close": 84.78196,
            "min_close": 35.49403,
            "p": 0.42777777,
            "profit": 14.470711,
            "q": 0.56666666
        },
        "ALB": {
            "close": 88.76,
            "loss": 5.163231,
            "max_close": 140.61736,
            "min_close": 72.23231,
            "p": 0.7777778,
            "profit": 13.234909,
            "q": 0.21666667
        },
        "CVS": {
            "close": 54.55,
            "loss": 4.6637115,
            "max_close": 76.283394,
            "min_close": 43.23058,
            "p": 0.7277778,
            "profit": 3.113678,
            "q": 0.26666668
        },
        "DAC": {
            "close": 77.46,
            "loss": 0.6855545,
            "max_close": 95.34127,
            "min_close": 68.38013,
            "p": 0.9388889,
            "profit": 6.581978,
            "q": 0.05
        },
        "EL": {
            "close": 82.48,
            "loss": 9.7344055,
            "max_close": 155.19865,
            "min_close": 62.443096,
            "p": 0.6888889,
            "profit": 18.989243,
            "q": 0.30555555
        },
        "EPAM": {
            "close": 252.43,
            "loss": 45.13138,
            "max_close": 314.63,
            "min_close": 170.25,
            "p": 0.0055555557,
            "profit": 0.5700073,
            "q": 0.98888886
        },
        "EW": {
            "close": 68.99,
            "loss": 2.757103,
            "max_close": 95.56,
            "min_close": 59.7,
            "p": 0.62777776,
            "profit": 10.895927,
            "q": 0.36666667
        },
        "GGB": {
            "close": 2.93,
            "loss": 0.079333305,
            "max_close": 3.8891463,
            "min_close": 2.72,
            "p": 0.9,
            "profit": 0.38802767,
            "q": 0.083333336
        },
        "GIS": {
            "close": 60.38,
            "loss": 0.9881096,
            "max_close": 73.79097,
            "min_close": 58.31,
            "p": 0.93333334,
            "profit": 6.462063,
            "q": 0.06111111
        },
        "HAL": {
            "close": 27.8,
            "loss": 0.6295624,
            "max_close": 40.58066,
            "min_close": 25.77,
            "p": 0.85,
            "profit": 3.8460293,
            "q": 0.1388889
        },
        "ILPT": {
            "close": 3.88,
            "loss": 0.24886775,
            "max_close": 5.146735,
            "min_close": 3.25,
            "p": 0.51111114,
            "profit": 0.71599436,
            "q": 0.47777778
        },
        "KSS": {
            "close": 13.6,
            "loss": 0.5412512,
            "max_close": 27.064508,
            "min_close": 12.7,
            "p": 0.95,
            "profit": 5.201027,
            "q": 0.044444446
        },
        "MPW": {
            "close": 4.69,
            "loss": 0.37917662,
            "max_close": 6.2460093,
            "min_close": 2.8194265,
            "p": 0.30555555,
            "profit": 0.5143199,
            "q": 0.6888889
        },
        "NKE": {
            "close": 73.57,
            "loss": 1.5383911,
            "max_close": 105.37247,
            "min_close": 70.41491,
            "p": 0.8055556,
            "profit": 8.9409485,
            "q": 0.18888889
        },
        "NVO": {
            "close": 87.97,
            "loss": 3.581993,
            "max_close": 146.36218,
            "min_close": 78.69,
            "p": 0.8833333,
            "profit": 37.7268,
            "q": 0.11111111
        },
        "PAGS": {
            "close": 6.7,
            "loss": 0.27857113,
            "max_close": 14.6,
            "min_close": 6.19,
            "p": 0.87777776,
            "profit": 3.6460142,
            "q": 0.11666667
        },
        "PEP": {
            "close": 149.12,
            "loss": 2.8591614,
            "max_close": 178.78221,
            "min_close": 142.64,
            "p": 0.92777777,
            "profit": 17.479584,
            "q": 0.06666667
        },
        "PVH": {
            "close": 90.3,
            "loss": 0.0,
            "max_close": 140.4603,
            "min_close": 90.3,
            "p": 0.99444443,
            "profit": 13.413742,
            "q": 0.0
        },
        "PYPL": {
            "close": 89.11,
            "loss": 16.694572,
            "max_close": 91.81,
            "min_close": 56.13,
            "p": 0.07777778,
            "profit": 1.0949936,
            "q": 0.9166667
        },
        "SEE": {
            "close": 35.44,
            "loss": 1.2054214,
            "max_close": 39.39198,
            "min_close": 30.610888,
            "p": 0.4722222,
            "profit": 1.2296143,
            "q": 0.5222222
        },
        "SID": {
            "close": 1.47,
            "loss": 0.08352935,
            "max_close": 3.5998206,
            "min_close": 1.3,
            "p": 0.8888889,
            "profit": 0.7139909,
            "q": 0.094444446
        },
        "TGT": {
            "close": 137.89,
            "loss": 5.255615,
            "max_close": 173.9758,
            "min_close": 121.59,
            "p": 0.73888886,
            "profit": 11.445374,
            "q": 0.25555557
        },
        "VALE": {
            "close": 8.98,
            "loss": 0.20909023,
            "max_close": 12.960784,
            "min_close": 8.5,
            "p": 0.8666667,
            "profit": 1.6524315,
            "q": 0.12222222
        },
        "VFC": {
            "close": 26.33,
            "loss": 8.647625,
            "max_close": 26.33,
            "min_close": 11.779906,
            "p": 0.0,
            "profit": 0.0,
            "q": 0.99444443
        },
        "ZIM": {
            "close": 16.87,
            "loss": 0.80980873,
            "max_close": 27.01,
            "min_close": 8.707805,
            "p": 0.89444447,
            "profit": 3.4678764,
            "q": 0.1
        }
    },
    "hold_stock_list": [
        "SEE",
        "GIS",
        "PEP",
        "EL",
        "KSS",
        "TGT",
        "NKE",
        "PVH",
        "VFC",
        "MPW",
        "NVO",
        "CVS",
        "ILPT",
        "AAP",
        "PYPL",
        "EPAM",
        "PAGS",
        "EW",
        "DAC",
        "ZIM",
        "VALE",
        "GGB",
        "SID",
        "HAL",
        "ALB"
    ],
    "portfolio": {
        "AAP": {
            "cost_p": 91.35,
            "position_%": 12.647062022916803,
            "profit_%": -46.97318007662835
        },
        "ALB": {
            "cost_p": 173.45,
            "position_%": 6.860999008131738,
            "profit_%": -48.826751225136924
        },
        "CVS": {
            "cost_p": 65.41,
            "position_%": 5.174724071742831,
            "profit_%": -16.602965907353614
        },
        "DAC": {
            "cost_p": 73.24,
            "position_%": 4.345629005669373,
            "profit_%": 5.761878754778809
        },
        "EL": {
            "cost_p": 143.25,
            "position_%": 5.666405926289256,
            "profit_%": -42.42233856893542
        },
        "EPAM": {
            "cost_p": 250,
            "position_%": 2.47225389454156,
            "profit_%": 0.9720000000000028
        },
        "EW": {
            "cost_p": 87.5,
            "position_%": 2.5958665892686383,
            "profit_%": -21.15428571428572
        },
        "GGB": {
            "cost_p": 2.9,
            "position_%": 2.2942516141345677,
            "profit_%": 1.0344827586206984
        },
        "GIS": {
            "cost_p": 65,
            "position_%": 2.5711440503232224,
            "profit_%": -7.107692307692304
        },
        "HAL": {
            "cost_p": 35,
            "position_%": 2.422808816650729,
            "profit_%": 0
        },