{
    "KellyFormula_Range_v1": {
        "ARLP": {
            "close": 14.43,
            "loss": 3.72006035,
            "max_close": 15.92,
            "min_close": 6.83,
            "p": 0.0722222254,
            "profit": 0.520768166,
            "q": 0.9222222
        },
        "BIO": {
            "close": 588.22,
            "loss": 24.116272,
            "max_close": 825.77,
            "min_close": 524.57,
            "p": 0.8888889,
            "profit": 137.291931,
            "q": 0.105555557
        },
        "CPLP": {
            "close": 15.18,
            "loss": 2.17747974,
            "max_close": 16.73,
            "min_close": 10.98,
            "p": 0.372222215,
            "profit": 0.668432236,
            "q": 0.6166667
        },
        "DAC": {
            "close": 105.23,
            "loss": 27.3511276,
            "max_close": 106.64,
            "min_close": 62.14,
            "p": 0.0111111114,
            "profit": 1.00499725,
            "q": 0.983333349
        },
        "EDRY": {
            "close": 24.42,
            "loss": 3.721058,
            "max_close": 33.81,
            "min_close": 17.0,
            "p": 0.5222222,
            "profit": 3.751482,
            "q": 0.4722222
        },
        "ET": {
            "close": 9.79,
            "loss": 0.6503391,
            "max_close": 10.71,
            "min_close": 8.15,
            "p": 0.327777773,
            "profit": 0.3196602,
            "q": 0.655555546
        },
        "GGB": {
            "close": 5.97,
            "loss": 0.8448515,
            "max_close": 6.13,
            "min_close": 4.26,
            "p": 0.0444444455,
            "profit": 0.07875013,
            "q": 0.95
        },
        "GOGL": {
            "close": 12.0,
            "loss": 2.16006,
            "max_close": 12.9,
            "min_close": 7.68,
            "p": 0.06111111,
            "profit": 0.313182831,
            "q": 0.933333337
        },
        "INTC": {
            "close": 47.45,
            "loss": 1.68727112,
            "max_close": 56.87,
            "min_close": 44.4,
            "p": 0.933333337,
            "profit": 4.66595459,
            "q": 0.06111111
        },
        "NC": {
            "close": 36.0,
            "loss": 6.31984329,
            "max_close": 40.97,
            "min_close": 23.67,
            "p": 0.03888889,
            "profit": 1.63143158,
            "q": 0.955555558
        },
        "NMM": {
            "close": 32.78,
            "loss": 5.354849,
            "max_close": 36.49,
            "min_close": 21.47,
            "p": 0.0444444455,
            "profit": 1.39625168,
            "q": 0.95
        },
        "PKX": {
            "close": 59.67,
            "loss": 1.99481583,
            "max_close": 79.75,
            "min_close": 54.58,
            "p": 0.683333337,
            "profit": 8.92765,
            "q": 0.311111122
        },
        "SB": {
            "close": 4.5,
            "loss": 0.7457335,
            "max_close": 5.28,
            "min_close": 3.1,
            "p": 0.2,
            "profit": 0.335000038,
            "q": 0.794444442
        },
        "SID": {
            "close": 5.14,
            "loss": 0.678218365,
            "max_close": 9.49,
            "min_close": 3.57,
            "p": 0.427777767,
            "profit": 1.97766256,
            "q": 0.5611111
        },
        "THO": {
            "close": 87.07,
            "loss": 2.99111176,
            "max_close": 127.44,
            "min_close": 82.38,
            "p": 0.9444444,
            "profit": 20.2173157,
            "q": 0.05
        },
        "TX": {
            "close": 42.66,
            "loss": 2.20506668,
            "max_close": 56.19,
            "min_close": 36.57,
            "p": 0.544444442,
            "profit": 5.18531036,
            "q": 0.45
        }
    },
    "hold_stock_list": [
        "ARLP",
        "INTC",
        "BIO",
        "DAC",
        "GGB",
        "THO",
        "GOGL",
        "CPLP",
        "SID",
        "EDRY",
        "ET",
        "SB",
        "NMM",
        "PKX",
        "NC",
        "TX"
    ],
    "portfolio": {
        "ARLP": {
            "cost_p": 14.01,
            "position_%": 8.246932247160359,
            "profit_%": 2.997858672376873
        },
        "BIO": {
            "cost_p": 596.71,
            "position_%": 6.182018141696918,
            "profit_%": -1.4228016959662162
        },
        "CPLP": {
            "cost_p": 12.99,
            "position_%": 3.364465806700196,
            "profit_%": 16.85912240184757
        },
        "DAC": {
            "cost_p": 76.97,
            "position_%": 8.427305193568275,
            "profit_%": 36.715603481876066
        },
        "EDRY": {
            "cost_p": 22.24,
            "position_%": 2.3564681778609815,
            "profit_%": 9.80215827338131
        },
        "ET": {
            "cost_p": 9.35,
            "position_%": 4.909426433102557,
            "profit_%": 4.705882352941171
        },
        "GGB": {
            "cost_p": 4.45,
            "position_%": 2.0955802141249738,
            "profit_%": 34.15730337078651
        },
        "GOGL": {
            "cost_p": 10.75,
            "position_%": 3.543649687930433,
            "profit_%": 11.627906976744185
        },
        "INTC": {
            "cost_p": 47.28,
            "position_%": 6.724015240942985,
            "profit_%": 0.3595600676818987
        },
        "NC": {
            "cost_p": 29.95,
            "position_%": 8.46237672984849,
            "profit_%": 20.200333889816363
        },
        "NMM": {
            "cost_p": 30.04,
            "position_%": 3.7841469498076514,
            "profit_%": 9.121171770972044
        },
        "PKX": {
            "cost_p": 58.54,
            "position_%": 5.320522761085631,
            "profit_%": 1.9303040655961778
        },
        "SB": {
            "cost_p": 4.05,
            "position_%": 3.962235949240621,
            "profit_%": 11.111111111111116
        },
        "SID": {
            "cost_p": 4.82,
            "position_%": 10.940529835199335,
            "profit_%": 6.63900414937758
        },
        "THO": {
            "cost_p": 95.4,
            "position_%": 9.232184589630531,
            "profit_%": -8.731656184486386
        },
        "TX": {
            "cost_p": 39.81,
            "position_%": 12.448142042100065,
            "profit_%": 7.159005275056504
        }
    }
}