{
    "KellyFormula_Range_v1": {
        "BAC": {
            "close": 31.36,
            "loss": 0.243333817,
            "max_close": 49.38,
            "min_close": 30.98,
            "p": 0.9777778,
            "profit": 10.5085754,
            "q": 0.0166666675
        },
        "BIO": {
            "close": 500.29,
            "loss": 17.34317,
            "max_close": 794.68,
            "min_close": 463.67,
            "p": 0.905555546,
            "profit": 125.384979,
            "q": 0.08888889
        },
        "C": {
            "close": 46.13,
            "loss": 0.25,
            "max_close": 71.37,
            "min_close": 45.69,
            "p": 0.9777778,
            "profit": 12.1386986,
            "q": 0.0166666675
        },
        "CCS": {
            "close": 49.41,
            "loss": 3.6075058,
            "max_close": 84.95,
            "min_close": 40.36,
            "p": 0.855555534,
            "profit": 14.8057594,
            "q": 0.13333334
        },
        "DAC": {
            "close": 58.25,
            "loss": 0.869998932,
            "max_close": 106.64,
            "min_close": 57.38,
            "p": 0.98888886,
            "profit": 22.79737,
            "q": 0.00555555569
        },
        "DHI": {
            "close": 74.4,
            "loss": 4.92157,
            "max_close": 109.65,
            "min_close": 60.56,
            "p": 0.677777767,
            "profit": 16.4927826,
            "q": 0.316666663
        },
        "EDRY": {
            "close": 15.96,
            "loss": 0.0,
            "max_close": 42.75,
            "min_close": 15.96,
            "p": 0.99444443,
            "profit": 9.498891,
            "q": 0.0
        },
        "GGB": {
            "close": 4.22,
            "loss": 0.0966663361,
            "max_close": 6.51,
            "min_close": 4.06,
            "p": 0.9777778,
            "profit": 1.05613613,
            "q": 0.0166666675
        },
        "HIMX": {
            "close": 6.46,
            "loss": 0.110000134,
            "max_close": 15.99,
            "min_close": 6.35,
            "p": 0.98888886,
            "profit": 3.96882439,
            "q": 0.00555555569
        },
        "ILPT": {
            "close": 14.1,
            "loss": 0.321155548,
            "max_close": 28.34,
            "min_close": 13.09,
            "p": 0.9222222,
            "profit": 7.277958,
            "q": 0.0722222254
        },
        "INTC": {
            "close": 37.21,
            "loss": 0.371997833,
            "max_close": 55.91,
            "min_close": 36.34,
            "p": 0.966666639,
            "profit": 10.23867,
            "q": 0.027777778
        },
        "NMM": {
            "close": 20.36,
            "loss": 0.0,
            "max_close": 36.49,
            "min_close": 20.36,
            "p": 0.99444443,
            "profit": 8.317772,
            "q": 0.0
        },
        "SID": {
            "close": 2.6,
            "loss": 0.0,
            "max_close": 5.71,
            "min_close": 2.6,
            "p": 0.99444443,
            "profit": 1.8079319,
            "q": 0.0
        },
        "STC": {
            "close": 50.61,
            "loss": 1.68278122,
            "max_close": 80.18,
            "min_close": 45.91,
            "p": 0.894444466,
            "profit": 16.1383743,
            "q": 0.1
        },
        "THO": {
            "close": 80.66,
            "loss": 4.33426666,
            "max_close": 114.76,
            "min_close": 69.02,
            "p": 0.6944444,
            "profit": 15.6936569,
            "q": 0.3
        },
        "TX": {
            "close": 33.92,
            "loss": 0.0,
            "max_close": 49.66,
            "min_close": 33.92,
            "p": 0.99444443,
            "profit": 8.122395,
            "q": 0.0
        },
        "WGO": {
            "close": 52.65,
            "loss": 3.91189575,
            "max_close": 77.45,
            "min_close": 44.28,
            "p": 0.7888889,
            "profit": 12.201622,
            "q": 0.205555558
        },
        "X": {
            "close": 17.5,
            "loss": 0.465000153,
            "max_close": 38.45,
            "min_close": 17.02,
            "p": 0.9777778,
            "profit": 8.685957,
            "q": 0.0111111114
        },
        "ZIM": {
            "close": 44.4,
            "loss": 1.27000427,
            "max_close": 88.62,
            "min_close": 42.05,
            "p": 0.966666639,
            "profit": 16.2907372,
            "q": 0.027777778
        }
    },
    "hold_stock_list": [
        "BIO",
        "ILPT",
        "INTC",
        "HIMX",
        "STC",
        "DHI",
        "CCS",
        "BAC",
        "C",
        "THO",
        "WGO",
        "DAC",
        "EDRY",
        "NMM",
        "ZIM",
        "X",
        "GGB",
        "SID",
        "TX"
    ],
    "portfolio": {
        "BAC": {
            "cost_p": 35.99,
            "position_%": 5.348246869616792,
            "profit_%": -12.864684634620735
        },
        "BIO": {
            "cost_p": 550.38,
            "position_%": 7.088336659682498,
            "profit_%": -9.100984774156034
        },
        "C": {
            "cost_p": 49.1,
            "position_%": 11.552698677098975,
            "profit_%": -6.048879837067207
        },
        "CCS": {
            "cost_p": 45,
            "position_%": 2.786319222153789,
            "profit_%": 9.799999999999992
        },
        "DAC": {
            "cost_p": 73.49,
            "position_%": 5.460442656962185,
            "profit_%": -20.737515308205193
        },
        "DHI": {
            "cost_p": 65,
            "position_%": 3.2197466567110444,
            "profit_%": 14.46153846153847
        },
        "EDRY": {
            "cost_p": 22.24,
            "position_%": 0.8262365266760033,
            "profit_%": -28.23741007194244
        },
        "GGB": {
            "cost_p": 4.57,
            "position_%": 2.4901025297363724,
            "profit_%": -7.658643326039398
        },
        "HIMX": {
            "cost_p": 7.32,
            "position_%": 4.71370910542497,
            "profit_%": -11.748633879781424
        },
        "ILPT": {
            "cost_p": 17.42,
            "position_%": 4.3144605199928,
            "profit_%": -19.058553386911605
        },
        "INTC": {
            "cost_p": 43.58,
            "position_%": 5.936469816515926,
            "profit_%": -14.616796695731981
        },
        "NMM": {
            "cost_p": 30.04,
            "position_%": 1.9902244776409954,
            "profit_%": -32.2237017310253
        },
        "SID": {
            "cost_p": 4.82,
            "position_%": 4.178240469131947,
            "profit_%": -46.058091286307054
        },
        "STC": {
            "cost_p": 52.86,
            "position_%": 7.855191151095961,
            "profit_%": -4.256526674233825
        },
        "THO": {
            "cost_p": 80.73,
            "position_%": 7.607955473875812,
            "profit_%": -0.08670878236096542
        },
        "TX": {
            "cost_p": 39.96,
            "position_%": 2.9691017631270773,
            "profit_%": -15.115115115115113
        },
        "WGO": {
            "cost_p": 53.71,
            "position_%": 7.648941610451645,
            "profit_%": -1.9735617203500322
        },
        "X": {
            "cost_p": 19.57,
            "position_%": 4.846957082448857,
            "profit_%": -10.577414409810936
        },
        "ZIM": {
            "cost_p": 56.94,
            "position_%": 9.166618731656344,
            "profit_%": -22.0231822971549
        }
    }
}