{
    "KellyFormula_Range_v1": {
        "BGFV": {
            "close": 16.08,
            "loss": 7.31493568,
            "max_close": 16.08,
            "min_close": 1.78263032,
            "p": 0.0,
            "profit": 0.0,
            "q": 0.99444443
        },
        "BIO": {
            "close": 566.44,
            "loss": 45.0639648,
            "max_close": 662.35,
            "min_close": 451.49,
            "p": 0.427777767,
            "profit": 30.3737183,
            "q": 0.5611111
        },
        "DHI": {
            "close": 86.99,
            "loss": 15.1220856,
            "max_close": 86.99,
            "min_close": 53.4403419,
            "p": 0.0,
            "profit": 0.0,
            "q": 0.99444443
        },
        "ELP": {
            "close": 12.85,
            "loss": 1.42623425,
            "max_close": 14.32,
            "min_close": 10.3125925,
            "p": 0.155555561,
            "profit": 0.6685076,
            "q": 0.8388889
        },
        "HTH": {
            "close": 37.46,
            "loss": 13.3491039,
            "max_close": 39.37,
            "min_close": 16.4422626,
            "p": 0.027777778,
            "profit": 0.760002136,
            "q": 0.966666639
        },
        "LAKE": {
            "close": 29.11,
            "loss": 6.395773,
            "max_close": 44.43,
            "min_close": 18.3,
            "p": 0.205555558,
            "profit": 4.045948,
            "q": 0.783333361
        },
        "MDC": {
            "close": 60.2,
            "loss": 16.0627632,
            "max_close": 60.27,
            "min_close": 31.0229244,
            "p": 0.00555555569,
            "profit": 0.0699996948,
            "q": 0.98888886
        },
        "PBFX": {
            "close": 14.86,
            "loss": 5.52148342,
            "max_close": 14.86,
            "min_close": 6.8425045,
            "p": 0.0,
            "profit": 0.0,
            "q": 0.99444443
        },
        "PHM": {
            "close": 50.99,
            "loss": 7.099842,
            "max_close": 50.99,
            "min_close": 32.5900841,
            "p": 0.0,
            "profit": 0.0,
            "q": 0.99444443
        },
        "SMP": {
            "close": 44.55,
            "loss": 3.07045746,
            "max_close": 53.85105,
            "min_close": 37.67527,
            "p": 0.516666651,
            "profit": 2.3066864,
            "q": 0.477777779
        },
        "SNX": {
            "close": 104.25,
            "loss": 29.50673,
            "max_close": 105.64,
            "min_close": 57.7834778,
            "p": 0.0111111114,
            "profit": 1.04499817,
            "q": 0.983333349
        },
        "STC": {
            "close": 53.81,
            "loss": 9.697407,
            "max_close": 54.8160629,
            "min_close": 30.60827,
            "p": 0.03888889,
            "profit": 0.5009041,
            "q": 0.955555558
        },
        "T": {
            "close": 30.15,
            "loss": 1.70669556,
            "max_close": 30.9062023,
            "min_close": 26.033514,
            "p": 0.0166666675,
            "profit": 0.395990372,
            "q": 0.9777778
        },
        "TDS": {
            "close": 23.3,
            "loss": 3.89961052,
            "max_close": 23.7356415,
            "min_close": 16.3788166,
            "p": 0.0166666675,
            "profit": 0.247030258,
            "q": 0.9777778
        },
        "WFC": {
            "close": 39.84,
            "loss": 12.1819859,
            "max_close": 39.97,
            "min_close": 20.9815083,
            "p": 0.00555555569,
            "profit": 0.130001068,
            "q": 0.98888886
        }
    },
    "hold_stock_list": [
        "SMP",
        "T",
        "DHI",
        "TDS",
        "BGFV",
        "BIO",
        "WFC",
        "STC",
        "SNX",
        "LAKE",
        "HTH",
        "MDC",
        "PBFX",
        "PHM",
        "ELP"
    ],
    "portfolio": {
        "BGFV": {
            "cost_p": 12.23,
            "position_%": 4.15795831570293,
            "profit_%": 31.479967293540454
        },
        "BIO": {
            "cost_p": 580.11,
            "position_%": 17.468582911854977,
            "profit_%": -2.356449638861588
        },
        "DHI": {
            "cost_p": 72.88,
            "position_%": 3.53967996785924,
            "profit_%": 19.36059275521405
        },
        "ELP": {
            "cost_p": 10.54,
            "position_%": 9.240031487998309,
            "profit_%": 21.916508538899436
        },
        "HTH": {
            "cost_p": 29.44,
            "position_%": 2.8597194910476404,
            "profit_%": 27.24184782608695
        },
        "LAKE": {
            "cost_p": 29.74,
            "position_%": 4.333290981509349,
            "profit_%": -2.1183591123066545
        },
        "MDC": {
            "cost_p": 59.95,
            "position_%": 4.94986942816101,
            "profit_%": 0.4170141784820684
        },
        "PBFX": {
            "cost_p": 11.39,
            "position_%": 5.531964164917226,
            "profit_%": 30.465320456540812
        },
        "PHM": {
            "cost_p": 49.31,
            "position_%": 4.4305981826016385,
            "profit_%": 3.40701683228554
        },
        "SMP": {
            "cost_p": 41.45,
            "position_%": 12.823884602547562,
            "profit_%": 7.478890229191783
        },
        "SNX": {
            "cost_p": 86.45,
            "position_%": 2.9391291610181383,
            "profit_%": 20.58993637941006
        },
        "STC": {
            "cost_p": 53.5,
            "position_%": 13.771628085709214,
            "profit_%": 0.5794392523364529
        },
        "T": {
            "cost_p": 28.54,
            "position_%": 5.821821602460913,
            "profit_%": 5.641205325858442
        },
        "TDS": {
            "cost_p": 20.77,
            "position_%": 5.043849679777471,
            "profit_%": 12.181030332209925
        },
        "WFC": {
            "cost_p": 31.79,
            "position_%": 3.087991936834392,
            "profit_%": 25.3224284366153
        }
    }
}