{
    "Factor_Intersectional_v1": [],
    "KellyFormula_Range_v1": {
        "AAP": {
            "close": 53.57,
            "loss": 12.660175,
            "max_close": 66.16962,
            "min_close": 29.799515,
            "p": 0.36666667,
            "profit": 5.783592,
            "q": 0.62777776
        },
        "ALB": {
            "close": 95.29,
            "loss": 24.570251,
            "max_close": 108.93781,
            "min_close": 50.15882,
            "p": 0.022222223,
            "profit": 1.5199966,
            "q": 0.9722222
        },
        "EL": {
            "close": 96.8,
            "loss": 21.010475,
            "max_close": 96.8,
            "min_close": 49.614822,
            "p": 0.0,
            "profit": 0.0,
            "q": 0.99444443
        },
        "EPAM": {
            "close": 142.2,
            "loss": 0.0,
            "max_close": 267.63,
            "min_close": 142.2,
            "p": 0.99444443,
            "profit": 33.7977,
            "q": 0.0
        },
        "EW": {
            "close": 72.65,
            "loss": 2.082344,
            "max_close": 81.83,
            "min_close": 65.75,
            "p": 0.73333335,
            "profit": 4.2176666,
            "q": 0.2611111
        },
        "HAL": {
            "close": 21.82,
            "loss": 1.20257,
            "max_close": 31.096924,
            "min_close": 18.956635,
            "p": 0.53333336,
            "profit": 2.0649567,
            "q": 0.4611111
        },
        "ILPT": {
            "close": 5.5,
            "loss": 1.7383933,
            "max_close": 6.45,
            "min_close": 2.4764423,
            "p": 0.2888889,
            "profit": 0.44233513,
            "q": 0.70555556
        },
        "MPW": {
            "close": 5.26,
            "loss": 0.72136164,
            "max_close": 5.9922843,
            "min_close": 3.5418787,
            "p": 0.2,
            "profit": 0.34336853,
            "q": 0.7888889
        },
        "NKE": {
            "close": 66.84,
            "loss": 7.1876106,
            "max_close": 81.589584,
            "min_close": 52.644737,
            "p": 0.62222224,
            "profit": 6.998436,
            "q": 0.37222221
        },
        "NVO": {
            "close": 56.09,
            "loss": 3.6360054,
            "max_close": 116.3452,
            "min_close": 45.38,
            "p": 0.8277778,
            "profit": 13.848545,
            "q": 0.16666667
        },
        "PVH": {
            "close": 81.72,
            "loss": 9.689148,
            "max_close": 112.69704,
            "min_close": 60.44541,
            "p": 0.26666668,
            "profit": 3.2137527,
            "q": 0.7277778
        },
        "PYPL": {
            "close": 66.05,
            "loss": 3.544323,
            "max_close": 91.81,
            "min_close": 57.41,
            "p": 0.87222224,
            "profit": 5.568825,
            "q": 0.12222222
        },
        "SBUX": {
            "close": 84.34,
            "loss": 2.362671,
            "max_close": 114.2466,
            "min_close": 78.46,
            "p": 0.7222222,
            "profit": 10.458679,
            "q": 0.27222222
        },
        "SEE": {
            "close": 34.15,
            "loss": 3.442587,
            "max_close": 36.64,
            "min_close": 23.64138,
            "p": 0.083333336,
            "profit": 0.9422951,
            "q": 0.9111111
        },
        "SID": {
            "close": 1.52,
            "loss": 0.08684754,
            "max_close": 2.07972,
            "min_close": 1.25,
            "p": 0.43333334,
            "profit": 0.10371745,
            "q": 0.51111114
        },
        "TGT": {
            "close": 90.07,
            "loss": 1.5757675,
            "max_close": 151.0144,
            "min_close": 85.53,
            "p": 0.85555553,
            "profit": 12.469032,
            "q": 0.1388889
        },
        "VALE": {
            "close": 11.11,
            "loss": 1.5430346,
            "max_close": 11.29,
            "min_close": 7.91076,
            "p": 0.011111111,
            "profit": 0.119999886,
            "q": 0.98333335
        },
        "VFC": {
            "close": 14.17,
            "loss": 1.9862967,
            "max_close": 26.460835,
            "min_close": 9.61555,
            "p": 0.45555556,
            "profit": 3.893259,
            "q": 0.5388889
        },
        "ZIM": {
            "close": 13.32,
            "loss": 0.59742165,
            "max_close": 18.54858,
            "min_close": 11.213416,
            "p": 0.8833333,
            "profit": 2.1062021,
            "q": 0.11111111
        }
    },
    "hold_stock_list": [
        "SEE",
        "EL",
        "TGT",
        "SBUX",
        "NKE",
        "PVH",
        "VFC",
        "MPW",
        "NVO",
        "ILPT",
        "AAP",
        "PYPL",
        "EPAM",
        "EW",
        "ZIM",
        "VALE",
        "SID",
        "HAL",
        "ALB"
    ],
    "portfolio": {
        "AAP": {
            "cost_p": 91.35,
            "position_%": 12.726614137497982,
            "profit_%": -41.357416529830324
        },
        "ALB": {
            "cost_p": 173.45,
            "position_%": 6.904155828130504,
            "profit_%": -45.06197751513404
        },
        "EL": {
            "cost_p": 143.03,
            "position_%": 5.693291485139844,
            "profit_%": -32.321890512479904
        },
        "EPAM": {
            "cost_p": 248.63,
            "position_%": 2.474171610764035,
            "profit_%": -42.8065800587218
        },
        "EW": {
            "cost_p": 80.31,
            "position_%": 5.594276854857489,
            "profit_%": -9.538040094633292
        },
        "HAL": {
            "cost_p": 26.94,
            "position_%": 5.093631020736351,
            "profit_%": -19.005196733481814
        },
        "ILPT": {
            "cost_p": 17.2,
            "position_%": 3.423219378606073,
            "profit_%": -68.02325581395348
        },
        "MPW": {
            "cost_p": 6.18,
            "position_%": 4.304897392979614,
            "profit_%": -14.886731391585762
        },
        "NKE": {
            "cost_p": 73.71,
            "position_%": 5.868034892954735,
            "profit_%": -9.320309320309308
        },
        "NVO": {
            "cost_p": 74.48,
            "position_%": 5.188167602412971,
            "profit_%": -24.691192266380234
        },
        "PVH": {
            "cost_p": 87.3,
            "position_%": 5.212448577075177,
            "profit_%": -6.391752577319585
        },
        "PYPL": {
            "cost_p": 68.03,
            "position_%": 2.7079257479833854,
            "profit_%": -2.910480670292524
        },
        "SBUX": {
            "cost_p": 79.91,
            "position_%": 3.1808076807489685,
            "profit_%": 5.543736703791775
        },
        "SEE": {
            "cost_p": 34.36,
            "position_%": 7.864249449200021,
            "profit_%": -0.6111757857974414
        },
        "SID": {
            "cost_p": 4.54,
            "position_%": 3.162497437561076,
            "profit_%": -66.51982378854625
        },
        "TGT": {
            "cost_p": 107.3,
            "position_%": 4.271063247958507,
            "profit_%": -16.05778191985089
        },
        "VALE": {
            "cost_p": 12.22,
            "position_%": 2.4320779538701287,
            "profit_%": -9.083469721767603
        },
        "VFC": {
            "cost_p": 18.8,
            "position": 700,
            "position_%": 1.3095804366993,
            "profit_%": -24.62765957446809
        },
        "ZIM": {
            "cost_p": 29.42,
            "position_%": 12.588889264823836,
            "profit_%": -54.72467709041469
        }
    },
    "stock_info": {
        "AAP": [
            "Advance Auto Parts Inc",
            "Auto Parts",
            "Consumer Cyclical"
        ],