{
    "KellyFormula_Range_v1": {
        "BGFV": {
            "close": 16.69,
            "loss": 6.69233036,
            "max_close": 17.1,
            "min_close": 5.290076,
            "p": 0.0333333351,
            "profit": 0.274999619,
            "q": 0.9611111
        },
        "BIO": {
            "close": 624.79,
            "loss": 66.81763,
            "max_close": 662.35,
            "min_close": 478.82,
            "p": 0.06666667,
            "profit": 16.8942261,
            "q": 0.9222222
        },
        "CNNE": {
            "close": 42.07,
            "loss": 3.15201187,
            "max_close": 45.6,
            "min_close": 34.48,
            "p": 0.166666672,
            "profit": 1.362999,
            "q": 0.8277778
        },
        "DHI": {
            "close": 93.05,
            "loss": 18.3214645,
            "max_close": 93.93,
            "min_close": 64.6072845,
            "p": 0.0222222228,
            "profit": 0.5,
            "q": 0.9722222
        },
        "ELP": {
            "close": 1.1,
            "loss": 0.0345519781,
            "max_close": 1.42010415,
            "min_close": 1.02269232,
            "p": 0.716666639,
            "profit": 0.11654532,
            "q": 0.2777778
        },
        "HTH": {
            "close": 33.56,
            "loss": 8.74651,
            "max_close": 39.37,
            "min_close": 17.91427,
            "p": 0.144444451,
            "profit": 2.107689,
            "q": 0.85
        },
        "LAKE": {
            "close": 28.3,
            "loss": 5.242893,
            "max_close": 44.43,
            "min_close": 18.3,
            "p": 0.25555557,
            "profit": 4.035,
            "q": 0.73888886
        },
        "MDC": {
            "close": 60.25,
            "loss": 13.9894791,
            "max_close": 61.67,
            "min_close": 38.41685,
            "p": 0.0444444455,
            "profit": 0.6649971,
            "q": 0.95
        },
        "PBFX": {
            "close": 14.58,
            "loss": 4.748708,
            "max_close": 14.86,
            "min_close": 6.8425045,
            "p": 0.027777778,
            "profit": 0.130001068,
            "q": 0.966666639
        },
        "PHM": {
            "close": 53.45,
            "loss": 8.237087,
            "max_close": 54.56,
            "min_close": 40.3891258,
            "p": 0.0444444455,
            "profit": 0.4300003,
            "q": 0.95
        },
        "SMP": {
            "close": 42.94,
            "loss": 1.24817276,
            "max_close": 53.85105,
            "min_close": 38.99902,
            "p": 0.655555546,
            "profit": 3.23640823,
            "q": 0.338888884
        },
        "STC": {
            "close": 57.0,
            "loss": 10.4236908,
            "max_close": 58.3,
            "min_close": 39.3002357,
            "p": 0.0111111114,
            "profit": 0.7649994,
            "q": 0.983333349
        },
        "TDS": {
            "close": 23.67,
            "loss": 3.91587067,
            "max_close": 23.88,
            "min_close": 16.3788166,
            "p": 0.0222222228,
            "profit": 0.08641052,
            "q": 0.966666639
        },
        "WFC": {
            "close": 42.24,
            "loss": 12.8744545,
            "max_close": 42.24,
            "min_close": 20.9815083,
            "p": 0.0,
            "profit": 0.0,
            "q": 0.99444443
        }
    },
    "hold_stock_list": [
        "SMP",
        "DHI",
        "TDS",
        "BGFV",
        "BIO",
        "WFC",
        "STC",
        "CNNE",
        "LAKE",
        "HTH",
        "MDC",
        "PBFX",
        "PHM",
        "ELP"
    ],
    "portfolio": {
        "BGFV": {
            "cost_p": 12.23,
            "position": 700,
            "position_%": 4.0763362893159805,
            "profit": 0,
            "profit_%": 36.467702371218316
        },
        "BIO": {
            "cost_p": 580.11,
            "position": 62,
            "position_%": 17.125669148148088,
            "profit": 0,
            "profit_%": 7.701987554084562
        },
        "CNNE": {
            "cost_p": 41.7,
            "position": 200,
            "position_%": 3.9711067226837136,
            "profit": 0,
            "profit_%": 0.8872901678657011
        },
        "DHI": {
            "cost_p": 72.88,
            "position": 100,
            "position_%": 3.4701949394387177,
            "profit": 0,
            "profit_%": 27.675631174533482
        },
        "ELP": {
            "cost_p": 1.05,
            "position": 18050,
            "position_%": 9.024268604515957,
            "profit": 0,
            "profit_%": 4.761904761904765
        },
        "HTH": {
            "cost_p": 29.44,
            "position": 200,
            "position_%": 2.8035823001392934,
            "profit": 0,
            "profit_%": 13.994565217391308
        },
        "LAKE": {
            "cost_p": 28.88,
            "position": 790,
            "position_%": 10.86350049153159,
            "profit": 0,
            "profit_%": -2.008310249307473
        },
        "MDC": {
            "cost_p": 59.95,
            "position": 170,
            "position_%": 4.852701938157202,
            "profit": 0,
            "profit_%": 0.5004170141784773
        },
        "PBFX": {
            "cost_p": 11.39,
            "position": 1000,
            "position_%": 5.4233699725860305,
            "profit": 0,
            "profit_%": 28.007023705004386
        },
        "PHM": {
            "cost_p": 49.31,
            "position": 185,
            "position_%": 4.343624150080788,
            "profit": 0,
            "profit_%": 8.395862908132226
        },
        "SMP": {
            "cost_p": 41.45,
            "position": 637,
            "position_%": 12.57214772402732,
            "profit": 0,
            "profit_%": 3.5946924004824963
        },
        "STC": {
            "cost_p": 53.5,
            "position": 530,
            "position_%": 13.501286705239412,
            "profit": 0,
            "profit_%": 6.5420560747663545
        },
        "TDS": {
            "cost_p": 20.77,
            "position": 500,
            "position_%": 4.944837327946087,
            "profit": 0,
            "profit_%": 13.962445835339443
        },
        "WFC": {
            "cost_p": 31.79,
            "position": 200,
            "position_%": 3.027373686189814,
            "profit": 0,
            "profit_%": 32.87197231833911
        }
    }
}