{"hold_stock_list":["SEE","GIS","EL","KSS","TGT","NKE","VFC","MPW","NVO","CVS","ILPT","AAP","PYPL","EPAM","PAGS","EW","DAC","ZIM","VALE","SID","HAL","ALB"],"watch_stock_list":["ABNB","ACLS","ACMR","ADBE","ADSK","AEO","ALB","ALGM","ALGN","AMAT","ANSS","APD","APTV","ARTNA","ASML","AZN","BAC","BBY","BF-B","BIO","BLD","BUD","CAMT","CE","CNMD","CRM","CSCO","CVS","DE","DELL","DEO","DG","DHI","DIS","EL","EPAM","EW","EXLS","EXR","F","FDX","FFIV","FSLR","FTNT","G","GIS","GLOB","GM","GOOG","GSK","HAL","HAS","HMC","HOV","HPE","HPQ","INTC","ISRG","K","KSS","LMAT","LNTH","LQDT","LRCX","M","MA","MCHP","MKC","MMM","MMS","MOH","MPW","MS","MSFT","MU","NDAQ","NFLX","NICE","NKE","NOW","NVO","NXPI","ORCL","OXM","PAGS","PAYC","PCTY","PEP","PFE","PHG","PODD","PVH","PYPL","QCOM","SAIC","SBUX","SEE","SMP","SONY","SQM","STM","TDC","TEAM","TECH","TEX","TGT","TITN","TM","TEN","TRI","TX","UAL","UPS","VALE","VEEV","VFC","VMI","WDAY","WFC","WNS","X","ZTS"],"portfolio":{"AAP":{"cost_p":91.35,"position_%":13.974132175687915,"profit_%":-51.767925561029},"ALB":{"cost_p":173.45,"position_%":7.58093119359784,"profit_%":-49.097722686653206},"CVS":{"cost_p":65.41,"position_%":5.717713570172784,"profit_%":-31.982877235896645},"DAC":{"cost_p":73.24,"position_%":4.801620645307919,"profit_%":7.74167121791371},"EL":{"cost_p":143.25,"position_%":6.2609881434585795,"profit_%":-47.909249563699824},"EPAM":{"cost_p":250,"position_%":2.731670219659066,"profit_%":-4.612},"EW":{"cost_p":87.5,"position_%":2.868253730642019,"profit_%":-13.542857142857137},"GIS":{"cost_p":65,"position_%":2.8409370284454285,"profit_%":-1.615384615384611},"HAL":{"cost_p":35,"position_%":2.6770368152658843,"profit_%":-23.45714285714286},"ILPT":{"cost_p":17.24,"position_%":3.7675195669537835,"profit_%":-79.11832946635731},"KSS":{"cost_p":22.03,"position_%":6.258584273665278,"profit_%":-34.8161597821153},"MPW":{"cost_p":6.18,"position_%":4.726882148098047,"profit_%":-39.644012944983814},"NKE":{"cost_p":75.5,"position_%":3.2998576253481513,"profit_%":1.2185430463576181},"NVO":{"cost_p":90,"position_%":2.950203837231791,"profit_%":-2.922222222222217},"PAGS":{"cost_p":7,"position_%":0.07648676615045384,"profit_%":-8.85714285714286},"PYPL":{"cost_p":68.34,"position_%":4.480376227476014,"profit_%":27.099795141937367},"SEE":{"cost_p":37.16,"position_%":5.6844964603017285,"profit_%":-7.804090419806241},"SID":{"cost_p":4.54,"position_%":3.472499183230604,"profit_%":-68.28193832599119},"TGT":{"cost_p":135.71,"position_%":1.482859862039727,"profit_%":-0.1547417286861749},"VALE":{"cost_p":12.22,"position_%":2.6704808067387025,"profit_%":-27.00490998363339},"VFC":{"cost_p":18.8,"position_%":1.4379512036285322,"profit_%":15.797872340425526},"ZIM":{"cost_p":40.74,"position_%":10.23851851689975,"profit_%":-46.24447717231223}},"KellyFormula_Range_v1":{"VFC":{"profit":0.41801643,"loss":5.294712,"p":0.03888889,"q":0.95555556,"max_close":22.59,"min_close":11.779905,"close":21.77},"ZIM":{"profit":2.1080456,"loss":4.0753574,"p":0.20555556,"q":0.7888889,"max_close":27.01,"min_close":8.707805,"close":21.9},"MPW":{"profit":0.8853588,"loss":0.10112524,"p":0.98888886,"q":0.0055555557,"max_close":6.2460093,"min_close":2.7921414,"close":3.73},"NVO":{"profit":38.031723,"loss":2.3700027,"p":0.98333335,"q":0.0055555557,"max_close":146.36218,"min_close":85.0,"close":87.37},"PAGS":{"profit":4.1393147,"loss":0.1133337,"p":0.9722222,"q":0.016666668,"max_close":14.6,"min_close":6.22,"close":6.38},"EW":{"profit":12.512772,"loss":7.3991623,"p":0.4,"q":0.59444445,"max_close":95.56,"min_close":59.7,"close":75.65},"EPAM":{"profit":7.8107147,"loss":41.18428,"p":0.23333333,"q":0.76111114,"max_close":314.63,"min_close":170.25,"close":238.47},"PYPL":{"profit":2.0136185,"loss":17.160355,"p":0.1,"q":0.89444447,"max_close":91.3,"min_close":56.13,"close":86.86},"SEE":{"profit":1.782238,"loss":1.4991989,"p":0.7277778,"q":0.26666668,"max_close":39.39198,"min_close":30.61089,"close":34.26},"ILPT":{"profit":0.67376614,"loss":0.11087084,"p":0.8333333,"q":0.14444445,"max_close":5.146735,"min_close":3.25,"close":3.6},"ALB":{"profit":15.798973,"loss":5.9700394,"p":0.8333333,"q":0.16111112,"max_close":147.14598,"min_close":72.23231,"close":88.29},"HAL":{"profit":5.2548637,"loss":0.75250053,"p":0.9722222,"q":0.022222223,"max_close":40.58066,"min_close":25.77,"close":26.79},"NKE":{"profit":8.816994,"loss":2.8752213,"p":0.75,"q":0.24444444,"max_close":106.9848,"min_close":70.41491,"close":76.42},"VALE":{"profit":1.7822466,"loss":0.1133337,"p":0.9777778,"q":0.016666668,"max_close":14.534005,"min_close":8.74,"close":8.92},"GIS":{"profit":4.5976753,"loss":1.1832466,"p":0.85555553,"q":0.1388889,"max_close":74.52436,"min_close":60.71325,"close":63.95},"TGT":{"profit":16.085892,"loss":4.271179,"p":0.8277778,"q":0.16666667,"max_close":175.23389,"min_close":121.59,"close":135.5},"KSS":{"profit":5.2531233,"loss":0.19161701,"p":0.9444444,"q":0.05,"max_close":27.064507,"min_close":13.86,"close":14.36},"CVS":{"profit":13.616016,"loss":0.37599945,"p":0.96666664,"q":0.027777778,"max_close":78.15087,"min_close":43.78,"close":44.49},"DAC":{"profit":5.771347,"loss":3.7317276,"p":0.8277778,"q":0.16666667,"max_close":95.34127,"min_close":68.38013,"close":78.91},"EL":{"profit":28.452065,"loss":7.7182617,"p":0.87222224,"q":0.12222222,"max_close":155.19865,"min_close":62.443096,"close":74.62},"SID":{"profit":0.77857304,"loss":0.0,"p":0.99444443,"q":0.0,"max_close":3.789785,"min_close":1.44,"close":1.44},"AAP":{"profit":19.086449,"loss":4.1131325,"p":0.5833333,"q":0.41111112,"max_close":85.25006,"min_close":35.69,"close":44.06}},"Factor_Intersectional_v1":[],"stock_info":{"VFC":["VF Corp.","Apparel Manufacturing","Consumer Cyclical"],"ZIM":["Zim Integrated Shipping Services Ltd","Marine Shipping","Industrials"],"MPW":["Medical Properties Trust Inc","REIT - Healthcare Facilities","Real Estate"],"NVO":["Novo Nordisk ADR","Biotechnology","Healthcare"],"PAGS":["PagSeguro Digital Ltd","Software - Infrastructure","Technology"],"EW":["Edwards Lifesciences Corp","Medical Devices","Healthcare"],"EPAM":["EPAM Systems Inc","Information Technology Services","Technology"],"PYPL":["PayPal Holdings Inc","Credit Services","Financial"],"SEE":["Sealed Air Corp.","Packaging & Containers","Consumer Cyclical"],"ILPT":["Industrial Logistics Properties Trust","REIT - Industrial","Real Estate"],"ALB":["Albemarle Corp.","Specialty Chemicals","Basic Materials"],"HAL":["Halliburton Co.","Oil & Gas Equipment & Services","Energy"],"NKE":["Nike, Inc.","Footwear & Accessories","Consumer Cyclical"],"VALE":["Vale S.A. ADR","Other Industrial Metals & Mining","Basic Materials"],"GIS":["General Mills, Inc.","Packaged Foods","Consumer Defensive"],"TGT":["Target Corp","Discount Stores","Consumer Defensive"],"KSS":["Kohl's Corp.","Department Stores","Consumer Cyclical"],"CVS":["CVS Health Corp","Healthcare Plans","Healthcare"],"DAC":["Danaos Corporation","Marine Shipping","Industrials"],"EL":["Estee Lauder Cos., Inc.","Household & Personal Products","Consumer Defensive"],"SID":["Companhia Siderurgica Nacional ADR","Steel","Basic Materials"],"AAP":["Advance Auto Parts Inc","Specialty Retail","Consumer Cyclical"]}}