{"hold_stock_list":["ARLP","BIO","DAC","GGB","THO","WGO","GOGL","CPLP","SID","EDRY","ET","SB","NMM","PKX","NC","INTC","ZIM","TX"],"portfolio":{"ARLP":{"cost_p":14.01,"position_%":8.098787588953128,"profit_%":24.910778015703073},"BIO":{"cost_p":596.71,"position_%":6.070966791063119,"profit_%":-5.33927703574601},"CPLP":{"cost_p":12.99,"position_%":2.402929354015729,"profit_%":29.56120092378751},"DAC":{"cost_p":76.97,"position_%":5.3393034751325255,"profit_%":14.88891776016631},"EDRY":{"cost_p":22.24,"position_%":1.5427583381440477,"profit_%":31.33992805755397},"ET":{"cost_p":9.35,"position_%":4.821235421084003,"profit_%":23.636363636363647},"GGB":{"cost_p":4.45,"position_%":2.057936032596227,"profit_%":41.79775280898875},"GOGL":{"cost_p":10.75,"position_%":3.47999295399699,"profit_%":15.720930232558135},"INTC":{"cost_p":47.41,"position_%":5.481277938504895,"profit_%":-0.8437038599451564},"NC":{"cost_p":29.95,"position_%":4.155180955702718,"profit_%":61.936560934891496},"NMM":{"cost_p":30.04,"position_%":3.7161700173333707,"profit_%":5.292942743009321},"PKX":{"cost_p":58.54,"position_%":5.224946975775133,"profit_%":0.7857874957294172},"SB":{"cost_p":4.05,"position_%":3.891059895788894,"profit_%":-0.49382716049381664},"SID":{"cost_p":4.82,"position_%":10.743998445772714,"profit_%":16.390041493775932},"THO":{"cost_p":89.53,"position_%":9.543581235082566,"profit_%":-9.795599240478047},"TX":{"cost_p":39.81,"position_%":8.54244160097804,"profit_%":24.44109520221049},"WGO":{"cost_p":56.56,"position_%":8.500894415996369,"profit_%":-1.379066478076381},"ZIM":{"cost_p":55.24,"position_%":6.386538564079526,"profit_%":1.2309920347574217}},"KellyFormula_Range_v1":{"CPLP":{"profit":1.19545555,"loss":2.41520786,"p":0.06111111,"q":0.933333337,"max_close":18.76,"min_close":11.22,"close":16.83},"ET":{"profit":0.0,"loss":2.01754475,"p":0.0,"q":0.99444443,"max_close":11.56,"min_close":8.15,"close":11.56},"INTC":{"profit":4.44603729,"loss":1.23332977,"p":0.927777767,"q":0.06666667,"max_close":56.0,"min_close":44.4,"close":47.01},"ZIM":{"profit":10.8759155,"loss":6.41937256,"p":0.4611111,"q":0.533333361,"max_close":88.62,"min_close":39.14,"close":55.92},"ARLP":{"profit":0.0,"loss":5.67178631,"p":0.0,"q":0.99444443,"max_close":17.5,"min_close":7.59,"close":17.5},"SID":{"profit":1.63769293,"loss":0.8976259,"p":0.216666669,"q":0.7722222,"max_close":9.49,"min_close":3.57,"close":5.61},"BIO":{"profit":144.328064,"loss":14.57666,"p":0.927777767,"q":0.06666667,"max_close":825.77,"min_close":524.57,"close":564.85},"WGO":{"profit":13.754425,"loss":1.814621,"p":0.9222222,"q":0.0722222254,"max_close":78.55,"min_close":52.44,"close":55.78},"GOGL":{"profit":0.262001038,"loss":2.304453,"p":0.027777778,"q":0.966666639,"max_close":12.9,"min_close":7.68,"close":12.44},"TX":{"profit":4.075939,"loss":6.703129,"p":0.177777782,"q":0.816666663,"max_close":56.19,"min_close":36.57,"close":49.54},"NC":{"profit":0.0,"loss":16.9258652,"p":0.0,"q":0.99444443,"max_close":48.5,"min_close":24.67,"close":48.5},"NMM":{"profit":1.67342186,"loss":4.09659958,"p":0.194444448,"q":0.8,"max_close":36.49,"min_close":21.69,"close":31.63},"PKX":{"profit":7.00939941,"loss":1.777874,"p":0.7277778,"q":0.2611111,"max_close":79.75,"min_close":54.58,"close":59.0},"THO":{"profit":23.4734268,"loss":1.12000275,"p":0.955555558,"q":0.03888889,"max_close":127.44,"min_close":78.69,"close":80.76},"GGB":{"profit":0.108749866,"loss":1.14964867,"p":0.0444444455,"q":0.95,"max_close":6.51,"min_close":4.26,"close":6.31},"SB":{"profit":0.506292343,"loss":0.4118886,"p":0.49444443,"q":0.5,"max_close":5.28,"min_close":3.23,"close":4.03},"EDRY":{"profit":2.00470734,"loss":6.34655571,"p":0.3,"q":0.6944444,"max_close":37.98,"min_close":17.0,"close":29.21},"DAC":{"profit":8.414597,"loss":13.24588,"p":0.2777778,"q":0.716666639,"max_close":106.64,"min_close":65.69,"close":88.43}}}