{
    "KellyFormula_Range_v1": {
        "ASML": {
            "close": 545.26,
            "loss": 50.79782,
            "max_close": 811.43,
            "min_close": 428.88,
            "p": 0.766666651,
            "profit": 107.2348,
            "q": 0.227777779
        },
        "BAC": {
            "close": 35.48,
            "loss": 2.624691,
            "max_close": 49.38,
            "min_close": 30.13,
            "p": 0.7222222,
            "profit": 6.71338654,
            "q": 0.272222221
        },
        "BIO": {
            "close": 510.2,
            "loss": 16.9802856,
            "max_close": 770.22,
            "min_close": 463.67,
            "p": 0.783333361,
            "profit": 88.78107,
            "q": 0.211111113
        },
        "C": {
            "close": 52.61,
            "loss": 3.04000473,
            "max_close": 67.84,
            "min_close": 44.14,
            "p": 0.5555556,
            "profit": 7.55719757,
            "q": 0.438888878
        },
        "CCS": {
            "close": 49.32,
            "loss": 3.41559982,
            "max_close": 84.95,
            "min_close": 40.36,
            "p": 0.85,
            "profit": 11.5666695,
            "q": 0.1388889
        },
        "DAC": {
            "close": 70.9,
            "loss": 4.7567215,
            "max_close": 106.64,
            "min_close": 57.38,
            "p": 0.7222222,
            "profit": 15.012619,
            "q": 0.272222221
        },
        "EDRY": {
            "close": 15.29,
            "loss": 0.0,
            "max_close": 42.75,
            "min_close": 15.29,
            "p": 0.99444443,
            "profit": 8.873601,
            "q": 0.0
        },
        "GGB": {
            "close": 4.6,
            "loss": 0.235356808,
            "max_close": 6.51,
            "min_close": 4.06,
            "p": 0.8388889,
            "profit": 0.8296027,
            "q": 0.155555561
        },
        "HIMX": {
            "close": 6.74,
            "loss": 0.179090977,
            "max_close": 15.99,
            "min_close": 6.35,
            "p": 0.933333337,
            "profit": 3.35875416,
            "q": 0.06111111
        },
        "ILPT": {
            "close": 8.8,
            "loss": 0.0,
            "max_close": 25.55,
            "min_close": 8.8,
            "p": 0.99444443,
            "profit": 9.5964,
            "q": 0.0
        },
        "INTC": {
            "close": 35.38,
            "loss": 0.435001373,
            "max_close": 55.91,
            "min_close": 34.52,
            "p": 0.9777778,
            "profit": 10.00779,
            "q": 0.0111111114
        },
        "NFLX": {
            "close": 241.16,
            "loss": 45.502243,
            "max_close": 628.08,
            "min_close": 166.37,
            "p": 0.5611111,
            "profit": 198.034027,
            "q": 0.433333337
        },
        "NKE": {
            "close": 113.16,
            "loss": 5.200012,
            "max_close": 171.29,
            "min_close": 101.18,
            "p": 0.733333349,
            "profit": 24.8423462,
            "q": 0.2611111
        },
        "NMM": {
            "close": 27.44,
            "loss": 3.26536942,
            "max_close": 36.49,
            "min_close": 20.36,
            "p": 0.622222245,
            "profit": 3.49580956,
            "q": 0.372222215
        },
        "SID": {
            "close": 3.03,
            "loss": 0.2803707,
            "max_close": 5.71,
            "min_close": 2.45,
            "p": 0.8388889,
            "profit": 1.46675324,
            "q": 0.15
        },
        "STC": {
            "close": 55.31,
            "loss": 3.68835449,
            "max_close": 80.18,
            "min_close": 45.91,
            "p": 0.622222245,
            "profit": 12.1607933,
            "q": 0.372222215
        },
        "THO": {
            "close": 90.32,
            "loss": 9.788704,
            "max_close": 109.92,
            "min_close": 69.02,
            "p": 0.35,
            "profit": 7.941429,
            "q": 0.644444466
        },
        "TX": {
            "close": 32.25,
            "loss": 1.21666718,
            "max_close": 49.66,
            "min_close": 30.76,
            "p": 0.9777778,
            "profit": 8.822941,
            "q": 0.0166666675
        },
        "VALE": {
            "close": 12.88,
            "loss": 0.23400116,
            "max_close": 21.23,
            "min_close": 12.43,
            "p": 0.9388889,
            "profit": 3.371419,
            "q": 0.055555556
        },
        "WGO": {
            "close": 66.07,
            "loss": 10.09684,
            "max_close": 77.45,
            "min_close": 44.28,
            "p": 0.23888889,
            "profit": 5.249542,
            "q": 0.75555557
        },
        "ZIM": {
            "close": 49.12,
            "loss": 2.83357239,
            "max_close": 88.62,
            "min_close": 42.05,
            "p": 0.8388889,
            "profit": 13.075489,
            "q": 0.155555561
        }
    },
    "hold_stock_list": [
        "BIO",
        "ILPT",
        "ASML",
        "NFLX",
        "NKE",
        "INTC",
        "HIMX",
        "STC",
        "VALE",
        "CCS",
        "BAC",
        "C",
        "THO",
        "WGO",
        "DAC",
        "EDRY",
        "NMM",
        "ZIM",
        "GGB",
        "SID",
        "TX"
    ],
    "portfolio": {
        "ASML": {
            "cost_p": 569.13,
            "position_%": 3.8882999699118423,
            "profit_%": -4.194120851123646
        },
        "BAC": {
            "cost_p": 35.99,
            "position_%": 5.901214102245626,
            "profit_%": -1.4170602945262714
        },
        "BIO": {
            "cost_p": 522.14,
            "position_%": 5.3508959630219,
            "profit_%": -2.286743019113647
        },
        "C": {
            "cost_p": 49.1,
            "position_%": 12.747158090175384,
            "profit_%": 7.148676171079425
        },
        "CCS": {
            "cost_p": 44.7,
            "position_%": 1.221562796936091,
            "profit_%": 10.33557046979865
        },
        "DAC": {
            "cost_p": 73.49,
            "position_%": 6.02501006354586,
            "profit_%": -3.5242890189141236
        },
        "EDRY": {
            "cost_p": 22.24,
            "position_%": 0.9116629732838475,
            "profit_%": -31.25
        },
        "GGB": {
            "cost_p": 4.57,
            "position_%": 2.747559812169006,
            "profit_%": 0.6564551422319334
        },
        "HIMX": {
            "cost_p": 7.32,
            "position_%": 5.2010700562164836,
            "profit_%": -7.923497267759563
        },
        "ILPT": {
            "cost_p": 17.42,
            "position_%": 4.760542264569732,
            "profit_%": -49.48335246842709
        },
        "INTC": {
            "cost_p": 43.58,
            "position_%": 6.550254738201603,
            "profit_%": -18.815970628728763
        },
        "NFLX": {
            "cost_p": 248.68,
            "position_%": 3.3979668494638378,
            "profit_%": -3.023966543348886
        },
        "NKE": {
            "cost_p": 115.53,
            "position_%": 3.1572069335576414,
            "profit_%": -2.0514152168268023
        },
        "NMM": {
            "cost_p": 30.04,
            "position_%": 2.195998247726923,
            "profit_%": -8.655126498002657
        },
        "SID": {
            "cost_p": 4.82,
            "position_%": 4.610238117295717,
            "profit_%": -37.13692946058092
        },
        "STC": {
            "cost_p": 52.86,
            "position_%": 8.667356972623056,
            "profit_%": 4.634884600832393
        },
        "THO": {
            "cost_p": 72.81,
            "position_%": 2.9846304444602945,
            "profit_%": 24.048894382639734
        },
        "TX": {
            "cost_p": 39.96,
            "position_%": 3.2760838500379994,