{
    "Factor_Intersectional_v1": [],
    "KellyFormula_Range_v1": {
        "AAP": {
            "close": 56.66,
            "loss": 6.77269,
            "max_close": 65.48837,
            "min_close": 30.28268,
            "p": 0.22777778,
            "profit": 2.7986984,
            "q": 0.76666665
        },
        "ADBE": {
            "close": 248.155,
            "loss": 7.4697266,
            "max_close": 420.68,
            "min_close": 225.35,
            "p": 0.87777776,
            "profit": 77.88727,
            "q": 0.11666667
        },
        "ADSK": {
            "close": 243.16,
            "loss": 10.724503,
            "max_close": 326.79,
            "min_close": 218.45,
            "p": 0.82222223,
            "profit": 49.443146,
            "q": 0.17222223
        },
        "CRM": {
            "close": 181.22,
            "loss": 7.463974,
            "max_close": 288.99332,
            "min_close": 164.96,
            "p": 0.95,
            "profit": 50.36241,
            "q": 0.044444446
        },
        "EL": {
            "close": 75.34,
            "loss": 4.398575,
            "max_close": 119.235886,
            "min_close": 53.536976,
            "p": 0.9166667,
            "profit": 21.793228,
            "q": 0.07777778
        },
        "EPAM": {
            "close": 126.81,
            "loss": 3.040001,
            "max_close": 221.4,
            "min_close": 122.47,
            "p": 0.9777778,
            "profit": 42.692383,
            "q": 0.016666668
        },
        "FLO": {
            "close": 8.57,
            "loss": 0.3164997,
            "max_close": 16.952099,
            "min_close": 8.06,
            "p": 0.8833333,
            "profit": 3.0163765,
            "q": 0.11111111
        },
        "GLOB": {
            "close": 49.33,
            "loss": 3.641426,
            "max_close": 140.36,
            "min_close": 41.56,
            "p": 0.8,
            "profit": 14.519653,
            "q": 0.19444445
        },
        "ILPT": {
            "close": 6.21,
            "loss": 0.5628004,
            "max_close": 6.6,
            "min_close": 2.5212135,
            "p": 0.06111111,
            "profit": 0.121377945,
            "q": 0.92777777
        },
        "MOH": {
            "close": 148.87,
            "loss": 7.7700043,
            "max_close": 332.0,
            "min_close": 122.65,
            "p": 0.67777777,
            "profit": 25.232895,
            "q": 0.31666666
        },
        "MPT": {
            "close": 5.2,
            "loss": 0.4980054,
            "max_close": 5.9101014,
            "min_close": 3.7768216,
            "p": 0.24444444,
            "profit": 0.21229506,
            "q": 0.75
        },
        "NICE": {
            "close": 105.04,
            "loss": 4.172737,
            "max_close": 178.32,
            "min_close": 95.31,
            "p": 0.93333334,
            "profit": 20.0606,
            "q": 0.06111111
        },
        "NKE": {
            "close": 45.7,
            "loss": 1.9160004,
            "max_close": 77.81375,
            "min_close": 42.62,
            "p": 0.9388889,
            "profit": 19.582394,
            "q": 0.055555556
        },
        "NOW": {
            "close": 96.44,
            "loss": 7.669998,
            "max_close": 208.938,
            "min_close": 83.0,
            "p": 0.96666664,
            "profit": 56.89586,
            "q": 0.027777778
        },
        "NVO": {
            "close": 40.93,
            "loss": 4.114403,
            "max_close": 77.311485,
            "min_close": 34.765,
            "p": 0.7888889,
            "profit": 10.201202,
            "q": 0.20555556
        },
        "PAYC": {
            "close": 125.53,
            "loss": 4.516342,
            "max_close": 263.9513,
            "min_close": 113.59,
            "p": 0.8111111,
            "profit": 55.23619,
            "q": 0.18333334
        },
        "PODD": {
            "close": 201.47,
            "loss": 3.4166718,
            "max_close": 352.82,
            "min_close": 196.93,
            "p": 0.9777778,
            "profit": 88.19635,
            "q": 0.016666668
        },
        "PVH": {
            "close": 89.47,
            "loss": 14.781471,
            "max_close": 91.09,
            "min_close": 60.87,
            "p": 0.011111111,
            "profit": 1.4449921,
            "q": 0.98333335
        },
        "PYPL": {
            "close": 49.81,
            "loss": 5.447712,
            "max_close": 77.80402,
            "min_close": 38.962036,
            "p": 0.71666664,
            "profit": 14.629391,
            "q": 0.2777778
        },
        "SID": {
            "close": 1.34,
            "loss": 0.09413779,
            "max_close": 2.12,
            "min_close": 1.11,
            "p": 0.8277778,
            "profit": 0.28093958,
            "q": 0.16111112
        },
        "ZIM": {
            "close": 26.95,
            "loss": 8.712725,
            "max_close": 28.3146,
            "min_close": 11.996057,
            "p": 0.083333336,
            "profit": 0.92541885,
            "q": 0.9111111
        }
    },
    "hold_stock_list": [
        "EL",
        "FLO",
        "NKE",
        "PVH",
        "MPT",
        "MOH",
        "NVO",
        "ILPT",
        "AAP",
        "PYPL",
        "EPAM",
        "PAYC",
        "PODD",
        "ADSK",
        "GLOB",
        "CRM",
        "NOW",
        "ADBE",
        "NICE",
        "ZIM",
        "SID"
    ],
    "portfolio": {
        "AAP": {
            "cost_p": 91.35,
            "position_%": 10.256455496013382,
            "profit_%": -37.974822112753145
        },
        "ADBE": {
            "cost_p": 281.04,
            "position_%": 4.507739858627886,
            "profit_%": -11.702960432678626
        },
        "ADSK": {
            "cost_p": 228.33,
            "position_%": 3.6622980427003453,
            "profit_%": 6.49498532825296
        },
        "CRM": {
            "cost_p": 234.16,
            "position_%": 3.7558083023637403,
            "profit_%": -22.60847283908439
        },
        "EL": {
            "cost_p": 143.03,
            "position_%": 4.588258126811461,
            "profit_%": -47.32573585960987
        },
        "EPAM": {
            "cost_p": 195.07,
            "position_%": 4.693236625867536,
            "profit_%": -34.99256677090275
        },
        "FLO": {
            "cost_p": 10.95,
            "position_%": 2.6344871611857035,
            "profit_%": -21.73515981735159
        },
        "GLOB": {
            "cost_p": 49.15,
            "position_%": 2.365023634196846,
            "profit_%": 0.36622583926754776
        },
        "ILPT": {
            "cost_p": 17.2,
            "position_%": 2.7587932525049683,
            "profit_%": -63.8953488372093
        },
        "MOH": {
            "cost_p": 199,
            "position_%": 3.1918596351656316,
            "profit_%": -25.190954773869343
        },
        "MPT": {
            "cost_p": 6.18,
            "position_%": 3.4693429099815383,
            "profit_%": -15.85760517799352
        },
        "NICE": {
            "cost_p": 119.55,
            "position_%": 2.876282558171241,
            "profit_%": -12.13718109577582
        },
        "NKE": {
            "cost_p": 64.33,
            "position_%": 9.80229717656758,
            "profit_%": -28.96004974351002
        },
        "NOW": {
            "cost_p": 102.91,
            "position_%": 2.4759367466449382,
            "profit_%": -6.287046934214362
        },
        "NVO": {
            "cost_p": 51.55,
            "position_%": 10.335450012109819,
            "profit_%": -20.60135790494665
        },
        "PAYC": {
            "cost_p": 133.03,
            "position_%": 2.1337341068647437,
            "profit_%": -5.6378260542734715
        },
        "PODD": {
            "cost_p": 247.35,
            "position_%": 1.983684625020651,