{
    "KellyFormula_Range_v1": {
        "BGFV": {
            "close": 15.32,
            "loss": 8.06366348,
            "max_close": 16.16,
            "min_close": 1.76140082,
            "p": 0.03888889,
            "profit": 0.378570557,
            "q": 0.955555558
        },
        "BIO": {
            "close": 637.01,
            "loss": 99.6712,
            "max_close": 662.35,
            "min_close": 432.34,
            "p": 0.0333333351,
            "profit": 14.0650024,
            "q": 0.9611111
        },
        "C": {
            "close": 65.78,
            "loss": 14.0664482,
            "max_close": 68.40837,
            "min_close": 40.2755241,
            "p": 0.0222222228,
            "profit": 0.8787613,
            "q": 0.9722222
        },
        "DHI": {
            "close": 79.21,
            "loss": 10.2169495,
            "max_close": 83.23916,
            "min_close": 50.67208,
            "p": 0.0333333351,
            "profit": 2.74407959,
            "q": 0.9611111
        },
        "HTH": {
            "close": 32.3,
            "loss": 9.708258,
            "max_close": 33.0944061,
            "min_close": 16.4422626,
            "p": 0.0222222228,
            "profit": 0.5578041,
            "q": 0.9722222
        },
        "LAKE": {
            "close": 35.3,
            "loss": 12.3505535,
            "max_close": 44.43,
            "min_close": 14.66,
            "p": 0.05,
            "profit": 3.93333435,
            "q": 0.9444444
        },
        "MDC": {
            "close": 57.57,
            "loss": 12.8823433,
            "max_close": 61.05,
            "min_close": 31.0048389,
            "p": 0.0333333351,
            "profit": 2.24007034,
            "q": 0.9611111
        },
        "PBFX": {
            "close": 12.24,
            "loss": 2.975133,
            "max_close": 12.6555805,
            "min_close": 7.000287,
            "p": 0.0111111114,
            "profit": 0.29335022,
            "q": 0.983333349
        },
        "PHM": {
            "close": 46.39,
            "loss": 4.632637,
            "max_close": 49.51,
            "min_close": 31.7402878,
            "p": 0.172222227,
            "profit": 1.50367355,
            "q": 0.822222233
        },
        "PSX": {
            "close": 82.31,
            "loss": 20.1626854,
            "max_close": 86.25698,
            "min_close": 43.12195,
            "p": 0.0166666675,
            "profit": 1.89942169,
            "q": 0.9777778
        },
        "REGI": {
            "close": 96.95,
            "loss": 46.9458656,
            "max_close": 113.68,
            "min_close": 22.31,
            "p": 0.07777778,
            "profit": 7.00428772,
            "q": 0.9166667
        },
        "SMP": {
            "close": 40.83,
            "loss": 1.22942352,
            "max_close": 53.85105,
            "min_close": 37.67527,
            "p": 0.766666651,
            "profit": 4.510586,
            "q": 0.227777779
        },
        "SNX": {
            "close": 88.41,
            "loss": 27.7992363,
            "max_close": 91.34,
            "min_close": 39.68084,
            "p": 0.06666667,
            "profit": 1.0406723,
            "q": 0.927777767
        },
        "T": {
            "close": 29.0,
            "loss": 0.8026123,
            "max_close": 31.50766,
            "min_close": 26.033514,
            "p": 0.188888893,
            "profit": 0.6584492,
            "q": 0.8055556
        },
        "TDS": {
            "close": 19.53,
            "loss": 0.998823166,
            "max_close": 23.91577,
            "min_close": 16.5031128,
            "p": 0.438888878,
            "profit": 1.43191147,
            "q": 0.5555556
        },
        "WFC": {
            "close": 37.83,
            "loss": 11.1099072,
            "max_close": 37.83,
            "min_close": 20.9815083,
            "p": 0.0,
            "profit": 0.0,
            "q": 0.99444443
        }
    },
    "hold_stock_list": [
        "SMP",
        "T",
        "DHI",
        "C",
        "REGI",
        "TDS",
        "BGFV",
        "BIO",
        "WFC",
        "PSX",
        "SNX",
        "LAKE",
        "HTH",
        "MDC",
        "PBFX",
        "PHM"
    ],
    "portfolio": {
        "BGFV": {
            "cost_p": 12.23,
            "position_%": 4.431654884811138,
            "profit_%": 25.265739983646768
        },
        "BIO": {
            "cost_p": 597.32,
            "position_%": 5.8749218339110385,
            "profit_%": 6.644679568740363
        },
        "C": {
            "cost_p": 62.71,
            "position_%": 5.096568767522663,
            "profit_%": 4.895550948811992
        },
        "DHI": {
            "cost_p": 72.88,
            "position_%": 3.772678518923441,
            "profit_%": 8.685510428100987
        },
        "HTH": {
            "cost_p": 29.44,
            "position_%": 6.857909579953038,
            "profit_%": 9.714673913043464
        },
        "LAKE": {
            "cost_p": 29.74,
            "position_%": 4.618528779615112,
            "profit_%": 18.69535978480161
        },
        "MDC": {
            "cost_p": 59.95,
            "position_%": 5.275693348738782,
            "profit_%": -3.9699749791492955
        },
        "PBFX": {
            "cost_p": 11.11,
            "position_%": 5.751160585241415,
            "profit_%": 10.171017101710177
        },
        "PHM": {
            "cost_p": 49.31,
            "position_%": 4.722241202950227,
            "profit_%": -5.9217197323058235
        },
        "PSX": {
            "cost_p": 70.43,
            "position_%": 9.1146318636038,
            "profit_%": 16.867812011926727
        },
        "REGI": {
            "cost_p": 80.92,
            "position_%": 4.18887411843146,
            "profit_%": 19.80968858131488
        },
        "SMP": {
            "cost_p": 41.45,
            "position_%": 13.668013608146667,
            "profit_%": -1.4957780458383703
        },
        "SNX": {
            "cost_p": 86.45,
            "position_%": 6.488950110364305,
            "profit_%": 2.267206477732786
        },
        "T": {
            "cost_p": 28.54,
            "position_%": 6.205041557441204,
            "profit_%": 1.611772950245273
        },
        "TDS": {
            "cost_p": 20.77,
            "position_%": 5.375859826978586,
            "profit_%": -5.970149253731336
        },
        "WFC": {
            "cost_p": 31.79,
            "position_%": 8.557271413367125,
            "profit_%": 18.999685435671594
        }
    }
}