{"hold_stock_list":["BIO","ILPT","ASML","NFLX","NKE","INTC","HIMX","STC","VALE","CCS","BAC","C","THO","WGO","DAC","EDRY","NMM","ZIM","GGB","SID","TX"],"portfolio":{"ASML":{"cost_p":569.13,"position_%":3.8882999699118423,"profit_%":-12.167694551332737},"BAC":{"cost_p":35.99,"position_%":5.901214102245626,"profit_%":-5.8071686579605535},"BIO":{"cost_p":522.14,"position_%":5.3508959630219,"profit_%":-6.479105220821999},"C":{"cost_p":49.1,"position_%":12.747158090175384,"profit_%":0.5498981670061018},"CCS":{"cost_p":44.7,"position_%":1.221562796936091,"profit_%":8.344519015659948},"DAC":{"cost_p":73.49,"position_%":6.02501006354586,"profit_%":-11.77030888556265},"EDRY":{"cost_p":22.24,"position_%":0.9116629732838475,"profit_%":-34.39748201438849},"GGB":{"cost_p":4.57,"position_%":2.747559812169006,"profit_%":4.157549234135656},"HIMX":{"cost_p":7.32,"position_%":5.2010700562164836,"profit_%":-14.754098360655737},"ILPT":{"cost_p":17.42,"position_%":4.760542264569732,"profit_%":-54.07577497129736},"INTC":{"cost_p":43.58,"position_%":6.550254738201603,"profit_%":-24.414869206057826},"NFLX":{"cost_p":248.68,"position_%":3.3979668494638378,"profit_%":-9.695190606401807},"NKE":{"cost_p":115.53,"position_%":3.1572069335576414,"profit_%":-6.621656712542201},"NMM":{"cost_p":30.04,"position_%":2.195998247726923,"profit_%":-9.587217043941408},"SID":{"cost_p":4.82,"position_%":4.610238117295717,"profit_%":-39.211618257261414},"STC":{"cost_p":52.86,"position_%":8.667356972623056,"profit_%":-1.1539916761256137},"THO":{"cost_p":72.81,"position_%":2.9846304444602945,"profit_%":13.391017717346518},"TX":{"cost_p":39.96,"position_%":3.2760838500379994,"profit_%":-18.093093093093103},"VALE":{"cost_p":13.29,"position_%":3.6318947586757604,"profit_%":-0.3009781790820102},"WGO":{"cost_p":48.65,"position_%":2.6590170054112225,"profit_%":21.562178828365884},"ZIM":{"cost_p":56.94,"position_%":10.11437599047017,"profit_%":-30.909729539866515}},"KellyFormula_Range_v1":{"C":{"profit":7.429451,"loss":2.35387421,"p":0.822222233,"q":0.172222227,"max_close":67.84,"min_close":44.14,"close":49.37},"ILPT":{"profit":9.901873,"loss":0.0,"p":0.99444443,"q":0.0,"max_close":25.55,"min_close":8.0,"close":8.0},"HIMX":{"profit":3.501567,"loss":0.0,"p":0.99444443,"q":0.0,"max_close":15.99,"min_close":6.24,"close":6.24},"VALE":{"profit":3.13530731,"loss":0.407647133,"p":0.9,"q":0.0944444463,"max_close":21.23,"min_close":12.43,"close":13.25},"GGB":{"profit":0.7442217,"loss":0.28976202,"p":0.75,"q":0.233333334,"max_close":6.51,"min_close":4.06,"close":4.76},"SID":{"profit":1.50202489,"loss":0.198400259,"p":0.85,"q":0.1388889,"max_close":5.71,"min_close":2.45,"close":2.93},"BAC":{"profit":7.38784027,"loss":1.44825363,"p":0.7722222,"q":0.222222224,"max_close":49.38,"min_close":30.13,"close":33.9},"NKE":{"profit":23.0497665,"loss":3.14473724,"p":0.8888889,"q":0.105555557,"max_close":169.06,"min_close":101.18,"close":107.88},"STC":{"profit":11.5875893,"loss":2.18487167,"p":0.7777778,"q":0.216666669,"max_close":80.18,"min_close":45.91,"close":52.25},"INTC":{"profit":11.72068,"loss":0.0,"p":0.99444443,"q":0.0,"max_close":55.91,"min_close":32.94,"close":32.94},"TX":{"profit":8.24086,"loss":1.06143,"p":0.955555558,"q":0.03888889,"max_close":49.66,"min_close":30.76,"close":32.73},"DAC":{"profit":17.6343384,"loss":3.77412033,"p":0.9,"q":0.0944444463,"max_close":106.64,"min_close":57.38,"close":64.84},"ASML":{"profit":127.509644,"loss":32.45276,"p":0.872222245,"q":0.122222222,"max_close":811.43,"min_close":428.88,"close":499.88},"THO":{"profit":9.632301,"loss":4.8737793,"p":0.5777778,"q":0.411111116,"max_close":106.42,"min_close":69.02,"close":82.56},"WGO":{"profit":7.20883942,"loss":6.37097931,"p":0.483333319,"q":0.51111114,"max_close":77.45,"min_close":44.28,"close":59.14},"EDRY":{"profit":9.446936,"loss":0.239999771,"p":0.98888886,"q":0.00555555569,"max_close":42.75,"min_close":14.35,"close":14.59},"NMM":{"profit":3.724081,"loss":3.01090622,"p":0.627777755,"q":0.366666675,"max_close":36.49,"min_close":20.36,"close":27.16},"CCS":{"profit":10.709137,"loss":3.69388962,"p":0.894444466,"q":0.1,"max_close":84.95,"min_close":40.36,"close":48.43},"BIO":{"profit":86.43469,"loss":11.4875183,"p":0.927777767,"q":0.06666667,"max_close":764.32,"min_close":463.67,"close":488.31},"NFLX":{"profit":176.448273,"loss":33.39514,"p":0.6111111,"q":0.383333325,"max_close":614.24,"min_close":166.37,"close":224.57},"ZIM":{"profit":20.1081047,"loss":0.0,"p":0.99444443,"q":0.0,"max_close":88.62,"min_close":39.34,"close":39.34}}}