{
    "Factor_Intersectional_v1": [],
    "KellyFormula_Range_v1": {
        "AAP": {
            "close": 59.83,
            "loss": 15.4663925,
            "max_close": 66.5,
            "min_close": 29.948305,
            "p": 0.15,
            "profit": 1.9263039,
            "q": 0.84444445
        },
        "ALB": {
            "close": 84.83,
            "loss": 15.177666,
            "max_close": 108.937805,
            "min_close": 50.15882,
            "p": 0.07777778,
            "profit": 4.6859818,
            "q": 0.9166667
        },
        "EL": {
            "close": 83.99,
            "loss": 16.500786,
            "max_close": 98.93426,
            "min_close": 49.614822,
            "p": 0.33333334,
            "profit": 4.960495,
            "q": 0.6611111
        },
        "EPAM": {
            "close": 149.99,
            "loss": 3.6130066,
            "max_close": 267.63,
            "min_close": 143.33,
            "p": 0.9388889,
            "profit": 35.46666,
            "q": 0.055555556
        },
        "EW": {
            "close": 75.27,
            "loss": 3.4480133,
            "max_close": 81.83,
            "min_close": 64.54,
            "p": 0.4888889,
            "profit": 2.645813,
            "q": 0.50555557
        },
        "GGB": {
            "close": 3.06,
            "loss": 0.23767567,
            "max_close": 3.4845805,
            "min_close": 2.2649443,
            "p": 0.12222222,
            "profit": 0.0546937,
            "q": 0.8611111
        },
        "HAL": {
            "close": 24.66,
            "loss": 3.1730614,
            "max_close": 31.096924,
            "min_close": 18.956635,
            "p": 0.25555557,
            "profit": 1.3960114,
            "q": 0.73888886
        },
        "ILPT": {
            "close": 6.03,
            "loss": 2.034022,
            "max_close": 6.45,
            "min_close": 2.4764423,
            "p": 0.10555556,
            "profit": 0.18736744,
            "q": 0.8888889
        },
        "MPW": {
            "close": 4.89,
            "loss": 0.56593275,
            "max_close": 5.9922843,
            "min_close": 3.5418787,
            "p": 0.31666666,
            "profit": 0.47250557,
            "q": 0.67777777
        },
        "NKE": {
            "close": 69.24,
            "loss": 9.443462,
            "max_close": 87.498474,
            "min_close": 52.644737,
            "p": 0.6166667,
            "profit": 4.9059525,
            "q": 0.37777779
        },
        "NVO": {
            "close": 56.04,
            "loss": 4.079239,
            "max_close": 122.32878,
            "min_close": 45.38,
            "p": 0.85,
            "profit": 15.932426,
            "q": 0.14444445
        },
        "PVH": {
            "close": 85.74,
            "loss": 12.087379,
            "max_close": 112.697044,
            "min_close": 60.44541,
            "p": 0.15555556,
            "profit": 6.495819,
            "q": 0.8388889
        },
        "PYPL": {
            "close": 66.74,
            "loss": 3.9256248,
            "max_close": 91.81,
            "min_close": 57.41,
            "p": 0.8611111,
            "profit": 6.737198,
            "q": 0.13333334
        },
        "SEE": {
            "close": 33.3,
            "loss": 2.990368,
            "max_close": 36.532112,
            "min_close": 23.64138,
            "p": 0.18888889,
            "profit": 0.62724304,
            "q": 0.8055556
        },
        "SID": {
            "close": 1.51,
            "loss": 0.09516466,
            "max_close": 2.35638,
            "min_close": 1.25,
            "p": 0.43888888,
            "profit": 0.10645521,
            "q": 0.50555557
        },
        "TGT": {
            "close": 87.14,
            "loss": 0.33158112,
            "max_close": 154.72142,
            "min_close": 86.56,
            "p": 0.9777778,
            "profit": 17.49926,
            "q": 0.016666668
        },
        "VALE": {
            "close": 10.89,
            "loss": 1.5546169,
            "max_close": 10.95,
            "min_close": 7.91076,
            "p": 0.011111111,
            "profit": 0.03999996,
            "q": 0.98333335
        },
        "VFC": {
            "close": 14.39,
            "loss": 2.2087479,
            "max_close": 26.460835,
            "min_close": 9.61555,
            "p": 0.4611111,
            "profit": 5.280284,
            "q": 0.53333336
        },
        "ZIM": {
            "close": 14.08,
            "loss": 0.8309908,
            "max_close": 18.54858,
            "min_close": 11.213416,
            "p": 0.73888886,
            "profit": 1.7541075,
            "q": 0.25555557
        }
    },
    "hold_stock_list": [
        "SEE",
        "EL",
        "TGT",
        "NKE",
        "PVH",
        "VFC",
        "MPW",
        "NVO",
        "ILPT",
        "AAP",
        "PYPL",
        "EPAM",
        "EW",
        "ZIM",
        "VALE",
        "GGB",
        "SID",
        "HAL",
        "ALB"
    ],
    "portfolio": {
        "AAP": {
            "cost_p": 91.35,
            "position_%": 12.838582606024465,
            "profit_%": -34.504652435686914
        },
        "ALB": {
            "cost_p": 173.45,
            "position_%": 6.964898437766655,
            "profit_%": -51.092533871432686
        },
        "EL": {
            "cost_p": 143.03,
            "position_%": 5.743380937179387,
            "profit_%": -41.27805355519821
        },
        "EPAM": {
            "cost_p": 248.63,
            "position_%": 2.495939317644744,
            "profit_%": -39.67341028838032
        },
        "EW": {
            "cost_p": 80.31,
            "position_%": 5.6434951783789,
            "profit_%": -6.275681733283534
        },
        "GGB": {
            "cost_p": 2.9,
            "position_%": 2.3289945770565925,
            "profit_%": 5.51724137931035
        },
        "HAL": {
            "cost_p": 26.94,
            "position_%": 5.138444673328394,
            "profit_%": -8.463251670378623
        },
        "ILPT": {
            "cost_p": 17.2,
            "position_%": 3.45333678667012,
            "profit_%": -64.94186046511628
        },
        "MPW": {
            "cost_p": 6.18,
            "position_%": 4.34277178463225,
            "profit_%": -20.873786407766993
        },
        "NKE": {
            "cost_p": 73.71,
            "position_%": 5.919661733615221,
            "profit_%": -6.064306064306063
        },
        "NVO": {
            "cost_p": 74.48,
            "position_%": 5.23381298575097,
            "profit_%": -24.75832438238454
        },
        "PVH": {
            "cost_p": 87.3,
            "position_%": 5.258307583888979,
            "profit_%": -1.7869415807560165
        },
        "PYPL": {
            "cost_p": 68.03,
            "position_%": 2.731750018571724,
            "profit_%": -1.896222254887559
        },
        "SEE": {
            "cost_p": 34.36,
            "position_%": 7.933438941190879,
            "profit_%": -3.0849825378346982
        },
        "SID": {
            "cost_p": 4.54,
            "position_%": 3.190321019778384,
            "profit_%": -66.74008810572688
        },
        "TGT": {
            "cost_p": 107.3,
            "position_%": 4.308639967554696,
            "profit_%": -18.78844361602982
        },
        "VALE": {
            "cost_p": 12.22,
            "position_%": 2.453475321692376,
            "profit_%": -10.88379705400982
        },
        "VFC": {
            "cost_p": 18.8,
            "position_%": 1.3211020962958948,
            "profit_%": -23.45744680851064
        },
        "ZIM": {
            "cost_p": 29.42,
            "position_%": 12.699646032979366,
            "profit_%": -52.1414004078858
        }
    },
    "stock_info": {
        "AAP": [
            "Advance Auto Parts Inc",
            "Auto Parts",
            "Consumer Cyclical"
        ],