{"hold_stock_list":["SMP","INTC","T","DHI","BAC","PFC","REGI","FHN","BGFV","BIO","PBCT","WFC","PSX"],"portfolio":{"BAC":{"cost_p":25.9,"position_%":3.6187377597273556,"profit_%":26.87258687258688},"BGFV":{"cost_p":12.23,"position_%":10.401213349345607,"profit_%":-0.6541291905151273},"BIO":{"cost_p":597.32,"position_%":6.894299871439742,"profit_%":5.323779548650631},"DHI":{"cost_p":72.88,"position_%":4.427289036913374,"profit_%":-5.749176728869371},"FHN":{"cost_p":10.96,"position_%":8.921643484045633,"profit_%":36.40510948905108},"INTC":{"cost_p":46.15,"position_%":7.289111025510918,"profit_%":13.087757313109424},"PBCT":{"cost_p":14.03,"position_%":6.136485035028009,"profit_%":0.9265858873841823},"PFC":{"cost_p":17.29,"position_%":4.201307763349738,"profit_%":45.57547715442454},"PSX":{"cost_p":70.43,"position_%":10.696143210407824,"profit_%":2.0303847792133927},"REGI":{"cost_p":77.53,"position_%":4.050398440826409,"profit_%":13.556042822133374},"SMP":{"cost_p":41.45,"position_%":16.03959799389377,"profit_%":2.8226779252110847},"T":{"cost_p":28.54,"position_%":7.281699811700497,"profit_%":4.800280308339177},"WFC":{"cost_p":31.79,"position_%":10.04207321781114,"profit_%":5.158854985844607}},"KellyFormula_Range_v1":{"T":{"profit":0.8936348,"loss":1.21603394,"p":0.0944444463,"q":0.9,"max_close":32.0722351,"min_close":26.5,"close":29.91},"FHN":{"profit":0.0,"loss":4.85654545,"p":0.0,"q":0.99444443,"max_close":14.95,"min_close":7.067348,"close":14.95},"BAC":{"profit":0.0,"loss":7.6482563,"p":0.0,"q":0.99444443,"max_close":32.86,"min_close":20.45887,"close":32.86},"PBCT":{"profit":0.0,"loss":2.79453182,"p":0.0,"q":0.99444443,"max_close":14.16,"min_close":9.716092,"close":14.16},"WFC":{"profit":0.0,"loss":7.76291275,"p":0.0,"q":0.99444443,"max_close":33.43,"min_close":21.0457516,"close":33.43},"BIO":{"profit":7.89001465,"loss":113.676086,"p":0.0111111114,"q":0.983333349,"max_close":643.45,"min_close":423.35,"close":629.12},"DHI":{"profit":4.20639038,"loss":12.1939735,"p":0.533333361,"q":0.4611111,"max_close":78.602684,"min_close":38.83614,"close":68.69},"PSX":{"profit":4.71176147,"loss":11.5285378,"p":0.155555561,"q":0.8388889,"max_close":87.2001343,"min_close":43.5934563,"close":71.86},"INTC":{"profit":6.138138,"loss":3.79438019,"p":0.422222227,"q":0.572222233,"max_close":63.44745,"min_close":43.79363,"close":52.19},"REGI":{"profit":0.0,"loss":45.25575,"p":0.0,"q":0.99444443,"max_close":88.04,"min_close":22.31,"close":88.04},"PFC":{"profit":0.07999992,"loss":7.0729084,"p":0.00555555569,"q":0.98888886,"max_close":25.25,"min_close":13.422781,"close":25.17},"BGFV":{"profit":0.0,"loss":6.521277,"p":0.0,"q":0.99444443,"max_close":12.15,"min_close":0.914760649,"close":12.15},"SMP":{"profit":4.084976,"loss":2.60216141,"p":0.5777778,"q":0.416666657,"max_close":54.17,"min_close":35.6404228,"close":42.62}}}