{"hold_stock_list":["SEE","GIS","EL","KSS","TGT","NKE","VFC","MPW","NVO","CVS","ILPT","AAP","PYPL","EPAM","PAGS","EW","DAC","ZIM","VALE","SID","HAL","ALB"],"watch_stock_list":["ABNB","ACLS","ACMR","ADBE","ADSK","AEO","ALB","ALGM","ALGN","AMAT","ANSS","APD","APTV","ARTNA","ASML","AZN","BAC","BBY","BF-B","BIO","BLD","BUD","CAMT","CE","CNMD","CRM","CSCO","CVS","DE","DELL","DEO","DG","DHI","DIS","EL","EPAM","EW","EXLS","EXR","F","FDX","FFIV","FSLR","FTNT","G","GIS","GLOB","GM","GOOG","GSK","HAL","HAS","HMC","HOV","HPE","HPQ","INTC","ISRG","K","KSS","LMAT","LNTH","LQDT","LRCX","M","MA","MCHP","MKC","MMM","MMS","MOH","MPW","MS","MSFT","MU","NDAQ","NFLX","NICE","NKE","NOW","NVO","NXPI","ORCL","OXM","PAGS","PAYC","PCTY","PEP","PFE","PHG","PODD","PVH","PYPL","QCOM","SAIC","SBUX","SEE","SMP","SONY","SQM","STM","TDC","TEAM","TECH","TEX","TGT","TITN","TM","TEN","TRI","TX","UAL","UPS","VALE","VEEV","VFC","VMI","WDAY","WFC","WNS","X","ZTS"],"portfolio":{"AAP":{"cost_p":91.35,"position_%":13.974132175687915,"profit_%":-51.570881226053636},"ALB":{"cost_p":173.45,"position_%":7.58093119359784,"profit_%":-48.60190256558085},"CVS":{"cost_p":65.41,"position_%":5.717713570172784,"profit_%":-31.325485399785958},"DAC":{"cost_p":73.24,"position_%":4.801620645307919,"profit_%":8.151283451665755},"EL":{"cost_p":143.25,"position_%":6.2609881434585795,"profit_%":-47.64397905759162},"EPAM":{"cost_p":250,"position_%":2.731670219659066,"profit_%":-3.527999999999997},"EW":{"cost_p":87.5,"position_%":2.868253730642019,"profit_%":-13.234285714285713},"GIS":{"cost_p":65,"position_%":2.8409370284454285,"profit_%":-1.9076923076923107},"HAL":{"cost_p":35,"position_%":2.6770368152658843,"profit_%":-23.428571428571427},"ILPT":{"cost_p":17.24,"position_%":3.7675195669537835,"profit_%":-79.11832946635731},"KSS":{"cost_p":22.03,"position_%":6.258584273665278,"profit_%":-32.591920108942354},"MPW":{"cost_p":6.18,"position_%":4.726882148098047,"profit_%":-39.15857605177994},"NKE":{"cost_p":75.5,"position_%":3.2998576253481513,"profit_%":1.9072847682119174},"NVO":{"cost_p":90,"position_%":2.950203837231791,"profit_%":-2.6111111111111045},"PAGS":{"cost_p":7,"position_%":0.07648676615045384,"profit_%":-7.571428571428575},"PYPL":{"cost_p":68.34,"position_%":4.480376227476014,"profit_%":28.972783143107982},"SEE":{"cost_p":37.16,"position_%":5.6844964603017285,"profit_%":-7.723358449946173},"SID":{"cost_p":4.54,"position_%":3.472499183230604,"profit_%":-67.62114537444934},"TGT":{"cost_p":135.71,"position_%":1.482859862039727,"profit_%":0.5010684547932933},"VALE":{"cost_p":12.22,"position_%":2.6704808067387025,"profit_%":-26.677577741407525},"VFC":{"cost_p":18.8,"position_%":1.4379512036285322,"profit_%":17.659574468085108},"ZIM":{"cost_p":40.74,"position_%":10.23851851689975,"profit_%":-46.68630338733432}},"KellyFormula_Range_v1":{"CVS":{"profit":13.316059,"loss":0.80599594,"p":0.96666664,"q":0.027777778,"max_close":78.150856,"min_close":43.78,"close":44.92},"ALB":{"profit":15.853249,"loss":5.729042,"p":0.8,"q":0.19444445,"max_close":147.14598,"min_close":72.23231,"close":89.15},"SEE":{"profit":1.7657127,"loss":1.525116,"p":0.7222222,"q":0.27222222,"max_close":39.39198,"min_close":30.61089,"close":34.29},"EL":{"profit":29.063705,"loss":7.15007,"p":0.85555553,"q":0.1388889,"max_close":155.19865,"min_close":62.443096,"close":75.0},"EW":{"profit":12.457909,"loss":7.669159,"p":0.4,"q":0.59444445,"max_close":95.56,"min_close":59.7,"close":75.92},"TGT":{"profit":15.631531,"loss":4.876114,"p":0.81666666,"q":0.17777778,"max_close":175.23389,"min_close":121.59,"close":136.39},"GIS":{"profit":4.681164,"loss":1.195488,"p":0.87777776,"q":0.11666667,"max_close":74.52436,"min_close":60.71325,"close":63.76},"HAL":{"profit":5.32193,"loss":0.76249886,"p":0.9722222,"q":0.022222223,"max_close":40.58066,"min_close":25.77,"close":26.8},"PAGS":{"profit":4.109943,"loss":0.1539998,"p":0.96666664,"q":0.027777778,"max_close":14.6,"min_close":6.22,"close":6.47},"MPW":{"profit":0.86507964,"loss":0.08565068,"p":0.9777778,"q":0.011111111,"max_close":6.2460093,"min_close":2.7921417,"close":3.76},"AAP":{"profit":19.18563,"loss":4.293133,"p":0.5833333,"q":0.41111112,"max_close":85.25006,"min_close":35.69,"close":44.24},"VALE":{"profit":1.7778587,"loss":0.100001335,"p":0.96666664,"q":0.027777778,"max_close":14.6437645,"min_close":8.74,"close":8.96},"SID":{"profit":0.759568,"loss":0.0,"p":0.98888886,"q":0.0,"max_close":3.799283,"min_close":1.47,"close":1.47},"NVO":{"profit":37.962357,"loss":1.465004,"p":0.98333335,"q":0.011111111,"max_close":146.36218,"min_close":85.0,"close":87.65},"VFC":{"profit":0.20152855,"loss":5.602394,"p":0.022222223,"q":0.9722222,"max_close":22.59,"min_close":11.779905,"close":22.12},"DAC":{"profit":5.7060165,"loss":3.6743546,"p":0.79444444,"q":0.19444445,"max_close":95.34127,"min_close":68.38013,"close":79.21},"ZIM":{"profit":2.2314644,"loss":4.0066338,"p":0.21111111,"q":0.78333336,"max_close":27.01,"min_close":8.707805,"close":21.72},"ILPT":{"profit":0.672019,"loss":0.11087084,"p":0.8388889,"q":0.14444445,"max_close":5.146735,"min_close":3.25,"close":3.6},"PYPL":{"profit":1.7322693,"loss":17.839813,"p":0.06111111,"q":0.93333334,"max_close":91.3,"min_close":56.13,"close":88.14},"NKE":{"profit":8.865906,"loss":3.0060806,"p":0.7111111,"q":0.2777778,"max_close":106.98481,"min_close":70.41491,"close":76.94},"KSS":{"profit":5.0818386,"loss":0.4219036,"p":0.89444447,"q":0.1,"max_close":27.064508,"min_close":13.86,"close":14.85},"EPAM":{"profit":6.4495087,"loss":42.688187,"p":0.21111111,"q":0.78333336,"max_close":314.63,"min_close":170.25,"close":241.18}},"Factor_Intersectional_v1":[],"stock_info":{"CVS":["CVS Health Corp","Healthcare Plans","Healthcare"],"ALB":["Albemarle Corp.","Specialty Chemicals","Basic Materials"],"SEE":["Sealed Air Corp.","Packaging & Containers","Consumer Cyclical"],"EL":["Estee Lauder Cos., Inc.","Household & Personal Products","Consumer Defensive"],"EW":["Edwards Lifesciences Corp","Medical Devices","Healthcare"],"TGT":["Target Corp","Discount Stores","Consumer Defensive"],"GIS":["General Mills, Inc.","Packaged Foods","Consumer Defensive"],"HAL":["Halliburton Co.","Oil & Gas Equipment & Services","Energy"],"PAGS":["PagSeguro Digital Ltd","Software - Infrastructure","Technology"],"MPW":["Medical Properties Trust Inc","REIT - Healthcare Facilities","Real Estate"],"AAP":["Advance Auto Parts Inc","Specialty Retail","Consumer Cyclical"],"VALE":["Vale S.A. ADR","Other Industrial Metals & Mining","Basic Materials"],"SID":["Companhia Siderurgica Nacional ADR","Steel","Basic Materials"],"NVO":["Novo Nordisk ADR","Biotechnology","Healthcare"],"VFC":["VF Corp.","Apparel Manufacturing","Consumer Cyclical"],"DAC":["Danaos Corporation","Marine Shipping","Industrials"],"ZIM":["Zim Integrated Shipping Services Ltd","Marine Shipping","Industrials"],"ILPT":["Industrial Logistics Properties Trust","REIT - Industrial","Real Estate"],"PYPL":["PayPal Holdings Inc","Credit Services","Financial"],"NKE":["Nike, Inc.","Footwear & Accessories","Consumer Cyclical"],"KSS":["Kohl's Corp.","Department Stores","Consumer Cyclical"],"EPAM":["EPAM Systems Inc","Information Technology Services","Technology"]}}