{
    "KellyFormula_Range_v1": {
        "ARLP": {
            "close": 7.8,
            "loss": 2.34976768,
            "max_close": 7.8,
            "min_close": 2.69394946,
            "p": 0.0,
            "profit": 0.0,
            "q": 0.99444443
        },
        "BIO": {
            "close": 675.17,
            "loss": 79.7713,
            "max_close": 675.17,
            "min_close": 516.56,
            "p": 0.0,
            "profit": 0.0,
            "q": 0.99444443
        },
        "CEIX": {
            "close": 18.83,
            "loss": 8.735138,
            "max_close": 18.83,
            "min_close": 3.76,
            "p": 0.0,
            "profit": 0.0,
            "q": 0.99444443
        },
        "CPLP": {
            "close": 12.02,
            "loss": 2.963996,
            "max_close": 13.45,
            "min_close": 6.99167,
            "p": 0.294444442,
            "profit": 0.5860882,
            "q": 0.7
        },
        "EDRY": {
            "close": 27.99,
            "loss": 18.3228073,
            "max_close": 32.89,
            "min_close": 3.7,
            "p": 0.0722222254,
            "profit": 2.01846123,
            "q": 0.9222222
        },
        "GOGL": {
            "close": 10.34,
            "loss": 4.26790237,
            "max_close": 11.29,
            "min_close": 3.11279774,
            "p": 0.116666667,
            "profit": 0.3817768,
            "q": 0.877777755
        },
        "GSL": {
            "close": 17.77,
            "loss": 5.058325,
            "max_close": 21.39,
            "min_close": 6.65200329,
            "p": 0.111111112,
            "profit": 2.01650238,
            "q": 0.8833333
        },
        "KGC": {
            "close": 6.3,
            "loss": 0.100705147,
            "max_close": 9.005795,
            "min_close": 6.13875675,
            "p": 0.9722222,
            "profit": 0.988921642,
            "q": 0.0222222228
        },
        "LDI": {
            "close": 12.82,
            "loss": 0.327660561,
            "max_close": 30.3490582,
            "min_close": 12.025135,
            "p": 0.5222222,
            "profit": 4.94306,
            "q": 0.0444444455
        },
        "TX": {
            "close": 42.11,
            "loss": 10.5817432,
            "max_close": 42.11,
            "min_close": 17.8606052,
            "p": 0.0,
            "profit": 0.0,
            "q": 0.99444443
        }
    },
    "hold_stock_list": [
        "CEIX",
        "BIO",
        "KGC",
        "GSL",
        "ARLP",
        "GOGL",
        "CPLP",
        "LDI",
        "EDRY",
        "TX"
    ],
    "portfolio": {
        "ARLP": {
            "cost_p": 7.06,
            "position_%": 8.532702143336419,
            "profit": 0,
            "profit_%": 10.481586402266291
        },
        "BIO": {
            "cost_p": 580.11,
            "position_%": 14.159422820819003,
            "profit": 0,
            "profit_%": 16.386547378945362
        },
        "CEIX": {
            "cost_p": 18.18,
            "position_%": 8.266456263002272,
            "profit": 0,
            "profit_%": 3.5753575357535676
        },
        "CPLP": {
            "cost_p": 12.99,
            "position_%": 5.6252955553669395,
            "profit": 0,
            "profit_%": -7.46728252501925
        },
        "EDRY": {
            "cost_p": 22.24,
            "position_%": 3.9399508655687825,
            "profit": 0,
            "profit_%": 25.85431654676259
        },
        "GOGL": {
            "cost_p": 10.75,
            "position_%": 5.924886143766004,
            "profit": 0,
            "profit_%": -3.8139534883720945
        },
        "GSL": {
            "cost_p": 15.76,
            "position_%": 12.40879808980096,
            "profit": 0,
            "profit_%": 12.753807106598982
        },
        "KGC": {
            "cost_p": 7.61,
            "position_%": 13.72124894867718,
            "profit": 0,
            "profit_%": -17.214191852825238
        },
        "LDI": {
            "cost_p": 13.57,
            "position_%": 13.248754041717184,
            "profit": 0,
            "profit_%": -5.52689756816507
        },
        "TX": {
            "cost_p": 40.0,
            "position_%": 14.172485127945261,
            "profit": 0,
            "profit_%": 5.274999999999999
        }
    }
}