{"hold_stock_list":["SEE","GIS","EL","KSS","TGT","NKE","VFC","MPW","NVO","CVS","ILPT","AAP","PYPL","EPAM","PAGS","EW","DAC","ZIM","VALE","SID","HAL","ALB"],"watch_stock_list":["ABNB","ACLS","ACMR","ADBE","ADSK","AEO","ALB","ALGM","ALGN","AMAT","ANSS","APD","APTV","ARTNA","ASML","AZN","BAC","BBY","BF-B","BIO","BLD","BUD","CAMT","CE","CNMD","CRM","CSCO","CVS","DE","DELL","DEO","DG","DHI","DIS","EL","EPAM","EW","EXLS","EXR","F","FDX","FFIV","FSLR","FTNT","G","GIS","GLOB","GM","GOOG","GSK","HAL","HAS","HMC","HOV","HPE","HPQ","INTC","ISRG","K","KSS","LMAT","LNTH","LQDT","LRCX","M","MA","MCHP","MKC","MMM","MMS","MOH","MPW","MS","MSFT","MU","NDAQ","NFLX","NICE","NKE","NOW","NVO","NXPI","ORCL","OXM","PAGS","PAYC","PCTY","PEP","PFE","PHG","PODD","PVH","PYPL","QCOM","SAIC","SBUX","SEE","SMP","SONY","SQM","STM","TDC","TEAM","TECH","TEX","TGT","TITN","TM","TEN","TRI","TX","UAL","UPS","VALE","VEEV","VFC","VMI","WDAY","WFC","WNS","X","ZTS"],"portfolio":{"AAP":{"cost_p":91.35,"position_%":13.974132175687915,"profit_%":-52.12917350848385},"ALB":{"cost_p":173.45,"position_%":7.58093119359784,"profit_%":-48.11761314499856},"CVS":{"cost_p":65.41,"position_%":5.717713570172784,"profit_%":-32.34979360953982},"DAC":{"cost_p":73.24,"position_%":4.801620645307919,"profit_%":9.01146914254507},"EL":{"cost_p":143.25,"position_%":6.2609881434585795,"profit_%":-47.588132635253054},"EPAM":{"cost_p":250,"position_%":2.731670219659066,"profit_%":-3.0120000000000005},"EW":{"cost_p":87.5,"position_%":2.868253730642019,"profit_%":-13.851428571428576},"GIS":{"cost_p":65,"position_%":2.8409370284454285,"profit_%":-1.9384615384615353},"HAL":{"cost_p":35,"position_%":2.6770368152658843,"profit_%":-23.314285714285717},"ILPT":{"cost_p":17.24,"position_%":3.7675195669537835,"profit_%":-80.04640371229699},"KSS":{"cost_p":22.03,"position_%":6.258584273665278,"profit_%":-34.679981842941444},"MPW":{"cost_p":6.18,"position_%":4.726882148098047,"profit_%":-38.996763754045304},"NKE":{"cost_p":75.5,"position_%":3.2998576253481513,"profit_%":1.708609271523187},"NVO":{"cost_p":90,"position_%":2.950203837231791,"profit_%":-2.922222222222217},"PAGS":{"cost_p":7,"position_%":0.07648676615045384,"profit_%":-8.85714285714286},"PYPL":{"cost_p":68.34,"position_%":4.480376227476014,"profit_%":29.133743049458584},"SEE":{"cost_p":37.16,"position_%":5.6844964603017285,"profit_%":-8.423035522066726},"SID":{"cost_p":4.54,"position_%":3.472499183230604,"profit_%":-66.96035242290749},"TGT":{"cost_p":135.71,"position_%":1.482859862039727,"profit_%":0},"VALE":{"cost_p":12.22,"position_%":2.6704808067387025,"profit_%":-26.841243862520464},"VFC":{"cost_p":18.8,"position_%":1.4379512036285322,"profit_%":16.382978723404246},"ZIM":{"cost_p":40.74,"position_%":10.23851851689975,"profit_%":-47.22631320569465}},"KellyFormula_Range_v1":{"SEE":{"profit":1.929882,"loss":1.532299,"p":0.76111114,"q":0.23333333,"max_close":39.39198,"min_close":30.61089,"close":34.03},"ILPT":{"profit":0.7455282,"loss":0.0669055,"p":0.95555556,"q":0.03888889,"max_close":5.146735,"min_close":3.25,"close":3.44},"TGT":{"profit":18.18399,"loss":3.1217651,"p":0.9,"q":0.094444446,"max_close":175.23389,"min_close":121.59,"close":132.4},"SID":{"profit":0.7362423,"loss":0.029999971,"p":0.98888886,"q":0.0055555557,"max_close":3.799283,"min_close":1.47,"close":1.5},"KSS":{"profit":5.3054667,"loss":0.2216177,"p":0.9444444,"q":0.05,"max_close":27.064508,"min_close":13.86,"close":14.39},"EPAM":{"profit":6.146942,"loss":43.369476,"p":0.2,"q":0.79444444,"max_close":314.63,"min_close":170.25,"close":242.47},"MPW":{"profit":0.8599653,"loss":0.058321476,"p":0.9722222,"q":0.022222223,"max_close":6.2460093,"min_close":2.7921414,"close":3.77},"NVO":{"profit":38.23591,"loss":2.3700027,"p":0.98888886,"q":0.0055555557,"max_close":146.36218,"min_close":85.0,"close":87.37},"PYPL":{"profit":1.7845001,"loss":17.975975,"p":0.055555556,"q":0.9388889,"max_close":91.3,"min_close":56.13,"close":88.25},"CVS":{"profit":13.967884,"loss":0.26333618,"p":0.9777778,"q":0.016666668,"max_close":78.15086,"min_close":43.78,"close":44.25},"VFC":{"profit":0.3832245,"loss":5.443466,"p":0.027777778,"q":0.96666664,"max_close":22.59,"min_close":11.779905,"close":21.88},"GIS":{"profit":4.6960106,"loss":1.2342644,"p":0.8833333,"q":0.11111111,"max_close":74.52436,"min_close":60.71325,"close":63.74},"VALE":{"profit":1.8028593,"loss":0.1333332,"p":0.9722222,"q":0.016666668,"max_close":14.643765,"min_close":8.74,"close":8.94},"ALB":{"profit":15.8300705,"loss":5.8069534,"p":0.7722222,"q":0.22222222,"max_close":150.06075,"min_close":72.23231,"close":89.99},"PAGS":{"profit":4.1895456,"loss":0.1133337,"p":0.9777778,"q":0.016666668,"max_close":14.6,"min_close":6.22,"close":6.38},"DAC":{"profit":5.353012,"loss":3.7540436,"p":0.75555557,"q":0.23888889,"max_close":95.34127,"min_close":68.38013,"close":79.84},"EW":{"profit":13.040817,"loss":7.196419,"p":0.40555555,"q":0.5888889,"max_close":95.56,"min_close":59.7,"close":75.38},"HAL":{"profit":5.3597145,"loss":0.8024998,"p":0.9722222,"q":0.022222223,"max_close":40.580658,"min_close":25.77,"close":26.84},"NKE":{"profit":8.828232,"loss":3.040886,"p":0.73333335,"q":0.2611111,"max_close":106.98481,"min_close":70.41491,"close":76.79},"EL":{"profit":29.420555,"loss":7.230072,"p":0.85555553,"q":0.1388889,"max_close":155.19865,"min_close":62.443096,"close":75.08},"ZIM":{"profit":2.2842731,"loss":3.957285,"p":0.22777778,"q":0.76666665,"max_close":27.01,"min_close":8.707805,"close":21.5},"AAP":{"profit":18.770359,"loss":4.1948013,"p":0.62222224,"q":0.37222221,"max_close":85.25006,"min_close":35.69,"close":43.73}},"Factor_Intersectional_v1":[],"stock_info":{"SEE":["Sealed Air Corp.","Packaging & Containers","Consumer Cyclical"],"ILPT":["Industrial Logistics Properties Trust","REIT - Industrial","Real Estate"],"TGT":["Target Corp","Discount Stores","Consumer Defensive"],"SID":["Companhia Siderurgica Nacional ADR","Steel","Basic Materials"],"KSS":["Kohl's Corp.","Department Stores","Consumer Cyclical"],"EPAM":["EPAM Systems Inc","Information Technology Services","Technology"],"MPW":["Medical Properties Trust Inc","REIT - Healthcare Facilities","Real Estate"],"NVO":["Novo Nordisk ADR","Biotechnology","Healthcare"],"PYPL":["PayPal Holdings Inc","Credit Services","Financial"],"CVS":["CVS Health Corp","Healthcare Plans","Healthcare"],"VFC":["VF Corp.","Apparel Manufacturing","Consumer Cyclical"],"GIS":["General Mills, Inc.","Packaged Foods","Consumer Defensive"],"VALE":["Vale S.A. ADR","Other Industrial Metals & Mining","Basic Materials"],"ALB":["Albemarle Corp.","Specialty Chemicals","Basic Materials"],"PAGS":["PagSeguro Digital Ltd","Software - Infrastructure","Technology"],"DAC":["Danaos Corporation","Marine Shipping","Industrials"],"EW":["Edwards Lifesciences Corp","Medical Devices","Healthcare"],"HAL":["Halliburton Co.","Oil & Gas Equipment & Services","Energy"],"NKE":["Nike, Inc.","Footwear & Accessories","Consumer Cyclical"],"EL":["Estee Lauder Cos., Inc.","Household & Personal Products","Consumer Defensive"],"ZIM":["Zim Integrated Shipping Services Ltd","Marine Shipping","Industrials"],"AAP":["Advance Auto Parts Inc","Specialty Retail","Consumer Cyclical"]}}