{"hold_stock_list":["SMP","T","DHI","C","REGI","TDS","BGFV","BIO","WFC","PSX","SNX","LAKE","HTH"],"portfolio":{"BGFV":{"cost_p":12.23,"position_%":9.612785307630746,"profit_%":3.6794766966475825},"BIO":{"cost_p":597.32,"position_%":6.371701289517928,"profit_%":-5.169758253532444},"C":{"cost_p":62.71,"position_%":5.527531209129732,"profit_%":-3.779301546802739},"DHI":{"cost_p":72.88,"position_%":4.0916936877708725,"profit_%":5.378704720087818},"HTH":{"cost_p":29.44,"position_%":7.437809821019281,"profit_%":5.570652173913033},"LAKE":{"cost_p":29.73,"position_%":7.010337870707982,"profit_%":-5.617221661621263},"PSX":{"cost_p":70.43,"position_%":9.88535902955895,"profit_%":1.4482464858724917},"REGI":{"cost_p":80.92,"position_%":6.3603155118027805,"profit_%":15.03954522985665},"SMP":{"cost_p":41.45,"position_%":14.823771684839654,"profit_%":-4.704463208685169},"SNX":{"cost_p":86.45,"position_%":7.037651385788944,"profit_%":-2.163100057836905},"T":{"cost_p":28.54,"position_%":6.729735715775506,"profit_%":0.9110021023125492},"TDS":{"cost_p":20.77,"position_%":5.830438933520926,"profit_%":-7.270101107366385},"WFC":{"cost_p":31.79,"position_%":9.280868552936708,"profit_%":-3.0827304183705584}},"KellyFormula_Range_v1":{"BIO":{"profit":24.9555054,"loss":62.4808044,"p":0.283333331,"q":0.7111111,"max_close":643.45,"min_close":432.34,"close":566.44},"LAKE":{"profit":1.72454453,"loss":6.628235,"p":0.06111111,"q":0.933333337,"max_close":31.25,"min_close":12.87,"close":28.06},"DHI":{"profit":0.9855728,"loss":10.2464294,"p":0.0722222254,"q":0.9222222,"max_close":78.97,"min_close":45.4488258,"close":76.8},"PSX":{"profit":4.213539,"loss":11.41143,"p":0.205555558,"q":0.7888889,"max_close":87.2001343,"min_close":43.5934563,"close":71.45},"C":{"profit":2.73826218,"loss":11.0269127,"p":0.127777785,"q":0.8666667,"max_close":69.01,"min_close":39.7013054,"close":60.34},"SNX":{"profit":3.29894257,"loss":28.52214,"p":0.0833333358,"q":0.9111111,"max_close":91.34,"min_close":35.98071,"close":84.58},"HTH":{"profit":1.43571281,"loss":9.8162,"p":0.03888889,"q":0.955555558,"max_close":33.22,"min_close":13.619916,"close":31.08},"T":{"profit":0.549612045,"loss":0.8664341,"p":0.3611111,"q":0.6333333,"max_close":31.50766,"min_close":26.033514,"close":28.8},"SMP":{"profit":5.25223541,"loss":1.12517166,"p":0.8888889,"q":0.105555557,"max_close":54.17,"min_close":35.6404228,"close":39.5},"REGI":{"profit":5.428009,"loss":46.60533,"p":0.027777778,"q":0.966666639,"max_close":100.53,"min_close":22.31,"close":93.09},"BGFV":{"profit":0.219999313,"loss":6.23664236,"p":0.00555555569,"q":0.98888886,"max_close":12.9,"min_close":1.13858509,"close":12.68},"TDS":{"profit":1.47519684,"loss":0.927862167,"p":0.4888889,"q":0.50555557,"max_close":23.91577,"min_close":16.5031128,"close":19.26},"WFC":{"profit":1.92385674,"loss":5.330845,"p":0.0944444463,"q":0.9,"max_close":34.75,"min_close":21.0457516,"close":30.81}}}