{
    "Factor_Intersectional_v1": [],
    "KellyFormula_Range_v1": {
        "AAP": {
            "close": 58.22,
            "loss": 8.608074,
            "max_close": 65.77928,
            "min_close": 29.623726,
            "p": 0.25,
            "profit": 2.2642593,
            "q": 0.74444443
        },
        "ADBE": {
            "close": 262.5,
            "loss": 5.3399963,
            "max_close": 464.11,
            "min_close": 257.16,
            "p": 0.98888886,
            "profit": 86.188385,
            "q": 0.0055555557
        },
        "EL": {
            "close": 106.42,
            "loss": 17.471184,
            "max_close": 119.61,
            "min_close": 49.429493,
            "p": 0.16666667,
            "profit": 6.476654,
            "q": 0.8277778
        },
        "EPAM": {
            "close": 163.12,
            "loss": 8.828705,
            "max_close": 267.63,
            "min_close": 142.2,
            "p": 0.6944444,
            "profit": 23.70256,
            "q": 0.3
        },
        "FLO": {
            "close": 11.35,
            "loss": 0.50917053,
            "max_close": 18.565104,
            "min_close": 10.08,
            "p": 0.67777777,
            "profit": 2.7512388,
            "q": 0.31666666
        },
        "HOG": {
            "close": 19.7,
            "loss": 0.1400013,
            "max_close": 30.603024,
            "min_close": 19.56,
            "p": 0.98888886,
            "profit": 4.797716,
            "q": 0.0055555557
        },
        "ILPT": {
            "close": 5.39,
            "loss": 0.6902294,
            "max_close": 6.339303,
            "min_close": 2.433941,
            "p": 0.6166667,
            "profit": 0.33823824,
            "q": 0.37222221
        },
        "MOH": {
            "close": 126.71,
            "loss": 2.6699982,
            "max_close": 353.24,
            "min_close": 122.65,
            "p": 0.98333335,
            "profit": 64.38955,
            "q": 0.011111111
        },
        "MPW": {
            "close": 5.56,
            "loss": 0.84668255,
            "max_close": 5.894407,
            "min_close": 3.8470519,
            "p": 0.022222223,
            "profit": 0.10541725,
            "q": 0.9722222
        },
        "NICE": {
            "close": 105.69,
            "loss": 1.9614258,
            "max_close": 178.5,
            "min_close": 99.6,
            "p": 0.95555556,
            "profit": 31.876556,
            "q": 0.03888889
        },
        "NKE": {
            "close": 61.1,
            "loss": 1.2191925,
            "max_close": 79.84435,
            "min_close": 52.310772,
            "p": 0.87777776,
            "profit": 7.441925,
            "q": 0.11666667
        },
        "NOW": {
            "close": 103.29,
            "loss": 1.9733276,
            "max_close": 208.938,
            "min_close": 100.58,
            "p": 0.9777778,
            "profit": 71.80979,
            "q": 0.016666668
        },
        "NVO": {
            "close": 48.93,
            "loss": 1.629425,
            "max_close": 88.51028,
            "min_close": 43.34,
            "p": 0.8055556,
            "profit": 10.576054,
            "q": 0.18888889
        },
        "PVH": {
            "close": 68.15,
            "loss": 3.6075516,
            "max_close": 89.47852,
            "min_close": 60.41741,
            "p": 0.76111114,
            "profit": 10.209778,
            "q": 0.23333333
        },
        "PYPL": {
            "close": 39.08,
            "loss": 0.0,
            "max_close": 78.438675,
            "min_close": 39.08,
            "p": 0.99444443,
            "profit": 26.742905,
            "q": 0.0
        },
        "SID": {
            "close": 1.7,
            "loss": 0.19863296,
            "max_close": 2.12,
            "min_close": 1.25,
            "p": 0.21666667,
            "profit": 0.1489743,
            "q": 0.7722222
        },
        "SM": {
            "close": 21.01,
            "loss": 2.0577946,
            "max_close": 37.577682,
            "min_close": 17.57,
            "p": 0.5888889,
            "profit": 4.402399,
            "q": 0.40555555
        },
        "TGT": {
            "close": 112.69,
            "loss": 17.742813,
            "max_close": "NaN",
            "min_close": "NaN",
            "p": 0.022222223,
            "profit": 1.3936234,
            "q": 0.9722222
        },
        "VALE": {
            "close": 17.04,
            "loss": 5.5440702,
            "max_close": 17.38,
            "min_close": 7.9883733,
            "p": 0.0055555557,
            "profit": 0.33999825,
            "q": 0.98888886
        },
        "ZIM": {
            "close": 21.18,
            "loss": 5.034279,
            "max_close": 23.27,
            "min_close": 11.213416,
            "p": 0.14444445,
            "profit": 0.97807693,
            "q": 0.85
        }
    },
    "hold_stock_list": [
        "EL",
        "FLO",
        "TGT",
        "NKE",
        "PVH",
        "MPW",
        "MOH",
        "NVO",
        "ILPT",
        "AAP",
        "HOG",
        "PYPL",
        "EPAM",
        "NOW",
        "ADBE",
        "NICE",
        "ZIM",
        "VALE",
        "SID",
        "SM"
    ],
    "portfolio": {
        "AAP": {
            "cost_p": 91.35,
            "position_%": 12.712989038538577,
            "profit_%": -36.267104542966614
        },
        "ADBE": {
            "cost_p": 299.55,
            "position_%": 2.977696353502409,
            "profit_%": -12.36855282924387
        },
        "EL": {
            "cost_p": 143.03,
            "position_%": 5.687196253599727,
            "profit_%": -25.59602880514577
        },
        "EPAM": {
            "cost_p": 248.63,
            "position_%": 2.4715227653857585,
            "profit_%": -34.3924707396533
        },
        "FLO": {
            "cost_p": 10.95,
            "position_%": 3.2654757206661373,
            "profit_%": 3.6529680365296837
        },
        "HOG": {
            "cost_p": 21.9,
            "position_%": 3.2654757206661373,
            "profit_%": -10.04566210045662
        },
        "ILPT": {
            "cost_p": 17.2,
            "position_%": 3.4195544837417082,
            "profit_%": -68.66279069767441
        },
        "MOH": {
            "cost_p": 199,
            "position_%": 3.9563450131662785,
            "profit_%": -36.32663316582915
        },
        "MPW": {
            "cost_p": 6.18,
            "position_%": 4.3002885746123924,
            "profit_%": -10.032362459546928
        },
        "NICE": {
            "cost_p": 119.55,
            "position_%": 3.5651837662615224,
            "profit_%": -11.593475533249686
        },
        "NKE": {
            "cost_p": 70.07,
            "position_%": 9.054960391817323,
            "profit_%": -12.80148423005565
        },
        "NOW": {
            "cost_p": 102.91,
            "position_%": 3.068950743504586,
            "profit_%": 0.3692546885628313
        },
        "NVO": {
            "cost_p": 64.24,
            "position_%": 8.30156494320458,
            "profit_%": -23.832503113325025
        },
        "PVH": {
            "cost_p": 87.3,
            "position_%": 5.206868135418334,
            "profit_%": -21.93585337915234
        },
        "PYPL": {
            "cost_p": 68.03,
            "position_%": 2.7050266456854466,
            "profit_%": -42.55475525503455
        },
        "SID": {
            "cost_p": 4.54,
            "position_%": 3.159111671317195,
            "profit_%": -62.55506607929515
        },
        "SM": {
            "cost_p": 18.16,
            "position_%": 3.6104133386482227,
            "profit_%": 15.69383259911895
        },
        "TGT": {
            "cost_p": 107.3,
            "position_%": 4.266490652389364,
            "profit_%": 5.023299161230196
        },
        "VALE": {
            "cost_p": 12.22,