{
    "KellyFormula_Range_v1": {
        "BAC": {
            "close": 33.64,
            "loss": 1.49062729,
            "max_close": 49.38,
            "min_close": 30.13,
            "p": 0.816666663,
            "profit": 8.526184,
            "q": 0.177777782
        },
        "BIO": {
            "close": 548.55,
            "loss": 37.7672424,
            "max_close": 779.99,
            "min_close": 463.67,
            "p": 0.5888889,
            "profit": 98.2225952,
            "q": 0.405555546
        },
        "C": {
            "close": 51.61,
            "loss": 2.93948364,
            "max_close": 68.74,
            "min_close": 44.14,
            "p": 0.6722222,
            "profit": 8.477356,
            "q": 0.322222233
        },
        "CCS": {
            "close": 48.5,
            "loss": 3.97352982,
            "max_close": 84.95,
            "min_close": 40.36,
            "p": 0.9,
            "profit": 13.3059311,
            "q": 0.0944444463
        },
        "DAC": {
            "close": 74.93,
            "loss": 6.47800446,
            "max_close": 106.64,
            "min_close": 57.38,
            "p": 0.55,
            "profit": 14.8853607,
            "q": 0.444444448
        },
        "EDRY": {
            "close": 16.48,
            "loss": 0.427776337,
            "max_close": 42.75,
            "min_close": 15.55,
            "p": 0.9444444,
            "profit": 8.376242,
            "q": 0.05
        },
        "GGB": {
            "close": 4.44,
            "loss": 0.148499966,
            "max_close": 6.51,
            "min_close": 4.06,
            "p": 0.872222245,
            "profit": 0.931973934,
            "q": 0.111111112
        },
        "HIMX": {
            "close": 7.16,
            "loss": 0.444117546,
            "max_close": 15.99,
            "min_close": 6.35,
            "p": 0.894444466,
            "profit": 3.292676,
            "q": 0.0944444463
        },
        "ILPT": {
            "close": 9.47,
            "loss": 0.0,
            "max_close": 25.55,
            "min_close": 9.47,
            "p": 0.99444443,
            "profit": 9.852267,
            "q": 0.0
        },
        "INTC": {
            "close": 36.52,
            "loss": 0.299999237,
            "max_close": 55.91,
            "min_close": 36.01,
            "p": 0.9777778,
            "profit": 9.795006,
            "q": 0.0166666675
        },
        "NMM": {
            "close": 29.72,
            "loss": 4.25239563,
            "max_close": 36.49,
            "min_close": 20.36,
            "p": 0.416666657,
            "profit": 2.29160118,
            "q": 0.5777778
        },
        "SID": {
            "close": 2.77,
            "loss": 0.129285574,
            "max_close": 5.71,
            "min_close": 2.45,
            "p": 0.9166667,
            "profit": 1.6488471,
            "q": 0.07777778
        },
        "STC": {
            "close": 52.22,
            "loss": 2.21158218,
            "max_close": 80.18,
            "min_close": 45.91,
            "p": 0.783333361,
            "profit": 14.3353119,
            "q": 0.211111113
        },
        "THO": {
            "close": 86.03,
            "loss": 6.91000366,
            "max_close": 114.76,
            "min_close": 69.02,
            "p": 0.4611111,
            "profit": 12.5409622,
            "q": 0.533333361
        },
        "TX": {
            "close": 34.02,
            "loss": 1.13000107,
            "max_close": 49.66,
            "min_close": 30.76,
            "p": 0.933333337,
            "profit": 7.72016525,
            "q": 0.06111111
        },
        "VALE": {
            "close": 12.8,
            "loss": 0.467999458,
            "max_close": 21.23,
            "min_close": 11.27,
            "p": 0.8833333,
            "profit": 3.62540913,
            "q": 0.111111112
        },
        "WGO": {
            "close": 62.82,
            "loss": 8.711998,
            "max_close": 77.45,
            "min_close": 44.28,
            "p": 0.383333325,
            "profit": 7.3807373,
            "q": 0.6111111
        },
        "X": {
            "close": 22.71,
            "loss": 2.611229,
            "max_close": 38.45,
            "min_close": 17.02,
            "p": 0.677777767,
            "profit": 5.40884972,
            "q": 0.316666663
        },
        "ZIM": {
            "close": 49.1,
            "loss": 2.98153687,
            "max_close": 88.62,
            "min_close": 42.05,
            "p": 0.85,
            "profit": 13.1733322,
            "q": 0.144444451
        }
    },
    "hold_stock_list": [
        "BIO",
        "ILPT",
        "INTC",
        "HIMX",
        "STC",
        "VALE",
        "CCS",
        "BAC",
        "C",
        "THO",
        "WGO",
        "DAC",
        "EDRY",
        "NMM",
        "ZIM",
        "X",
        "GGB",
        "SID",
        "TX"
    ],
    "portfolio": {
        "BAC": {
            "cost_p": 35.99,
            "position_%": 5.962175800996189,
            "profit_%": -6.529591553209229
        },
        "BIO": {
            "cost_p": 522.14,
            "position_%": 5.406172674236159,
            "profit_%": 5.058030413299109
        },
        "C": {
            "cost_p": 49.1,
            "position_%": 12.878840892723314,
            "profit_%": 5.1120162932790185
        },
        "CCS": {
            "cost_p": 44.7,
            "position_%": 1.2341819871470299,
            "profit_%": 8.501118568232656
        },
        "DAC": {
            "cost_p": 73.49,
            "position_%": 6.087250619827868,
            "profit_%": 1.9594502653422399
        },
        "EDRY": {
            "cost_p": 22.24,
            "position_%": 0.9210807850385886,
            "profit_%": -25.899280575539564
        },
        "GGB": {
            "cost_p": 4.57,
            "position_%": 2.775943109345915,
            "profit_%": -2.84463894967177
        },
        "HIMX": {
            "cost_p": 7.32,
            "position_%": 5.2547990110474885,
            "profit_%": -2.1857923497267775
        },
        "ILPT": {
            "cost_p": 17.42,
            "position_%": 4.809720406286636,
            "profit_%": -45.63719862227325
        },
        "INTC": {
            "cost_p": 43.58,
            "position_%": 6.617921263965807,
            "profit_%": -16.20009178522257
        },
        "NMM": {
            "cost_p": 30.04,
            "position_%": 2.218683712330512,
            "profit_%": -1.0652463382157134
        },
        "SID": {
            "cost_p": 4.82,
            "position_%": 4.657863562230514,
            "profit_%": -42.53112033195021
        },
        "STC": {
            "cost_p": 52.86,
            "position_%": 8.756893938334496,
            "profit_%": -1.2107453651154003
        },
        "THO": {
            "cost_p": 80.73,
            "position_%": 8.481277907922928,
            "profit_%": 6.565093521615258
        },
        "TX": {
            "cost_p": 39.96,
            "position_%": 3.3099269937178066,
            "profit_%": -14.86486486486486
        },
        "VALE": {
            "cost_p": 13.29,
            "position_%": 3.6694135591015717,
            "profit_%": -3.686982693754691
        },
        "WGO": {
            "cost_p": 48.65,
            "position_%": 2.6864856230292173,
            "profit_%": 29.12641315519014
        },
        "X": {
            "cost_p": 19.57,
            "position_%": 4.052506961152244,
            "profit_%": 16.044966785896783
        },
        "ZIM": {
            "cost_p": 56.94,
            "position_%": 10.218861191565711,
            "profit_%": -13.768879522304173
        }
    }
}