{
    "KellyFormula_Range_v1": {
        "ARLP": {
            "close": 18.92,
            "loss": 5.81845951,
            "max_close": 19.61,
            "min_close": 9.11,
            "p": 0.0222222228,
            "profit": 0.3125,
            "q": 0.9722222
        },
        "BAC": {
            "close": 33.86,
            "loss": 0.0,
            "max_close": 49.38,
            "min_close": 33.86,
            "p": 0.99444443,
            "profit": 9.55417252,
            "q": 0.0
        },
        "BIO": {
            "close": 522.2,
            "loss": 22.74121,
            "max_close": 820.1,
            "min_close": 475.22,
            "p": 0.9,
            "profit": 155.624817,
            "q": 0.0944444463
        },
        "BK": {
            "close": 43.77,
            "loss": 0.7420006,
            "max_close": 63.66,
            "min_close": 42.06,
            "p": 0.9111111,
            "profit": 11.6109772,
            "q": 0.0833333358
        },
        "C": {
            "close": 49.75,
            "loss": 1.537777,
            "max_close": 72.53,
            "min_close": 46.56,
            "p": 0.9444444,
            "profit": 13.1707649,
            "q": 0.05
        },
        "CPLP": {
            "close": 15.11,
            "loss": 1.34294319,
            "max_close": 18.76,
            "min_close": 12.35,
            "p": 0.6166667,
            "profit": 0.9407625,
            "q": 0.377777785
        },
        "DAC": {
            "close": 81.63,
            "loss": 7.90648651,
            "max_close": 106.64,
            "min_close": 65.69,
            "p": 0.455555558,
            "profit": 10.6895065,
            "q": 0.5388889
        },
        "EDRY": {
            "close": 32.69,
            "loss": 7.877865,
            "max_close": 42.75,
            "min_close": 17.0,
            "p": 0.177777782,
            "profit": 3.027195,
            "q": 0.816666663
        },
        "ET": {
            "close": 11.11,
            "loss": 1.56679916,
            "max_close": 12.08,
            "min_close": 8.15,
            "p": 0.1388889,
            "profit": 0.3920002,
            "q": 0.85
        },
        "GOGL": {
            "close": 15.56,
            "loss": 4.94483,
            "max_close": 16.02,
            "min_close": 7.68,
            "p": 0.00555555569,
            "profit": 0.460000038,
            "q": 0.98888886
        },
        "HIMX": {
            "close": 9.38,
            "loss": 0.498096466,
            "max_close": 15.99,
            "min_close": 7.97,
            "p": 0.877777755,
            "profit": 1.667345,
            "q": 0.116666667
        },
        "ILPT": {
            "close": 13.97,
            "loss": 0.0,
            "max_close": 28.4,
            "min_close": 13.97,
            "p": 0.99444443,
            "profit": 9.187545,
            "q": 0.0
        },
        "INTC": {
            "close": 41.65,
            "loss": 0.0,
            "max_close": 56.0,
            "min_close": 41.65,
            "p": 0.99444443,
            "profit": 8.191685,
            "q": 0.0
        },
        "NMM": null,
        "PKX": {
            "close": 56.97,
            "loss": 1.51773071,
            "max_close": 79.19,
            "min_close": 52.4,
            "p": 0.822222233,
            "profit": 5.63230133,
            "q": 0.172222227
        },
        "SB": {
            "close": 4.33,
            "loss": 0.4770801,
            "max_close": 5.28,
            "min_close": 3.24,
            "p": 0.3611111,
            "profit": 0.360615253,
            "q": 0.627777755
        },
        "SID": {
            "close": 4.05,
            "loss": 0.247930527,
            "max_close": 6.66,
            "min_close": 3.3,
            "p": 0.8333333,
            "profit": 0.8873987,
            "q": 0.161111116
        },
        "STC": {
            "close": 55.85,
            "loss": 2.92684174,
            "max_close": 80.18,
            "min_close": 50.44,
            "p": 0.8888889,
            "profit": 13.1595,
            "q": 0.105555557
        },
        "THO": {
            "close": 69.42,
            "loss": 0.0,
            "max_close": 127.44,
            "min_close": 69.42,
            "p": 0.99444443,
            "profit": 28.4060135,
            "q": 0.0
        },
        "TX": {
            "close": 41.2,
            "loss": 1.83268356,
            "max_close": 54.23,
            "min_close": 36.57,
            "p": 0.683333337,
            "profit": 3.855606,
            "q": 0.311111122
        },
        "WGO": {
            "close": 45.31,
            "loss": 0.0,
            "max_close": 78.55,
            "min_close": 45.31,
            "p": 0.99444443,
            "profit": 20.5538216,
            "q": 0.0
        },
        "ZIM": {
            "close": 64.7,
            "loss": 10.1451607,
            "max_close": 88.62,
            "min_close": 43.31,
            "p": 0.283333331,
            "profit": 7.548439,
            "q": 0.7111111
        }
    },
    "hold_stock_list": [
        "BIO",
        "HIMX",
        "ILPT",
        "STC",
        "ET",
        "INTC",
        "ARLP",
        "BAC",
        "BK",
        "C",
        "THO",
        "WGO",
        "DAC",
        "GOGL",
        "CPLP",
        "EDRY",
        "SB",
        "NMM",
        "ZIM",
        "SID",
        "PKX",
        "TX"
    ],
    "portfolio": {
        "ARLP": {
            "cost_p": 14.01,
            "position_%": 2.194139120823959,
            "profit_%": 35.04639543183442
        },
        "BAC": {
            "cost_p": 37.29,
            "position_%": 7.008089748653141,
            "profit_%": -9.198176454813623
        },
        "BIO": {
            "cost_p": 596.71,
            "position_%": 4.111895018602573,
            "profit_%": -12.48680263444554
        },
        "BK": {
            "cost_p": 44.42,
            "position_%": 7.652392985132068,
            "profit_%": -1.463304817649704
        },
        "C": {
            "cost_p": 50,
            "position_%": 7.830617847337469,
            "profit_%": -0.5
        },
        "CPLP": {
            "cost_p": 12.99,
            "position_%": 1.6275156133906197,
            "profit_%": 16.320246343341026
        },
        "DAC": {
            "cost_p": 76.97,
            "position_%": 3.6163359342573904,
            "profit_%": 6.054306872807583
        },
        "EDRY": {
            "cost_p": 22.24,
            "position_%": 1.0449176455487117,
            "profit_%": 46.98741007194245
        },
        "ET": {
            "cost_p": 9.35,
            "position_%": 3.2654459485181984,
            "profit_%": 18.823529411764707
        },
        "GOGL": {
            "cost_p": 10.75,
            "position_%": 2.357015972048578,
            "profit_%": 44.74418604651163
        },
        "HIMX": {
            "cost_p": 9.18,
            "position_%": 6.182116178115986,
            "profit_%": 2.1786492374727784
        },
        "ILPT": {
            "cost_p": 20,
            "position_%": 3.1322471389349875,
            "profit_%": -30.15
        },
        "INTC": {
            "cost_p": 45.14,
            "position_%": 10.6042226888644,
            "profit_%": -7.73150199379708
        },
        "NMM": {
            "cost_p": 30.04,
            "position_%": 2.516979833433988,
            "profit_%": -3.8615179760319576
        },
        "PKX": {
            "cost_p": 58.54,
            "position_%": 1.8336174751325418,
            "profit_%": -2.681926887598224
        },
        "SB": {
            "cost_p": 4.05,
            "position_%": 2.6354335896106624,
            "profit_%": 6.913580246913586
        },
        "SID": {
            "cost_p": 4.82,
            "position_%": 5.284100923383325,
            "profit_%": -15.975103734439845
        },
        "STC": {
            "cost_p": 54.28,
            "position_%": 6.800734988055646,