{"hold_stock_list":["SEE","EL","KSS","TGT","NKE","PVH","VFC","SBUX","MPW","NVO","PFE","ILPT","AAP","PYPL","QCOM","EPAM","EW","ZIM","VALE","GGB","SID","HAL","ALB"],"watch_stock_list":["ABNB","ACLS","ACMR","ADBE","ADSK","AEO","ALB","ALGM","ALGN","AMAT","ANSS","APD","APTV","ARTNA","ASML","AZN","BAC","BBY","BF-B","BIO","BLD","BUD","CAMT","CE","CNMD","CRM","CSCO","CVS","DE","DELL","DEO","DG","DHI","DIS","EL","EPAM","EW","EXLS","EXR","F","FDX","FFIV","FSLR","FTNT","G","GIS","GLOB","GM","GOOG","GSK","HAL","HAS","HMC","HOV","HPE","HPQ","INTC","ISRG","K","KSS","LMAT","LNTH","LQDT","LRCX","M","MA","MCHP","MKC","MMM","MMS","MOH","MPW","MS","MSFT","MU","NDAQ","NFLX","NICE","NKE","NOW","NVO","NXPI","ORCL","OXM","PAGS","PAYC","PCTY","PEP","PFE","PHG","PODD","PVH","PYPL","QCOM","SAIC","SBUX","SEE","SMP","SONY","SQM","STM","TDC","TEAM","TECH","TEX","TGT","TITN","TM","TEN","TRI","TX","UAL","UPS","VALE","VEEV","VFC","VMI","WDAY","WFC","WNS","X","ZTS"],"portfolio":{"AAP":{"cost_p":91.35,"position_%":11.925798759955649,"profit_%":-47.53147235905856},"ALB":{"cost_p":173.45,"position_%":6.4697155208829695,"profit_%":-67.8524070337273},"EL":{"cost_p":143.03,"position_%":5.335044168070863,"profit_%":-53.19862965811368},"EPAM":{"cost_p":248.63,"position_%":2.3184856874562305,"profit_%":-29.819410368821135},"EW":{"cost_p":87.4,"position_%":2.4450265344126763,"profit_%":-10.503432494279183},"GGB":{"cost_p":2.9,"position_%":2.1634102058876463,"profit_%":-9.310344827586208},"HAL":{"cost_p":34.9,"position_%":2.278108246975655,"profit_%":-43.86819484240688},"ILPT":{"cost_p":17.2,"position_%":3.2078151328678897,"profit_%":-80.87209302325581},"KSS":{"cost_p":11.63,"position_%":10.411225114954481,"profit_%":-30.094582975064487},"MPW":{"cost_p":6.18,"position_%":4.034014030461189,"profit_%":-26.05177993527507},"NKE":{"cost_p":73.71,"position_%":5.498791940550979,"profit_%":-17.79948446615112},"NVO":{"cost_p":89.89,"position_%":2.514684613024662,"profit_%":-20.458337968628324},"PFE":{"cost_p":24,"position_%":2.2380105578148064,"profit_%":-2.125000000000006},"PVH":{"cost_p":87.3,"position_%":4.884458042430815,"profit_%":-4.0435280641466225},"PYPL":{"cost_p":68.03,"position_%":2.537530970802355,"profit_%":3.3073643980596796},"QCOM":{"cost_p":144.74,"position_%":2.6994137344842923,"profit_%":0.31781124775458025},"SBUX":{"cost_p":87.91,"position_%":2.4592938517187455,"profit_%":-4.504606984415873},"SEE":{"cost_p":34.36,"position_%":7.369395765124522,"profit_%":-6.286379511059362},"SID":{"cost_p":4.54,"position_%":2.9634989803064395,"profit_%":-68.06167400881057},"TGT":{"cost_p":107.3,"position_%":4.002308880892145,"profit_%":-12.385834109972034},"VALE":{"cost_p":12.22,"position_%":2.279040751374745,"profit_%":-25.286415711947622},"VFC":{"cost_p":18.8,"position_%":1.2271757892017854,"profit_%":-33.723404255319146},"ZIM":{"cost_p":40.74,"position_%":8.737752720348459,"profit_%":-57.16740304369171}},"KellyFormula_Range_v1":{"KSS":{"profit":6.2288694,"loss":0.98454523,"p":0.7888889,"q":0.20555556,"max_close":22.761082,"min_close":6.13,"close":8.13},"AAP":{"profit":1.0164032,"loss":8.994186,"p":0.083333336,"q":0.9111111,"max_close":68.959816,"min_close":30.074455,"close":47.93},"SID":{"profit":0.3235985,"loss":0.0661906,"p":0.8611111,"q":0.11666667,"max_close":2.37546,"min_close":1.3,"close":1.45},"VFC":{"profit":7.638612,"loss":1.0712509,"p":0.8611111,"q":0.13333334,"max_close":26.803305,"min_close":9.74,"close":12.46},"HAL":{"profit":6.6450386,"loss":0.23666573,"p":0.9777778,"q":0.016666668,"max_close":35.859035,"min_close":19.26,"close":19.59},"EL":{"profit":12.030006,"loss":5.5131187,"p":0.65,"q":0.34444445,"max_close":122.14254,"min_close":50.06,"close":66.94},"PVH":{"profit":15.597778,"loss":11.388565,"p":0.5888889,"q":0.40555555,"max_close":123.590614,"min_close":60.5,"close":83.77},"SEE":{"profit":2.3899841,"loss":3.4467793,"p":0.6944444,"q":0.3,"max_close":39.125458,"min_close":23.93,"close":32.2},"PYPL":{"profit":11.130463,"loss":4.367813,"p":0.7277778,"q":0.26666668,"max_close":91.81,"min_close":57.22,"close":70.28},"ZIM":{"profit":0.6794052,"loss":2.284462,"p":0.14444445,"q":0.85,"max_close":19.37,"min_close":11.051109,"close":17.45},"QCOM":{"profit":15.959991,"loss":7.4395294,"p":0.87777776,"q":0.11666667,"max_close":"NaN","min_close":"NaN","close":145.2},"ILPT":{"profit":0.58562016,"loss":0.3984344,"p":0.79444444,"q":0.19444445,"max_close":5.113726,"min_close":2.5003462,"close":3.29},"ALB":{"profit":28.414684,"loss":2.2112465,"p":0.95,"q":0.044444446,"max_close":120.423904,"min_close":50.76,"close":55.76},"TGT":{"profit":33.694466,"loss":2.0622635,"p":0.9111111,"q":0.083333336,"max_close":156.39932,"min_close":87.75676,"close":94.01},"NKE":{"profit":14.659138,"loss":3.7021446,"p":0.8388889,"q":0.15555556,"max_close":95.77242,"min_close":53.27,"close":60.59},"NVO":{"profit":26.974815,"loss":5.8693085,"p":0.74444443,"q":0.25,"max_close":144.04109,"min_close":58.08,"close":71.5},"VALE":{"profit":0.7172251,"loss":0.42407322,"p":0.7111111,"q":0.2777778,"max_close":11.254914,"min_close":8.179748,"close":9.13},"EW":{"profit":0.0,"loss":7.075203,"p":0.0,"q":0.99444443,"max_close":93.78,"min_close":59.7,"close":78.22},"GGB":{"profit":0.43410754,"loss":0.097142935,"p":0.87777776,"q":0.11666667,"max_close":3.5385134,"min_close":2.3,"close":2.63},"MPW":{"profit":0.73063755,"loss":0.42819738,"p":0.62222224,"q":0.37222221,"max_close":6.21,"min_close":3.670565,"close":4.57},"EPAM":{"profit":42.894714,"loss":16.929703,"p":0.81666666,"q":0.17777778,"max_close":267.63,"min_close":143.33,"close":174.49},"PFE":{"profit":2.419073,"loss":1.0339622,"p":0.8055556,"q":0.18888889,"max_close":29.83797,"min_close":21.185833,"close":23.49},"SBUX":{"profit":12.835922,"loss":2.531456,"p":0.8833333,"q":0.11111111,"max_close":115.00041,"min_close":70.746605,"close":83.95}},"Factor_Intersectional_v1":[],"stock_info":{"KSS":["Kohl's Corp","Department Stores","Consumer Cyclical"],"AAP":["Advance Auto Parts Inc","Auto Parts","Consumer Cyclical"],"SID":["Companhia Siderurgica Nacional ADR","Steel","Basic Materials"],"VFC":["VF Corp","Apparel Manufacturing","Consumer Cyclical"],"HAL":["Halliburton Co","Oil & Gas Equipment & Services","Energy"],"EL":["Estee Lauder Cos., Inc","Household & Personal Products","Consumer Defensive"],"PVH":["PVH Corp","Apparel Manufacturing","Consumer Cyclical"],"SEE":["Sealed Air Corp","Packaging & Containers","Consumer Cyclical"],"PYPL":["PayPal Holdings Inc","Credit Services","Financial"],"ZIM":["Zim Integrated Shipping Services Ltd","Marine Shipping","Industrials"],"QCOM":["Qualcomm, Inc","Semiconductors","Technology"],"ILPT":["Industrial Logistics Properties Trust","REIT - Industrial","Real Estate"],"ALB":["Albemarle Corp","Specialty Chemicals","Basic Materials"],"TGT":["Target Corp","Discount Stores","Consumer Defensive"],"NKE":["Nike, Inc","Footwear & Accessories","Consumer Cyclical"],"NVO":["Novo Nordisk ADR","Drug Manufacturers - General","Healthcare"],"VALE":["Vale S.A. ADR","Other Industrial Metals & Mining","Basic Materials"],"EW":["Edwards Lifesciences Corp","Medical Devices","Healthcare"],"GGB":["Gerdau S.A. ADR","Steel","Basic Materials"],"MPW":["Medical Properties Trust Inc","REIT - Healthcare Facilities","Real Estate"],"EPAM":["EPAM Systems Inc","Information Technology Services","Technology"],"PFE":["Pfizer Inc","Drug Manufacturers - General","Healthcare"],"SBUX":["Starbucks Corp","Restaurants","Consumer Cyclical"]}}