{"hold_stock_list":["SEE","EL","TGT","SBUX","NKE","PVH","VFC","MPW","NVO","ILPT","AAP","PYPL","G","EPAM","EW","ZIM","VALE","SID","HAL","ALB"],"watch_stock_list":["ABNB","ACLS","ACMR","ADBE","ADSK","AEO","ALB","AMAT","APD","APTV","ARTNA","ASML","AZN","BAC","BBY","BIO","BLD","BUD","CAMT","CE","CIVI","CMCSA","CNMD","CRM","CSCO","CVS","DE","DELL","DEO","DG","DHI","DIS","EL","EPAM","EW","EXLS","EXR","F","FDX","FFIV","FSLR","FTNT","G","GGB","GIS","GLOB","GM","GOOG","GT","HAL","HAS","HMC","HOV","HPE","HPQ","INTC","ISRG","K","KSS","LMAT","LNTH","LQDT","LRCX","M","MA","MATX","MCHP","MMS","MOH","MPW","MS","MSFT","MU","NDAQ","NFLX","NICE","NKE","NOG","NOW","NVO","NXPI","ORCL","OXM","PAGS","PAYC","PBR","PBR-A","PCTY","PEP","PFE","PODD","PVH","PYPL","QCOM","SAIC","SBUX","SEE","SM","SMP","SONY","SQM","STM","STNG","TDC","TEAM","TECH","TEX","TGT","TITN","TM","TEN","TRMD","TRI","TX","UAL","UPS","VALE","VIST","VFC","VMI","WDAY","WFC","WNS","X","VZ","ZTS"],"portfolio":{"AAP":{"cost_p":91.35,"position_%":12.431495064922943,"profit_%":-48.407224958949094},"ALB":{"cost_p":173.45,"position_%":6.7440544812288215,"profit_%":-43.36696454309599},"EL":{"cost_p":143.03,"position_%":5.561269025368453,"profit_%":-32.398797455079354},"EPAM":{"cost_p":248.63,"position_%":2.416797730856042,"profit_%":-34.22354502674657},"EW":{"cost_p":80.31,"position_%":5.464550457930825,"profit_%":2.664674386751339},"G":{"cost_p":39.76,"position_%":2.3189127083337384,"profit_%":-4.049295774647886},"HAL":{"cost_p":26.94,"position_%":4.975514163680866,"profit_%":-0.3711952487008219},"ILPT":{"cost_p":17.2,"position_%":3.3438379094014334,"profit_%":-69.30232558139534},"MPW":{"cost_p":6.18,"position_%":4.205070580253082,"profit_%":-16.34304207119741},"NKE":{"cost_p":73.71,"position_%":5.73196028609255,"profit_%":-12.372812372812362},"NVO":{"cost_p":74.48,"position_%":5.067858524550963,"profit_%":-33.59291084854995},"PVH":{"cost_p":87.3,"position_%":5.091576444606019,"profit_%":-10.274914089347078},"PYPL":{"cost_p":68.03,"position_%":2.645131313681157,"profit_%":1.8227252682639936},"SBUX":{"cost_p":79.91,"position_%":3.107047527212425,"profit_%":1.201351520460528},"SEE":{"cost_p":34.36,"position_%":7.681884369307457,"profit_%":-2.4738067520372566},"SID":{"cost_p":4.54,"position_%":3.089161882580743,"profit_%":-61.233480176211465},"TGT":{"cost_p":107.3,"position_%":4.172021019520626,"profit_%":-13.588070829450139},"VALE":{"cost_p":12.22,"position_%":2.375680189121251,"profit_%":-1.063829787234049},"VFC":{"cost_p":18.8,"position_%":1.2792124095268274,"profit_%":-25.319148936170222},"ZIM":{"cost_p":29.42,"position_%":12.296963911823774,"profit_%":-47.72263766145479}},"KellyFormula_Range_v1":{"SBUX":{"profit":9.767433,"loss":1.2627792,"p":0.9222222,"q":0.072222225,"max_close":114.2466,"min_close":78.46,"close":80.87},"SID":{"profit":0.024999976,"loss":0.2448839,"p":0.033333335,"q":0.95555556,"max_close":2.07972,"min_close":1.25,"close":1.76},"TGT":{"profit":8.9637985,"loss":2.6769638,"p":0.7111111,"q":0.28333333,"max_close":150.7448,"min_close":85.53,"close":92.72},"NKE":{"profit":8.436424,"loss":5.410385,"p":0.65,"q":0.34444445,"max_close":80.3541,"min_close":52.644737,"close":64.59},"ILPT":{"profit":0.5171156,"loss":1.7042949,"p":0.4,"q":0.59444445,"max_close":6.3965173,"min_close":2.4559078,"close":5.28},"AAP":{"profit":9.095394,"loss":11.230869,"p":0.6,"q":0.39444444,"max_close":66.16962,"min_close":29.799515,"close":47.13},"EL":{"profit":2.6836472,"loss":20.602684,"p":0.06111111,"q":0.93333334,"max_close":102.52,"min_close":49.614822,"close":96.69},"PVH":{"profit":5.175354,"loss":7.8040924,"p":0.3888889,"q":0.60555553,"max_close":112.69704,"min_close":60.445415,"close":78.33},"ALB":{"profit":7.409996,"loss":26.008438,"p":0.0055555557,"q":0.98888886,"max_close":108.937805,"min_close":50.15882,"close":98.23},"NVO":{"profit":16.366096,"loss":1.8883324,"p":0.9611111,"q":0.033333335,"max_close":110.164795,"min_close":45.38,"close":49.46},"MPW":{"profit":0.3452053,"loss":0.64140224,"p":0.2611111,"q":0.7277778,"max_close":5.9922843,"min_close":3.5418787,"close":5.17},"SEE":{"profit":1.0824814,"loss":3.1671238,"p":0.17777778,"q":0.8111111,"max_close":36.64,"min_close":23.64138,"close":33.51},"PYPL":{"profit":3.2287903,"loss":2.8297958,"p":0.55,"q":0.44444445,"max_close":91.81,"min_close":57.41,"close":69.27},"VFC":{"profit":2.6951818,"loss":1.8965044,"p":0.46666667,"q":0.5277778,"max_close":26.460835,"min_close":9.61555,"close":14.04},"G":{"profit":6.906437,"loss":0.14500427,"p":0.98333335,"q":0.011111111,"max_close":54.916096,"min_close":37.780876,"close":38.15},"HAL":{"profit":0.37999916,"loss":4.5511894,"p":0.016666668,"q":0.9777778,"max_close":31.096922,"min_close":18.956635,"close":26.84},"EW":{"profit":0.63500977,"loss":6.9774323,"p":0.011111111,"q":0.98333335,"max_close":83.48,"min_close":65.75,"close":82.45},"VALE":{"profit":0.0,"loss":2.3418179,"p":0.0,"q":0.99444443,"max_close":12.09,"min_close":7.91076,"close":12.09},"EPAM":{"profit":17.527985,"loss":9.892136,"p":0.5777778,"q":0.41666666,"max_close":267.63,"min_close":142.2,"close":163.54},"ZIM":{"profit":1.0784712,"loss":1.5063982,"p":0.46666667,"q":0.5277778,"max_close":18.54858,"min_close":11.213416,"close":15.38}},"Factor_Intersectional_v1":[],"stock_info":{"SBUX":["Starbucks Corp","Restaurants","Consumer Cyclical"],"SID":["Companhia Siderurgica Nacional ADR","Steel","Basic Materials"],"TGT":["Target Corp","Discount Stores","Consumer Defensive"],"NKE":["Nike, Inc","Footwear & Accessories","Consumer Cyclical"],"ILPT":["Industrial Logistics Properties Trust","REIT - Industrial","Real Estate"],"AAP":["Advance Auto Parts Inc","Auto Parts","Consumer Cyclical"],"EL":["Estee Lauder Cos., Inc","Household & Personal Products","Consumer Defensive"],"PVH":["PVH Corp","Apparel Manufacturing","Consumer Cyclical"],"ALB":["Albemarle Corp","Specialty Chemicals","Basic Materials"],"NVO":["Novo Nordisk ADR","Drug Manufacturers - General","Healthcare"],"MPW":["Medical Properties Trust Inc","REIT - Healthcare Facilities","Real Estate"],"SEE":["Sealed Air Corp","Packaging & Containers","Consumer Cyclical"],"PYPL":["PayPal Holdings Inc","Credit Services","Financial"],"VFC":["VF Corp","Apparel Manufacturing","Consumer Cyclical"],"G":["Genpact Ltd","Information Technology Services","Technology"],"HAL":["Halliburton Co","Oil & Gas Equipment & Services","Energy"],"EW":["Edwards Lifesciences Corp","Medical Devices","Healthcare"],"VALE":["Vale S.A. ADR","Other Industrial Metals & Mining","Basic Materials"],"EPAM":["EPAM Systems Inc","Information Technology Services","Technology"],"ZIM":["Zim Integrated Shipping Services Ltd","Marine Shipping","Industrials"]}}