{"hold_stock_list":["BIO","ILPT","ASML","NFLX","NKE","INTC","HIMX","STC","VALE","CCS","BAC","C","THO","MMM","EMN","DAC","EDRY","NMM","ZIM","GGB","SID","TX"],"portfolio":{"ASML":{"cost_p":569.13,"position_%":3.452652560251708,"profit_%":-24.83615342716076},"BAC":{"cost_p":35.99,"position_%":5.240038612343429,"profit_%":-14.809669352597949},"BIO":{"cost_p":522.14,"position_%":4.75137844027681,"profit_%":-19.898877695637182},"C":{"cost_p":49.1,"position_%":11.318959019762861,"profit_%":-13.665987780040734},"CCS":{"cost_p":45.45,"position_%":2.2057956370381477,"profit_%":-5.016501650165019},"DAC":{"cost_p":73.49,"position_%":5.349964401515956,"profit_%":-25.663355558579394},"EDRY":{"cost_p":22.24,"position_%":0.8095197189394125,"profit_%":-41.052158273381295},"EMN":{"cost_p":85,"position_%":3.0939377747234746,"profit_%":-16.69411764705882},"GGB":{"cost_p":4.57,"position_%":2.4397215989858676,"profit_%":-3.9387308533916974},"HIMX":{"cost_p":7.32,"position_%":4.6183391159637,"profit_%":-33.060109289617486},"ILPT":{"cost_p":17.42,"position_%":4.227168316524152,"profit_%":-67.79563719862229},"INTC":{"cost_p":39.47,"position_%":8.62007463305898,"profit_%":-33.16442868001013},"MMM":{"cost_p":129.87,"position_%":6.302897236130786,"profit_%":-13.528913528913533},"NFLX":{"cost_p":248.68,"position_%":3.017256650267583,"profit_%":-3.6070451986488656},"NKE":{"cost_p":115.53,"position_%":2.8034716165788476,"profit_%":-17.48463602527482},"NMM":{"cost_p":30.04,"position_%":1.949957315791798,"profit_%":-19.0745672436751},"SID":{"cost_p":4.82,"position_%":4.093704334085099,"profit_%":-53.11203319502076},"STC":{"cost_p":52.86,"position_%":7.696261212794488,"profit_%":-17.27203934922437},"THO":{"cost_p":79.5,"position_%":2.8937418010648965,"profit_%":-13.333333333333325},"TX":{"cost_p":39.96,"position_%":2.909029493598825,"profit_%":-31.856856856856858},"VALE":{"cost_p":13.29,"position_%":3.224975139299998,"profit_%":-4.740406320541753},"ZIM":{"cost_p":56.94,"position_%":8.981155371003178,"profit_%":-59.536354056902}},"KellyFormula_Range_v1":{"C":{"profit":10.9939766,"loss":0.0,"p":0.99444443,"q":0.0,"max_close":67.84,"min_close":42.39,"close":42.39},"HIMX":{"profit":3.96905184,"loss":0.0,"p":0.99444443,"q":0.0,"max_close":12.95,"min_close":4.9,"close":4.9},"STC":{"profit":13.7892,"loss":0.825000763,"p":0.983333349,"q":0.0111111114,"max_close":78.54,"min_close":42.77,"close":43.73},"GGB":{"profit":0.9279499,"loss":0.129374981,"p":0.894444466,"q":0.08888889,"max_close":6.51,"min_close":4.06,"close":4.39},"ASML":{"profit":142.341461,"loss":0.0,"p":0.99444443,"q":0.0,"max_close":744.53,"min_close":427.78,"close":427.78},"CCS":{"profit":10.9392471,"loss":1.73571014,"p":0.955555558,"q":0.03888889,"max_close":74.32,"min_close":40.36,"close":43.17},"NMM":{"profit":5.22993851,"loss":1.90639877,"p":0.855555534,"q":0.1388889,"max_close":36.49,"min_close":20.36,"close":24.31},"DAC":{"profit":24.9880562,"loss":0.0,"p":0.99444443,"q":0.0,"max_close":106.64,"min_close":54.63,"close":54.63},"EDRY":{"profit":10.3962431,"loss":0.125,"p":0.983333349,"q":0.0111111114,"max_close":42.75,"min_close":12.94,"close":13.11},"SID":{"profit":1.714524,"loss":0.0,"p":0.99444443,"q":0.0,"max_close":5.71,"min_close":2.26,"close":2.26},"INTC":{"profit":15.5558681,"loss":0.0,"p":0.99444443,"q":0.0,"max_close":55.74,"min_close":26.38,"close":26.38},"NKE":{"profit":25.5875854,"loss":0.0,"p":0.99444443,"q":0.0,"max_close":152.21,"min_close":95.33,"close":95.33},"ZIM":{"profit":33.5311852,"loss":0.0,"p":0.99444443,"q":0.0,"max_close":88.62,"min_close":23.04,"close":23.04},"VALE":{"profit":3.551031,"loss":0.236430168,"p":0.9166667,"q":0.07777778,"max_close":21.23,"min_close":12.14,"close":12.66},"ILPT":{"profit":10.1624317,"loss":0.0,"p":0.99444443,"q":0.0,"max_close":24.83,"min_close":5.61,"close":5.61},"EMN":{"profit":32.22663,"loss":0.0,"p":0.99444443,"q":0.0,"max_close":127.69,"min_close":70.81,"close":70.81},"MMM":{"profit":31.5201874,"loss":0.0,"p":0.99444443,"q":0.0,"max_close":181.02,"min_close":112.3,"close":112.3},"NFLX":{"profit":128.806076,"loss":37.1667633,"p":0.438888878,"q":0.5555556,"max_close":537.22,"min_close":166.37,"close":239.71},"THO":{"profit":14.2465134,"loss":0.0200042725,"p":0.98888886,"q":0.00555555569,"max_close":103.19,"min_close":68.88,"close":68.9},"BAC":{"profit":7.254627,"loss":0.310001373,"p":0.983333349,"q":0.0111111114,"max_close":49.38,"min_close":30.13,"close":30.66},"TX":{"profit":11.6602173,"loss":0.479999542,"p":0.98888886,"q":0.00555555569,"max_close":49.66,"min_close":26.75,"close":27.23},"BIO":{"profit":119.006714,"loss":4.68499756,"p":0.983333349,"q":0.0111111114,"max_close":669.7,"min_close":412.59,"close":418.24}}}