{"hold_stock_list":["BIO","ILPT","INTC","HIMX","STC","VALE","CCS","BAC","C","THO","WGO","DAC","EDRY","NMM","ZIM","X","GGB","SID","TX"],"portfolio":{"BAC":{"cost_p":35.99,"position_%":6.24536438450378,"profit_%":0.7224228952486745},"BIO":{"cost_p":522.14,"position_%":5.662952486323984,"profit_%":4.669245796146627},"C":{"cost_p":49.1,"position_%":13.490553936981515,"profit_%":10.122199592668021},"CCS":{"cost_p":44.7,"position_%":1.2928025747305685,"profit_%":18.14317673378076},"DAC":{"cost_p":73.49,"position_%":6.376379947446274,"profit_%":-0.2177166961491313},"EDRY":{"cost_p":22.24,"position_%":0.9648298410069746,"profit_%":-23.02158273381294},"GGB":{"cost_p":4.57,"position_%":2.907793531619941,"profit_%":11.597374179431059},"HIMX":{"cost_p":7.32,"position_%":5.504388949054179,"profit_%":-2.1857923497267775},"ILPT":{"cost_p":17.42,"position_%":5.038170212932103,"profit_%":-44.7187141216992},"INTC":{"cost_p":43.58,"position_%":6.932256132822594,"profit_%":-16.613125286828808},"NMM":{"cost_p":30.04,"position_%":2.3240656934591564,"profit_%":-3.728362183754985},"SID":{"cost_p":4.82,"position_%":4.879100544900378,"profit_%":-34.64730290456432},"STC":{"cost_p":52.86,"position_%":9.172824711444006,"profit_%":3.443057132046917},"THO":{"cost_p":76.75,"position_%":5.549362282470422,"profit_%":19.8957654723127},"TX":{"cost_p":39.96,"position_%":3.467140327935135,"profit_%":-12.71271271271271},"VALE":{"cost_p":13.29,"position_%":3.8437016148029657,"profit_%":0.9029345372460572},"WGO":{"cost_p":48.65,"position_%":2.8140870362703425,"profit_%":31.819116135662895},"X":{"cost_p":19.57,"position_%":2.829994003073515,"profit_%":24.73173224322943},"ZIM":{"cost_p":56.94,"position_%":10.704231788222163,"profit_%":-11.187214611872143}},"KellyFormula_Range_v1":{"DAC":null,"CCS":null,"SID":{"profit":1.41513634,"loss":0.3499999,"p":0.8111111,"q":0.177777782,"max_close":5.71,"min_close":2.45,"close":3.15},"EDRY":{"profit":8.122519,"loss":0.6992512,"p":0.8833333,"q":0.111111112,"max_close":42.75,"min_close":15.55,"close":17.12},"X":{"profit":6.12152863,"loss":2.76267242,"p":0.433333337,"q":0.5611111,"max_close":38.45,"min_close":17.02,"close":24.41},"TX":{"profit":7.145405,"loss":1.28045654,"p":0.872222245,"q":0.122222222,"max_close":49.66,"min_close":30.76,"close":34.88},"WGO":{"profit":6.196434,"loss":9.110889,"p":0.311111122,"q":0.683333337,"max_close":77.45,"min_close":44.28,"close":64.13},"INTC":{"profit":9.74823,"loss":0.746665955,"p":0.9388889,"q":0.05,"max_close":55.91,"min_close":34.52,"close":36.34},"BIO":{"profit":84.173584,"loss":36.52713,"p":0.5888889,"q":0.405555546,"max_close":770.22,"min_close":463.67,"close":546.52},"C":{"profit":7.52887344,"loss":4.03430557,"p":0.4888889,"q":0.50555557,"max_close":67.84,"min_close":44.14,"close":54.07},"STC":{"profit":12.65773,"loss":3.43315887,"p":0.6611111,"q":0.333333343,"max_close":80.18,"min_close":45.91,"close":54.68},"VALE":{"profit":3.09038734,"loss":0.583044052,"p":0.8666667,"q":0.127777785,"max_close":21.23,"min_close":12.25,"close":13.41},"BAC":{"profit":6.93229675,"loss":2.79836273,"p":0.65,"q":0.338888884,"max_close":49.38,"min_close":30.13,"close":36.25},"ILPT":{"profit":9.599381,"loss":0.1819992,"p":0.9388889,"q":0.055555556,"max_close":25.55,"min_close":9.06,"close":9.63},"THO":{"profit":8.061981,"loss":10.8840561,"p":0.311111122,"q":0.683333337,"max_close":109.92,"min_close":69.02,"close":92.02},"HIMX":{"profit":3.273037,"loss":0.3913641,"p":0.8611111,"q":0.122222222,"max_close":15.99,"min_close":6.35,"close":7.16},"ZIM":{"profit":12.710659,"loss":3.211029,"p":0.7777778,"q":0.216666669,"max_close":88.62,"min_close":42.05,"close":50.57},"GGB":{"profit":0.6184845,"loss":0.415501118,"p":0.55,"q":0.444444448,"max_close":6.51,"min_close":4.06,"close":5.1},"NMM":{"profit":2.70101738,"loss":3.81244278,"p":0.49444443,"q":0.5,"max_close":36.49,"min_close":20.36,"close":28.92}}}