{
    "Factor_Intersectional_v1": [],
    "KellyFormula_Range_v1": {
        "AAP": {
            "close": 56.74,
            "loss": 7.5766983,
            "max_close": 65.77928,
            "min_close": 29.623726,
            "p": 0.3,
            "profit": 3.2950096,
            "q": 0.6944444
        },
        "ADBE": {
            "close": 260.45,
            "loss": 3.2900085,
            "max_close": 464.11,
            "min_close": 257.16,
            "p": 0.98888886,
            "profit": 86.55792,
            "q": 0.0055555557
        },
        "EL": {
            "close": 112.14,
            "loss": 21.271202,
            "max_close": 119.61,
            "min_close": 49.429493,
            "p": 0.1,
            "profit": 4.0722275,
            "q": 0.89444447
        },
        "EPAM": {
            "close": 162.2,
            "loss": 8.593185,
            "max_close": 260.91,
            "min_close": 142.2,
            "p": 0.71666664,
            "profit": 23.73465,
            "q": 0.2777778
        },
        "FLO": {
            "close": 9.66,
            "loss": 0.0,
            "max_close": 18.565104,
            "min_close": 9.66,
            "p": 0.99444443,
            "profit": 3.344452,
            "q": 0.0
        },
        "HOG": {
            "close": 20.35,
            "loss": 0.41749954,
            "max_close": 30.603024,
            "min_close": 19.56,
            "p": 0.92777777,
            "profit": 4.4000263,
            "q": 0.06666667
        },
        "ILPT": {
            "close": 5.52,
            "loss": 0.5355115,
            "max_close": 6.339303,
            "min_close": 2.433941,
            "p": 0.45,
            "profit": 0.30759192,
            "q": 0.54444444
        },
        "MOH": {
            "close": 135.68,
            "loss": 6.551422,
            "max_close": 353.24,
            "min_close": 122.65,
            "p": 0.95555556,
            "profit": 55.166885,
            "q": 0.03888889
        },
        "MPT": null,
        "NICE": {
            "close": 95.31,
            "loss": 0.0,
            "max_close": 178.5,
            "min_close": 95.31,
            "p": 0.99444443,
            "profit": 40.245804,
            "q": 0.0
        },
        "NKE": {
            "close": 64.82,
            "loss": 2.83601,
            "max_close": 79.84435,
            "min_close": 52.310772,
            "p": 0.60555553,
            "profit": 6.29438,
            "q": 0.3888889
        },
        "NOW": {
            "close": 105.91,
            "loss": 3.6880035,
            "max_close": 208.938,
            "min_close": 100.58,
            "p": 0.96666664,
            "profit": 68.88005,
            "q": 0.027777778
        },
        "NVO": {
            "close": 49.37,
            "loss": 1.6235733,
            "max_close": 88.51028,
            "min_close": 43.34,
            "p": 0.73888886,
            "profit": 10.785015,
            "q": 0.25
        },
        "PVH": {
            "close": 69.33,
            "loss": 4.026909,
            "max_close": 89.47852,
            "min_close": 60.417408,
            "p": 0.70555556,
            "profit": 9.535957,
            "q": 0.2888889
        },
        "PYPL": {
            "close": 40.81,
            "loss": 0.7800026,
            "max_close": 78.438675,
            "min_close": 39.08,
            "p": 0.96666664,
            "profit": 25.393894,
            "q": 0.027777778
        },
        "SID": {
            "close": 1.68,
            "loss": 0.179124,
            "max_close": 2.12,
            "min_close": 1.25,
            "p": 0.23333333,
            "profit": 0.15809536,
            "q": 0.76111114
        },
        "SM": {
            "close": 21.68,
            "loss": 2.4531136,
            "max_close": 37.442684,
            "min_close": 17.57,
            "p": 0.53333336,
            "profit": 4.1292267,
            "q": 0.4611111
        },
        "TGT": {
            "close": 116.54,
            "loss": 20.919853,
            "max_close": 125.02181,
            "min_close": 82.83751,
            "p": 0.0,
            "profit": 0.0,
            "q": 0.99444443
        },
        "ZIM": {
            "close": 27.85,
            "loss": 10.77207,
            "max_close": 27.85,
            "min_close": 11.213416,
            "p": 0.0,
            "profit": 0.0,
            "q": 0.99444443
        }
    },
    "hold_stock_list": [
        "EL",
        "FLO",
        "TGT",
        "NKE",
        "PVH",
        "MPT",
        "MOH",
        "NVO",
        "ILPT",
        "AAP",
        "HOG",
        "PYPL",
        "EPAM",
        "NOW",
        "ADBE",
        "NICE",
        "ZIM",
        "SID",
        "SM"
    ],
    "portfolio": {
        "AAP": {
            "cost_p": 91.35,
            "position_%": 12.606794006227986,
            "profit_%": -38.63163656267104
        },
        "ADBE": {
            "cost_p": 299.55,
            "position_%": 2.9528228513297314,
            "profit_%": -12.42196628275748
        },
        "EL": {
            "cost_p": 143.03,
            "position_%": 5.639689566692592,
            "profit_%": -21.827588617772495
        },
        "EPAM": {
            "cost_p": 248.63,
            "position_%": 2.450877467955637,
            "profit_%": 0
        },
        "FLO": {
            "cost_p": 10.95,
            "position_%": 3.238198319685584,
            "profit_%": -7.853881278538808
        },
        "HOG": {
            "cost_p": 21.9,
            "position_%": 3.238198319685584,
            "profit_%": -6.0273972602739745
        },
        "ILPT": {
            "cost_p": 17.2,
            "position_%": 3.39099002122326,
            "profit_%": 0
        },
        "MOH": {
            "cost_p": 199,
            "position_%": 3.9232965943222604,
            "profit_%": -28.336683417085418
        },
        "MPT": {
            "cost_p": 6.18,
            "position_%": 4.264367102270879,
            "profit_%": -11.974110032362448
        },
        "NICE": {
            "cost_p": 119.55,
            "position_%": 3.5354028229991923,
            "profit_%": -17.457130907570047
        },
        "NKE": {
            "cost_p": 70.07,
            "position_%": 8.97932186114093,
            "profit_%": -6.29370629370629
        },
        "NOW": {
            "cost_p": 102.91,
            "position_%": 3.0433149687565617,
            "profit_%": 0
        },
        "NVO": {
            "cost_p": 64.24,
            "position_%": 8.232219728267353,
            "profit_%": 0
        },
        "PVH": {
            "cost_p": 87.3,
            "position_%": 5.163373759060302,
            "profit_%": -21.053837342497133
        },
        "PYPL": {
            "cost_p": 54.66,
            "position_%": 5.926937965583422,
            "profit_%": 0
        },
        "SID": {
            "cost_p": 4.54,
            "position_%": 3.1327227579789305,
            "profit_%": -63.43612334801762
        },
        "SM": {
            "cost_p": 18.16,
            "position_%": 3.5802545805473494,
            "profit_%": 0
        },
        "TGT": {
            "cost_p": 107.3,
            "position_%": 4.230851503223905,
            "profit_%": 7.698042870456669
        },
        "ZIM": {
            "cost_p": 29.42,
            "position_%": 12.47036580304854,
            "profit_%": 0
        }
    },
    "stock_info": {
        "AAP": [
            "Advance Auto Parts Inc",
            "Auto Parts",
            "Consumer Cyclical"
        ],
        "ADBE": [
            "Adobe Inc",
            "Software - Application",
            "Technology"
        ],
        "EL": [
            "Estee Lauder Cos., Inc",
            "Household & Personal Products",
            "Consumer Defensive"
        ],
        "EPAM": [
            "EPAM Systems Inc",
            "Information Technology Services",
            "Technology"
        ],