{"hold_stock_list":["BIO","ILPT","ASML","NFLX","NKE","INTC","HIMX","STC","VALE","CCS","BAC","C","THO","MMM","EMN","DAC","EDRY","NMM","ZIM","GGB","SID","TX"],"portfolio":{"ASML":{"cost_p":569.13,"position_%":3.452652560251708,"profit_%":-22.472897229104067},"BAC":{"cost_p":35.99,"position_%":5.240038612343429,"profit_%":-13.670464017782722},"BIO":{"cost_p":522.14,"position_%":4.75137844027681,"profit_%":-17.893668364806377},"C":{"cost_p":49.1,"position_%":11.318959019762861,"profit_%":-11.608961303462326},"CCS":{"cost_p":45.45,"position_%":2.2057956370381477,"profit_%":-1.8701870187018732},"DAC":{"cost_p":73.49,"position_%":5.349964401515956,"profit_%":-21.67641856034834},"EDRY":{"cost_p":22.24,"position_%":0.8095197189394125,"profit_%":-37.05035971223021},"EMN":{"cost_p":85,"position_%":3.0939377747234746,"profit_%":-14.541176470588235},"GGB":{"cost_p":4.57,"position_%":2.4397215989858676,"profit_%":-2.407002188183814},"HIMX":{"cost_p":7.32,"position_%":4.6183391159637,"profit_%":-30.464480874316948},"ILPT":{"cost_p":17.42,"position_%":4.227168316524152,"profit_%":-65.32721010332952},"INTC":{"cost_p":39.47,"position_%":8.62007463305898,"profit_%":-31.264251330124143},"MMM":{"cost_p":129.87,"position_%":6.302897236130786,"profit_%":-12.004312004312007},"NFLX":{"cost_p":248.68,"position_%":3.017256650267583,"profit_%":-1.3993887727199685},"NKE":{"cost_p":115.53,"position_%":2.8034716165788476,"profit_%":-14.567644767592833},"NMM":{"cost_p":30.04,"position_%":1.949957315791798,"profit_%":-16.91078561917443},"SID":{"cost_p":4.82,"position_%":4.093704334085099,"profit_%":-52.074688796680505},"STC":{"cost_p":52.86,"position_%":7.696261212794488,"profit_%":-17.10177828225501},"THO":{"cost_p":79.5,"position_%":2.8937418010648965,"profit_%":-6.062893081760998},"TX":{"cost_p":39.96,"position_%":2.909029493598825,"profit_%":-31.25625625625626},"VALE":{"cost_p":13.29,"position_%":3.224975139299998,"profit_%":-3.9127163280662125},"ZIM":{"cost_p":56.94,"position_%":8.981155371003178,"profit_%":-55.40920266947664}},"KellyFormula_Range_v1":{"TX":{"profit":11.5911808,"loss":0.420000076,"p":0.983333349,"q":0.0111111114,"max_close":49.66,"min_close":26.75,"close":27.47},"THO":{"profit":9.917259,"loss":3.056839,"p":0.8888889,"q":0.105555557,"max_close":103.19,"min_close":68.88,"close":74.68},"BAC":{"profit":7.06895828,"loss":0.360002518,"p":0.966666639,"q":0.027777778,"max_close":49.38,"min_close":30.13,"close":31.07},"MMM":{"profit":30.6112823,"loss":1.14500427,"p":0.9722222,"q":0.0222222228,"max_close":181.02,"min_close":112.41,"close":114.28},"GGB":{"profit":0.914474,"loss":0.133703709,"p":0.844444454,"q":0.15,"max_close":6.51,"min_close":4.06,"close":4.46},"NKE":{"profit":23.0596,"loss":1.72000122,"p":0.9722222,"q":0.0222222228,"max_close":152.21,"min_close":96.06,"close":98.7},"HIMX":{"profit":3.86621666,"loss":0.07000017,"p":0.983333349,"q":0.0111111114,"max_close":12.95,"min_close":4.97,"close":5.09},"EDRY":{"profit":10.1258984,"loss":0.466666222,"p":0.927777767,"q":0.06666667,"max_close":42.75,"min_close":12.94,"close":14.0},"ZIM":{"profit":31.9300117,"loss":0.7333317,"p":0.9777778,"q":0.0166666675,"max_close":88.62,"min_close":24.13,"close":25.39},"EMN":{"profit":31.0326385,"loss":1.50999451,"p":0.983333349,"q":0.0111111114,"max_close":127.69,"min_close":70.86,"close":72.64},"VALE":{"profit":3.52086258,"loss":0.311877251,"p":0.9,"q":0.08888889,"max_close":21.23,"min_close":12.14,"close":12.77},"NMM":{"profit":4.85240746,"loss":2.02545357,"p":0.8111111,"q":0.183333337,"max_close":36.49,"min_close":20.36,"close":24.96},"ASML":{"profit":136.9194,"loss":6.716278,"p":0.95,"q":0.0444444455,"max_close":744.53,"min_close":428.88,"close":441.23},"ILPT":{"profit":9.89587,"loss":0.159999847,"p":0.98888886,"q":0.00555555569,"max_close":25.24,"min_close":5.88,"close":6.04},"CCS":{"profit":10.1847649,"loss":1.841999,"p":0.9111111,"q":0.0833333358,"max_close":74.32,"min_close":40.36,"close":44.6},"BIO":{"profit":111.2811,"loss":11.8124695,"p":0.9722222,"q":0.0222222228,"max_close":674.98,"min_close":412.59,"close":428.71},"NFLX":{"profit":141.666336,"loss":39.6886749,"p":0.394444436,"q":0.6,"max_close":540.84,"min_close":166.37,"close":245.2},"C":{"profit":10.2376328,"loss":0.6100006,"p":0.983333349,"q":0.0111111114,"max_close":67.84,"min_close":42.59,"close":43.4},"DAC":{"profit":22.53638,"loss":0.6466675,"p":0.9777778,"q":0.0166666675,"max_close":106.64,"min_close":56.0,"close":57.56},"SID":{"profit":1.6955924,"loss":0.0250000954,"p":0.983333349,"q":0.0111111114,"max_close":5.71,"min_close":2.27,"close":2.31},"STC":{"profit":13.8993721,"loss":0.9150009,"p":0.983333349,"q":0.0111111114,"max_close":79.25,"min_close":42.77,"close":43.82},"INTC":{"profit":15.1380253,"loss":0.199998856,"p":0.983333349,"q":0.0111111114,"max_close":55.91,"min_close":26.89,"close":27.13}}}