{
    "KellyFormula_Range_v1": {
        "BGFV": {
            "close": 15.61,
            "loss": 8.419747,
            "max_close": 15.87,
            "min_close": 1.76140082,
            "p": 0.0111111114,
            "profit": 0.135000229,
            "q": 0.983333349
        },
        "BIO": {
            "close": 662.35,
            "loss": 124.950989,
            "max_close": 662.35,
            "min_close": 432.34,
            "p": 0.0,
            "profit": 0.0,
            "q": 0.99444443
        },
        "C": {
            "close": 63.63,
            "loss": 12.6476784,
            "max_close": 68.40837,
            "min_close": 40.2755241,
            "p": 0.05,
            "profit": 1.801197,
            "q": 0.9444444
        },
        "DHI": {
            "close": 82.18,
            "loss": 13.3581314,
            "max_close": 83.45,
            "min_close": 50.8004265,
            "p": 0.0166666675,
            "profit": 0.809997559,
            "q": 0.9777778
        },
        "HTH": {
            "close": 31.87,
            "loss": 9.695944,
            "max_close": 33.0944061,
            "min_close": 16.4422626,
            "p": 0.0333333351,
            "profit": 0.7744465,
            "q": 0.9611111
        },
        "LAKE": {
            "close": 40.95,
            "loss": 17.91782,
            "max_close": 44.43,
            "min_close": 14.38,
            "p": 0.0111111114,
            "profit": 1.954998,
            "q": 0.983333349
        },
        "PSX": {
            "close": 77.23,
            "loss": 14.9323616,
            "max_close": 87.2001343,
            "min_close": 43.5934563,
            "p": 0.0444444455,
            "profit": 4.77108,
            "q": 0.95
        },
        "REGI": {
            "close": 108.93,
            "loss": 57.7096443,
            "max_close": 113.68,
            "min_close": 22.31,
            "p": 0.0222222228,
            "profit": 2.284996,
            "q": 0.9722222
        },
        "SMP": {
            "close": 42.21,
            "loss": 1.92791748,
            "max_close": 53.85105,
            "min_close": 37.67527,
            "p": 0.644444466,
            "profit": 3.83029556,
            "q": 0.344444454
        },
        "SNX": {
            "close": 90.0,
            "loss": 28.7710533,
            "max_close": 91.34,
            "min_close": 39.68084,
            "p": 0.0111111114,
            "profit": 0.8311157,
            "q": 0.983333349
        },
        "T": {
            "close": 28.8,
            "loss": 0.792861938,
            "max_close": 31.50766,
            "min_close": 26.033514,
            "p": 0.355555564,
            "profit": 0.523016,
            "q": 0.6333333
        },
        "TDS": {
            "close": 20.36,
            "loss": 1.48659325,
            "max_close": 23.91577,
            "min_close": 16.5031128,
            "p": 0.23888889,
            "profit": 1.54536629,
            "q": 0.75555557
        },
        "WFC": {
            "close": 33.53,
            "loss": 7.12449265,
            "max_close": 34.6439247,
            "min_close": 20.9815083,
            "p": 0.0166666675,
            "profit": 0.529052734,
            "q": 0.9777778
        }
    },
    "hold_stock_list": [
        "SMP",
        "T",
        "DHI",
        "C",
        "REGI",
        "TDS",
        "BGFV",
        "BIO",
        "WFC",
        "PSX",
        "SNX",
        "LAKE",
        "HTH"
    ],
    "portfolio": {
        "BGFV": {
            "cost_p": 12.23,
            "position_%": 9.612785307630746,
            "profit_%": 27.636958299264098
        },
        "BIO": {
            "cost_p": 597.32,
            "position_%": 6.371701289517928,
            "profit_%": 10.886961762539336
        },
        "C": {
            "cost_p": 62.71,
            "position_%": 5.527531209129732,
            "profit_%": 1.4670706426407298
        },
        "DHI": {
            "cost_p": 72.88,
            "position_%": 4.0916936877708725,
            "profit_%": 12.76070252469815
        },
        "HTH": {
            "cost_p": 29.44,
            "position_%": 7.437809821019281,
            "profit_%": 8.25407608695652
        },
        "LAKE": {
            "cost_p": 29.73,
            "position_%": 7.010337870707982,
            "profit_%": 37.739656912209895
        },
        "PSX": {
            "cost_p": 70.43,
            "position_%": 9.88535902955895,
            "profit_%": 9.654976572483312
        },
        "REGI": {
            "cost_p": 80.92,
            "position_%": 6.3603155118027805,
            "profit_%": 34.61443400889768
        },
        "SMP": {
            "cost_p": 41.45,
            "position_%": 14.823771684839654,
            "profit_%": 1.8335343787695972
        },
        "SNX": {
            "cost_p": 86.45,
            "position_%": 7.037651385788944,
            "profit_%": 4.106419895893577
        },
        "T": {
            "cost_p": 28.54,
            "position_%": 6.729735715775506,
            "profit_%": 0.9110021023125492
        },
        "TDS": {
            "cost_p": 20.77,
            "position_%": 5.830438933520926,
            "profit_%": -1.9740009629272999
        },
        "WFC": {
            "cost_p": 31.79,
            "position_%": 9.280868552936708,
            "profit_%": 5.47341931424977
        }
    }
}