{
    "KellyFormula_Range_v1": {
        "BGFV": {
            "close": 12.57,
            "loss": 6.254216,
            "max_close": 12.9,
            "min_close": 1.13858509,
            "p": 0.00555555569,
            "profit": 0.329999924,
            "q": 0.98888886
        },
        "BIO": {
            "close": 570.76,
            "loss": 65.75702,
            "max_close": 643.45,
            "min_close": 432.34,
            "p": 0.25555557,
            "profit": 23.0802,
            "q": 0.73888886
        },
        "C": {
            "close": 60.91,
            "loss": 11.3963013,
            "max_close": 69.01,
            "min_close": 39.7013054,
            "p": 0.08888889,
            "profit": 3.19687271,
            "q": 0.9
        },
        "DHI": {
            "close": 77.79,
            "loss": 11.0651474,
            "max_close": 78.97,
            "min_close": 45.4488258,
            "p": 0.027777778,
            "profit": 0.5371094,
            "q": 0.966666639
        },
        "HTH": {
            "close": 32.41,
            "loss": 11.1578045,
            "max_close": 33.22,
            "min_close": 13.619916,
            "p": 0.0222222228,
            "profit": 0.572502136,
            "q": 0.9722222
        },
        "LAKE": {
            "close": 27.14,
            "loss": 6.13750839,
            "max_close": 31.25,
            "min_close": 12.87,
            "p": 0.0944444463,
            "profit": 1.79823494,
            "q": 0.894444466
        },
        "PSX": {
            "close": 71.31,
            "loss": 11.3559036,
            "max_close": 87.2001343,
            "min_close": 43.5934563,
            "p": 0.211111113,
            "profit": 4.29856873,
            "q": 0.783333361
        },
        "REGI": {
            "close": 98.25,
            "loss": 51.71711,
            "max_close": 100.53,
            "min_close": 22.31,
            "p": 0.0111111114,
            "profit": 2.13999939,
            "q": 0.983333349
        },
        "SMP": {
            "close": 41.42,
            "loss": 1.8782196,
            "max_close": 54.17,
            "min_close": 35.6404228,
            "p": 0.7111111,
            "profit": 4.422062,
            "q": 0.283333331
        },
        "SNX": {
            "close": 86.94,
            "loss": 30.5992737,
            "max_close": 91.34,
            "min_close": 34.01273,
            "p": 0.055555556,
            "profit": 1.81184387,
            "q": 0.9388889
        },
        "T": {
            "close": 29.75,
            "loss": 1.49120522,
            "max_close": 31.50766,
            "min_close": 26.033514,
            "p": 0.07777778,
            "profit": 0.6649132,
            "q": 0.9166667
        },
        "TDS": {
            "close": 20.57,
            "loss": 1.70253181,
            "max_close": 23.91577,
            "min_close": 16.5031128,
            "p": 0.172222227,
            "profit": 1.87422562,
            "q": 0.822222233
        },
        "WFC": {
            "close": 31.38,
            "loss": 5.945299,
            "max_close": 34.75,
            "min_close": 21.0457516,
            "p": 0.08888889,
            "profit": 1.43847084,
            "q": 0.905555546
        }
    },
    "hold_stock_list": [
        "SMP",
        "T",
        "DHI",
        "C",
        "REGI",
        "TDS",
        "BGFV",
        "BIO",
        "WFC",
        "PSX",
        "SNX",
        "LAKE",
        "HTH"
    ],
    "portfolio": {
        "BGFV": {
            "cost_p": 12.23,
            "position_%": 9.612785307630746,
            "profit_%": 2.7800490596892873
        },
        "BIO": {
            "cost_p": 597.32,
            "position_%": 6.371701289517928,
            "profit_%": -4.446527824281802
        },
        "C": {
            "cost_p": 62.71,
            "position_%": 5.527531209129732,
            "profit_%": -2.8703556051666466
        },
        "DHI": {
            "cost_p": 72.88,
            "position_%": 4.0916936877708725,
            "profit_%": 6.737102085620212
        },
        "HTH": {
            "cost_p": 29.44,
            "position_%": 7.437809821019281,
            "profit_%": 10.088315217391287
        },
        "LAKE": {
            "cost_p": 29.73,
            "position_%": 7.010337870707982,
            "profit_%": -8.71173898419105
        },
        "PSX": {
            "cost_p": 70.43,
            "position_%": 9.88535902955895,
            "profit_%": 1.249467556439011
        },
        "REGI": {
            "cost_p": 80.92,
            "position_%": 6.3603155118027805,
            "profit_%": 21.416213544241224
        },
        "SMP": {
            "cost_p": 41.45,
            "position_%": 14.823771684839654,
            "profit_%": -0.07237635705669755
        },
        "SNX": {
            "cost_p": 86.45,
            "position_%": 7.037651385788944,
            "profit_%": 0.5668016194331924
        },
        "T": {
            "cost_p": 28.54,
            "position_%": 6.729735715775506,
            "profit_%": 4.239663629992996
        },
        "TDS": {
            "cost_p": 20.77,
            "position_%": 5.830438933520926,
            "profit_%": -0.9629272989889229
        },
        "WFC": {
            "cost_p": 31.79,
            "position_%": 9.280868552936708,
            "profit_%": -1.2897137464611517
        }
    }
}