{
    "Factor_Intersectional_v1": [],
    "KellyFormula_Range_v1": {
        "AAP": {
            "close": 41.22,
            "loss": 6.5858383,
            "max_close": 66.16962,
            "min_close": 29.799515,
            "p": 0.82222223,
            "profit": 12.897446,
            "q": 0.17222223
        },
        "ALB": {
            "close": 161.57,
            "loss": 75.504486,
            "max_close": 161.57,
            "min_close": 50.007885,
            "p": 0.0,
            "profit": 0.0,
            "q": 0.99444443
        },
        "CNMD": {
            "close": 43.4,
            "loss": 2.4926643,
            "max_close": 73.20084,
            "min_close": 38.99,
            "p": 0.82222223,
            "profit": 7.8568954,
            "q": 0.16666667
        },
        "EL": {
            "close": 105.27,
            "loss": 21.329681,
            "max_close": 108.65,
            "min_close": 49.429493,
            "p": 0.07777778,
            "profit": 1.9807358,
            "q": 0.9166667
        },
        "EPAM": {
            "close": 218.2,
            "loss": 46.477432,
            "max_close": 267.63,
            "min_close": 142.2,
            "p": 0.0055555557,
            "profit": 0.18000793,
            "q": 0.98888886
        },
        "HAL": {
            "close": 30.38,
            "loss": 7.2780666,
            "max_close": 31.92,
            "min_close": 18.836878,
            "p": 0.011111111,
            "profit": 0.99500084,
            "q": 0.98333335
        },
        "HOG": {
            "close": 20.88,
            "loss": 0.20999908,
            "max_close": 30.603024,
            "min_close": 20.380848,
            "p": 0.9611111,
            "profit": 4.157753,
            "q": 0.033333335
        },
        "ILPT": {
            "close": 5.75,
            "loss": 1.079093,
            "max_close": 6.3965173,
            "min_close": 2.4559078,
            "p": 0.25555557,
            "profit": 0.24049759,
            "q": 0.73888886
        },
        "MPW": {
            "close": 5.38,
            "loss": 0.7596631,
            "max_close": 5.894407,
            "min_close": 3.5870483,
            "p": 0.06666667,
            "profit": 0.12525082,
            "q": 0.92777777
        },
        "NICE": {
            "close": 117.22,
            "loss": 9.108749,
            "max_close": 178.5,
            "min_close": 99.6,
            "p": 0.81666666,
            "profit": 33.144897,
            "q": 0.17777778
        },
        "NKE": {
            "close": 63.22,
            "loss": 3.2340584,
            "max_close": 79.84435,
            "min_close": 52.310772,
            "p": 0.62777776,
            "profit": 7.5119934,
            "q": 0.36666667
        },
        "NVO": {
            "close": 56.57,
            "loss": 5.505291,
            "max_close": 88.510284,
            "min_close": 44.874336,
            "p": 0.48333332,
            "profit": 9.529488,
            "q": 0.51111114
        },
        "PVH": {
            "close": 66.01,
            "loss": 1.4777985,
            "max_close": 103.61208,
            "min_close": 60.417408,
            "p": 0.9111111,
            "profit": 11.991219,
            "q": 0.083333336
        },
        "PYPL": {
            "close": 58.51,
            "loss": 0.30166626,
            "max_close": 91.59824,
            "min_close": 57.277588,
            "p": 0.9777778,
            "profit": 9.83691,
            "q": 0.016666668
        },
        "SBUX": {
            "close": 86.69,
            "loss": 3.1543427,
            "max_close": 113.427155,
            "min_close": 77.89724,
            "p": 0.35555556,
            "profit": 4.064415,
            "q": 0.6388889
        },
        "SID": {
            "close": 1.88,
            "loss": 0.3372618,
            "max_close": 1.88,
            "min_close": 1.25,
            "p": 0.0,
            "profit": 0.0,
            "q": 0.99444443
        },
        "TGT": {
            "close": 103.67,
            "loss": 9.878693,
            "max_close": 136.47894,
            "min_close": 83.68,
            "p": 0.03888889,
            "profit": 0.5050583,
            "q": 0.95555556
        },
        "VALE": {
            "close": 14.26,
            "loss": 3.6324263,
            "max_close": 14.26,
            "min_close": 7.91076,
            "p": 0.0,
            "profit": 0.0,
            "q": 0.99444443
        },
        "VFC": {
            "close": 19.2,
            "loss": 5.15835,
            "max_close": 26.329767,
            "min_close": 9.567923,
            "p": 0.022222223,
            "profit": 0.34749985,
            "q": 0.9722222
        },
        "ZIM": {
            "close": 22.35,
            "loss": 6.2745533,
            "max_close": 22.35,
            "min_close": 11.213416,
            "p": 0.0,
            "profit": 0.0,
            "q": 0.99444443
        }
    },
    "hold_stock_list": [
        "EL",
        "TGT",
        "SBUX",
        "NKE",
        "PVH",
        "VFC",
        "MPW",
        "CNMD",
        "NVO",
        "ILPT",
        "AAP",
        "HOG",
        "PYPL",
        "EPAM",
        "NICE",
        "ZIM",
        "VALE",
        "SID",
        "HAL",
        "ALB"
    ],
    "portfolio": {
        "AAP": {
            "cost_p": 91.35,
            "position_%": 12.371834125134585,
            "profit_%": -54.8768472906404
        },
        "ALB": {
            "cost_p": 173.45,
            "position_%": 6.711688573006784,
            "profit_%": -6.849236091092532
        },
        "CNMD": {
            "cost_p": 39.81,
            "position_%": 3.080914639278179,
            "profit_%": 9.017834714895745
        },
        "EL": {
            "cost_p": 143.03,
            "position_%": 5.534579513388068,
            "profit_%": -26.40005593232189
        },
        "EPAM": {
            "cost_p": 248.63,
            "position_%": 2.405199091822826,
            "profit_%": -12.23907010417086
        },
        "HAL": {
            "cost_p": 26.94,
            "position_%": 4.951635792705755,
            "profit_%": 12.769116555308083
        },
        "HOG": {
            "cost_p": 21.9,
            "position_%": 3.177846203852304,
            "profit_%": -4.657534246575341
        },
        "ILPT": {
            "cost_p": 17.2,
            "position_%": 3.327790240868166,
            "profit_%": -66.56976744186046
        },
        "MPW": {
            "cost_p": 6.18,
            "position_%": 4.184889704068514,
            "profit_%": -12.944983818770226
        },
        "NICE": {
            "cost_p": 119.55,
            "position_%": 3.4695115403702554,
            "profit_%": -1.948975324132161
        },
        "NKE": {
            "cost_p": 70.07,
            "position_%": 8.811969210201223,
            "profit_%": -9.775938347366912
        },
        "NVO": {
            "cost_p": 64.24,
            "position_%": 8.078791238237857,
            "profit_%": -11.939601494396006
        },
        "PVH": {
            "cost_p": 87.3,
            "position_%": 5.067141070252167,
            "profit_%": -24.38717067583046
        },
        "PYPL": {
            "cost_p": 68.03,
            "position_%": 2.6324368614681553,
            "profit_%": -13.993826253123625
        },
        "SBUX": {
            "cost_p": 79.91,
            "position_%": 3.0921362575322693,
            "profit_%": 8.48454511325241
        },
        "SID": {
            "cost_p": 4.54,
            "position_%": 3.0743364492671605,
            "profit_%": -58.590308370044056
        },
        "TGT": {
            "cost_p": 107.3,
            "position_%": 4.151998754013421,
            "profit_%": -3.383038210624413
        },
        "VALE": {
            "cost_p": 12.22,
            "position_%": 2.364278880430755,
            "profit_%": 16.693944353518813
        },
        "VFC": {
            "cost_p": 18.8,