{
    "Factor_Intersectional_v1": [],
    "KellyFormula_Range_v1": {
        "AAP": {
            "close": 60.04,
            "loss": 8.766567,
            "max_close": 65.48837,
            "min_close": 38.351055,
            "p": 0.044444446,
            "profit": 0.64144516,
            "q": 0.95
        },
        "ADBE": {
            "close": 244.99,
            "loss": 5.252762,
            "max_close": 416.26,
            "min_close": 225.35,
            "p": 0.8333333,
            "profit": 61.205215,
            "q": 0.16111112
        },
        "ADSK": {
            "close": 224.08,
            "loss": 3.7075043,
            "max_close": 326.79,
            "min_close": 218.45,
            "p": 0.9722222,
            "profit": 45.91313,
            "q": 0.022222223
        },
        "CRM": {
            "close": 175.35,
            "loss": 5.1855774,
            "max_close": 272.0537,
            "min_close": 164.96,
            "p": 0.9444444,
            "profit": 43.04422,
            "q": 0.05
        },
        "EL": {
            "close": 86.56,
            "loss": 7.671356,
            "max_close": 118.776634,
            "min_close": 66.33727,
            "p": 0.65,
            "profit": 14.198708,
            "q": 0.34444445
        },
        "EPAM": {
            "close": 95.65,
            "loss": 3.590004,
            "max_close": 221.4,
            "min_close": 89.69,
            "p": 0.9722222,
            "profit": 63.32795,
            "q": 0.022222223
        },
        "FLO": {
            "close": 7.49,
            "loss": 0.21600008,
            "max_close": 15.694438,
            "min_close": 7.01,
            "p": 0.9388889,
            "profit": 2.6335964,
            "q": 0.055555556
        },
        "GLOB": {
            "close": 38.17,
            "loss": 3.2324982,
            "max_close": 103.28,
            "min_close": 32.75,
            "p": 0.9722222,
            "profit": 17.052582,
            "q": 0.022222223
        },
        "ILPT": {
            "close": 8.52,
            "loss": 2.632554,
            "max_close": 8.97,
            "min_close": 3.2835999,
            "p": 0.06111111,
            "profit": 0.23590851,
            "q": 0.93333334
        },
        "IT": {
            "close": 160.35,
            "loss": 6.5261993,
            "max_close": 422.48,
            "min_close": 140.65,
            "p": 0.62777776,
            "profit": 66.87004,
            "q": 0.36666667
        },
        "MOH": {
            "close": 198.41,
            "loss": 34.2827,
            "max_close": 306.29,
            "min_close": 122.65,
            "p": 0.044444446,
            "profit": 2.9362488,
            "q": 0.95
        },
        "MPT": {
            "close": 4.92,
            "loss": 0.15553951,
            "max_close": 5.9101014,
            "min_close": 3.7768216,
            "p": 0.7277778,
            "profit": 0.25417423,
            "q": 0.26666668
        },
        "NICE": {
            "close": 91.35,
            "loss": 2.5883331,
            "max_close": 178.32,
            "min_close": 86.38,
            "p": 0.9611111,
            "profit": 24.003304,
            "q": 0.033333335
        },
        "NKE": {
            "close": 43.23,
            "loss": 0.9770355,
            "max_close": 77.12366,
            "min_close": 41.50858,
            "p": 0.9166667,
            "profit": 15.650997,
            "q": 0.07777778
        },
        "NOW": {
            "close": 114.19,
            "loss": 13.616211,
            "max_close": 208.938,
            "min_close": 83.0,
            "p": 0.5833333,
            "profit": 45.332993,
            "q": 0.41111112
        },
        "NVO": {
            "close": 41.02,
            "loss": 3.7139359,
            "max_close": 77.311485,
            "min_close": 34.765,
            "p": 0.75,
            "profit": 8.57872,
            "q": 0.24444444
        },
        "PAYC": {
            "close": 135.7,
            "loss": 10.404198,
            "max_close": 256.04065,
            "min_close": 113.28088,
            "p": 0.60555553,
            "profit": 32.51854,
            "q": 0.3888889
        },
        "PODD": {
            "close": 151.51,
            "loss": 5.1345367,
            "max_close": 352.82,
            "min_close": 142.43,
            "p": 0.93333334,
            "profit": 111.832504,
            "q": 0.06111111
        },
        "PYPL": {
            "close": 41.26,
            "loss": 0.90758896,
            "max_close": 77.5484,
            "min_close": 38.834026,
            "p": 0.9388889,
            "profit": 13.895287,
            "q": 0.055555556
        },
        "SID": {
            "close": 1.15,
            "loss": 0.024999976,
            "max_close": 2.12,
            "min_close": 1.11,
            "p": 0.98333335,
            "profit": 0.39638448,
            "q": 0.011111111
        },
        "TASK": {
            "close": 5.66,
            "loss": 0.12374973,
            "max_close": 11.867776,
            "min_close": 5.49,
            "p": 0.9722222,
            "profit": 1.925046,
            "q": 0.022222223
        },
        "ZIM": {
            "close": 25.56,
            "loss": 7.2101097,
            "max_close": 28.55,
            "min_close": 12.033946,
            "p": 0.35555556,
            "profit": 1.1312943,
            "q": 0.6388889
        }
    },
    "hold_stock_list": [
        "EL",
        "FLO",
        "NKE",
        "MPT",
        "MOH",
        "NVO",
        "ILPT",
        "AAP",
        "PYPL",
        "TASK",
        "EPAM",
        "IT",
        "PAYC",
        "PODD",
        "ADSK",
        "GLOB",
        "CRM",
        "NOW",
        "ADBE",
        "NICE",
        "ZIM",
        "SID"
    ],
    "portfolio": {
        "AAP": {
            "cost_p": 91.35,
            "position_%": 9.616678835711873,
            "profit_%": -34.27476737821566
        },
        "ADBE": {
            "cost_p": 281.04,
            "position_%": 4.226556290544163,
            "profit_%": -15.357244520352983
        },
        "ADSK": {
            "cost_p": 228.33,
            "position_%": 3.433851401295007,
            "profit_%": -1.8613410414750577
        },
        "CRM": {
            "cost_p": 234.16,
            "position_%": 3.521528682727801,
            "profit_%": -25.11530577382986
        },
        "EL": {
            "cost_p": 112.06,
            "position_%": 6.7410745505035425,
            "profit_%": -22.755666607174728
        },
        "EPAM": {
            "cost_p": 152.61,
            "position_%": 6.885298414815807,
            "profit_%": -37.32389751654544
        },
        "FLO": {
            "cost_p": 10.95,
            "position_%": 2.4701532547746896,
            "profit_%": -30.045662100456617
        },
        "GLOB": {
            "cost_p": 49.15,
            "position_%": 2.2174983099940824,
            "profit_%": -23.763987792472026
        },
        "ILPT": {
            "cost_p": 17.2,
            "position_%": 2.5867053870395535,
            "profit_%": -48.895348837209305
        },
        "IT": {
            "cost_p": 160.87,
            "position_%": 2.4193214861224006,
            "profit_%": -2.1570211972400064
        },
        "MOH": {
            "cost_p": 199,
            "position_%": 2.99275797686553,
            "profit_%": 2.0402010050251267
        },
        "MPT": {
            "cost_p": 6.18,
            "position_%": 3.252932414050322,
            "profit_%": -18.446601941747566
        },
        "NICE": {
            "cost_p": 119.55,
            "position_%": 2.69686595076086,
            "profit_%": -25.872020075282304
        },
        "NKE": {
            "cost_p": 64.33,
            "position_%": 9.190849980862891,
            "profit_%": -30.592258666252135
        },
        "NOW": {
            "cost_p": 102.91,
            "position_%": 2.321492889943957,