{"hold_stock_list":["INTC","T","DHI","BAC","PFC","SNV","FHN","STL","SFM","BIO","PBCT","FBP","WFC","PSX"],"portfolio":{"BAC":{"cost_p":25.9,"position_%":3.7945483608404653,"profit_%":12.200772200772201},"BIO":{"cost_p":597.32,"position_%":7.229248432272506,"profit_%":-7.989017612000272},"DHI":{"cost_p":72.88,"position_%":4.642381811953217,"profit_%":-4.953347969264544},"FBP":{"cost_p":6.92,"position_%":7.405388857442826,"profit_%":21.09826589595377},"FHN":{"cost_p":10.96,"position_%":9.355087300091895,"profit_%":17.244525547445242},"INTC":{"cost_p":46.15,"position_%":7.643240856425171,"profit_%":8.125677139761647},"PBCT":{"cost_p":14.03,"position_%":6.434616370969623,"profit_%":-7.840342124019956},"PFC":{"cost_p":17.29,"position_%":4.4054215987196,"profit_%":27.35685367264315},"PSX":{"cost_p":70.43,"position_%":11.215798264814252,"profit_%":-8.519096975720574},"SFM":{"cost_p":20.61,"position_%":11.290389772797198,"profit_%":0.5337214944201817},"SNV":{"cost_p":15.59,"position_%":1.9861342603828387,"profit_%":109.81398332264271},"STL":{"cost_p":16.83,"position_%":6.432323207615748,"profit_%":-0.4753416518122299},"T":{"cost_p":28.54,"position_%":7.635469580614821,"profit_%":1.927119831814999},"WFC":{"cost_p":31.79,"position_%":10.529951325059855,"profit_%":-9.185278389430634}},"KellyFormula_Range_v1":{"PSX":{"profit":8.163498,"loss":8.601028,"p":0.2888889,"q":0.705555558,"max_close":87.2001343,"min_close":40.3908043,"close":64.43},"PBCT":{"profit":0.223608017,"loss":2.003333,"p":0.055555556,"q":0.9388889,"max_close":13.52,"min_close":9.070121,"close":12.93},"SFM":{"profit":2.951458,"loss":1.1686573,"p":0.705555558,"q":0.2888889,"max_close":27.41,"min_close":16.58,"close":20.72},"WFC":{"profit":1.5494194,"loss":3.84791,"p":0.0722222254,"q":0.9222222,"max_close":33.0351639,"min_close":21.0457516,"close":28.87},"FBP":{"profit":0.188751221,"loss":2.65419912,"p":0.00555555569,"q":0.98888886,"max_close":8.568751,"min_close":3.645114,"close":8.38},"INTC":{"profit":6.95149231,"loss":2.46587,"p":0.6166667,"q":0.377777785,"max_close":63.44745,"min_close":43.79363,"close":49.9},"DHI":{"profit":4.587387,"loss":17.02383,"p":0.394444436,"q":0.6,"max_close":78.82,"min_close":29.3815765,"close":69.27},"BAC":{"profit":0.0,"loss":4.789713,"p":0.0,"q":0.99444443,"max_close":29.06,"min_close":17.8341846,"close":29.06},"FHN":{"profit":0.149999619,"loss":3.37792778,"p":0.0111111114,"q":0.983333349,"max_close":13.07,"min_close":6.59697628,"close":12.85},"PFC":{"profit":0.434999466,"loss":5.160389,"p":0.0111111114,"q":0.983333349,"max_close":22.8,"min_close":11.9495487,"close":22.02},"T":{"profit":0.5543747,"loss":0.946805954,"p":0.383333325,"q":0.6111111,"max_close":32.0722351,"min_close":25.3954983,"close":29.09},"SNV":{"profit":0.623333,"loss":11.5930691,"p":0.0166666675,"q":0.9777778,"max_close":33.82,"min_close":13.2805176,"close":32.71},"BIO":{"profit":29.3704224,"loss":80.54059,"p":0.188888893,"q":0.8055556,"max_close":643.45,"min_close":322.41,"close":549.6},"STL":{"profit":0.21333313,"loss":5.02944,"p":0.0166666675,"q":0.9777778,"max_close":17.11,"min_close":7.3472147,"close":16.75}}}