{
    "KellyFormula_Range_v1": {
        "BGFV": {
            "close": 13.2,
            "loss": 5.85831356,
            "max_close": 16.16,
            "min_close": 1.76140082,
            "p": 0.122222222,
            "profit": 1.68681908,
            "q": 0.872222245
        },
        "BIO": {
            "close": 567.92,
            "loss": 52.850647,
            "max_close": 662.35,
            "min_close": 432.34,
            "p": 0.4,
            "profit": 30.8877563,
            "q": 0.594444454
        },
        "C": {
            "close": 70.23,
            "loss": 17.4803047,
            "max_close": 70.38,
            "min_close": 40.2755241,
            "p": 0.00555555569,
            "profit": 0.1499939,
            "q": 0.98888886
        },
        "DHI": {
            "close": 79.01,
            "loss": 8.836502,
            "max_close": 83.23916,
            "min_close": 52.616806,
            "p": 0.0444444455,
            "profit": 2.36305237,
            "q": 0.95
        },
        "ELP": {
            "close": 10.84,
            "loss": 0.204845428,
            "max_close": 14.32,
            "min_close": 10.3125925,
            "p": 0.8055556,
            "profit": 1.18052387,
            "q": 0.188888893
        },
        "HTH": {
            "close": 34.97,
            "loss": 11.3382053,
            "max_close": 34.97,
            "min_close": 16.4422626,
            "p": 0.0,
            "profit": 0.0,
            "q": 0.99444443
        },
        "LAKE": {
            "close": 29.15,
            "loss": 6.47452354,
            "max_close": 44.43,
            "min_close": 18.3,
            "p": 0.166666672,
            "profit": 4.76666832,
            "q": 0.8277778
        },
        "MDC": {
            "close": 54.86,
            "loss": 12.2049217,
            "max_close": 56.52778,
            "min_close": 29.5942955,
            "p": 0.027777778,
            "profit": 0.7703171,
            "q": 0.966666639
        },
        "PBFX": {
            "close": 12.89,
            "loss": 3.75618267,
            "max_close": 13.01,
            "min_close": 6.8425045,
            "p": 0.0111111114,
            "profit": 0.08500004,
            "q": 0.983333349
        },
        "PHM": {
            "close": 45.74,
            "loss": 3.81838226,
            "max_close": 49.51,
            "min_close": 31.7402878,
            "p": 0.272222221,
            "profit": 1.50836563,
            "q": 0.7222222
        },
        "PSX": {
            "close": 87.35,
            "loss": 24.468708,
            "max_close": 87.35,
            "min_close": 43.12195,
            "p": 0.0,
            "profit": 0.0,
            "q": 0.99444443
        },
        "SMP": {
            "close": 43.69,
            "loss": 2.619873,
            "max_close": 53.85105,
            "min_close": 37.67527,
            "p": 0.516666651,
            "profit": 3.14532471,
            "q": 0.477777779
        },
        "SNX": {
            "close": 92.53,
            "loss": 19.6387329,
            "max_close": 94.5,
            "min_close": 50.1352234,
            "p": 0.00555555569,
            "profit": 1.97000122,
            "q": 0.98888886
        },
        "T": {
            "close": 29.62,
            "loss": 1.28927231,
            "max_close": 30.9062023,
            "min_close": 26.033514,
            "p": 0.0444444455,
            "profit": 0.548553467,
            "q": 0.95
        },
        "TDS": {
            "close": 19.95,
            "loss": 1.25360489,
            "max_close": 23.91577,
            "min_close": 16.5031128,
            "p": 0.272222221,
            "profit": 1.652319,
            "q": 0.7222222
        },
        "WFC": {
            "close": 37.43,
            "loss": 10.5054359,
            "max_close": 38.29,
            "min_close": 20.9815083,
            "p": 0.0222222228,
            "profit": 0.412498474,
            "q": 0.9722222
        }
    },
    "hold_stock_list": [
        "SMP",
        "T",
        "DHI",
        "C",
        "TDS",
        "BGFV",
        "BIO",
        "WFC",
        "PSX",
        "SNX",
        "LAKE",
        "HTH",
        "MDC",
        "PBFX",
        "PHM",
        "ELP"
    ],
    "portfolio": {
        "BGFV": {
            "cost_p": 12.23,
            "position_%": 4.36286099922818,
            "profit_%": 7.849550286181513
        },
        "BIO": {
            "cost_p": 597.32,
            "position_%": 5.78372368988676,
            "profit_%": -4.921984865733625
        },
        "C": {
            "cost_p": 62.71,
            "position_%": 5.017453227668621,
            "profit_%": 11.991707861585079
        },
        "DHI": {
            "cost_p": 72.88,
            "position_%": 3.7141141177870542,
            "profit_%": 8.41108671789244
        },
        "ELP": {
            "cost_p": 10.54,
            "position_%": 9.695376901298486,
            "profit_%": 2.8462998102466863
        },
        "HTH": {
            "cost_p": 29.44,
            "position_%": 6.751452227283602,
            "profit_%": 18.783967391304337
        },
        "LAKE": {
            "cost_p": 29.74,
            "position_%": 4.546833995457752,
            "profit_%": -1.9838601210490918
        },
        "MDC": {
            "cost_p": 59.95,
            "position_%": 5.193797205190281,
            "profit_%": -8.490408673894919
        },
        "PBFX": {
            "cost_p": 11.39,
            "position_%": 9.78071285204265,
            "profit_%": 13.169446883230904
        },
        "PHM": {
            "cost_p": 49.31,
            "position_%": 4.648936460262725,
            "profit_%": -7.239910768606774
        },
        "PSX": {
            "cost_p": 70.43,
            "position_%": 3.5892570981852674,
            "profit_%": 24.023853471531996
        },
        "SMP": {
            "cost_p": 41.45,
            "position_%": 13.455841002484656,
            "profit_%": 5.404101326899867
        },
        "SNX": {
            "cost_p": 86.45,
            "position_%": 6.388220224340034,
            "profit_%": 7.03296703296703
        },
        "T": {
            "cost_p": 28.54,
            "position_%": 6.10871886760289,
            "profit_%": 3.7841625788367272
        },
        "TDS": {
            "cost_p": 20.77,
            "position_%": 5.292408769651284,
            "profit_%": -3.9480019258545997
        },
        "WFC": {
            "cost_p": 31.79,
            "position_%": 5.670292361629755,
            "profit_%": 17.741428122050962
        }
    }
}