{
    "Factor_Intersectional_v1": [],
    "KellyFormula_Range_v1": {
        "AAP": {
            "close": 41.35,
            "loss": 2.4902,
            "max_close": 85.25006,
            "min_close": 35.69,
            "p": 0.6888889,
            "profit": 24.429794,
            "q": 0.30555555
        },
        "ALB": {
            "close": 107.7,
            "loss": 15.007309,
            "max_close": 150.6514,
            "min_close": 72.51662,
            "p": 0.38333333,
            "profit": 13.24379,
            "q": 0.6111111
        },
        "CMA": {
            "close": 72.25,
            "loss": 17.507076,
            "max_close": 72.73,
            "min_close": 42.810772,
            "p": 0.016666668,
            "profit": 0.3133316,
            "q": 0.9777778
        },
        "CVS": {
            "close": 59.85,
            "loss": 3.019806,
            "max_close": 78.15086,
            "min_close": 52.446857,
            "p": 0.31666666,
            "profit": 7.4462967,
            "q": 0.67777777
        },
        "DAC": {
            "close": 79.38,
            "loss": 5.817215,
            "max_close": 95.34127,
            "min_close": 65.20942,
            "p": 0.73333335,
            "profit": 5.887863,
            "q": 0.2611111
        },
        "DIS": {
            "close": 117.47,
            "loss": 17.788063,
            "max_close": 122.255974,
            "min_close": 85.6,
            "p": 0.05,
            "profit": 2.2534943,
            "q": 0.9444444
        },
        "EL": {
            "close": 72.12,
            "loss": 7.044136,
            "max_close": "NaN",
            "min_close": "NaN",
            "p": 0.9,
            "profit": 37.793564,
            "q": 0.094444446
        },
        "EPAM": {
            "close": 243.92,
            "loss": 45.68625,
            "max_close": 314.63,
            "min_close": 170.25,
            "p": 0.21666667,
            "profit": 17.768692,
            "q": 0.7777778
        },
        "EW": {
            "close": 71.35,
            "loss": 4.179657,
            "max_close": 95.56,
            "min_close": 59.7,
            "p": 0.51111114,
            "profit": 17.644348,
            "q": 0.48333332
        },
        "GIS": {
            "close": 66.26,
            "loss": 1.8973999,
            "max_close": 74.52436,
            "min_close": 60.71325,
            "p": 0.6666667,
            "profit": 3.4823914,
            "q": 0.32777777
        },
        "HAL": {
            "close": 31.86,
            "loss": 2.103918,
            "max_close": 40.79932,
            "min_close": 27.52,
            "p": 0.5555556,
            "profit": 4.042244,
            "q": 0.43888888
        },
        "ILPT": {
            "close": 3.87,
            "loss": 0.2034924,
            "max_close": 5.146735,
            "min_close": 3.3560534,
            "p": 0.6333333,
            "profit": 0.62132835,
            "q": 0.3611111
        },
        "KSS": {
            "close": 14.97,
            "loss": 0.22000027,
            "max_close": 27.98382,
            "min_close": 14.75,
            "p": 0.98888886,
            "profit": 6.1145334,
            "q": 0.0055555557
        },
        "MPW": {
            "close": 4.39,
            "loss": 0.26209307,
            "max_close": 6.37,
            "min_close": 2.847569,
            "p": 0.7111111,
            "profit": 0.5225177,
            "q": 0.28333333
        },
        "NKE": {
            "close": 78.77,
            "loss": 3.931244,
            "max_close": 121.18714,
            "min_close": 70.77431,
            "p": 0.67777777,
            "profit": 10.035736,
            "q": 0.31666666
        },
        "PYPL": {
            "close": 86.77,
            "loss": 18.11354,
            "max_close": 87.77,
            "min_close": 56.13,
            "p": 0.022222223,
            "profit": 0.47000122,
            "q": 0.96666664
        },
        "SEE": {
            "close": 36.6,
            "loss": 2.0087776,
            "max_close": 39.609432,
            "min_close": 30.77987,
            "p": 0.21111111,
            "profit": 1.0337639,
            "q": 0.78333336
        },
        "SID": {
            "close": 1.87,
            "loss": 0.029999971,
            "max_close": 3.799283,
            "min_close": 1.84,
            "p": 0.98333335,
            "profit": 0.4777192,
            "q": 0.0055555557
        },
        "TGT": {
            "close": 132.31,
            "loss": 4.041519,
            "max_close": 173.9758,
            "min_close": 121.59,
            "p": 0.9388889,
            "profit": 20.04306,
            "q": 0.055555556
        },
        "VALE": {
            "close": 9.86,
            "loss": 0.03999996,
            "max_close": 14.774527,
            "min_close": 9.81,
            "p": 0.98333335,
            "profit": 1.1682081,
            "q": 0.011111111
        },
        "VFC": {
            "close": 20.23,
            "loss": 4.789467,
            "max_close": 22.26,
            "min_close": 11.829798,
            "p": 0.1,
            "profit": 0.67777824,
            "q": 0.89444447
        },
        "ZIM": {
            "close": 22.04,
            "loss": 5.559061,
            "max_close": 27.01,
            "min_close": 6.5896893,
            "p": 0.2,
            "profit": 2.0227127,
            "q": 0.79444444
        }
    },
    "hold_stock_list": [
        "SEE",
        "GIS",
        "EL",
        "KSS",
        "TGT",
        "NKE",
        "VFC",
        "MPW",
        "CVS",
        "ILPT",
        "AAP",
        "DIS",
        "PYPL",
        "EPAM",
        "EW",
        "CMA",
        "DAC",
        "ZIM",
        "VALE",
        "SID",
        "HAL",
        "ALB"
    ],
    "portfolio": {
        "AAP": {
            "cost_p": 91.35,
            "position_%": 13.411522646691477,
            "profit_%": -54.73453749315817
        },
        "ALB": {
            "cost_p": 173.45,
            "position_%": 7.275716953846702,
            "profit_%": -37.907177861055054
        },
        "CMA": {
            "cost_p": 62.35,
            "position_%": 1.3076994870923664,
            "profit_%": 15.878107457898954
        },
        "CVS": {
            "cost_p": 65.41,
            "position_%": 5.487513934287839,
            "profit_%": -8.500229322733519
        },
        "DAC": {
            "cost_p": 73.24,
            "position_%": 4.608303629573933,
            "profit_%": 8.383397050791919
        },
        "DIS": {
            "cost_p": 89.37,
            "position_%": 5.6232126621384815,
            "profit_%": 31.44231845138189
        },
        "EL": {
            "cost_p": 143.25,
            "position_%": 6.00891584686388,
            "profit_%": -49.654450261780106
        },
        "EPAM": {
            "cost_p": 250,
            "position_%": 2.6216910326631244,
            "profit_%": -2.432000000000005
        },
        "EW": {
            "cost_p": 87.5,
            "position_%": 2.7527755842962804,
            "profit_%": -18.457142857142863
        },
        "GIS": {
            "cost_p": 65,
            "position_%": 2.7265586739696492,
            "profit_%": 1.9384615384615462
        },
        "HAL": {
            "cost_p": 35,
            "position_%": 2.569257212009862,
            "profit_%": -8.971428571428573
        },
        "ILPT": {
            "cost_p": 17.24,
            "position_%": 3.615836272248981,
            "profit_%": -77.5522041763341
        },
        "KSS": {
            "cost_p": 22.03,
            "position_%": 6.006608758755137,
            "profit_%": -32.04720835224693
        },
        "MPW": {
            "cost_p": 6.18,
            "position_%": 4.536574162920271,
            "profit_%": -28.964401294498384
        },
        "NKE": {
            "cost_p": 75.5,
            "position_%": 3.167002767457054,
            "profit_%": 4.331125827814565
        },