{
    "KellyFormula_Range_v1": {
        "BAC": {
            "close": 35.07,
            "loss": 2.36130524,
            "max_close": 49.38,
            "min_close": 30.13,
            "p": 0.733333349,
            "profit": 7.53295135,
            "q": 0.25555557
        },
        "BIO": {
            "close": 548.49,
            "loss": 36.5475159,
            "max_close": 770.22,
            "min_close": 463.67,
            "p": 0.566666663,
            "profit": 91.24182,
            "q": 0.427777767
        },
        "C": {
            "close": 53.19,
            "loss": 3.35710526,
            "max_close": 68.07,
            "min_close": 44.14,
            "p": 0.516666651,
            "profit": 8.413658,
            "q": 0.477777779
        },
        "CCS": {
            "close": 51.87,
            "loss": 3.635769,
            "max_close": 84.95,
            "min_close": 40.36,
            "p": 0.705555558,
            "profit": 12.2520409,
            "q": 0.2888889
        },
        "DAC": {
            "close": 78.07,
            "loss": 8.855019,
            "max_close": 106.64,
            "min_close": 57.38,
            "p": 0.516666651,
            "profit": 12.5826874,
            "q": 0.477777779
        },
        "EDRY": {
            "close": 18.99,
            "loss": 1.43664169,
            "max_close": 42.75,
            "min_close": 15.55,
            "p": 0.6722222,
            "profit": 8.543726,
            "q": 0.322222233
        },
        "GGB": {
            "close": 5.04,
            "loss": 0.40635252,
            "max_close": 6.51,
            "min_close": 4.06,
            "p": 0.5833333,
            "profit": 0.6408572,
            "q": 0.411111116
        },
        "HIMX": {
            "close": 7.08,
            "loss": 0.326190948,
            "max_close": 15.99,
            "min_close": 6.35,
            "p": 0.877777755,
            "profit": 3.342472,
            "q": 0.116666667
        },
        "ILPT": {
            "close": 9.4,
            "loss": 0.1949997,
            "max_close": 25.55,
            "min_close": 9.06,
            "p": 0.983333349,
            "profit": 9.617434,
            "q": 0.0111111114
        },
        "INTC": {
            "close": 35.37,
            "loss": 0.8499985,
            "max_close": 55.91,
            "min_close": 34.52,
            "p": 0.98888886,
            "profit": 10.4316406,
            "q": 0.00555555569
        },
        "NMM": {
            "close": 29.46,
            "loss": 4.11734,
            "max_close": 36.49,
            "min_close": 20.36,
            "p": 0.45,
            "profit": 2.37321281,
            "q": 0.544444442
        },
        "SID": {
            "close": 3.15,
            "loss": 0.3499999,
            "max_close": 5.71,
            "min_close": 2.45,
            "p": 0.816666663,
            "profit": 1.4219718,
            "q": 0.177777782
        },
        "STC": {
            "close": 53.81,
            "loss": 2.91407013,
            "max_close": 80.18,
            "min_close": 45.91,
            "p": 0.6944444,
            "profit": 13.4733543,
            "q": 0.3
        },
        "THO": {
            "close": 88.2,
            "loss": 8.266205,
            "max_close": 112.5,
            "min_close": 69.02,
            "p": 0.394444436,
            "profit": 10.5435257,
            "q": 0.6
        },
        "TX": {
            "close": 34.7,
            "loss": 1.15285873,
            "max_close": 49.66,
            "min_close": 30.76,
            "p": 0.877777755,
            "profit": 7.34777832,
            "q": 0.116666667
        },
        "VALE": {
            "close": 13.76,
            "loss": 0.6604662,
            "max_close": 21.23,
            "min_close": 12.24,
            "p": 0.75,
            "profit": 3.188961,
            "q": 0.23888889
        },
        "WGO": {
            "close": 62.3,
            "loss": 8.409443,
            "max_close": 77.45,
            "min_close": 44.28,
            "p": 0.394444436,
            "profit": 6.923954,
            "q": 0.6
        },
        "X": {
            "close": 25.06,
            "loss": 3.13549042,
            "max_close": 38.45,
            "min_close": 17.02,
            "p": 0.372222215,
            "profit": 6.43761444,
            "q": 0.6166667
        },
        "ZIM": {
            "close": 52.41,
            "loss": 4.054123,
            "max_close": 88.62,
            "min_close": 42.05,
            "p": 0.7111111,
            "profit": 12.0382881,
            "q": 0.283333331
        }
    },
    "hold_stock_list": [
        "BIO",
        "ILPT",
        "INTC",
        "HIMX",
        "STC",
        "VALE",
        "CCS",
        "BAC",
        "C",
        "THO",
        "WGO",
        "DAC",
        "EDRY",
        "NMM",
        "ZIM",
        "X",
        "GGB",
        "SID",
        "TX"
    ],
    "portfolio": {
        "BAC": {
            "cost_p": 35.99,
            "position_%": 5.962175800996189,
            "profit_%": -2.556265629341488
        },
        "BIO": {
            "cost_p": 522.14,
            "position_%": 5.406172674236159,
            "profit_%": 5.0465392423488
        },
        "C": {
            "cost_p": 49.1,
            "position_%": 12.878840892723314,
            "profit_%": 8.329938900203658
        },
        "CCS": {
            "cost_p": 44.7,
            "position_%": 1.2341819871470299,
            "profit_%": 16.040268456375824
        },
        "DAC": {
            "cost_p": 73.49,
            "position_%": 6.087250619827868,
            "profit_%": 6.232140427269014
        },
        "EDRY": {
            "cost_p": 22.24,
            "position_%": 0.9210807850385886,
            "profit_%": -14.613309352517986
        },
        "GGB": {
            "cost_p": 4.57,
            "position_%": 2.775943109345915,
            "profit_%": 10.284463894967171
        },
        "HIMX": {
            "cost_p": 7.32,
            "position_%": 5.2547990110474885,
            "profit_%": -3.2786885245901667
        },
        "ILPT": {
            "cost_p": 17.42,
            "position_%": 4.809720406286636,
            "profit_%": -46.0390355912744
        },
        "INTC": {
            "cost_p": 43.58,
            "position_%": 6.617921263965807,
            "profit_%": -18.838916934373568
        },
        "NMM": {
            "cost_p": 30.04,
            "position_%": 2.218683712330512,
            "profit_%": -1.930758988015973
        },
        "SID": {
            "cost_p": 4.82,
            "position_%": 4.657863562230514,
            "profit_%": -34.64730290456432
        },
        "STC": {
            "cost_p": 52.86,
            "position_%": 8.756893938334496,
            "profit_%": 1.7972001513431761
        },
        "THO": {
            "cost_p": 80.73,
            "position_%": 8.481277907922928,
            "profit_%": 9.253065774804902
        },
        "TX": {
            "cost_p": 39.96,
            "position_%": 3.3099269937178066,
            "profit_%": -13.163163163163158
        },
        "VALE": {
            "cost_p": 13.29,
            "position_%": 3.6694135591015717,
            "profit_%": 3.5364936042136996
        },
        "WGO": {
            "cost_p": 48.65,
            "position_%": 2.6864856230292173,
            "profit_%": 28.05755395683453
        },
        "X": {
            "cost_p": 19.57,
            "position_%": 4.052506961152244,
            "profit_%": 28.053142565150736
        },
        "ZIM": {
            "cost_p": 56.94,
            "position_%": 10.218861191565711,
            "profit_%": -7.955742887249739
        }
    }
}