{"hold_stock_list":["CEIX","BIO","KGC","GSL","ARLP","GOGL","CPLP","LDI","EDRY","TX"],"portfolio":{"ARLP":{"cost_p":7.06,"position_%":8.532702143336419,"profit":0,"profit_%":10.481586402266291},"BIO":{"cost_p":580.11,"position_%":14.159422820819003,"profit":0,"profit_%":16.386547378945362},"CEIX":{"cost_p":18.18,"position_%":8.266456263002272,"profit":0,"profit_%":3.5753575357535676},"CPLP":{"cost_p":12.99,"position_%":5.6252955553669395,"profit":0,"profit_%":-7.46728252501925},"EDRY":{"cost_p":22.24,"position_%":3.9399508655687825,"profit":0,"profit_%":25.85431654676259},"GOGL":{"cost_p":10.75,"position_%":5.924886143766004,"profit":0,"profit_%":-3.8139534883720945},"GSL":{"cost_p":15.76,"position_%":12.40879808980096,"profit":0,"profit_%":12.753807106598982},"KGC":{"cost_p":7.61,"position_%":13.72124894867718,"profit":0,"profit_%":-17.214191852825238},"LDI":{"cost_p":13.57,"position_%":13.248754041717184,"profit":0,"profit_%":-5.52689756816507},"TX":{"cost_p":40.0,"position_%":14.172485127945261,"profit":0,"profit_%":5.274999999999999}},"KellyFormula_Range_v1":{"KGC":{"profit":0.988921642,"loss":0.100705147,"p":0.9722222,"q":0.0222222228,"max_close":9.005795,"min_close":6.13875675,"close":6.3},"GOGL":{"profit":0.3817768,"loss":4.26790237,"p":0.116666667,"q":0.877777755,"max_close":11.29,"min_close":3.11279774,"close":10.34},"GSL":{"profit":2.01650238,"loss":5.058325,"p":0.111111112,"q":0.8833333,"max_close":21.39,"min_close":6.65200329,"close":17.77},"ARLP":{"profit":0.0,"loss":2.34976768,"p":0.0,"q":0.99444443,"max_close":7.8,"min_close":2.69394946,"close":7.8},"TX":{"profit":0.0,"loss":10.5817432,"p":0.0,"q":0.99444443,"max_close":42.11,"min_close":17.8606052,"close":42.11},"CPLP":{"profit":0.5860882,"loss":2.963996,"p":0.294444442,"q":0.7,"max_close":13.45,"min_close":6.99167,"close":12.02},"EDRY":{"profit":2.01846123,"loss":18.3228073,"p":0.0722222254,"q":0.9222222,"max_close":32.89,"min_close":3.7,"close":27.99},"CEIX":{"profit":0.0,"loss":8.735138,"p":0.0,"q":0.99444443,"max_close":18.83,"min_close":3.76,"close":18.83},"BIO":{"profit":0.0,"loss":79.7713,"p":0.0,"q":0.99444443,"max_close":675.17,"min_close":516.56,"close":675.17},"LDI":{"profit":4.94306,"loss":0.327660561,"p":0.5222222,"q":0.0444444455,"max_close":30.3490582,"min_close":12.025135,"close":12.82}}}