{
    "KellyFormula_Range_v1": {
        "BIO": {
            "close": 648.34,
            "loss": 82.33539,
            "max_close": 662.35,
            "min_close": 478.82,
            "p": 0.0222222228,
            "profit": 6.4574585,
            "q": 0.9722222
        },
        "CNNE": {
            "close": 40.5,
            "loss": 2.03852844,
            "max_close": 45.6,
            "min_close": 34.48,
            "p": 0.35,
            "profit": 1.73794174,
            "q": 0.644444466
        },
        "DHI": {
            "close": 100.41,
            "loss": 24.1604,
            "max_close": 100.41,
            "min_close": 64.6072845,
            "p": 0.0,
            "profit": 0.0,
            "q": 0.99444443
        },
        "ELP": {
            "close": 1.14,
            "loss": 0.0503391027,
            "max_close": 1.42010415,
            "min_close": 1.02269232,
            "p": 0.51111114,
            "profit": 0.112359047,
            "q": 0.4722222
        },
        "HTH": {
            "close": 34.34,
            "loss": 8.408733,
            "max_close": 39.37,
            "min_close": 17.91427,
            "p": 0.0944444463,
            "profit": 2.20940781,
            "q": 0.9
        },
        "LAKE": {
            "close": 29.15,
            "loss": 5.561529,
            "max_close": 44.43,
            "min_close": 18.3,
            "p": 0.205555558,
            "profit": 4.01324654,
            "q": 0.783333361
        },
        "MDC": {
            "close": 61.48,
            "loss": 13.9546089,
            "max_close": 62.13,
            "min_close": 38.41685,
            "p": 0.0111111114,
            "profit": 0.420001984,
            "q": 0.983333349
        },
        "PBFX": {
            "close": 14.5,
            "loss": 4.63923,
            "max_close": 14.86,
            "min_close": 6.8425045,
            "p": 0.055555556,
            "profit": 0.13699913,
            "q": 0.927777767
        },
        "PHM": {
            "close": 54.79,
            "loss": 8.81376648,
            "max_close": 54.79,
            "min_close": 40.3891258,
            "p": 0.0,
            "profit": 0.0,
            "q": 0.99444443
        },
        "QDEL": {
            "close": 120.33,
            "loss": 2.15333557,
            "max_close": 283.45,
            "min_close": 116.01,
            "p": 0.9777778,
            "profit": 77.15779,
            "q": 0.0166666675
        },
        "SMP": {
            "close": 42.83,
            "loss": 1.17789078,
            "max_close": 53.85105,
            "min_close": 38.99902,
            "p": 0.6666667,
            "profit": 3.16686249,
            "q": 0.327777773
        },
        "STC": {
            "close": 59.21,
            "loss": 11.9196281,
            "max_close": 59.21,
            "min_close": 39.3002357,
            "p": 0.0,
            "profit": 0.0,
            "q": 0.99444443
        },
        "TDS": {
            "close": 23.41,
            "loss": 3.693987,
            "max_close": 23.88,
            "min_close": 16.3788166,
            "p": 0.0833333358,
            "profit": 0.267112732,
            "q": 0.9111111
        },
        "WFC": {
            "close": 44.14,
            "loss": 14.0350628,
            "max_close": 44.14,
            "min_close": 20.9815083,
            "p": 0.0,
            "profit": 0.0,
            "q": 0.99444443
        }
    },
    "hold_stock_list": [
        "SMP",
        "DHI",
        "TDS",
        "QDEL",
        "BIO",
        "WFC",
        "STC",
        "CNNE",
        "LAKE",
        "HTH",
        "MDC",
        "PBFX",
        "PHM",
        "ELP"
    ],
    "portfolio": {
        "BIO": {
            "cost_p": 580.11,
            "position": 62,
            "position_%": 16.819199319428574,
            "profit": 0,
            "profit_%": 11.761562462291637
        },
        "CNNE": {
            "cost_p": 41.7,
            "position": 200,
            "position_%": 3.900042381395806,
            "profit": 0,
            "profit_%": -2.8776978417266252
        },
        "DHI": {
            "cost_p": 72.88,
            "position": 100,
            "position_%": 3.408094589401995,
            "profit": 0,
            "profit_%": 37.774423710208566
        },
        "ELP": {
            "cost_p": 1.05,
            "position": 18050,
            "position_%": 8.862776167074822,
            "profit": 0,
            "profit_%": 8.571428571428557
        },
        "HTH": {
            "cost_p": 29.44,
            "position": 200,
            "position_%": 2.7534112160262,
            "profit": 0,
            "profit_%": 16.64402173913044
        },
        "LAKE": {
            "cost_p": 28.88,
            "position": 790,
            "position_%": 10.66909435731674,
            "profit": 0,
            "profit_%": 0.9349030470914113
        },
        "MDC": {
            "cost_p": 59.95,
            "position": 170,
            "position_%": 4.765861142685295,
            "profit": 0,
            "profit_%": 2.5521267723102485
        },
        "PBFX": {
            "cost_p": 11.39,
            "position": 1000,
            "position_%": 5.326316873393074,
            "profit": 0,
            "profit_%": 27.304653204565405
        },
        "PHM": {
            "cost_p": 49.31,
            "position": 185,
            "position_%": 4.26589347936763,
            "profit": 0,
            "profit_%": 11.113364429121875
        },
        "QDEL": {
            "cost_p": 120.27,
            "position": 103,
            "position_%": 5.792923742527432,
            "profit": 0,
            "profit_%": 0.04988775255674921
        },
        "SMP": {
            "cost_p": 41.45,
            "position": 637,
            "position_%": 12.347164751024147,
            "profit": 0,
            "profit_%": 3.3293124246079504
        },
        "STC": {
            "cost_p": 53.5,
            "position": 530,
            "position_%": 13.259676465764759,
            "profit": 0,
            "profit_%": 10.672897196261683
        },
        "TDS": {
            "cost_p": 20.77,
            "position": 500,
            "position_%": 4.856347737505449,
            "profit": 0,
            "profit_%": 12.71064034665383
        },
        "WFC": {
            "cost_p": 31.79,
            "position": 200,
            "position_%": 2.9731977770880738,
            "profit": 0,
            "profit_%": 38.848694558037124
        }
    }
}