{"hold_stock_list":["INTC","T","DHI","BAC","PFC","SNV","FHN","STL","SFM","BIO","PBCT","FBP","WFC","PSX"],"portfolio":{"BAC":{"cost_p":25.9,"position_%":4.061499156132699,"profit_%":5.7528957528957605},"BIO":{"cost_p":597.32,"position_%":7.737834286198171,"profit_%":-7.088327864461265},"DHI":{"cost_p":72.88,"position_%":4.968978655345832,"profit_%":6.0373216245883725},"FBP":{"cost_p":6.92,"position_%":7.9263663907229,"profit_%":17.196531791907507},"FHN":{"cost_p":10.96,"position_%":10.013228337523467,"profit_%":12.043795620437942},"INTC":{"cost_p":45.18,"position_%":4.928615930812835,"profit_%":1.9477644975653001},"PBCT":{"cost_p":14.03,"position_%":6.887298955109969,"profit_%":-7.412687099073409},"PFC":{"cost_p":17.29,"position_%":4.715348021456061,"profit_%":23.01908617698092},"PSX":{"cost_p":74.12,"position_%":8.590987739958784,"profit_%":-11.171073934160821},"SFM":{"cost_p":20.61,"position_%":12.084681541512447,"profit_%":1.0674429888403634},"SNV":{"cost_p":15.59,"position_%":8.503444263100056,"profit_%":104.8749198203977},"STL":{"cost_p":16.83,"position_%":6.884844465104583,"profit_%":-3.4462269756387305},"T":{"cost_p":28.25,"position_%":4.815232128619639,"profit_%":1.3097345132743399},"WFC":{"cost_p":34,"position_%":7.8816401284025535,"profit_%":-22.64705882352941}},"KellyFormula_Range_v1":{"DHI":{"profit":0.784996033,"loss":18.6487961,"p":0.0444444455,"q":0.95,"max_close":78.82,"min_close":28.6062851,"close":77.28},"T":{"profit":0.895181656,"loss":0.880643845,"p":0.594444454,"q":0.394444436,"max_close":32.7475777,"min_close":25.3954983,"close":28.62},"SNV":{"profit":0.0,"loss":11.1312332,"p":0.0,"q":0.99444443,"max_close":31.94,"min_close":12.3679667,"close":31.94},"WFC":{"profit":2.11067,"loss":1.96577644,"p":0.266666681,"q":0.7277778,"max_close":33.0351639,"min_close":21.0457516,"close":26.3},"BIO":{"profit":28.2849121,"loss":90.81082,"p":0.161111116,"q":0.8333333,"max_close":643.45,"min_close":320.01,"close":554.98},"BAC":{"profit":0.442684174,"loss":3.5115757,"p":0.03888889,"q":0.955555558,"max_close":28.3411922,"min_close":17.8341846,"close":27.39},"FHN":{"profit":0.154999733,"loss":2.94128323,"p":0.0111111114,"q":0.983333349,"max_close":12.46,"min_close":6.59697628,"close":12.28},"PBCT":{"profit":0.212690353,"loss":2.056055,"p":0.03888889,"q":0.955555558,"max_close":13.3429022,"min_close":9.070121,"close":12.99},"SFM":{"profit":3.00221062,"loss":1.59186745,"p":0.6666667,"q":0.327777773,"max_close":27.41,"min_close":13.32,"close":20.83},"FBP":{"profit":0.118000031,"loss":2.52124166,"p":0.027777778,"q":0.9611111,"max_close":8.33,"min_close":3.666915,"close":8.11},"STL":{"profit":0.0,"loss":4.63536739,"p":0.0,"q":0.99444443,"max_close":16.25,"min_close":7.3472147,"close":16.25},"PFC":{"profit":0.340000153,"loss":4.583418,"p":0.0111111114,"q":0.983333349,"max_close":21.84,"min_close":11.0733128,"close":21.27},"PSX":{"profit":7.652237,"loss":10.3591881,"p":0.25555557,"q":0.73888886,"max_close":87.2001343,"min_close":40.3908043,"close":65.84},"INTC":{"profit":8.340233,"loss":1.12835693,"p":0.877777755,"q":0.116666667,"max_close":63.44745,"min_close":43.7472076,"close":46.06}}}