{
    "KellyFormula_Range_v1": {
        "ASML": {
            "close": 499.88,
            "loss": 32.45276,
            "max_close": 811.43,
            "min_close": 428.88,
            "p": 0.872222245,
            "profit": 127.509644,
            "q": 0.122222222
        },
        "BAC": {
            "close": 33.9,
            "loss": 1.44825363,
            "max_close": 49.38,
            "min_close": 30.13,
            "p": 0.7722222,
            "profit": 7.38784027,
            "q": 0.222222224
        },
        "BIO": {
            "close": 488.31,
            "loss": 11.4875183,
            "max_close": 764.32,
            "min_close": 463.67,
            "p": 0.927777767,
            "profit": 86.43469,
            "q": 0.06666667
        },
        "C": {
            "close": 49.37,
            "loss": 2.35387421,
            "max_close": 67.84,
            "min_close": 44.14,
            "p": 0.822222233,
            "profit": 7.429451,
            "q": 0.172222227
        },
        "CCS": {
            "close": 48.43,
            "loss": 3.69388962,
            "max_close": 84.95,
            "min_close": 40.36,
            "p": 0.894444466,
            "profit": 10.709137,
            "q": 0.1
        },
        "DAC": {
            "close": 64.84,
            "loss": 3.77412033,
            "max_close": 106.64,
            "min_close": 57.38,
            "p": 0.9,
            "profit": 17.6343384,
            "q": 0.0944444463
        },
        "EDRY": {
            "close": 14.59,
            "loss": 0.239999771,
            "max_close": 42.75,
            "min_close": 14.35,
            "p": 0.98888886,
            "profit": 9.446936,
            "q": 0.00555555569
        },
        "GGB": {
            "close": 4.76,
            "loss": 0.28976202,
            "max_close": 6.51,
            "min_close": 4.06,
            "p": 0.75,
            "profit": 0.7442217,
            "q": 0.233333334
        },
        "HIMX": {
            "close": 6.24,
            "loss": 0.0,
            "max_close": 15.99,
            "min_close": 6.24,
            "p": 0.99444443,
            "profit": 3.501567,
            "q": 0.0
        },
        "ILPT": {
            "close": 8.0,
            "loss": 0.0,
            "max_close": 25.55,
            "min_close": 8.0,
            "p": 0.99444443,
            "profit": 9.901873,
            "q": 0.0
        },
        "INTC": {
            "close": 32.94,
            "loss": 0.0,
            "max_close": 55.91,
            "min_close": 32.94,
            "p": 0.99444443,
            "profit": 11.72068,
            "q": 0.0
        },
        "NFLX": {
            "close": 224.57,
            "loss": 33.39514,
            "max_close": 614.24,
            "min_close": 166.37,
            "p": 0.6111111,
            "profit": 176.448273,
            "q": 0.383333325
        },
        "NKE": {
            "close": 107.88,
            "loss": 3.14473724,
            "max_close": 169.06,
            "min_close": 101.18,
            "p": 0.8888889,
            "profit": 23.0497665,
            "q": 0.105555557
        },
        "NMM": {
            "close": 27.16,
            "loss": 3.01090622,
            "max_close": 36.49,
            "min_close": 20.36,
            "p": 0.627777755,
            "profit": 3.724081,
            "q": 0.366666675
        },
        "SID": {
            "close": 2.93,
            "loss": 0.198400259,
            "max_close": 5.71,
            "min_close": 2.45,
            "p": 0.85,
            "profit": 1.50202489,
            "q": 0.1388889
        },
        "STC": {
            "close": 52.25,
            "loss": 2.18487167,
            "max_close": 80.18,
            "min_close": 45.91,
            "p": 0.7777778,
            "profit": 11.5875893,
            "q": 0.216666669
        },
        "THO": {
            "close": 82.56,
            "loss": 4.8737793,
            "max_close": 106.42,
            "min_close": 69.02,
            "p": 0.5777778,
            "profit": 9.632301,
            "q": 0.411111116
        },
        "TX": {
            "close": 32.73,
            "loss": 1.06143,
            "max_close": 49.66,
            "min_close": 30.76,
            "p": 0.955555558,
            "profit": 8.24086,
            "q": 0.03888889
        },
        "VALE": {
            "close": 13.25,
            "loss": 0.407647133,
            "max_close": 21.23,
            "min_close": 12.43,
            "p": 0.9,
            "profit": 3.13530731,
            "q": 0.0944444463
        },
        "WGO": {
            "close": 59.14,
            "loss": 6.37097931,
            "max_close": 77.45,
            "min_close": 44.28,
            "p": 0.483333319,
            "profit": 7.20883942,
            "q": 0.51111114
        },
        "ZIM": {
            "close": 39.34,
            "loss": 0.0,
            "max_close": 88.62,
            "min_close": 39.34,
            "p": 0.99444443,
            "profit": 20.1081047,
            "q": 0.0
        }
    },
    "hold_stock_list": [
        "BIO",
        "ILPT",
        "ASML",
        "NFLX",
        "NKE",
        "INTC",
        "HIMX",
        "STC",
        "VALE",
        "CCS",
        "BAC",
        "C",
        "THO",
        "WGO",
        "DAC",
        "EDRY",
        "NMM",
        "ZIM",
        "GGB",
        "SID",
        "TX"
    ],
    "portfolio": {
        "ASML": {
            "cost_p": 569.13,
            "position_%": 3.8882999699118423,
            "profit_%": -12.167694551332737
        },
        "BAC": {
            "cost_p": 35.99,
            "position_%": 5.901214102245626,
            "profit_%": -5.8071686579605535
        },
        "BIO": {
            "cost_p": 522.14,
            "position_%": 5.3508959630219,
            "profit_%": -6.479105220821999
        },
        "C": {
            "cost_p": 49.1,
            "position_%": 12.747158090175384,
            "profit_%": 0.5498981670061018
        },
        "CCS": {
            "cost_p": 44.7,
            "position_%": 1.221562796936091,
            "profit_%": 8.344519015659948
        },
        "DAC": {
            "cost_p": 73.49,
            "position_%": 6.02501006354586,
            "profit_%": -11.77030888556265
        },
        "EDRY": {
            "cost_p": 22.24,
            "position_%": 0.9116629732838475,
            "profit_%": -34.39748201438849
        },
        "GGB": {
            "cost_p": 4.57,
            "position_%": 2.747559812169006,
            "profit_%": 4.157549234135656
        },
        "HIMX": {
            "cost_p": 7.32,
            "position_%": 5.2010700562164836,
            "profit_%": -14.754098360655737
        },
        "ILPT": {
            "cost_p": 17.42,
            "position_%": 4.760542264569732,
            "profit_%": -54.07577497129736
        },
        "INTC": {
            "cost_p": 43.58,
            "position_%": 6.550254738201603,
            "profit_%": -24.414869206057826
        },
        "NFLX": {
            "cost_p": 248.68,
            "position_%": 3.3979668494638378,
            "profit_%": -9.695190606401807
        },
        "NKE": {
            "cost_p": 115.53,
            "position_%": 3.1572069335576414,
            "profit_%": -6.621656712542201
        },
        "NMM": {
            "cost_p": 30.04,
            "position_%": 2.195998247726923,
            "profit_%": -9.587217043941408
        },
        "SID": {
            "cost_p": 4.82,
            "position_%": 4.610238117295717,
            "profit_%": -39.211618257261414
        },
        "STC": {
            "cost_p": 52.86,
            "position_%": 8.667356972623056,
            "profit_%": -1.1539916761256137
        },
        "THO": {
            "cost_p": 72.81,
            "position_%": 2.9846304444602945,
            "profit_%": 13.391017717346518
        },
        "TX": {
            "cost_p": 39.96,
            "position_%": 3.2760838500379994,