{
    "KellyFormula_Range_v1": {
        "CPLP": {
            "close": 15.92,
            "loss": 3.64134884,
            "max_close": 16.3,
            "min_close": 9.931693,
            "p": 0.0222222228,
            "profit": 0.239999771,
            "q": 0.9722222
        },
        "DAC": {
            "close": 72.1,
            "loss": 10.9180069,
            "max_close": 87.12521,
            "min_close": 46.4305077,
            "p": 0.394444436,
            "profit": 5.27566528,
            "q": 0.6
        },
        "EDRY": {
            "close": 21.16,
            "loss": 9.04,
            "max_close": 33.81,
            "min_close": 7.74,
            "p": 0.6666667,
            "profit": 6.361902,
            "q": 0.327777773
        },
        "ET": {
            "close": 9.04,
            "loss": 0.9846344,
            "max_close": 10.9818878,
            "min_close": 7.269303,
            "p": 0.6944444,
            "profit": 0.660074234,
            "q": 0.3
        },
        "GGB": {
            "close": 4.61,
            "loss": 0.176707745,
            "max_close": 6.49767637,
            "min_close": 4.14701271,
            "p": 0.7111111,
            "profit": 0.687624,
            "q": 0.272222221
        },
        "GOGL": {
            "close": 9.12,
            "loss": 1.31007,
            "max_close": 11.68,
            "min_close": 6.264789,
            "p": 0.594444454,
            "profit": 0.9892225,
            "q": 0.4
        },
        "INTC": {
            "close": 49.76,
            "loss": 0.928710938,
            "max_close": 66.9506,
            "min_close": 47.5614853,
            "p": 0.933333337,
            "profit": 5.994194,
            "q": 0.06111111
        },
        "KGC": {
            "close": 6.23,
            "loss": 0.3862486,
            "max_close": 8.151266,
            "min_close": 5.24,
            "p": 0.6166667,
            "profit": 0.7670107,
            "q": 0.377777785
        },
        "LDI": {
            "close": 5.5,
            "loss": 0.0,
            "max_close": 21.31603,
            "min_close": 5.5,
            "p": 0.99444443,
            "profit": 6.308613,
            "q": 0.0
        },
        "NMM": {
            "close": 26.74,
            "loss": 2.237774,
            "max_close": 34.7383652,
            "min_close": 21.3855934,
            "p": 0.594444454,
            "profit": 3.06137848,
            "q": 0.4
        },
        "SB": {
            "close": 3.59,
            "loss": 0.5757742,
            "max_close": 5.28,
            "min_close": 2.12,
            "p": 0.594444454,
            "profit": 0.6435516,
            "q": 0.394444436
        },
        "SID": {
            "close": 4.1,
            "loss": 0.206666946,
            "max_close": 9.618398,
            "min_close": 3.57,
            "p": 0.905555546,
            "profit": 3.2086935,
            "q": 0.0833333358
        },
        "THO": {
            "close": 108.23,
            "loss": 2.437294,
            "max_close": 150.598877,
            "min_close": 101.76,
            "p": 0.8333333,
            "profit": 13.9876633,
            "q": 0.161111116
        },
        "TX": {
            "close": 38.4,
            "loss": 2.36880875,
            "max_close": 55.1230164,
            "min_close": 32.1183052,
            "p": 0.5833333,
            "profit": 7.097027,
            "q": 0.411111116
        },
        "VALE": {
            "close": 12.71,
            "loss": 0.6487503,
            "max_close": 20.7570267,
            "min_close": 11.27,
            "p": 0.905555546,
            "profit": 4.68141842,
            "q": 0.08888889
        }
    },
    "hold_stock_list": [
        "VALE",
        "INTC",
        "KGC",
        "DAC",
        "GGB",
        "LDI",
        "THO",
        "GOGL",
        "CPLP",
        "SID",
        "EDRY",
        "ET",
        "SB",
        "NMM",
        "TX"
    ],
    "portfolio": {
        "CPLP": {
            "cost_p": 12.99,
            "position_%": 4.447238367370211,
            "profit_%": 22.55581216320246
        },
        "DAC": {
            "cost_p": 76.97,
            "position_%": 11.139431084643125,
            "profit_%": -6.327140444328966
        },
        "EDRY": {
            "cost_p": 22.24,
            "position_%": 3.11484089723851,
            "profit_%": -4.856115107913662
        },
        "ET": {
            "cost_p": 9.35,
            "position_%": 6.489407486797718,
            "profit_%": -3.31550802139038
        },
        "GGB": {
            "cost_p": 4.45,
            "position_%": 4.570487467620656,
            "profit_%": 3.595505617977531
        },
        "GOGL": {
            "cost_p": 10.75,
            "position_%": 4.684088279720182,
            "profit_%": -15.162790697674424
        },
        "INTC": {
            "cost_p": 49.94,
            "position_%": 9.061616209024498,
            "profit_%": -0.3604325190228268
        },
        "KGC": {
            "cost_p": 7.61,
            "position_%": 10.847725985628658,
            "profit_%": -18.134034165571613
        },
        "LDI": {
            "cost_p": 7.03,
            "position_%": 6.563948293641106,
            "profit_%": -21.763869132290186
        },
        "NMM": {
            "cost_p": 30.04,
            "position_%": 5.001983812537869,
            "profit_%": -10.985352862849536
        },
        "SB": {
            "cost_p": 4.05,
            "position_%": 5.237386481665203,
            "profit_%": -11.358024691358025
        },
        "SID": {
            "cost_p": 4.85,
            "position_%": 13.313703942962807,
            "profit_%": -15.463917525773196
        },
        "THO": {
            "cost_p": 104.58,
            "position_%": 3.2548966929776517,
            "profit_%": 3.4901510805125318
        },
        "TX": {
            "cost_p": 40.0,
            "position_%": 3.7348212197104442,
            "profit_%": -4.0000000000000036
        },
        "VALE": {
            "cost_p": 12.76,
            "position_%": 8.53842377846136,
            "profit_%": -0.39184952978055587
        }
    }
}