{
    "KellyFormula_Range_v1": {
        "ARLP": {
            "close": 11.74,
            "loss": 4.753675,
            "max_close": 11.98,
            "min_close": 5.29967546,
            "p": 0.0333333351,
            "profit": 0.109999657,
            "q": 0.9611111
        },
        "BIO": {
            "close": 721.48,
            "loss": 104.790833,
            "max_close": 825.77,
            "min_close": 554.11,
            "p": 0.2777778,
            "profit": 54.4819946,
            "q": 0.716666639
        },
        "CEIX": {
            "close": 32.66,
            "loss": 16.4752827,
            "max_close": 33.98,
            "min_close": 8.78,
            "p": 0.03888889,
            "profit": 0.765716553,
            "q": 0.955555558
        },
        "CNNE": {
            "close": 31.68,
            "loss": 0.5702877,
            "max_close": 42.07,
            "min_close": 29.78,
            "p": 0.794444442,
            "profit": 5.08147049,
            "q": 0.188888893
        },
        "CPLP": {
            "close": 12.92,
            "loss": 1.456975,
            "max_close": 13.77,
            "min_close": 9.002005,
            "p": 0.15,
            "profit": 0.32435894,
            "q": 0.844444454
        },
        "EDRY": {
            "close": 25.4,
            "loss": 12.2487307,
            "max_close": 33.81,
            "min_close": 6.62,
            "p": 0.405555546,
            "profit": 3.33573723,
            "q": 0.5888889
        },
        "ET": {
            "close": 9.99,
            "loss": 1.38283348,
            "max_close": 11.163332,
            "min_close": 6.022776,
            "p": 0.194444448,
            "profit": 0.5106573,
            "q": 0.8
        },
        "GOGL": {
            "close": 9.64,
            "loss": 2.14290667,
            "max_close": 11.68,
            "min_close": 4.55026436,
            "p": 0.4,
            "profit": 0.799649239,
            "q": 0.594444454
        },
        "GSL": {
            "close": 22.03,
            "loss": 5.72234344,
            "max_close": 25.22,
            "min_close": 11.7490473,
            "p": 0.122222222,
            "profit": 1.795908,
            "q": 0.872222245
        },
        "KGC": {
            "close": 6.11,
            "loss": 0.353170872,
            "max_close": 8.151266,
            "min_close": 5.24,
            "p": 0.7111111,
            "profit": 0.8410287,
            "q": 0.283333331
        },
        "NMM": {
            "close": 27.37,
            "loss": 4.58143044,
            "max_close": 34.7979736,
            "min_close": 14.5522242,
            "p": 0.422222227,
            "profit": 2.94849968,
            "q": 0.572222233
        },
        "PBFX": {
            "close": 14.45,
            "loss": 1.77521324,
            "max_close": 15.8821535,
            "min_close": 9.259094,
            "p": 0.244444445,
            "profit": 0.654950142,
            "q": 0.75
        },
        "SB": {
            "close": 4.61,
            "loss": 1.29075885,
            "max_close": 5.28,
            "min_close": 1.94,
            "p": 0.116666667,
            "profit": 0.356190681,
            "q": 0.877777755
        },
        "SID": {
            "close": 5.05,
            "loss": 0.0666666,
            "max_close": 9.618398,
            "min_close": 4.93,
            "p": 0.9777778,
            "profit": 2.27080774,
            "q": 0.0166666675
        },
        "TX": {
            "close": 44.65,
            "loss": 7.984627,
            "max_close": 56.19,
            "min_close": 25.8438988,
            "p": 0.23888889,
            "profit": 7.32325,
            "q": 0.75555557
        },
        "X": {
            "close": 22.11,
            "loss": 2.4444313,
            "max_close": 29.45,
            "min_close": 16.238081,
            "p": 0.6888889,
            "profit": 2.92719269,
            "q": 0.305555552
        }
    },
    "hold_stock_list": [
        "CEIX",
        "BIO",
        "KGC",
        "GSL",
        "ARLP",
        "GOGL",
        "CPLP",
        "SID",
        "EDRY",
        "CNNE",
        "PBFX",
        "ET",
        "SB",
        "NMM",
        "X",
        "TX"
    ],
    "portfolio": {
        "ARLP": {
            "cost_p": 7.06,
            "position_%": 7.747359625619467,
            "profit_%": 66.28895184135979
        },
        "BIO": {
            "cost_p": 580.11,
            "position_%": 4.147161872104262,
            "profit_%": 24.369516126251916
        },
        "CEIX": {
            "cost_p": 18.18,
            "position_%": 7.505618785597394,
            "profit_%": 79.64796479647963
        },
        "CNNE": {
            "cost_p": 31,
            "position_%": 3.5458659367425387,
            "profit_%": 2.1935483870967736
        },
        "CPLP": {
            "cost_p": 12.99,
            "position_%": 5.107548222793763,
            "profit_%": -0.5388760585065456
        },
        "EDRY": {
            "cost_p": 22.24,
            "position_%": 3.577321199084609,
            "profit_%": 14.20863309352518
        },
        "ET": {
            "cost_p": 9.35,
            "position_%": 7.452931221174425,
            "profit_%": 6.844919786096263
        },
        "GOGL": {
            "cost_p": 10.75,
            "position_%": 5.379564752820081,
            "profit_%": -10.325581395348832
        },
        "GSL": {
            "cost_p": 15.75,
            "position_%": 8.444665600357105,
            "profit_%": 39.87301587301588
        },
        "KGC": {
            "cost_p": 7.61,
            "position_%": 12.458357075205353,
            "profit_%": -19.71090670170828
        },
        "NMM": {
            "cost_p": 30.04,
            "position_%": 5.74466026368589,
            "profit_%": -8.888149134487344
        },
        "PBFX": {
            "cost_p": 11.7,
            "position_%": 4.182120106843518,
            "profit_%": 23.504273504273506
        },
        "SB": {
            "cost_p": 4.05,
            "position_%": 6.015014669054359,
            "profit_%": 13.827160493827172
        },
        "SID": {
            "cost_p": 5.46,
            "position_%": 9.309399357833671,
            "profit_%": -7.509157509157512
        },
        "TX": {
            "cost_p": 40.0,
            "position_%": 4.289353955736941,
            "profit_%": 11.624999999999996
        },
        "X": {
            "cost_p": 21.82,
            "position_%": 5.093057355346632,
            "profit_%": 1.3290559120073289
        }
    }
}