{"hold_stock_list":["CEIX","BIO","KGC","GSL","ARLP","GOGL","CPLP","LDI","EDRY","TX"],"portfolio":{"ARLP":{"cost_p":7.06,"position_%":8.532702143336419,"profit":0,"profit_%":2.266288951841362},"BIO":{"cost_p":580.11,"position_%":14.159422820819003,"profit":0,"profit_%":15.96076606160901},"CEIX":{"cost_p":18.18,"position_%":8.266456263002272,"profit":0,"profit_%":-4.455445544554449},"CPLP":{"cost_p":12.99,"position_%":5.6252955553669395,"profit":0,"profit_%":-9.160892994611237},"EDRY":{"cost_p":22.24,"position_%":3.9399508655687825,"profit":0,"profit_%":19.109712230215827},"GOGL":{"cost_p":10.75,"position_%":5.924886143766004,"profit":0,"profit_%":-6.325581395348835},"GSL":{"cost_p":15.76,"position_%":12.40879808980096,"profit":0,"profit_%":8.88324873096447},"KGC":{"cost_p":7.61,"position_%":13.72124894867718,"profit":0,"profit_%":-18.528252299605782},"LDI":{"cost_p":13.57,"position_%":13.248754041717184,"profit":0,"profit_%":-5.821665438467214},"TX":{"cost_p":40.0,"position_%":14.172485127945261,"profit":0,"profit_%":1.6999999999999995}},"KellyFormula_Range_v1":{"CPLP":{"profit":0.793567657,"loss":2.80251122,"p":0.3,"q":0.6944444,"max_close":13.45,"min_close":6.99167,"close":11.8},"LDI":{"profit":4.98306,"loss":0.328753471,"p":0.5222222,"q":0.03888889,"max_close":30.3490582,"min_close":12.025135,"close":12.78},"ARLP":{"profit":0.07666683,"loss":1.82723618,"p":0.0166666675,"q":0.9777778,"max_close":7.36,"min_close":2.64479,"close":7.22},"KGC":{"profit":1.09214067,"loss":0.04140854,"p":0.983333349,"q":0.0111111114,"max_close":9.005795,"min_close":6.13875675,"close":6.2},"EDRY":{"profit":2.53119087,"loss":17.8575363,"p":0.116666667,"q":0.877777755,"max_close":32.89,"min_close":3.7,"close":26.485},"TX":{"profit":0.419998169,"loss":9.37935448,"p":0.0111111114,"q":0.983333349,"max_close":41.32,"min_close":17.8606052,"close":40.68},"CEIX":{"profit":0.5462475,"loss":8.17432,"p":0.08888889,"q":0.9,"max_close":18.67,"min_close":3.76,"close":17.37},"GSL":{"profit":2.50786781,"loss":4.537915,"p":0.116666667,"q":0.877777755,"max_close":21.39,"min_close":6.65200329,"close":17.16},"GOGL":{"profit":0.5493355,"loss":4.175938,"p":0.144444451,"q":0.85,"max_close":11.29,"min_close":3.11279774,"close":10.07},"BIO":{"profit":0.7000122,"loss":78.3581543,"p":0.00555555569,"q":0.98888886,"max_close":673.4,"min_close":516.56,"close":672.7}}}