{
    "KellyFormula_Range_v1": {
        "ARLP": {
            "close": 7.36,
            "loss": 1.96199894,
            "max_close": 7.36,
            "min_close": 2.58579826,
            "p": 0.0,
            "profit": 0.0,
            "q": 0.99444443
        },
        "BIO": {
            "close": 673.4,
            "loss": 79.28162,
            "max_close": 673.4,
            "min_close": 516.56,
            "p": 0.0,
            "profit": 0.0,
            "q": 0.99444443
        },
        "CEIX": {
            "close": 17.68,
            "loss": 8.220886,
            "max_close": 18.67,
            "min_close": 3.76,
            "p": 0.055555556,
            "profit": 0.468997955,
            "q": 0.9388889
        },
        "CPLP": {
            "close": 11.93,
            "loss": 2.946663,
            "max_close": 13.45,
            "min_close": 6.99167,
            "p": 0.294444442,
            "profit": 0.676088333,
            "q": 0.7
        },
        "EDRY": {
            "close": 26.38,
            "loss": 17.894371,
            "max_close": 32.89,
            "min_close": 3.7,
            "p": 0.116666667,
            "profit": 2.63619232,
            "q": 0.877777755
        },
        "GOGL": {
            "close": 10.43,
            "loss": 4.362626,
            "max_close": 11.29,
            "min_close": 3.11279774,
            "p": 0.0944444463,
            "profit": 0.363814354,
            "q": 0.894444466
        },
        "GSL": {
            "close": 18.1,
            "loss": 5.48103333,
            "max_close": 21.39,
            "min_close": 6.65200329,
            "p": 0.105555557,
            "profit": 1.77526283,
            "q": 0.8888889
        },
        "KGC": {
            "close": 6.46,
            "loss": 0.108777046,
            "max_close": 9.005795,
            "min_close": 6.13875675,
            "p": 0.9,
            "profit": 0.9305253,
            "q": 0.08888889
        },
        "LDI": {
            "close": 12.66,
            "loss": 0.390504837,
            "max_close": 30.3490582,
            "min_close": 12.025135,
            "p": 0.533333361,
            "profit": 4.997795,
            "q": 0.0222222228
        },
        "TX": {
            "close": 41.32,
            "loss": 10.0320892,
            "max_close": 41.32,
            "min_close": 17.8606052,
            "p": 0.0,
            "profit": 0.0,
            "q": 0.99444443
        }
    },
    "hold_stock_list": [
        "CEIX",
        "BIO",
        "KGC",
        "GSL",
        "ARLP",
        "GOGL",
        "CPLP",
        "LDI",
        "EDRY",
        "TX"
    ],
    "portfolio": {
        "ARLP": {
            "cost_p": 7.06,
            "position_%": 8.532702143336419,
            "profit": 0,
            "profit_%": 4.532577903682724
        },
        "BIO": {
            "cost_p": 580.11,
            "position_%": 14.159422820819003,
            "profit": 0,
            "profit_%": 15.350536967126915
        },
        "CEIX": {
            "cost_p": 18.18,
            "position_%": 8.266456263002272,
            "profit": 0,
            "profit_%": -3.2453245324532447
        },
        "CPLP": {
            "cost_p": 12.99,
            "position_%": 5.6252955553669395,
            "profit": 0,
            "profit_%": -8.237105465742882
        },
        "EDRY": {
            "cost_p": 22.24,
            "position_%": 3.9399508655687825,
            "profit": 0,
            "profit_%": 15.37769784172663
        },
        "GOGL": {
            "cost_p": 10.75,
            "position_%": 5.924886143766004,
            "profit": 0,
            "profit_%": -6.04651162790698
        },
        "GSL": {
            "cost_p": 15.76,
            "position_%": 12.40879808980096,
            "profit": 0,
            "profit_%": 11.42131979695431
        },
        "KGC": {
            "cost_p": 7.61,
            "position_%": 13.72124894867718,
            "profit": 0,
            "profit_%": -18.26544021024968
        },
        "LDI": {
            "cost_p": 13.57,
            "position_%": 13.248754041717184,
            "profit": 0,
            "profit_%": -5.821665438467214
        },
        "TX": {
            "cost_p": 40.0,
            "position_%": 14.172485127945261,
            "profit": 0,
            "profit_%": 0.7249999999999979
        }
    }
}