{
    "Factor_Intersectional_v1": [],
    "KellyFormula_Range_v1": {
        "AAP": {
            "close": 56.6,
            "loss": 6.852932,
            "max_close": 65.48837,
            "min_close": 30.282679,
            "p": 0.25555557,
            "profit": 2.6746101,
            "q": 0.73888886
        },
        "ADBE": {
            "close": 243.2,
            "loss": 5.1249847,
            "max_close": 420.68,
            "min_close": 225.35,
            "p": 0.90555555,
            "profit": 75.54805,
            "q": 0.08888889
        },
        "ADSK": {
            "close": 234.85,
            "loss": 7.9452972,
            "max_close": 326.79,
            "min_close": 218.45,
            "p": 0.9,
            "profit": 50.2276,
            "q": 0.094444446
        },
        "CRM": {
            "close": 181.32,
            "loss": 6.077652,
            "max_close": 288.99335,
            "min_close": 164.96,
            "p": 0.92777777,
            "profit": 48.340805,
            "q": 0.06666667
        },
        "EL": {
            "close": 77.1,
            "loss": 4.4019165,
            "max_close": 119.235886,
            "min_close": 56.795063,
            "p": 0.87777776,
            "profit": 20.249619,
            "q": 0.11666667
        },
        "EPAM": {
            "close": 114.15,
            "loss": 0.0,
            "max_close": 221.4,
            "min_close": 114.15,
            "p": 0.99444443,
            "profit": 53.27305,
            "q": 0.0
        },
        "FLO": {
            "close": 8.93,
            "loss": 0.47579765,
            "max_close": 16.206244,
            "min_close": 8.06,
            "p": 0.8,
            "profit": 2.606141,
            "q": 0.19444445
        },
        "GLOB": {
            "close": 41.02,
            "loss": 0.0,
            "max_close": 140.36,
            "min_close": 41.02,
            "p": 0.99444443,
            "profit": 17.76928,
            "q": 0.0
        },
        "ILPT": {
            "close": 7.64,
            "loss": 1.9345117,
            "max_close": 7.64,
            "min_close": 2.530303,
            "p": 0.0,
            "profit": 0.0,
            "q": 0.99444443
        },
        "MOH": {
            "close": 185.46,
            "loss": 28.170837,
            "max_close": 327.69,
            "min_close": 122.65,
            "p": 0.17222223,
            "profit": 9.23999,
            "q": 0.82222223
        },
        "MPT": {
            "close": 5.17,
            "loss": 0.41873074,
            "max_close": 5.9101014,
            "min_close": 3.7768214,
            "p": 0.28333333,
            "profit": 0.21470737,
            "q": 0.70555556
        },
        "NICE": {
            "close": 102.05,
            "loss": 2.5230103,
            "max_close": 178.32,
            "min_close": 95.31,
            "p": 0.9388889,
            "profit": 20.607079,
            "q": 0.055555556
        },
        "NKE": {
            "close": 45.03,
            "loss": 1.2236328,
            "max_close": 77.81375,
            "min_close": 42.62,
            "p": 0.93333334,
            "profit": 19.048325,
            "q": 0.06111111
        },
        "NOW": {
            "close": 90.49,
            "loss": 2.6242828,
            "max_close": 208.938,
            "min_close": 83.0,
            "p": 0.95555556,
            "profit": 59.54638,
            "q": 0.03888889
        },
        "NVO": {
            "close": 41.17,
            "loss": 3.933319,
            "max_close": 77.31148,
            "min_close": 34.765,
            "p": 0.75,
            "profit": 10.186451,
            "q": 0.23888889
        },
        "PAYC": {
            "close": 124.82,
            "loss": 4.013649,
            "max_close": 263.95126,
            "min_close": 113.59,
            "p": 0.8111111,
            "profit": 50.478798,
            "q": 0.17777778
        },
        "PODD": {
            "close": 182.87,
            "loss": 0.0,
            "max_close": 352.82,
            "min_close": 182.87,
            "p": 0.99444443,
            "profit": 100.98047,
            "q": 0.0
        },
        "PVH": {
            "close": 92.73,
            "loss": 17.71733,
            "max_close": 98.81,
            "min_close": 60.87,
            "p": 0.03888889,
            "profit": 2.5928497,
            "q": 0.95555556
        },
        "PYPL": {
            "close": 49.64,
            "loss": 5.27771,
            "max_close": 77.80403,
            "min_close": 38.962036,
            "p": 0.71666664,
            "profit": 13.71706,
            "q": 0.2777778
        },
        "SID": {
            "close": 1.3,
            "loss": 0.066153765,
            "max_close": 2.12,
            "min_close": 1.11,
            "p": 0.84444445,
            "profit": 0.31289482,
            "q": 0.14444445
        },
        "TASK": {
            "close": 6.33,
            "loss": 0.059999943,
            "max_close": 11.867776,
            "min_close": 6.27,
            "p": 0.98888886,
            "profit": 2.0448961,
            "q": 0.0055555557
        },
        "ZIM": {
            "close": 26.05,
            "loss": 8.841951,
            "max_close": 28.3146,
            "min_close": 12.033946,
            "p": 0.23888889,
            "profit": 0.8810501,
            "q": 0.75555557
        }
    },
    "hold_stock_list": [
        "EL",
        "FLO",
        "NKE",
        "PVH",
        "MPT",
        "MOH",
        "NVO",
        "ILPT",
        "AAP",
        "PYPL",
        "TASK",
        "EPAM",
        "PAYC",
        "PODD",
        "ADSK",
        "GLOB",
        "CRM",
        "NOW",
        "ADBE",
        "NICE",
        "ZIM",
        "SID"
    ],
    "portfolio": {
        "AAP": {
            "cost_p": 91.35,
            "position_%": 9.955612711174355,
            "profit_%": -38.040503557744934
        },
        "ADBE": {
            "cost_p": 281.04,
            "position_%": 4.375518643128378,
            "profit_%": -13.464275547964712
        },
        "ADSK": {
            "cost_p": 228.33,
            "position_%": 3.5548753621744327,
            "profit_%": 2.855516138921728
        },
        "CRM": {
            "cost_p": 234.16,
            "position_%": 3.6456427749606495,
            "profit_%": -22.56576699692518
        },
        "EL": {
            "cost_p": 143.03,
            "position_%": 4.453675146076373,
            "profit_%": -46.095224778018604
        },
        "EPAM": {
            "cost_p": 195.07,
            "position_%": 4.555574411374106,
            "profit_%": -41.4825447275337
        },
        "FLO": {
            "cost_p": 10.95,
            "position_%": 2.5572122727506263,
            "profit_%": -18.447488584474883
        },
        "GLOB": {
            "cost_p": 49.15,
            "position_%": 2.2956526612912014,
            "profit_%": -16.541200406917593
        },
        "ILPT": {
            "cost_p": 17.2,
            "position_%": 2.6778722125607777,
            "profit_%": -55.581395348837205
        },
        "MOH": {
            "cost_p": 199,
            "position_%": 3.0982358738348528,
            "profit_%": -6.804020100502509
        },
        "MPT": {
            "cost_p": 6.18,
            "position_%": 3.367579997540094,
            "profit_%": -16.34304207119741
        },
        "NICE": {
            "cost_p": 119.55,
            "position_%": 2.791915316961985,
            "profit_%": -14.638226683396068
        },
        "NKE": {
            "cost_p": 64.33,
            "position_%": 9.514775782693784,
            "profit_%": -30.00155448468832
        },
        "NOW": {
            "cost_p": 102.91,
            "position_%": 2.40331246565084,
            "profit_%": -12.068797978816443
        },
        "NVO": {
            "cost_p": 51.55,
            "position_%": 10.032290156795645,
            "profit_%": -20.135790494665365
        },