{"hold_stock_list":["SEE","GIS","PEP","EL","KSS","TGT","NKE","PVH","VFC","MPW","NVO","CVS","ILPT","AAP","PYPL","EPAM","PAGS","EW","DAC","ZIM","VALE","GGB","SID","HAL","ALB"],"watch_stock_list":["ABNB","ACLS","ACMR","ADBE","ADSK","AEO","ALB","ALGM","ALGN","AMAT","ANSS","APD","APTV","ARTNA","ASML","AZN","BAC","BBY","BF-B","BIO","BLD","BUD","CAMT","CE","CNMD","CRM","CSCO","CVS","DE","DELL","DEO","DG","DHI","DIS","EL","EPAM","EW","EXLS","EXR","F","FDX","FFIV","FSLR","FTNT","G","GIS","GLOB","GM","GOOG","GSK","HAL","HAS","HMC","HOV","HPE","HPQ","INTC","ISRG","K","KSS","LMAT","LNTH","LQDT","LRCX","M","MA","MCHP","MKC","MMM","MMS","MOH","MPW","MS","MSFT","MU","NDAQ","NFLX","NICE","NKE","NOW","NVO","NXPI","ORCL","OXM","PAGS","PAYC","PCTY","PEP","PFE","PHG","PODD","PVH","PYPL","QCOM","SAIC","SBUX","SEE","SMP","SONY","SQM","STM","TDC","TEAM","TECH","TEX","TGT","TITN","TM","TEN","TRI","TX","UAL","UPS","VALE","VEEV","VFC","VMI","WDAY","WFC","WNS","X","ZTS"],"portfolio":{"AAP":{"cost_p":91.35,"position_%":11.7659938948209,"profit_%":-59.95621237000547},"ALB":{"cost_p":173.45,"position_%":6.383021787650904,"profit_%":-55.9584894782358},"CVS":{"cost_p":65.41,"position_%":4.814222601674785,"profit_%":-0.2751872802323691},"DAC":{"cost_p":73.24,"position_%":4.042887135147468,"profit_%":9.18896777717095},"EL":{"cost_p":143.03,"position_%":5.263554951211927,"profit_%":-49.63294413759351},"EPAM":{"cost_p":248.63,"position_%":2.2874181422076165,"profit_%":-23.416321441499417},"EW":{"cost_p":87.4,"position_%":2.412263350709235,"profit_%":-21.59038901601831},"GGB":{"cost_p":2.9,"position_%":2.1344206611920002,"profit_%":-1.3793103448275874},"GIS":{"cost_p":62.3,"position_%":4.585324385940056,"profit_%":4.815409309791333},"HAL":{"cost_p":34.9,"position_%":2.2475817565914036,"profit_%":-28.681948424068764},"ILPT":{"cost_p":17.2,"position_%":3.1648306355605524,"profit_%":-79.12790697674419},"KSS":{"cost_p":21.98,"position_%":5.257666894215536,"profit_%":-45.17743403093721},"MPW":{"cost_p":6.18,"position_%":3.9799585259985317,"profit_%":-5.016181229773457},"NKE":{"cost_p":73.71,"position_%":5.425108515050425,"profit_%":3.649436982770333},"NVO":{"cost_p":89.89,"position_%":2.4809880159639945,"profit_%":-12.170430526198684},"PAGS":{"cost_p":6.91,"position_%":0.0635726153829169,"profit_%":4.920405209840808},"PEP":{"cost_p":144.84,"position_%":5.330163595983609,"profit_%":7.877658105495716},"PVH":{"cost_p":87.3,"position_%":4.819006647984352,"profit_%":-19.747995418098505},"PYPL":{"cost_p":68.03,"position_%":2.5035282341533063,"profit_%":0.19109216522121925},"SEE":{"cost_p":37.16,"position_%":4.786254330941922,"profit_%":-18.137782561894497},"SID":{"cost_p":4.54,"position_%":2.9237883022707662,"profit_%":-67.40088105726872},"TGT":{"cost_p":135.71,"position_%":1.2485440859067516,"profit_%":-16.10787709085551},"VALE":{"cost_p":12.22,"position_%":2.24850176549709,"profit_%":-24.386252045826517},"VFC":{"cost_p":18.8,"position_%":1.2107317198830485,"profit_%":-7.446808510638308},"ZIM":{"cost_p":40.74,"position_%":8.620667448060896,"profit_%":-49.38635247913599}},"KellyFormula_Range_v1":{"GIS":{"profit":4.0933533,"loss":3.4709778,"p":0.45555556,"q":0.5388889,"max_close":73.79097,"min_close":57.56,"close":65.3},"VFC":{"profit":3.893917,"loss":2.0620108,"p":0.7277778,"q":0.26666668,"max_close":26.93,"min_close":11.779906,"close":17.4},"DAC":{"profit":4.134674,"loss":1.4681473,"p":0.7,"q":0.29444444,"max_close":95.34127,"min_close":68.79265,"close":79.97},"VALE":{"profit":1.0567617,"loss":0.3962059,"p":0.8333333,"q":0.16111112,"max_close":12.415653,"min_close":8.5,"close":9.24},"CVS":{"profit":0.62828064,"loss":9.390259,"p":0.055555556,"q":0.9388889,"max_close":76.283394,"min_close":43.23058,"close":65.23},"AAP":{"profit":10.723457,"loss":1.2971001,"p":0.9388889,"q":0.055555556,"max_close":84.78196,"min_close":33.63,"close":36.58},"HAL":{"profit":4.4783173,"loss":0.52651405,"p":0.9722222,"q":0.022222223,"max_close":40.295,"min_close":23.98,"close":24.89},"GGB":{"profit":0.36394,"loss":0.046666622,"p":0.9111111,"q":0.083333336,"max_close":3.889146,"min_close":2.72,"close":2.86},"ILPT":{"profit":0.6752217,"loss":0.0972805,"p":0.8111111,"q":0.18333334,"max_close":5.13347,"min_close":3.2416239,"close":3.59},"KSS":{"profit":5.3555326,"loss":0.38117695,"p":0.9,"q":0.094444446,"max_close":27.064508,"min_close":11.23,"close":12.05},"MPW":{"profit":0.21203518,"loss":1.300518,"p":0.033333335,"q":0.9611111,"max_close":6.2460093,"min_close":3.60159,"close":5.87},"EL":{"profit":16.154144,"loss":4.6850586,"p":0.7888889,"q":0.20555556,"max_close":154.45424,"min_close":62.143585,"close":72.04},"PVH":{"profit":27.715393,"loss":0.008003235,"p":0.98888886,"q":0.0055555557,"max_close":140.38416,"min_close":70.051994,"close":70.06},"PEP":{"profit":10.908463,"loss":6.628952,"p":0.6888889,"q":0.30555555,"max_close":178.7822,"min_close":142.64,"close":156.25},"ALB":{"profit":15.72908,"loss":2.333786,"p":0.9444444,"q":0.05,"max_close":133.81505,"min_close":69.95,"close":76.39},"PYPL":{"profit":12.7784195,"loss":6.7330246,"p":0.75555557,"q":0.23888889,"max_close":91.81,"min_close":57.22,"close":68.16},"EPAM":{"profit":29.680847,"loss":4.8704834,"p":0.8833333,"q":0.11111111,"max_close":309.01,"min_close":170.25,"close":190.41},"EW":{"profit":6.7608185,"loss":2.698944,"p":0.67777777,"q":0.31666666,"max_close":95.56,"min_close":59.7,"close":68.53},"TGT":{"profit":26.763634,"loss":0.0,"p":0.99444443,"q":0.0,"max_close":172.50467,"min_close":113.85,"close":113.85},"NVO":{"profit":34.395805,"loss":0.4866562,"p":0.9777778,"q":0.016666668,"max_close":146.36218,"min_close":77.87,"close":78.95},"SID":{"profit":0.54541945,"loss":0.07708323,"p":0.8611111,"q":0.13333334,"max_close":3.0964158,"min_close":1.3,"close":1.48},"NKE":{"profit":4.4287033,"loss":3.1859512,"p":0.55,"q":0.44444445,"max_close":99.50302,"min_close":68.33414,"close":76.4},"PAGS":{"profit":2.498168,"loss":0.5878372,"p":0.7888889,"q":0.20555556,"max_close":14.6,"min_close":6.19,"close":7.25},"SEE":{"profit":4.346693,"loss":0.0,"p":0.99444443,"q":0.0,"max_close":39.39198,"min_close":30.42,"close":30.42},"ZIM":{"profit":0.8914604,"loss":3.3608055,"p":0.15555556,"q":0.8333333,"max_close":23.31,"min_close":7.2657228,"close":20.62}},"Factor_Intersectional_v1":[],"stock_info":{"GIS":["General Mills, Inc.","Packaged Foods","Consumer Defensive"],"VFC":["VF Corp.","Apparel Manufacturing","Consumer Cyclical"],"DAC":["Danaos Corporation","Marine Shipping","Industrials"],"VALE":["Vale S.A. ADR","Other Industrial Metals & Mining","Basic Materials"],"CVS":["CVS Health Corp","Healthcare Plans","Healthcare"],"AAP":["Advance Auto Parts Inc","Specialty Retail","Consumer Cyclical"],"HAL":["Halliburton Co.","Oil & Gas Equipment & Services","Energy"],"GGB":["Gerdau S.A. ADR","Steel","Basic Materials"],"ILPT":["Industrial Logistics Properties Trust","REIT - Industrial","Real Estate"],"KSS":["Kohl's Corp.","Department Stores","Consumer Cyclical"],"MPW":["Medical Properties Trust Inc","REIT - Healthcare Facilities","Real Estate"],"EL":["Estee Lauder Cos., Inc.","Household & Personal Products","Consumer Defensive"],"PVH":["PVH Corp","Apparel Manufacturing","Consumer Cyclical"],"PEP":["PepsiCo Inc","Beverages - Non-Alcoholic","Consumer Defensive"],"ALB":["Albemarle Corp.","Specialty Chemicals","Basic Materials"],"PYPL":["PayPal Holdings Inc","Credit Services","Financial"],"EPAM":["EPAM Systems Inc","Information Technology Services","Technology"],"EW":["Edwards Lifesciences Corp","Medical Devices","Healthcare"],"TGT":["Target Corp","Discount Stores","Consumer Defensive"],"NVO":["Novo Nordisk ADR","Biotechnology","Healthcare"],"SID":["Companhia Siderurgica Nacional ADR","Steel","Basic Materials"],"NKE":["Nike, Inc.","Footwear & Accessories","Consumer Cyclical"],"PAGS":["PagSeguro Digital Ltd","Software - Infrastructure","Technology"],"SEE":["Sealed Air Corp.","Packaging & Containers","Consumer Cyclical"],"ZIM":["Zim Integrated Shipping Services Ltd","Marine Shipping","Industrials"]}}