{"hold_stock_list":["INTC","T","DHI","BAC","PFC","SNV","FHN","STL","SFM","BIO","PBCT","FBP","WFC","PSX"],"portfolio":{"BAC":{"cost_p":25.9,"position_%":3.7945483608404653,"profit_%":11.196911196911206},"BIO":{"cost_p":597.32,"position_%":7.229248432272506,"profit_%":-9.28313131989554},"DHI":{"cost_p":72.88,"position_%":4.642381811953217,"profit_%":-4.075192096597145},"FBP":{"cost_p":6.92,"position_%":7.405388857442826,"profit_%":25.14450867052023},"FHN":{"cost_p":10.96,"position_%":9.355087300091895,"profit_%":19.98175182481751},"INTC":{"cost_p":46.15,"position_%":7.643240856425171,"profit_%":8.494041170097512},"PBCT":{"cost_p":14.03,"position_%":6.434616370969623,"profit_%":-5.915894511760514},"PFC":{"cost_p":17.29,"position_%":4.4054215987196,"profit_%":31.694621168305382},"PSX":{"cost_p":70.43,"position_%":11.215798264814252,"profit_%":-2.3569501632827072},"SFM":{"cost_p":20.61,"position_%":11.290389772797198,"profit_%":-2.814167879670055},"SNV":{"cost_p":15.59,"position_%":1.9861342603828387,"profit_%":106.79923027581783},"STL":{"cost_p":16.83,"position_%":6.432323207615748,"profit_%":2.198455139631616},"T":{"cost_p":28.54,"position_%":7.635469580614821,"profit_%":10.231254379817805},"WFC":{"cost_p":31.79,"position_%":10.529951325059855,"profit_%":-8.619062598301348}},"KellyFormula_Range_v1":{"PSX":{"profit":5.922104,"loss":11.1804695,"p":0.216666669,"q":0.7777778,"max_close":87.2001343,"min_close":43.5934563,"close":68.77},"SNV":{"profit":0.778747559,"loss":10.9365139,"p":0.0444444455,"q":0.95,"max_close":33.82,"min_close":14.1251116,"close":32.24},"BIO":{"profit":33.4417725,"loss":68.56122,"p":0.222222224,"q":0.7722222,"max_close":643.45,"min_close":322.41,"close":541.87},"PFC":{"profit":0.0999984741,"loss":5.641905,"p":0.0111111114,"q":0.983333349,"max_close":22.94,"min_close":12.4695129,"close":22.77},"FBP":{"profit":0.07999992,"loss":2.82300663,"p":0.0111111114,"q":0.983333349,"max_close":8.81,"min_close":4.309639,"close":8.66},"WFC":{"profit":1.16890526,"loss":4.035055,"p":0.08888889,"q":0.905555546,"max_close":33.0351639,"min_close":21.0457516,"close":29.05},"FHN":{"profit":0.0300006866,"loss":3.50454426,"p":0.00555555569,"q":0.98888886,"max_close":13.18,"min_close":6.955402,"close":13.15},"SFM":{"profit":3.06915283,"loss":0.8381996,"p":0.855555534,"q":0.1388889,"max_close":27.41,"min_close":17.97,"close":20.03},"STL":{"profit":0.13999939,"loss":5.18851376,"p":0.00555555569,"q":0.98888886,"max_close":17.34,"min_close":8.31964,"close":17.2},"DHI":{"profit":3.88775635,"loss":16.0705261,"p":0.394444436,"q":0.6,"max_close":78.602684,"min_close":31.8579254,"close":69.91},"BAC":{"profit":0.145233154,"loss":4.636551,"p":0.0444444455,"q":0.95,"max_close":29.29,"min_close":19.3805389,"close":28.8},"INTC":{"profit":6.92689133,"loss":2.40043259,"p":0.605555534,"q":0.3888889,"max_close":63.44745,"min_close":43.79363,"close":50.07},"PBCT":{"profit":0.123117447,"loss":2.169404,"p":0.0333333351,"q":0.9611111,"max_close":13.52,"min_close":9.070121,"close":13.2},"T":{"profit":0.267997742,"loss":2.71674538,"p":0.0166666675,"q":0.9777778,"max_close":32.0722351,"min_close":26.0500717,"close":31.46}}}