{"hold_stock_list":["BIO","HIMX","STC","ET","INTC","ARLP","BAC","BK","THO","WGO","DAC","GOGL","CPLP","EDRY","SB","NMM","ZIM","SID","PKX","TX"],"portfolio":{"ARLP":{"cost_p":14.01,"position_%":5.09165687863668,"profit_%":32.04853675945753},"BAC":{"cost_p":37.59,"position_%":4.821649630128551,"profit_%":-2.075019952114927},"BIO":{"cost_p":596.71,"position_%":5.612909826857157,"profit_%":-14.010155687017148},"BK":{"cost_p":45,"position_%":0.962021075444643,"profit_%":-3.4222222222222203},"CPLP":{"cost_p":12.99,"position_%":2.2216273368934956,"profit_%":16.628175519630485},"DAC":{"cost_p":76.97,"position_%":4.936450811798278,"profit_%":7.119657009224378},"EDRY":{"cost_p":22.24,"position_%":1.4263565811925905,"profit_%":70.00899280575543},"ET":{"cost_p":9.35,"position_%":4.45747120745745,"profit_%":21.92513368983958},"GOGL":{"cost_p":10.75,"position_%":3.217426041209306,"profit_%":18.883720930232553},"HIMX":{"cost_p":9.18,"position_%":8.438848873800406,"profit_%":-1.1982570806100157},"INTC":{"cost_p":47.41,"position_%":5.067713242981169,"profit_%":-1.2022780004218376},"NMM":{"cost_p":30.04,"position_%":3.4357834470891184,"profit_%":0.23302263648468804},"PKX":{"cost_p":58.54,"position_%":2.502965055845751,"profit_%":-1.9644687393235372},"SB":{"cost_p":4.05,"position_%":3.597477811625242,"profit_%":3.7037037037037126},"SID":{"cost_p":4.82,"position_%":7.213020241222723,"profit_%":-10.995850622406643},"STC":{"cost_p":54.28,"position_%":9.283289595579594,"profit_%":-5.268975681650699},"THO":{"cost_p":89.53,"position_%":8.823514069729255,"profit_%":-14.308053166536357},"TX":{"cost_p":39.96,"position_%":5.125648289969057,"profit_%":10.285285285285283},"WGO":{"cost_p":56.56,"position_%":7.859498403921522,"profit_%":-4.844413012729848},"ZIM":{"cost_p":55.24,"position_%":5.904671578618008,"profit_%":4.217958001448223}},"KellyFormula_Range_v1":{"STC":{"profit":16.7746353,"loss":0.472499847,"p":0.9722222,"q":0.0222222228,"max_close":80.18,"min_close":50.44,"close":51.42},"SID":{"profit":1.03133726,"loss":0.2733326,"p":0.7888889,"q":0.2,"max_close":8.27,"min_close":3.57,"close":4.29},"ARLP":{"profit":0.0,"loss":6.17670345,"p":0.0,"q":0.99444443,"max_close":18.5,"min_close":7.59,"close":18.5},"PKX":{"profit":6.377102,"loss":1.25110245,"p":0.844444454,"q":0.15,"max_close":79.19,"min_close":54.58,"close":57.39},"SB":{"profit":0.419743538,"loss":0.457326651,"p":0.433333337,"q":0.5611111,"max_close":5.28,"min_close":3.24,"close":4.2},"BAC":{"profit":7.162861,"loss":0.4600029,"p":0.983333349,"q":0.0111111114,"max_close":49.38,"min_close":36.25,"close":36.81},"BIO":{"profit":175.8056,"loss":15.86499,"p":0.983333349,"q":0.0111111114,"max_close":825.77,"min_close":493.53,"close":513.11},"BK":{"profit":12.023613,"loss":0.6549988,"p":0.983333349,"q":0.0111111114,"max_close":63.66,"min_close":42.35,"close":43.46},"CPLP":{"profit":0.9910927,"loss":1.74951363,"p":0.533333361,"q":0.455555558,"max_close":18.76,"min_close":11.22,"close":15.15},"WGO":{"profit":14.1004868,"loss":0.9216652,"p":0.9611111,"q":0.0333333351,"max_close":78.55,"min_close":52.44,"close":53.82},"ZIM":{"profit":10.5101395,"loss":6.12457275,"p":0.411111116,"q":0.5833333,"max_close":88.62,"min_close":42.78,"close":57.57},"HIMX":{"profit":2.10213,"loss":0.32199955,"p":0.966666639,"q":0.027777778,"max_close":15.99,"min_close":8.57,"close":9.07},"THO":{"profit":24.62558,"loss":1.36999512,"p":0.983333349,"q":0.0111111114,"max_close":127.44,"min_close":75.33,"close":76.72},"NMM":{"profit":1.97594452,"loss":3.27340126,"p":0.438888878,"q":0.5555556,"max_close":36.49,"min_close":22.8,"close":30.11},"TX":{"profit":4.82408142,"loss":2.89641953,"p":0.422222227,"q":0.572222233,"max_close":56.16,"min_close":36.57,"close":44.07},"GOGL":{"profit":0.543750763,"loss":2.5339756,"p":0.0444444455,"q":0.95,"max_close":13.96,"min_close":7.68,"close":12.78},"INTC":{"profit":4.34376144,"loss":1.02176285,"p":0.9,"q":0.0944444463,"max_close":56.0,"min_close":44.4,"close":46.84},"EDRY":{"profit":1.85399628,"loss":12.2052975,"p":0.027777778,"q":0.9611111,"max_close":42.75,"min_close":17.0,"close":37.81},"DAC":{"profit":10.7731552,"loss":8.516411,"p":0.422222227,"q":0.572222233,"max_close":106.64,"min_close":65.69,"close":82.45},"ET":{"profit":0.207777977,"loss":1.85035515,"p":0.05,"q":0.9444444,"max_close":11.89,"min_close":8.15,"close":11.4}}}