{"hold_stock_list":["QDEL","BIO","KGC","GSL","CNNE","LAKE","LDI","EDRY","TX"],"portfolio":{"BIO":{"cost_p":580.11,"position_%":14.429095865608268,"profit":0,"profit_%":0.18100015514298226},"CNNE":{"cost_p":40.66,"position_%":4.0290383848286035,"profit":0,"profit_%":-14.461387112641408},"EDRY":{"cost_p":22.24,"position_%":4.014989132289359,"profit":0,"profit_%":40.557553956834546},"GSL":{"cost_p":15.76,"position_%":12.645129641263047,"profit":0,"profit_%":19.543147208121827},"KGC":{"cost_p":7.61,"position_%":13.982576760490295,"profit":0,"profit_%":2.102496714848873},"LAKE":{"cost_p":28.88,"position_%":9.152955640588347,"profit":0,"profit_%":-8.48337950138504},"LDI":{"cost_p":13.57,"position_%":13.501082959873417,"profit":0,"profit_%":11.05379513633014},"QDEL":{"cost_p":112.07,"position_%":13.80272466437752,"profit":0,"profit_%":0.3123048094940738},"TX":{"cost_p":40.0,"position_%":14.442406950681146,"profit":0,"profit_%":-6.850000000000005}},"KellyFormula_Range_v1":{"QDEL":{"profit":74.12782,"loss":3.99665833,"p":0.927777767,"q":0.06666667,"max_close":283.45,"min_close":104.07,"close":112.42},"TX":{"profit":1.38406372,"loss":9.597055,"p":0.155555561,"q":0.8388889,"max_close":40.88,"min_close":17.5480919,"close":37.26},"GSL":{"profit":0.0,"loss":6.839036,"p":0.0,"q":0.99444443,"max_close":18.84,"min_close":5.55811834,"close":18.84},"BIO":{"profit":25.1522827,"loss":24.5368042,"p":0.55,"q":0.444444448,"max_close":662.35,"min_close":494.17,"close":581.16},"LDI":{"profit":4.784893,"loss":1.357647,"p":0.355555564,"q":0.0944444463,"max_close":30.538002,"min_close":12.1,"close":15.07},"EDRY":{"profit":1.494997,"loss":23.1986847,"p":0.0111111114,"q":0.983333349,"max_close":32.89,"min_close":3.47,"close":31.26},"LAKE":{"profit":3.52244,"loss":3.7754097,"p":0.5222222,"q":0.4722222,"max_close":44.43,"min_close":18.3,"close":26.43},"KGC":null,"CNNE":{"profit":4.998028,"loss":0.299999237,"p":0.98888886,"q":0.00555555569,"max_close":45.6,"min_close":34.48,"close":34.78}}}