{"hold_stock_list":["BIO","ILPT","INTC","HIMX","STC","DHI","CCS","BAC","C","THO","WGO","DAC","EDRY","NMM","ZIM","X","GGB","SID","TX"],"portfolio":{"BAC":{"cost_p":35.99,"position_%":5.348246869616792,"profit_%":-6.501806057238131},"BIO":{"cost_p":550.38,"position_%":7.088336659682498,"profit_%":-2.90163159998547},"C":{"cost_p":49.1,"position_%":11.552698677098975,"profit_%":7.107942973523425},"CCS":{"cost_p":45,"position_%":2.786319222153789,"profit_%":16.666666666666664},"DAC":{"cost_p":73.49,"position_%":5.460442656962185,"profit_%":-6.558715471492711},"DHI":{"cost_p":65,"position_%":3.2197466567110444,"profit_%":16.66153846153846},"EDRY":{"cost_p":22.24,"position_%":0.8262365266760033,"profit_%":-22.66187050359712},"GGB":{"cost_p":4.57,"position_%":2.4901025297363724,"profit_%":-4.376367614879653},"HIMX":{"cost_p":7.32,"position_%":4.71370910542497,"profit_%":1.0928961748633887},"ILPT":{"cost_p":17.42,"position_%":4.3144605199928,"profit_%":-44.66130884041332},"INTC":{"cost_p":43.58,"position_%":5.936469816515926,"profit_%":-6.815052776502981},"NMM":{"cost_p":30.04,"position_%":1.9902244776409954,"profit_%":-21.90412782956058},"SID":{"cost_p":4.82,"position_%":4.178240469131947,"profit_%":-45.02074688796681},"STC":{"cost_p":52.86,"position_%":7.855191151095961,"profit_%":-2.6295875898600087},"THO":{"cost_p":80.73,"position_%":7.607955473875812,"profit_%":5.264461786200917},"TX":{"cost_p":39.96,"position_%":2.9691017631270773,"profit_%":-16.191191191191187},"WGO":{"cost_p":53.71,"position_%":7.648941610451645,"profit_%":10.202941724073723},"X":{"cost_p":19.57,"position_%":4.846957082448857,"profit_%":4.036791006642816},"ZIM":{"cost_p":56.94,"position_%":9.166618731656344,"profit_%":-12.100456621004568}},"KellyFormula_Range_v1":{"THO":{"profit":14.7064056,"loss":6.290695,"p":0.51111114,"q":0.483333319,"max_close":114.76,"min_close":69.02,"close":84.98},"DAC":{"profit":14.7216568,"loss":5.589611,"p":0.85,"q":0.144444451,"max_close":106.64,"min_close":57.38,"close":68.67},"WGO":{"profit":9.991543,"loss":6.61863327,"p":0.50555557,"q":0.4888889,"max_close":77.45,"min_close":44.28,"close":59.19},"BIO":{"profit":112.779541,"loss":32.23587,"p":0.683333337,"q":0.311111122,"max_close":783.22,"min_close":463.67,"close":534.41},"CCS":{"profit":13.4282761,"loss":4.07200241,"p":0.716666639,"q":0.2777778,"max_close":84.95,"min_close":40.36,"close":52.5},"INTC":{"profit":7.76847458,"loss":2.62143326,"p":0.8388889,"q":0.155555561,"max_close":55.91,"min_close":36.34,"close":40.61},"TX":{"profit":8.272274,"loss":1.960001,"p":0.9722222,"q":0.0222222228,"max_close":49.66,"min_close":30.76,"close":33.49},"GGB":{"profit":0.9629445,"loss":0.126666546,"p":0.905555546,"q":0.0833333358,"max_close":6.51,"min_close":4.06,"close":4.37},"X":{"profit":6.925131,"loss":1.66032219,"p":0.822222233,"q":0.172222227,"max_close":38.45,"min_close":17.02,"close":20.36},"SID":{"profit":1.74040079,"loss":0.07200003,"p":0.966666639,"q":0.027777778,"max_close":5.71,"min_close":2.45,"close":2.65},"NMM":{"profit":5.664751,"loss":1.48157692,"p":0.8888889,"q":0.105555557,"max_close":36.49,"min_close":20.36,"close":23.46},"ZIM":{"profit":12.5772018,"loss":3.082756,"p":0.8333333,"q":0.161111116,"max_close":88.62,"min_close":42.05,"close":50.05},"STC":{"profit":15.60025,"loss":1.88367081,"p":0.8277778,"q":0.166666672,"max_close":80.18,"min_close":45.91,"close":51.47},"C":{"profit":9.250275,"loss":3.50184631,"p":0.6333333,"q":0.3611111,"max_close":69.16,"min_close":44.14,"close":52.59},"HIMX":{"profit":3.13723326,"loss":0.744615555,"p":0.9222222,"q":0.0722222254,"max_close":15.99,"min_close":6.35,"close":7.4},"BAC":{"profit":9.046902,"loss":1.711113,"p":0.844444454,"q":0.15,"max_close":49.38,"min_close":30.13,"close":33.65},"ILPT":{"profit":10.52584,"loss":0.0,"p":0.99444443,"q":0.0,"max_close":28.3,"min_close":9.64,"close":9.64},"EDRY":{"profit":8.411093,"loss":0.8121433,"p":0.9166667,"q":0.07777778,"max_close":42.75,"min_close":15.55,"close":17.2},"DHI":{"profit":16.3718567,"loss":5.34083557,"p":0.594444454,"q":0.4,"max_close":109.65,"min_close":60.56,"close":75.83}}}