{"hold_stock_list":["SEE","EL","TGT","NKE","PVH","VFC","MPW","NVO","ILPT","AAP","PYPL","EPAM","EW","ZIM","VALE","GGB","SID","HAL","ALB"],"watch_stock_list":["ABNB","ACLS","ACMR","ADBE","ADSK","AEO","ALB","AMAT","APD","APTV","ARTNA","ASML","AZN","BAC","BBY","BIO","BLD","BUD","CAMT","CE","CNMD","CRM","CSCO","CVS","DE","DELL","DEO","DG","DHI","DIS","EL","EPAM","EW","EXLS","EXR","F","FDX","FFIV","FSLR","FTNT","G","GIS","GLOB","GM","GOOG","HAL","HAS","HMC","HOV","HPE","HPQ","INTC","ISRG","K","KSS","LMAT","LNTH","LQDT","LRCX","M","MA","MATX","MCHP","MMM","MMS","MOH","MPW","MS","MSFT","MU","NDAQ","NFLX","NICE","NKE","NOW","NVO","NXPI","ORCL","OXM","PAGS","PAYC","PCTY","PEP","PFE","PHG","PODD","PVH","PYPL","QCOM","SAIC","SBUX","SEE","SMP","SONY","SQM","STM","STNG","TDC","TEAM","TECH","TEX","TGT","TITN","TM","TEN","TRMD","TRI","TX","UAL","UPS","VALE","VFC","VMI","WDAY","WFC","WNS","X","ZTS"],"portfolio":{"AAP":{"cost_p":91.35,"position_%":13.237198297142964,"profit_%":-33.223864258347014},"ALB":{"cost_p":173.45,"position_%":7.181146437217755,"profit_%":-52.724127990775436},"EL":{"cost_p":143.03,"position_%":5.921702939840044,"profit_%":-37.88016500034958},"EPAM":{"cost_p":248.63,"position_%":2.5734338983647316,"profit_%":-33.85753931544866},"EW":{"cost_p":87.4,"position_%":2.713889587544675,"profit_%":-8.226544622425642},"GGB":{"cost_p":2.9,"position_%":2.4013058135406737,"profit_%":8.965517241379318},"HAL":{"cost_p":26.94,"position_%":5.2979844556850395,"profit_%":-19.190794357832225},"ILPT":{"cost_p":17.2,"position_%":3.56055689593962,"profit_%":-64.36046511627907},"MPW":{"cost_p":6.18,"position_%":4.477607305765929,"profit_%":-25.88996763754045},"NKE":{"cost_p":73.71,"position_%":6.10345694883045,"profit_%":0.5969339302672799},"NVO":{"cost_p":74.48,"position_%":5.3963137885670935,"profit_%":-27.12137486573577},"PVH":{"cost_p":87.3,"position_%":5.421568901433642,"profit_%":-3.0698739977090406},"PYPL":{"cost_p":68.03,"position_%":2.8165661119857246,"profit_%":0.5438777010142651},"SEE":{"cost_p":34.36,"position_%":8.179758441055705,"profit_%":-3.812572759022125},"SID":{"cost_p":4.54,"position_%":3.2893749463070088,"profit_%":-67.84140969162996},"TGT":{"cost_p":107.3,"position_%":4.442415755050246,"profit_%":-14.725069897483689},"VALE":{"cost_p":12.22,"position_%":2.5296514690919856,"profit_%":-14.484451718494281},"VFC":{"cost_p":18.8,"position_%":1.3621200218187615,"profit_%":-17.23404255319149},"ZIM":{"cost_p":29.42,"position_%":13.093947984817952,"profit_%":-54.52073419442556}},"KellyFormula_Range_v1":{"NKE":{"profit":2.121521,"loss":9.257904,"p":0.34444445,"q":0.65,"max_close":87.498474,"min_close":52.644737,"close":74.15},"ALB":{"profit":5.3305817,"loss":14.11705,"p":0.22222222,"q":0.7722222,"max_close":109.52887,"min_close":50.43097,"close":82.0},"NVO":{"profit":19.109634,"loss":4.4039955,"p":0.9111111,"q":0.083333336,"max_close":134.82738,"min_close":45.38,"close":54.28},"MPW":{"profit":0.67213774,"loss":0.36967468,"p":0.42222223,"q":0.57222223,"max_close":6.0981083,"min_close":3.6044285,"close":4.58},"ILPT":{"profit":0.027499676,"loss":2.162078,"p":0.022222223,"q":0.96666664,"max_close":6.17,"min_close":2.4764423,"close":6.13},"PYPL":{"profit":7.6304703,"loss":3.5045166,"p":0.76666665,"q":0.22777778,"max_close":91.81,"min_close":57.41,"close":68.4},"SEE":{"profit":0.86359406,"loss":2.7222557,"p":0.23333333,"q":0.76111114,"max_close":36.748856,"min_close":23.781643,"close":33.05},"GGB":{"profit":0.04250908,"loss":0.31867766,"p":0.016666668,"q":0.9777778,"max_close":3.4845805,"min_close":2.264944,"close":3.16},"EPAM":{"profit":34.48825,"loss":9.990768,"p":0.7777778,"q":0.21666667,"max_close":267.63,"min_close":143.33,"close":164.45},"EW":{"profit":0.9685745,"loss":6.0919495,"p":0.07777778,"q":0.9166667,"max_close":81.83,"min_close":64.54,"close":80.21},"SID":{"profit":0.12330234,"loss":0.07415366,"p":0.60555553,"q":0.3611111,"max_close":2.35638,"min_close":1.25,"close":1.46},"VALE":{"profit":0.0,"loss":1.2773438,"p":0.0,"q":0.99444443,"max_close":10.884801,"min_close":7.91076,"close":10.45},"AAP":{"profit":1.821003,"loss":16.245884,"p":0.055555556,"q":0.9388889,"max_close":66.5,"min_close":29.948305,"close":61.0},"EL":{"profit":2.1274567,"loss":18.506393,"p":0.16111112,"q":0.8333333,"max_close":98.93426,"min_close":49.614822,"close":88.85},"HAL":{"profit":3.0001812,"loss":1.2274876,"p":0.5611111,"q":0.43333334,"max_close":31.096926,"min_close":18.956635,"close":21.77},"VFC":{"profit":6.2559214,"loss":3.0102348,"p":0.39444444,"q":0.6,"max_close":26.618027,"min_close":9.672672,"close":15.56},"ZIM":{"profit":2.2975645,"loss":0.5744734,"p":0.87222224,"q":0.12222222,"max_close":18.54858,"min_close":10.713591,"close":13.38},"TGT":{"profit":16.511177,"loss":1.7881927,"p":0.95555556,"q":0.03888889,"max_close":154.72142,"min_close":86.81527,"close":91.5},"PVH":{"profit":11.667145,"loss":12.006409,"p":0.23333333,"q":0.76111114,"max_close":112.69703,"min_close":60.445415,"close":84.62}},"Factor_Intersectional_v1":[],"stock_info":{"NKE":["Nike, Inc","Footwear & Accessories","Consumer Cyclical"],"ALB":["Albemarle Corp","Specialty Chemicals","Basic Materials"],"NVO":["Novo Nordisk ADR","Drug Manufacturers - General","Healthcare"],"MPW":["Medical Properties Trust Inc","REIT - Healthcare Facilities","Real Estate"],"ILPT":["Industrial Logistics Properties Trust","REIT - Industrial","Real Estate"],"PYPL":["PayPal Holdings Inc","Credit Services","Financial"],"SEE":["Sealed Air Corp","Packaging & Containers","Consumer Cyclical"],"GGB":["Gerdau S.A. ADR","Steel","Basic Materials"],"EPAM":["EPAM Systems Inc","Information Technology Services","Technology"],"EW":["Edwards Lifesciences Corp","Medical Devices","Healthcare"],"SID":["Companhia Siderurgica Nacional ADR","Steel","Basic Materials"],"VALE":["Vale S.A. ADR","Other Industrial Metals & Mining","Basic Materials"],"AAP":["Advance Auto Parts Inc","Auto Parts","Consumer Cyclical"],"EL":["Estee Lauder Cos., Inc","Household & Personal Products","Consumer Defensive"],"HAL":["Halliburton Co","Oil & Gas Equipment & Services","Energy"],"VFC":["VF Corp","Apparel Manufacturing","Consumer Cyclical"],"ZIM":["Zim Integrated Shipping Services Ltd","Marine Shipping","Industrials"],"TGT":["Target Corp","Discount Stores","Consumer Defensive"],"PVH":["PVH Corp","Apparel Manufacturing","Consumer Cyclical"]}}