{"hold_stock_list":["DHI","BAC","PNC","PFC","SNV","FHN","STL","EWBC","PBCT","FBP","WFC","SLM","PSX"],"KellyFormula_Range_v1":{"DHI":{"profit":1.44250488,"loss":19.6383629,"p":0.0222222228,"q":0.9722222,"max_close":77.89,"min_close":28.6063,"close":75.7},"BAC":{"profit":3.58337784,"loss":1.87887573,"p":0.455555558,"q":0.5388889,"max_close":34.2153,"min_close":17.8342,"close":24.62},"PNC":{"profit":24.68666,"loss":11.2437973,"p":0.216666669,"q":0.7777778,"max_close":151.7491,"min_close":78.786,"close":114.8},"PFC":{"profit":4.887398,"loss":1.92338371,"p":0.477777779,"q":0.51111114,"max_close":30.7262,"min_close":11.194,"close":17.17},"SNV":{"profit":8.261026,"loss":4.24861526,"p":0.2,"q":0.794444442,"max_close":37.3499,"min_close":12.368,"close":23.6},"FHN":{"profit":3.939907,"loss":1.50227547,"p":0.216666669,"q":0.7777778,"max_close":16.3271,"min_close":6.597,"close":10.4},"STL":{"profit":3.6829052,"loss":1.065134,"p":0.416666657,"q":0.5777778,"max_close":20.7154,"min_close":7.3857,"close":11.76},"EWBC":{"profit":4.835308,"loss":3.69557381,"p":0.433333337,"q":0.5611111,"max_close":49.8306,"min_close":22.422,"close":35.61},"PBCT":{"profit":1.69592,"loss":0.3836565,"p":0.7222222,"q":0.272222221,"max_close":15.8568,"min_close":9.2231,"close":10.77},"FBP":{"profit":2.28384256,"loss":0.734022141,"p":0.227777779,"q":0.766666651,"max_close":9.937,"min_close":3.6669,"close":6.07},"WFC":{"profit":6.612499,"loss":0.5656376,"p":0.783333361,"q":0.211111113,"max_close":47.2708,"min_close":22.4374,"close":24.45},"SLM":{"profit":2.24698353,"loss":1.13994122,"p":0.211111113,"q":0.783333361,"max_close":12.1515,"min_close":6.0536,"close":8.47},"PSX":{"profit":16.75816,"loss":4.39957047,"p":0.8888889,"q":0.105555557,"max_close":98.6279,"min_close":40.9713,"close":52.55}}}