{
    "KellyFormula_Range_v1": {
        "ASML": {
            "close": 415.35,
            "loss": 0.0,
            "max_close": 744.53,
            "min_close": 415.35,
            "p": 0.99444443,
            "profit": 153.0151,
            "q": 0.0
        },
        "BAC": {
            "close": 30.2,
            "loss": 0.0700016,
            "max_close": 49.38,
            "min_close": 30.13,
            "p": 0.98888886,
            "profit": 7.571121,
            "q": 0.00555555569
        },
        "BIO": {
            "close": 417.14,
            "loss": 3.585022,
            "max_close": 641.29,
            "min_close": 412.59,
            "p": 0.983333349,
            "profit": 118.685974,
            "q": 0.0111111114
        },
        "C": {
            "close": 41.67,
            "loss": 0.0,
            "max_close": 67.84,
            "min_close": 41.67,
            "p": 0.99444443,
            "profit": 11.5749245,
            "q": 0.0
        },
        "CCS": {
            "close": 42.78,
            "loss": 1.61500168,
            "max_close": 74.32,
            "min_close": 40.36,
            "p": 0.9611111,
            "profit": 11.0959625,
            "q": 0.0333333351
        },
        "DAC": {
            "close": 55.68,
            "loss": 1.04999924,
            "max_close": 106.64,
            "min_close": 54.63,
            "p": 0.98888886,
            "profit": 23.9697952,
            "q": 0.00555555569
        },
        "EDRY": {
            "close": 13.0,
            "loss": 0.06000042,
            "max_close": 42.75,
            "min_close": 12.94,
            "p": 0.98888886,
            "profit": 10.414465,
            "q": 0.00555555569
        },
        "EMN": {
            "close": 71.05,
            "loss": 0.215003967,
            "max_close": 127.69,
            "min_close": 70.81,
            "p": 0.983333349,
            "profit": 32.05625,
            "q": 0.0111111114
        },
        "GGB": {
            "close": 4.52,
            "loss": 0.166970253,
            "max_close": 6.51,
            "min_close": 4.06,
            "p": 0.8111111,
            "profit": 0.881712437,
            "q": 0.183333337
        },
        "HIMX": {
            "close": 4.84,
            "loss": 0.0,
            "max_close": 12.95,
            "min_close": 4.84,
            "p": 0.99444443,
            "profit": 3.98407936,
            "q": 0.0
        },
        "ILPT": {
            "close": 5.5,
            "loss": 0.0,
            "max_close": 24.83,
            "min_close": 5.5,
            "p": 0.99444443,
            "profit": 10.1667891,
            "q": 0.0
        },
        "INTC": {
            "close": 25.77,
            "loss": 0.0,
            "max_close": 55.7,
            "min_close": 25.77,
            "p": 0.99444443,
            "profit": 16.0018425,
            "q": 0.0
        },
        "MMM": {
            "close": 110.5,
            "loss": 0.0,
            "max_close": 181.02,
            "min_close": 110.5,
            "p": 0.99444443,
            "profit": 32.94522,
            "q": 0.0
        },
        "NFLX": {
            "close": 235.44,
            "loss": 33.95677,
            "max_close": 525.69,
            "min_close": 166.37,
            "p": 0.455555558,
            "profit": 124.629608,
            "q": 0.5388889
        },
        "NKE": {
            "close": 83.12,
            "loss": 0.0,
            "max_close": 149.59,
            "min_close": 83.12,
            "p": 0.99444443,
            "profit": 37.4798126,
            "q": 0.0
        },
        "NMM": {
            "close": 24.52,
            "loss": 1.84103394,
            "max_close": 36.49,
            "min_close": 20.36,
            "p": 0.8333333,
            "profit": 5.15200424,
            "q": 0.161111116
        },
        "SID": {
            "close": 2.38,
            "loss": 0.09500027,
            "max_close": 5.71,
            "min_close": 2.26,
            "p": 0.9722222,
            "profit": 1.61902785,
            "q": 0.0222222228
        },
        "STC": {
            "close": 43.64,
            "loss": 0.7350006,
            "max_close": 78.43,
            "min_close": 42.77,
            "p": 0.983333349,
            "profit": 13.6825371,
            "q": 0.0111111114
        },
        "THO": {
            "close": 69.98,
            "loss": 0.830001831,
            "max_close": 102.62,
            "min_close": 68.88,
            "p": 0.966666639,
            "profit": 13.28965,
            "q": 0.027777778
        },
        "TX": {
            "close": 27.39,
            "loss": 0.279998779,
            "max_close": 49.66,
            "min_close": 26.75,
            "p": 0.9777778,
            "profit": 11.5137444,
            "q": 0.0166666675
        },
        "VALE": {
            "close": 13.32,
            "loss": 0.546666145,
            "max_close": 21.23,
            "min_close": 12.14,
            "p": 0.794444442,
            "profit": 3.36545372,
            "q": 0.2
        },
        "ZIM": {
            "close": 23.5,
            "loss": 0.459999084,
            "max_close": 88.62,
            "min_close": 23.04,
            "p": 0.98888886,
            "profit": 33.0339432,
            "q": 0.00555555569
        }
    },
    "hold_stock_list": [
        "BIO",
        "ILPT",
        "ASML",
        "NFLX",
        "NKE",
        "INTC",
        "HIMX",
        "STC",
        "VALE",
        "CCS",
        "BAC",
        "C",
        "THO",
        "MMM",
        "EMN",
        "DAC",
        "EDRY",
        "NMM",
        "ZIM",
        "GGB",
        "SID",
        "TX"
    ],
    "portfolio": {
        "ASML": {
            "cost_p": 569.13,
            "position_%": 3.452652560251708,
            "profit_%": -27.020188709082277
        },
        "BAC": {
            "cost_p": 35.99,
            "position_%": 5.240038612343429,
            "profit_%": -16.08780216726869
        },
        "BIO": {
            "cost_p": 522.14,
            "position_%": 4.75137844027681,
            "profit_%": -20.109549163059718
        },
        "C": {
            "cost_p": 49.1,
            "position_%": 11.318959019762861,
            "profit_%": -15.132382892057025
        },
        "CCS": {
            "cost_p": 45.45,
            "position_%": 2.2057956370381477,
            "profit_%": -5.874587458745878
        },
        "DAC": {
            "cost_p": 73.49,
            "position_%": 5.349964401515956,
            "profit_%": -24.23458974010069
        },
        "EDRY": {
            "cost_p": 22.24,
            "position_%": 0.8095197189394125,
            "profit_%": -41.54676258992806
        },
        "EMN": {
            "cost_p": 85,
            "position_%": 3.0939377747234746,
            "profit_%": -16.411764705882355
        },
        "GGB": {
            "cost_p": 4.57,
            "position_%": 2.4397215989858676,
            "profit_%": -1.094091903719928
        },
        "HIMX": {
            "cost_p": 7.32,
            "position_%": 4.6183391159637,
            "profit_%": -33.879781420765035
        },
        "ILPT": {
            "cost_p": 17.42,
            "position_%": 4.227168316524152,
            "profit_%": -68.42709529276694
        },
        "INTC": {
            "cost_p": 39.47,
            "position_%": 8.62007463305898,
            "profit_%": -34.7099062579174
        },
        "MMM": {
            "cost_p": 129.87,
            "position_%": 6.302897236130786,
            "profit_%": -14.914914914914917
        },
        "NFLX": {
            "cost_p": 248.68,
            "position_%": 3.017256650267583,
            "profit_%": -5.324111307704684
        },
        "NKE": {
            "cost_p": 115.53,
            "position_%": 2.8034716165788476,
            "profit_%": -28.053319484116678
        },
        "NMM": {
            "cost_p": 30.04,
            "position_%": 1.949957315791798,