{
    "KellyFormula_Range_v1": {
        "BAC": {
            "close": 32.85,
            "loss": 0.989997864,
            "max_close": 49.38,
            "min_close": 31.46,
            "p": 0.966666639,
            "profit": 10.1697083,
            "q": 0.027777778
        },
        "BIO": {
            "close": 475.09,
            "loss": 7.08667,
            "max_close": 794.68,
            "min_close": 463.67,
            "p": 0.9777778,
            "profit": 158.157623,
            "q": 0.0166666675
        },
        "C": {
            "close": 47.96,
            "loss": 0.9929962,
            "max_close": 72.53,
            "min_close": 45.69,
            "p": 0.9388889,
            "profit": 12.799408,
            "q": 0.055555556
        },
        "CCS": {
            "close": 40.4,
            "loss": 0.0400009155,
            "max_close": 84.95,
            "min_close": 40.36,
            "p": 0.98888886,
            "profit": 22.711174,
            "q": 0.00555555569
        },
        "DAC": {
            "close": 69.19,
            "loss": 1.41899872,
            "max_close": 106.64,
            "min_close": 65.16,
            "p": 0.9388889,
            "profit": 13.3953857,
            "q": 0.055555556
        },
        "DHI": {
            "close": 61.3,
            "loss": 0.739997864,
            "max_close": 109.65,
            "min_close": 60.56,
            "p": 0.983333349,
            "profit": 24.3803368,
            "q": 0.00555555569
        },
        "EDRY": {
            "close": 20.17,
            "loss": 1.48200035,
            "max_close": 42.75,
            "min_close": 17.0,
            "p": 0.7722222,
            "profit": 8.302525,
            "q": 0.222222224
        },
        "ILPT": {
            "close": 13.33,
            "loss": 0.239999771,
            "max_close": 28.4,
            "min_close": 13.09,
            "p": 0.98888886,
            "profit": 8.573095,
            "q": 0.00555555569
        },
        "INTC": {
            "close": 37.73,
            "loss": 0.575000763,
            "max_close": 56.0,
            "min_close": 36.97,
            "p": 0.983333349,
            "profit": 10.840786,
            "q": 0.0111111114
        },
        "NMM": {
            "close": 24.66,
            "loss": 0.5076904,
            "max_close": 36.49,
            "min_close": 22.8,
            "p": 0.9222222,
            "profit": 4.9991703,
            "q": 0.0722222254
        },
        "SID": {
            "close": 3.2,
            "loss": 0.0,
            "max_close": 5.71,
            "min_close": 3.2,
            "p": 0.99444443,
            "profit": 1.362848,
            "q": 0.0
        },
        "STC": {
            "close": 46.81,
            "loss": 0.9000015,
            "max_close": 80.18,
            "min_close": 45.91,
            "p": 0.98888886,
            "profit": 19.6827965,
            "q": 0.00555555569
        },
        "THO": {
            "close": 72.97,
            "loss": 2.11222839,
            "max_close": 126.55,
            "min_close": 69.02,
            "p": 0.9444444,
            "profit": 21.5944061,
            "q": 0.05
        },
        "TX": {
            "close": 38.01,
            "loss": 0.7583313,
            "max_close": 49.66,
            "min_close": 36.57,
            "p": 0.927777767,
            "profit": 4.95603943,
            "q": 0.06666667
        },
        "WGO": {
            "close": 45.76,
            "loss": 0.784996033,
            "max_close": 78.55,
            "min_close": 44.28,
            "p": 0.9611111,
            "profit": 18.2426033,
            "q": 0.0333333351
        },
        "X": {
            "close": 19.6,
            "loss": 0.4614296,
            "max_close": 38.45,
            "min_close": 18.59,
            "p": 0.955555558,
            "profit": 6.987377,
            "q": 0.03888889
        },
        "ZIM": {
            "close": 51.33,
            "loss": 3.18447113,
            "max_close": 88.62,
            "min_close": 43.31,
            "p": 0.783333361,
            "profit": 12.0888748,
            "q": 0.211111113
        }
    },
    "hold_stock_list": [
        "BIO",
        "ILPT",
        "INTC",
        "STC",
        "DHI",
        "CCS",
        "BAC",
        "C",
        "THO",
        "WGO",
        "DAC",
        "EDRY",
        "NMM",
        "ZIM",
        "X",
        "SID",
        "TX"
    ],
    "portfolio": {
        "BAC": {
            "cost_p": 35.99,
            "position_%": 5.616746039337641,
            "profit_%": -8.72464573492637
        },
        "BIO": {
            "cost_p": 550.38,
            "position_%": 7.444193925479013,
            "profit_%": -13.679639521784953
        },
        "C": {
            "cost_p": 49.1,
            "position_%": 12.132681254279163,
            "profit_%": -2.3217922606924657
        },
        "CCS": {
            "cost_p": 45,
            "position_%": 2.9262013958760975,
            "profit_%": -10.222222222222225
        },
        "DAC": {
            "cost_p": 73.49,
            "position_%": 5.734574415544918,
            "profit_%": -5.851136209008025
        },
        "DHI": {
            "cost_p": 65,
            "position_%": 3.3813882796790464,
            "profit_%": -5.692307692307697
        },
        "EDRY": {
            "cost_p": 22.24,
            "position_%": 0.867716253923792,
            "profit_%": -9.30755395683452
        },
        "ILPT": {
            "cost_p": 17.42,
            "position_%": 4.5310602947699214,
            "profit_%": -23.478760045924233
        },
        "INTC": {
            "cost_p": 43.58,
            "position_%": 6.234499667355927,
            "profit_%": -13.423588802202849
        },
        "NMM": {
            "cost_p": 30.04,
            "position_%": 2.0901401383859164,
            "profit_%": -17.90945406125166
        },
        "SID": {
            "cost_p": 4.82,
            "position_%": 4.388001559860424,
            "profit_%": -33.60995850622407
        },
        "STC": {
            "cost_p": 52.86,
            "position_%": 8.249546975253894,
            "profit_%": -11.445327279606502
        },
        "THO": {
            "cost_p": 80.73,
            "position_%": 7.989899272995017,
            "profit_%": -9.612287873157445
        },
        "TX": {
            "cost_p": 39.96,
            "position_%": 3.1181602074455697,
            "profit_%": -4.879879879879887
        },
        "WGO": {
            "cost_p": 53.71,
            "position_%": 8.032943045261378,
            "profit_%": -14.801712902625214
        },
        "X": {
            "cost_p": 19.57,
            "position_%": 7.635434842306031,
            "profit_%": 0.1532958610117585
        },
        "ZIM": {
            "cost_p": 56.94,
            "position_%": 9.626812432246243,
            "profit_%": -9.852476290832454
        }
    }
}