{"hold_stock_list":["BIO","HIMX","ILPT","STC","ET","INTC","ARLP","BAC","BK","C","THO","WGO","DAC","GOGL","CPLP","EDRY","SB","NMM","ZIM","SID","PKX","TX"],"portfolio":{"ARLP":{"cost_p":14.01,"position_%":2.194139120823959,"profit_%":35.40328336902212},"BAC":{"cost_p":37.29,"position_%":7.008089748653141,"profit_%":-7.6159828372217655},"BIO":{"cost_p":596.71,"position_%":4.111895018602573,"profit_%":-12.299106768782153},"BK":{"cost_p":44.42,"position_%":7.652392985132068,"profit_%":-2.476361999099508},"C":{"cost_p":50,"position_%":7.830617847337469,"profit_%":-0.43999999999999767},"CPLP":{"cost_p":12.99,"position_%":1.6275156133906197,"profit_%":16.397228637413384},"DAC":{"cost_p":76.97,"position_%":3.6163359342573904,"profit_%":2.221644796674039},"EDRY":{"cost_p":22.24,"position_%":1.0449176455487117,"profit_%":47.66187050359715},"ET":{"cost_p":9.35,"position_%":3.2654459485181984,"profit_%":18.288770053475943},"GOGL":{"cost_p":10.75,"position_%":2.357015972048578,"profit_%":49.02325581395349},"HIMX":{"cost_p":9.18,"position_%":6.182116178115986,"profit_%":1.416122004357307},"ILPT":{"cost_p":20,"position_%":3.1322471389349875,"profit_%":-29.850000000000005},"INTC":{"cost_p":45.14,"position_%":10.6042226888644,"profit_%":-6.933983163491366},"NMM":{"cost_p":30.04,"position_%":2.516979833433988,"profit_%":-3.3954727030625818},"PKX":{"cost_p":58.54,"position_%":1.8336174751325418,"profit_%":-4.014349162965496},"SB":{"cost_p":4.05,"position_%":2.6354335896106624,"profit_%":0},"SID":{"cost_p":4.82,"position_%":5.284100923383325,"profit_%":-21.161825726141085},"STC":{"cost_p":54.28,"position_%":6.800734988055646,"profit_%":4.255711127487108},"THO":{"cost_p":89.53,"position_%":6.463913490340981,"profit_%":-19.07740422204847},"TX":{"cost_p":39.96,"position_%":3.754937870155264,"profit_%":-0.1251251251251358},"WGO":{"cost_p":56.56,"position_%":5.7576966907902944,"profit_%":-17.34441301272985},"ZIM":{"cost_p":55.24,"position_%":4.325633298869218,"profit_%":15.423606082548869}},"KellyFormula_Range_v1":{"ZIM":{"profit":8.488438,"loss":9.289219,"p":0.283333331,"q":0.7111111,"max_close":88.62,"min_close":43.31,"close":63.76},"TX":{"profit":4.564621,"loss":1.32970047,"p":0.8055556,"q":0.188888893,"max_close":54.23,"min_close":36.57,"close":39.91},"PKX":{"profit":6.25664139,"loss":1.08373642,"p":0.8611111,"q":0.13333334,"max_close":79.19,"min_close":52.4,"close":56.19},"ARLP":{"profit":0.350000381,"loss":5.89182,"p":0.0166666675,"q":0.9777778,"max_close":19.61,"min_close":8.99,"close":18.97},"SID":{"profit":1.05137563,"loss":0.208999872,"p":0.927777767,"q":0.055555556,"max_close":6.66,"min_close":3.3,"close":3.8},"BK":{"profit":11.84351,"loss":0.4636345,"p":0.933333337,"q":0.06111111,"max_close":63.66,"min_close":42.06,"close":43.32},"ET":{"profit":0.3982134,"loss":1.54642677,"p":0.155555561,"q":0.8388889,"max_close":12.08,"min_close":8.15,"close":11.06},"SB":{"profit":0.373333454,"loss":0.454700232,"p":0.433333337,"q":0.5555556,"max_close":5.28,"min_close":3.24,"close":4.25},"C":{"profit":13.2685356,"loss":1.56777573,"p":0.9444444,"q":0.05,"max_close":72.53,"min_close":46.56,"close":49.78},"BIO":{"profit":156.371887,"loss":23.8612061,"p":0.9,"q":0.0944444463,"max_close":825.77,"min_close":475.22,"close":523.32},"EDRY":{"profit":3.072338,"loss":7.94125175,"p":0.166666672,"q":0.8277778,"max_close":42.75,"min_close":17.0,"close":32.84},"GOGL":{"profit":0.0,"loss":5.39860153,"p":0.0,"q":0.99444443,"max_close":16.02,"min_close":7.68,"close":16.02},"BAC":{"profit":9.000877,"loss":0.0,"p":0.99444443,"q":0.0,"max_close":49.38,"min_close":34.45,"close":34.45},"DAC":{"profit":11.9271851,"loss":6.030121,"p":0.533333361,"q":0.4611111,"max_close":106.64,"min_close":65.69,"close":78.68},"NMM":{"profit":2.567049,"loss":2.630003,"p":0.5833333,"q":0.411111116,"max_close":36.49,"min_close":22.8,"close":29.02},"ILPT":{"profit":9.204808,"loss":0.0,"p":0.99444443,"q":0.0,"max_close":28.4,"min_close":14.03,"close":14.03},"THO":{"profit":25.6365662,"loss":0.0,"p":0.99444443,"q":0.0,"max_close":127.44,"min_close":72.45,"close":72.45},"HIMX":{"profit":1.7344408,"loss":0.4742117,"p":0.8888889,"q":0.105555557,"max_close":15.99,"min_close":7.97,"close":9.31},"WGO":{"profit":19.2576218,"loss":0.0,"p":0.99444443,"q":0.0,"max_close":78.55,"min_close":46.75,"close":46.75},"CPLP":{"profit":0.9478407,"loss":1.36275482,"p":0.605555534,"q":0.383333325,"max_close":18.76,"min_close":12.35,"close":15.12},"INTC":{"profit":7.89716339,"loss":0.0,"p":0.99444443,"q":0.0,"max_close":56.0,"min_close":42.01,"close":42.01},"STC":{"profit":12.8739967,"loss":2.991661,"p":0.8611111,"q":0.13333334,"max_close":80.18,"min_close":50.44,"close":56.59}}}