{"hold_stock_list":["DHI","BAC","PNC","PFC","SNV","FHN","STL","EWBC","PBCT","FBP","WFC","SLM","PSX"],"KellyFormula_Range_v1":{"DHI":{"profit":1.27200317,"loss":19.31966,"p":0.055555556,"q":0.9388889,"max_close":76.97,"min_close":28.6063,"close":73.32},"BAC":{"profit":4.55852127,"loss":2.36972427,"p":0.422222227,"q":0.572222233,"max_close":34.9207,"min_close":17.8342,"close":25.35},"PNC":{"profit":24.8109818,"loss":9.863373,"p":0.355555564,"q":0.6388889,"max_close":155.9379,"min_close":78.786,"close":111.88},"PFC":{"profit":5.90135765,"loss":1.87881184,"p":0.5555556,"q":0.438888878,"max_close":30.8615,"min_close":11.194,"close":17.02},"SNV":{"profit":9.993652,"loss":3.25134659,"p":0.2888889,"q":0.705555558,"max_close":37.8515,"min_close":12.368,"close":22.34},"FHN":{"profit":3.61392784,"loss":1.0798645,"p":0.3888889,"q":0.605555534,"max_close":16.4509,"min_close":6.597,"close":9.75},"STL":{"profit":4.015808,"loss":0.980916,"p":0.5555556,"q":0.438888878,"max_close":20.8498,"min_close":7.3857,"close":11.53},"EWBC":{"profit":5.40757,"loss":3.9787178,"p":0.65,"q":0.344444454,"max_close":49.8306,"min_close":22.422,"close":34.43},"PBCT":{"profit":1.953455,"loss":0.307362556,"p":0.8611111,"q":0.13333334,"max_close":16.0727,"min_close":9.2231,"close":10.62},"FBP":{"profit":2.02159643,"loss":0.463074684,"p":0.466666669,"q":0.5277778,"max_close":10.3278,"min_close":3.6669,"close":5.65},"WFC":{"profit":8.731281,"loss":0.8105488,"p":0.7277778,"q":0.266666681,"max_close":51.9167,"min_close":22.4374,"close":25.11},"SLM":{"profit":1.88252926,"loss":0.979680538,"p":0.294444442,"q":0.7,"max_close":12.1515,"min_close":6.0536,"close":8.22},"PSX":{"profit":15.895546,"loss":5.82479858,"p":0.7222222,"q":0.272222221,"max_close":108.1302,"min_close":40.9713,"close":60.35}}}