{"hold_stock_list":["SMP","DHI","TDS","BGFV","BIO","WFC","STC","SNX","LAKE","HTH","MDC","PBFX","PHM","ELP"],"portfolio":{"BGFV":{"cost_p":12.23,"position":700,"position_%":4.121244401105828,"profit":0,"profit_%":34.99591169255929},"BIO":{"cost_p":580.11,"position":62,"position_%":17.314338926595152,"profit":0,"profit_%":1.3911154780989703},"DHI":{"cost_p":72.88,"position":100,"position_%":3.5084253235906173,"profit":0,"profit_%":28.841931942919885},"ELP":{"cost_p":1.05,"position":18050,"position_%":9.12368701226004,"profit":0,"profit_%":6.666666666666672},"HTH":{"cost_p":29.44,"position":200,"position_%":2.8344687575880285,"profit":0,"profit_%":13.179347826086952},"LAKE":{"cost_p":28.88,"position":790,"position_%":10.983181317615895,"profit":0,"profit_%":-1.2465373961218817},"MDC":{"cost_p":59.95,"position":170,"position_%":4.906163101725271,"profit":0,"profit_%":2.602168473728099},"PBFX":{"cost_p":11.39,"position":1000,"position_%":5.4831180619782005,"profit":0,"profit_%":28.79719051799824},"PHM":{"cost_p":49.31,"position":185,"position_%":4.391476914195509,"profit":0,"profit_%":9.065098357331168},"SMP":{"cost_p":41.45,"position":637,"position_%":12.710652345667317,"profit":0,"profit_%":3.039806996381177},"SNX":{"cost_p":86.45,"position":70,"position_%":2.913177256546188,"profit":0,"profit_%":40.0347021399653},"STC":{"cost_p":53.5,"position":530,"position_%":13.650027449288139,"profit":0,"profit_%":1.682242990654203},"TDS":{"cost_p":20.77,"position":500,"position_%":4.9993135270977715,"profit":0,"profit_%":12.181030332209925},"WFC":{"cost_p":31.79,"position":200,"position_%":3.0607256047460405,"profit":0,"profit_%":24.504561182761872}},"KellyFormula_Range_v1":{"ELP":{"profit":0.108964205,"loss":0.04829538,"p":0.594444454,"q":0.4,"max_close":1.42010415,"min_close":1.02269232,"close":1.13},"WFC":{"profit":0.384998322,"loss":11.3025475,"p":0.0444444455,"q":0.95,"max_close":40.81,"min_close":20.9815083,"close":39.48},"SMP":{"profit":3.32119751,"loss":1.58968353,"p":0.6666667,"q":0.327777773,"max_close":53.85105,"min_close":38.40702,"close":42.8},"STC":{"profit":0.4709053,"loss":8.313133,"p":0.03888889,"q":0.955555558,"max_close":54.8160629,"min_close":34.84634,"close":53.84},"BIO":{"profit":24.44043,"loss":41.8747559,"p":0.294444442,"q":0.7,"max_close":662.35,"min_close":478.82,"close":582.8},"BGFV":{"profit":0.1800003,"loss":7.30810928,"p":0.00555555569,"q":0.98888886,"max_close":17.1,"min_close":3.0256536,"close":16.92},"PHM":{"profit":0.0,"loss":8.84371948,"p":0.0,"q":0.99444443,"max_close":53.83,"min_close":36.9711075,"close":53.83},"MDC":{"profit":0.0,"loss":14.7937241,"p":0.0,"q":0.99444443,"max_close":60.65,"min_close":35.74282,"close":60.65},"SNX":{"profit":0.0,"loss":41.6441574,"p":0.0,"q":0.99444443,"max_close":120.16,"min_close":60.5623932,"close":120.16},"TDS":{"profit":0.0,"loss":4.202736,"p":0.0,"q":0.99444443,"max_close":23.88,"min_close":16.3788166,"close":23.88},"LAKE":{"profit":4.197304,"loss":5.101055,"p":0.2888889,"q":0.705555558,"max_close":44.43,"min_close":18.3,"close":27.61},"DHI":{"profit":0.0,"loss":18.7983475,"p":0.0,"q":0.99444443,"max_close":92.64,"min_close":62.221386,"close":92.64},"PBFX":{"profit":0.17000103,"loss":4.97688,"p":0.027777778,"q":0.966666639,"max_close":14.86,"min_close":6.8425045,"close":14.54},"HTH":{"profit":2.21237564,"loss":9.566526,"p":0.116666667,"q":0.877777755,"max_close":39.37,"min_close":17.5588341,"close":33.9}}}