{"hold_stock_list":["DHI","BAC","PNC","PFC","SNV","FHN","STL","EWBC","PBCT","FBP","WFC","SLM","PSX"],"portfolio":{"BAC":{"cost_p":25.9,"position_%":4.441389244486659,"profit_%":-6.138996138996139},"DHI":{"cost_p":72.88,"position_%":5.433749339234309,"profit_%":-3.1147091108671736},"EWBC":{"cost_p":32.92,"position_%":9.817729322041354,"profit_%":12.879708383961102},"FBP":{"cost_p":6.92,"position_%":8.667754708864212,"profit_%":1.445086705202307},"FHN":{"cost_p":10.96,"position_%":10.949810139370303,"profit_%":-2.6459854014598623},"PBCT":{"cost_p":14.03,"position_%":7.53149867250402,"profit_%":-25.23164647184604},"PFC":{"cost_p":17.29,"position_%":5.156395503587333,"profit_%":3.065355696934651},"PNC":{"cost_p":99.87,"position_%":8.190661377061794,"profit_%":14.829278061479926},"PSX":{"cost_p":74.12,"position_%":9.394541050231613,"profit_%":-37.02104695089045},"SLM":{"cost_p":6.6,"position_%":4.970001796835333,"profit_%":51.36363636363638},"SNV":{"cost_p":15.59,"position_%":9.298809242443784,"profit_%":66.51699807568954},"STL":{"cost_p":16.83,"position_%":7.528814603126789,"profit_%":-20.796197266785494},"WFC":{"cost_p":34,"position_%":8.618845000212488,"profit_%":-35.55882352941177}},"KellyFormula_Range_v1":{"SNV":{"profit":1.3834877,"loss":5.928404,"p":0.07777778,"q":0.9166667,"max_close":30.4799,"min_close":12.368,"close":25.96},"PSX":{"profit":15.9421844,"loss":2.33665466,"p":0.9444444,"q":0.05,"max_close":88.4534,"min_close":40.9713,"close":46.68},"SLM":{"profit":0.4590702,"loss":2.35933256,"p":0.055555556,"q":0.9388889,"max_close":10.875,"min_close":6.0536,"close":9.99},"FBP":{"profit":0.698390961,"loss":1.50484371,"p":0.06111111,"q":0.933333337,"max_close":8.2075,"min_close":3.6669,"close":7.02},"DHI":{"profit":3.72612762,"loss":18.2060661,"p":0.272222221,"q":0.7222222,"max_close":78.82,"min_close":28.6063,"close":70.61},"PFC":{"profit":1.856432,"loss":2.1354866,"p":0.355555564,"q":0.6388889,"max_close":25.4833,"min_close":11.194,"close":17.82},"EWBC":{"profit":1.12495041,"loss":4.18349075,"p":0.205555558,"q":0.7888889,"max_close":42.4175,"min_close":22.2542,"close":37.16},"STL":{"profit":1.76548672,"loss":2.13390064,"p":0.116666667,"q":0.877777755,"max_close":17.7983,"min_close":7.3472,"close":13.33},"PNC":{"profit":7.254425,"loss":11.1102524,"p":0.111111112,"q":0.8833333,"max_close":136.6561,"min_close":77.9677,"close":114.68},"PBCT":{"profit":0.9540987,"loss":0.304642677,"p":0.716666639,"q":0.2777778,"max_close":14.6781,"min_close":9.0701,"close":10.49},"FHN":{"profit":1.19478989,"loss":1.6152153,"p":0.127777785,"q":0.8666667,"max_close":14.3553,"min_close":6.597,"close":10.67},"BAC":{"profit":1.36927223,"loss":1.62988281,"p":0.45,"q":0.544444442,"max_close":30.4528,"min_close":17.8342,"close":24.31},"WFC":{"profit":4.573105,"loss":0.4444332,"p":0.9611111,"q":0.0333333351,"max_close":43.8479,"min_close":21.0458,"close":21.91}}}