{
    "Factor_Intersectional_v1": [],
    "KellyFormula_Range_v1": {
        "AAP": {
            "close": 52.71,
            "loss": 11.288113,
            "max_close": 66.5,
            "min_close": 29.948305,
            "p": 0.11111111,
            "profit": 6.6820374,
            "q": 0.8833333
        },
        "ALB": {
            "close": 67.9,
            "loss": 9.038853,
            "max_close": 109.52887,
            "min_close": 50.43097,
            "p": 0.6388889,
            "profit": 17.332863,
            "q": 0.35555556
        },
        "EL": {
            "close": 91.04,
            "loss": 20.412819,
            "max_close": 99.313194,
            "min_close": 49.80485,
            "p": 0.033333335,
            "profit": 1.3099976,
            "q": 0.9611111
        },
        "EPAM": {
            "close": 150.99,
            "loss": 4.9411163,
            "max_close": 267.63,
            "min_close": 143.33,
            "p": 0.9444444,
            "profit": 52.282288,
            "q": 0.05
        },
        "EW": {
            "close": 79.33,
            "loss": 6.0495605,
            "max_close": 81.16,
            "min_close": 60.7,
            "p": 0.016666668,
            "profit": 1.2133331,
            "q": 0.9777778
        },
        "GGB": {
            "close": 2.86,
            "loss": 0.16576505,
            "max_close": 3.5385132,
            "min_close": 2.3,
            "p": 0.6333333,
            "profit": 0.20578742,
            "q": 0.35
        },
        "HAL": {
            "close": 21.6,
            "loss": 1.1476402,
            "max_close": 31.33167,
            "min_close": 19.099735,
            "p": 0.67777777,
            "profit": 4.407217,
            "q": 0.31666666
        },
        "ILPT": {
            "close": 5.37,
            "loss": 1.7906804,
            "max_close": 5.932734,
            "min_close": 2.4764423,
            "p": 0.06666667,
            "profit": 0.19384146,
            "q": 0.92777777
        },
        "MPW": {
            "close": 4.06,
            "loss": 0.19739676,
            "max_close": 6.0981083,
            "min_close": 3.6044285,
            "p": 0.79444444,
            "profit": 0.75409555,
            "q": 0.2
        },
        "NKE": {
            "close": 74.62,
            "loss": 9.429085,
            "max_close": 87.95319,
            "min_close": 52.918324,
            "p": 0.33888888,
            "profit": 2.1380386,
            "q": 0.65
        },
        "NVO": {
            "close": 48.19,
            "loss": 1.1199989,
            "max_close": 136.95312,
            "min_close": 47.07,
            "p": 0.98888886,
            "profit": 30.697414,
            "q": 0.0055555557
        },
        "PVH": {
            "close": 71.36,
            "loss": 4.4668045,
            "max_close": 112.74688,
            "min_close": 60.472145,
            "p": 0.68333334,
            "profit": 17.527115,
            "q": 0.31111112
        },
        "PYPL": {
            "close": 67.11,
            "loss": 4.2427063,
            "max_close": 91.81,
            "min_close": 57.41,
            "p": 0.8611111,
            "profit": 11.011673,
            "q": 0.13333334
        },
        "SEE": {
            "close": 28.47,
            "loss": 2.1017685,
            "max_close": 36.748856,
            "min_close": 23.781643,
            "p": 0.87222224,
            "profit": 4.0836544,
            "q": 0.12222222
        },
        "SID": {
            "close": 1.39,
            "loss": 0.045000076,
            "max_close": 2.35638,
            "min_close": 1.3,
            "p": 0.9111111,
            "profit": 0.20983684,
            "q": 0.06666667
        },
        "TGT": {
            "close": 99.77,
            "loss": 4.7180176,
            "max_close": 156.39934,
            "min_close": 87.75676,
            "p": 0.6722222,
            "profit": 22.038925,
            "q": 0.32222223
        },
        "VALE": {
            "close": 9.71,
            "loss": 0.57385063,
            "max_close": 11.250293,
            "min_close": 8.179748,
            "p": 0.25555557,
            "profit": 0.25762272,
            "q": 0.73333335
        },
        "VFC": {
            "close": 11.66,
            "loss": 0.55628395,
            "max_close": 26.618027,
            "min_close": 9.672672,
            "p": 0.87777776,
            "profit": 6.311783,
            "q": 0.11666667
        },
        "ZIM": {
            "close": 15.42,
            "loss": 1.0812817,
            "max_close": 19.37,
            "min_close": 11.0988655,
            "p": 0.6388889,
            "profit": 1.3899975,
            "q": 0.35555556
        }
    },
    "hold_stock_list": [
        "SEE",
        "EL",
        "TGT",
        "NKE",
        "PVH",
        "VFC",
        "MPW",
        "NVO",
        "ILPT",
        "AAP",
        "PYPL",
        "EPAM",
        "EW",
        "ZIM",
        "VALE",
        "GGB",
        "SID",
        "HAL",
        "ALB"
    ],
    "portfolio": {
        "AAP": {
            "cost_p": 91.35,
            "position_%": 13.591265202365213,
            "profit_%": -42.29885057471264
        },
        "ALB": {
            "cost_p": 173.45,
            "position_%": 7.373226833529584,
            "profit_%": -60.85327183626404
        },
        "EL": {
            "cost_p": 143.03,
            "position_%": 6.080095900834456,
            "profit_%": -36.349017688596795
        },
        "EPAM": {
            "cost_p": 248.63,
            "position_%": 2.6422677826757863,
            "profit_%": -39.27120621003096
        },
        "EW": {
            "cost_p": 87.4,
            "position_%": 2.786480362858831,
            "profit_%": -9.233409610983989
        },
        "GGB": {
            "cost_p": 2.9,
            "position_%": 2.4655356376172723,
            "profit_%": -1.3793103448275874
        },
        "HAL": {
            "cost_p": 26.94,
            "position_%": 5.439694273580935,
            "profit_%": -19.821826280623604
        },
        "ILPT": {
            "cost_p": 17.2,
            "position_%": 3.655794221294576,
            "profit_%": -68.77906976744185
        },
        "MPW": {
            "cost_p": 6.18,
            "position": 7000,
            "position_%": 4.597373779453586,
            "profit_%": -34.3042071197411
        },
        "NKE": {
            "cost_p": 73.71,
            "position_%": 6.266711443061005,
            "profit_%": 1.2345679012345825
        },
        "NVO": {
            "cost_p": 89.89,
            "position_%": 2.8658663594665943,
            "profit_%": -46.39003226165313
        },
        "PVH": {
            "cost_p": 87.3,
            "position_%": 5.566584340447962,
            "profit_%": -18.258877434135165
        },
        "PYPL": {
            "cost_p": 68.03,
            "position_%": 2.8919032659845354,
            "profit_%": -1.3523445538732937
        },
        "SEE": {
            "cost_p": 34.36,
            "position_%": 8.398549584897319,
            "profit_%": -17.142025611175786
        },
        "SID": {
            "cost_p": 4.54,
            "position_%": 3.3773587311843496,
            "profit_%": -69.38325991189429
        },
        "TGT": {
            "cost_p": 107.3,
            "position_%": 4.561240929591954,
            "profit_%": -7.01770736253495
        },
        "VALE": {
            "cost_p": 12.22,
            "position_%": 2.5973142665244024,
            "profit_%": -20.540098199672666
        },
        "VFC": {
            "cost_p": 18.8,
            "position_%": 1.398553835820832,
            "profit_%": -37.97872340425532
        },
        "ZIM": {
            "cost_p": 29.42,
            "position_%": 13.444183248810807,
            "profit_%": -47.58667573079538
        }
    },