{"hold_stock_list":["BIO","ILPT","ASML","NFLX","NKE","INTC","HIMX","STC","VALE","CCS","BAC","C","THO","MMM","EMN","DAC","EDRY","NMM","ZIM","GGB","SID","TX"],"portfolio":{"ASML":{"cost_p":569.13,"position_%":3.452652560251708,"profit_%":-18.83049566882786},"BAC":{"cost_p":35.99,"position_%":5.240038612343429,"profit_%":-5.056960266740762},"BIO":{"cost_p":522.14,"position_%":4.75137844027681,"profit_%":-16.23127896732677},"C":{"cost_p":49.1,"position_%":11.318959019762861,"profit_%":-3.7678207739307563},"CCS":{"cost_p":45.45,"position_%":2.2057956370381477,"profit_%":1.6941694169416852},"DAC":{"cost_p":73.49,"position_%":5.349964401515956,"profit_%":-17.14518982174445},"EDRY":{"cost_p":22.24,"position_%":0.8095197189394125,"profit_%":-35.11690647482014},"EMN":{"cost_p":85,"position_%":3.0939377747234746,"profit_%":-9.023529411764708},"GGB":{"cost_p":4.57,"position_%":2.4397215989858676,"profit_%":1.7505470459518613},"HIMX":{"cost_p":7.32,"position_%":4.6183391159637,"profit_%":-26.36612021857924},"ILPT":{"cost_p":17.42,"position_%":4.227168316524152,"profit_%":-58.094144661308846},"INTC":{"cost_p":39.47,"position_%":8.62007463305898,"profit_%":-26.627818596402324},"MMM":{"cost_p":129.87,"position_%":6.302897236130786,"profit_%":-10.279510279510285},"NFLX":{"cost_p":248.68,"position_%":3.017256650267583,"profit_%":-2.344378317516492},"NKE":{"cost_p":115.53,"position_%":2.8034716165788476,"profit_%":-11.347701895611529},"NMM":{"cost_p":30.04,"position_%":1.949957315791798,"profit_%":-9.35419440745672},"SID":{"cost_p":4.82,"position_%":4.093704334085099,"profit_%":-46.47302904564315},"STC":{"cost_p":52.86,"position_%":7.696261212794488,"profit_%":-9.685962920923188},"THO":{"cost_p":79.5,"position_%":2.8937418010648965,"profit_%":-6.628930817610058},"TX":{"cost_p":39.96,"position_%":2.909029493598825,"profit_%":-27.802802802802802},"VALE":{"cost_p":13.29,"position_%":3.224975139299998,"profit_%":0.8276899924755547},"ZIM":{"cost_p":56.94,"position_%":8.981155371003178,"profit_%":-49.420442571127495}},"KellyFormula_Range_v1":{"BAC":{"profit":6.67976761,"loss":1.39452744,"p":0.7,"q":0.294444442,"max_close":49.38,"min_close":30.13,"close":34.17},"THO":{"profit":10.9685822,"loss":2.88182068,"p":0.933333337,"q":0.06111111,"max_close":106.42,"min_close":69.02,"close":74.23},"BIO":{"profit":108.828918,"loss":0.0,"p":0.99444443,"q":0.0,"max_close":735.42,"min_close":437.39,"close":437.39},"MMM":{"profit":30.0027237,"loss":0.0999984741,"p":0.98888886,"q":0.00555555569,"max_close":181.02,"min_close":116.42,"close":116.52},"ASML":{"profit":127.78598,"loss":18.2466736,"p":0.9444444,"q":0.05,"max_close":797.49,"min_close":428.88,"close":461.96},"NFLX":{"profit":152.033234,"loss":40.1156158,"p":0.444444448,"q":0.55,"max_close":597.37,"min_close":166.37,"close":242.85},"CCS":{"profit":10.1459923,"loss":2.272728,"p":0.872222245,"q":0.122222222,"max_close":79.67,"min_close":40.36,"close":46.22},"VALE":{"profit":3.27219,"loss":0.5751505,"p":0.8111111,"q":0.183333337,"max_close":21.23,"min_close":12.14,"close":13.4},"GGB":{"profit":0.8262501,"loss":0.228571892,"p":0.75555557,"q":0.233333334,"max_close":6.51,"min_close":4.06,"close":4.65},"INTC":{"profit":14.087532,"loss":0.119998932,"p":0.98888886,"q":0.00555555569,"max_close":55.91,"min_close":28.84,"close":28.96},"C":{"profit":7.849312,"loss":0.8915787,"p":0.8888889,"q":0.105555557,"max_close":67.84,"min_close":44.14,"close":47.25},"TX":{"profit":10.8287983,"loss":0.420000076,"p":0.983333349,"q":0.0111111114,"max_close":49.66,"min_close":28.26,"close":28.85},"HIMX":{"profit":3.76838255,"loss":0.0,"p":0.99444443,"q":0.0,"max_close":13.02,"min_close":5.39,"close":5.39},"STC":{"profit":11.1893692,"loss":0.9075012,"p":0.9722222,"q":0.0222222228,"max_close":79.25,"min_close":45.91,"close":47.74},"NKE":{"profit":21.10598,"loss":0.7299957,"p":0.983333349,"q":0.0111111114,"max_close":166.39,"min_close":101.18,"close":102.42},"EDRY":{"profit":10.0639954,"loss":0.612000465,"p":0.9111111,"q":0.0833333358,"max_close":42.75,"min_close":12.94,"close":14.43},"SID":{"profit":1.51861191,"loss":0.0599999428,"p":0.9611111,"q":0.0333333351,"max_close":5.71,"min_close":2.45,"close":2.58},"ZIM":{"profit":29.1554642,"loss":0.0599994659,"p":0.98888886,"q":0.00555555569,"max_close":88.62,"min_close":28.74,"close":28.8},"EMN":{"profit":27.57402,"loss":0.0,"p":0.99444443,"q":0.0,"max_close":127.69,"min_close":77.33,"close":77.33},"NMM":{"profit":3.6570015,"loss":2.74830437,"p":0.627777755,"q":0.3611111,"max_close":36.49,"min_close":20.36,"close":27.23},"ILPT":{"profit":9.76275349,"loss":0.404000282,"p":0.9388889,"q":0.055555556,"max_close":25.55,"min_close":6.74,"close":7.3},"DAC":{"profit":20.3384247,"loss":1.59666443,"p":0.9444444,"q":0.05,"max_close":106.64,"min_close":57.38,"close":60.89}}}