{"hold_stock_list":["VALE","INTC","KGC","DAC","GGB","LDI","THO","GOGL","CPLP","SID","EDRY","ET","SB","NMM","TX"],"portfolio":{"CPLP":{"cost_p":12.99,"position_%":4.256500300627063,"profit_%":22.786759045419547},"DAC":{"cost_p":76.97,"position_%":10.661670871632602,"profit_%":-5.105885409899952},"EDRY":{"cost_p":22.24,"position_%":2.9812481635296835,"profit_%":-17.715827338129486},"ET":{"cost_p":9.35,"position_%":6.211082617273747,"profit_%":0.9625668449197846},"GGB":{"cost_p":4.45,"position_%":4.374463357457374,"profit_%":15.056179775280897},"GOGL":{"cost_p":10.75,"position_%":4.48319193256612,"profit_%":-14.697674418604652},"INTC":{"cost_p":49.94,"position_%":8.672971613322343,"profit_%":10.012014417300762},"KGC":{"cost_p":7.61,"position_%":10.38247674280884,"profit_%":-25.492772667542713},"LDI":{"cost_p":6.36,"position_%":9.472790927282567,"profit_%":-24.842767295597483},"NMM":{"cost_p":30.04,"position_%":4.787453210966322,"profit_%":-18.575233022636482},"SB":{"cost_p":4.05,"position_%":5.012759670647146,"profit_%":-11.111111111111105},"SID":{"cost_p":4.82,"position_%":13.841236977295567,"profit_%":-2.697095435684645},"THO":{"cost_p":104.58,"position_%":3.115297091745946,"profit_%":-1.8741633199464467},"TX":{"cost_p":40.0,"position_%":3.574638085767006,"profit_%":17.27499999999999},"VALE":{"cost_p":12.76,"position_%":8.172218437077671,"profit_%":19.90595611285267}},"KellyFormula_Range_v1":{"GGB":{"profit":0.811817169,"loss":0.357104778,"p":0.55,"q":0.422222227,"max_close":7.26,"min_close":4.26,"close":5.12},"DAC":{"profit":5.09855652,"loss":4.93925476,"p":0.3888889,"q":0.605555534,"max_close":87.73,"min_close":54.29,"close":73.04},"THO":{"profit":12.1071167,"loss":2.55066681,"p":0.9111111,"q":0.0833333358,"max_close":146.76,"min_close":93.59,"close":102.62},"EDRY":{"profit":7.62065125,"loss":2.54038429,"p":0.8388889,"q":0.144444451,"max_close":33.81,"min_close":12.77,"close":18.3},"CPLP":{"profit":0.208333015,"loss":2.873726,"p":0.1,"q":0.894444466,"max_close":16.7,"min_close":10.98,"close":15.95},"LDI":{"profit":4.8058,"loss":0.171875477,"p":0.9,"q":0.08888889,"max_close":19.84,"min_close":4.3,"close":4.78},"GOGL":{"profit":1.0693655,"loss":0.6217041,"p":0.74444443,"q":0.244444445,"max_close":12.08,"min_close":7.68,"close":9.17},"ET":{"profit":0.673366547,"loss":0.568225861,"p":0.544444442,"q":0.438888878,"max_close":11.35,"min_close":8.15,"close":9.44},"TX":{"profit":5.22590256,"loss":6.068676,"p":0.244444445,"q":0.75,"max_close":56.19,"min_close":32.74,"close":46.91},"KGC":{"profit":0.887657642,"loss":0.233428,"p":0.783333361,"q":0.194444448,"max_close":8.26,"min_close":5.04,"close":5.67},"NMM":{"profit":3.96577835,"loss":1.3290329,"p":0.816666663,"q":0.172222227,"max_close":34.93,"min_close":21.47,"close":24.46},"INTC":{"profit":1.44807053,"loss":2.71350861,"p":0.344444454,"q":0.65,"max_close":58.19,"min_close":47.89,"close":54.94},"VALE":{"profit":5.480981,"loss":1.85103989,"p":0.566666663,"q":0.427777767,"max_close":22.94,"min_close":11.27,"close":15.3},"SB":{"profit":0.5440154,"loss":0.185106277,"p":0.733333349,"q":0.2611111,"max_close":5.28,"min_close":3.1,"close":3.6},"SID":{"profit":3.02438068,"loss":0.5174136,"p":0.6722222,"q":0.322222233,"max_close":10.04,"min_close":3.57,"close":4.69}}}