{"hold_stock_list":["ARLP","BIO","DAC","GGB","THO","WGO","GOGL","CPLP","SID","EDRY","ET","SB","NMM","PKX","NC","TX"],"portfolio":{"ARLP":{"cost_p":14.01,"position_%":8.294374834319715,"profit_%":11.491791577444678},"BIO":{"cost_p":596.71,"position_%":6.217581782299054,"profit_%":-5.431449112634292},"CPLP":{"cost_p":12.99,"position_%":3.383820756819255,"profit_%":42.340261739799836},"DAC":{"cost_p":76.97,"position_%":5.4682486595082525,"profit_%":32.999870079251664},"EDRY":{"cost_p":22.24,"position_%":2.3700243637936245,"profit_%":39.3884892086331},"ET":{"cost_p":9.35,"position_%":4.93766916439638,"profit_%":13.048128342245995},"GGB":{"cost_p":4.45,"position_%":2.107635575316073,"profit_%":44.04494382022472},"GOGL":{"cost_p":10.75,"position_%":3.564035439158079,"profit_%":13.488372093023248},"NC":{"cost_p":29.95,"position_%":8.511058716501086,"profit_%":32.42070116861434},"NMM":{"cost_p":30.04,"position_%":3.805916223048847,"profit_%":10.985352862849549},"PKX":{"cost_p":58.54,"position_%":5.351130429156755,"profit_%":5.2784420908780385},"SB":{"cost_p":4.05,"position_%":3.985029725002814,"profit_%":13.333333333333336},"SID":{"cost_p":4.82,"position_%":11.003468031454638,"profit_%":15.767634854771778},"THO":{"cost_p":89.53,"position_%":9.774060519074174,"profit_%":-9.047246732938673},"TX":{"cost_p":39.81,"position_%":12.51975316319394,"profit_%":17.80959557900024},"WGO":{"cost_p":56.56,"position_%":8.706192616957315,"profit_%":-4.52616690240453}},"KellyFormula_Range_v1":{"THO":{"profit":23.98185,"loss":0.0,"p":0.99444443,"q":0.0,"max_close":127.44,"min_close":81.43,"close":81.43},"WGO":{"profit":15.3328018,"loss":0.0,"p":0.99444443,"q":0.0,"max_close":78.55,"min_close":54.0,"close":54.0},"GOGL":{"profit":0.406000137,"loss":2.23571873,"p":0.027777778,"q":0.966666639,"max_close":12.9,"min_close":7.68,"close":12.2},"ET":{"profit":0.0,"loss":1.11771393,"p":0.0,"q":0.99444443,"max_close":10.57,"min_close":8.15,"close":10.57},"PKX":{"profit":8.688007,"loss":3.07227325,"p":0.5277778,"q":0.466666669,"max_close":79.75,"min_close":54.58,"close":61.63},"ARLP":{"profit":0.3000002,"loss":4.414212,"p":0.00555555569,"q":0.98888886,"max_close":15.92,"min_close":6.83,"close":15.62},"BIO":{"profit":149.0473,"loss":20.1949463,"p":0.95,"q":0.0444444455,"max_close":825.77,"min_close":524.57,"close":564.3},"CPLP":{"profit":0.0,"loss":4.30304527,"p":0.0,"q":0.99444443,"max_close":18.49,"min_close":10.98,"close":18.49},"EDRY":{"profit":0.9391632,"loss":6.869013,"p":0.06666667,"q":0.9222222,"max_close":33.81,"min_close":17.0,"close":31.0},"DAC":{"profit":2.37000275,"loss":24.3419724,"p":0.03888889,"q":0.955555558,"max_close":106.64,"min_close":62.14,"close":102.37},"GGB":{"profit":0.0,"loss":1.23105955,"p":0.0,"q":0.99444443,"max_close":6.41,"min_close":4.26,"close":6.41},"NC":{"profit":1.31000137,"loss":9.380234,"p":0.00555555569,"q":0.98888886,"max_close":40.97,"min_close":23.67,"close":39.66},"TX":{"profit":5.11976242,"loss":4.78977966,"p":0.25,"q":0.74444443,"max_close":56.19,"min_close":36.57,"close":46.9},"SID":{"profit":2.025095,"loss":0.9518409,"p":0.294444442,"q":0.6944444,"max_close":9.49,"min_close":3.57,"close":5.58},"SB":{"profit":0.2809372,"loss":0.783128738,"p":0.177777782,"q":0.816666663,"max_close":5.28,"min_close":3.1,"close":4.59},"NMM":{"profit":0.992221832,"loss":5.73276138,"p":0.05,"q":0.9444444,"max_close":36.49,"min_close":21.47,"close":33.34}}}