{"hold_stock_list":["BIO","HIMX","ILPT","STC","ET","INTC","ARLP","BAC","BK","C","THO","WGO","DAC","GOGL","CPLP","EDRY","SB","NMM","ZIM","SID","PKX","TX"],"portfolio":{"ARLP":{"cost_p":14.01,"position_%":2.194139120823959,"profit_%":34.33261955745896},"BAC":{"cost_p":37.29,"position_%":7.008089748653141,"profit_%":-3.4861893268972843},"BIO":{"cost_p":596.71,"position_%":4.111895018602573,"profit_%":-13.800673694089257},"BK":{"cost_p":44.42,"position_%":7.652392985132068,"profit_%":0.3827104907699273},"C":{"cost_p":50,"position_%":7.830617847337469,"profit_%":2.0999999999999943},"CPLP":{"cost_p":12.99,"position_%":1.6275156133906197,"profit_%":21.555042340261732},"DAC":{"cost_p":76.97,"position_%":3.6163359342573904,"profit_%":2.5204625178641},"EDRY":{"cost_p":22.24,"position_%":1.0449176455487117,"profit_%":0},"ET":{"cost_p":9.35,"position_%":3.2654459485181984,"profit_%":25.454545454545464},"GOGL":{"cost_p":10.75,"position_%":2.357015972048578,"profit_%":41.95348837209302},"HIMX":{"cost_p":9.18,"position_%":6.182116178115986,"profit_%":8.496732026143803},"ILPT":{"cost_p":20,"position_%":3.1322471389349875,"profit_%":-23.600000000000005},"INTC":{"cost_p":45.14,"position_%":10.6042226888644,"profit_%":-1.6393442622950862},"NMM":{"cost_p":30.04,"position_%":2.516979833433988,"profit_%":-4.260985352862842},"PKX":{"cost_p":58.54,"position_%":1.8336174751325418,"profit_%":-1.9986334130509085},"SB":{"cost_p":4.05,"position_%":2.6354335896106624,"profit_%":4.691358024691368},"SID":{"cost_p":4.82,"position_%":5.284100923383325,"profit_%":-22.19917012448133},"STC":{"cost_p":54.28,"position_%":6.800734988055646,"profit_%":7.68238761974945},"THO":{"cost_p":89.53,"position_%":6.463913490340981,"profit_%":-10.745001675416066},"TX":{"cost_p":39.96,"position_%":3.754937870155264,"profit_%":4.154154154154146},"WGO":{"cost_p":56.56,"position_%":5.7576966907902944,"profit_%":-6.241159830268743},"ZIM":{"cost_p":55.24,"position_%":4.325633298869218,"profit_%":17.740767559739325}},"KellyFormula_Range_v1":{"NMM":{"profit":2.69567871,"loss":2.614029,"p":0.6166667,"q":0.372222215,"max_close":36.49,"min_close":22.8,"close":28.76},"ILPT":{"profit":8.452565,"loss":0.612856865,"p":0.955555558,"q":0.03888889,"max_close":28.4,"min_close":14.38,"close":15.28},"INTC":{"profit":5.968479,"loss":0.9850044,"p":0.9444444,"q":0.0444444455,"max_close":56.0,"min_close":42.83,"close":44.4},"BAC":{"profit":7.81183243,"loss":0.6466675,"p":0.9611111,"q":0.0333333351,"max_close":49.38,"min_close":34.81,"close":35.99},"WGO":{"profit":13.5912323,"loss":0.84400177,"p":0.966666639,"q":0.027777778,"max_close":78.55,"min_close":50.1,"close":53.03},"BK":{"profit":11.048893,"loss":1.371872,"p":0.905555546,"q":0.08888889,"max_close":63.66,"min_close":42.06,"close":44.59},"ARLP":{"profit":0.392501831,"loss":5.88748741,"p":0.0222222228,"q":0.9722222,"max_close":19.61,"min_close":8.66,"close":18.82},"PKX":{"profit":5.794449,"loss":1.57025909,"p":0.7888889,"q":0.205555558,"max_close":79.19,"min_close":52.4,"close":57.37},"DAC":{"profit":11.8314514,"loss":6.20880127,"p":0.533333361,"q":0.4611111,"max_close":106.64,"min_close":65.69,"close":78.91},"TX":{"profit":3.84708023,"loss":2.09407425,"p":0.6666667,"q":0.327777773,"max_close":54.38,"min_close":36.57,"close":41.62},"ZIM":{"profit":7.505707,"loss":10.6171608,"p":0.272222221,"q":0.7222222,"max_close":88.62,"min_close":43.31,"close":65.04},"EDRY":{"profit":2.98199844,"loss":9.341255,"p":0.0833333358,"q":0.9111111,"max_close":42.75,"min_close":17.0,"close":35.0},"GOGL":{"profit":0.0,"loss":4.67888069,"p":0.0,"q":0.99444443,"max_close":15.26,"min_close":7.68,"close":15.26},"SID":{"profit":1.09861135,"loss":0.233333349,"p":0.9611111,"q":0.0333333351,"max_close":6.74,"min_close":3.3,"close":3.75},"STC":{"profit":11.4930687,"loss":4.20344925,"p":0.8333333,"q":0.161111116,"max_close":80.18,"min_close":50.44,"close":58.45},"BIO":{"profit":166.919617,"loss":16.16333,"p":0.9111111,"q":0.0833333358,"max_close":825.77,"min_close":475.22,"close":514.36},"THO":{"profit":20.228363,"loss":2.22923279,"p":0.9222222,"q":0.0722222254,"max_close":127.44,"min_close":75.33,"close":79.91},"SB":{"profit":0.378608227,"loss":0.452222347,"p":0.438888878,"q":0.55,"max_close":5.28,"min_close":3.24,"close":4.24},"C":{"profit":13.0548134,"loss":1.66894531,"p":0.8888889,"q":0.105555557,"max_close":72.53,"min_close":46.56,"close":51.05},"HIMX":{"profit":1.24081707,"loss":0.8258076,"p":0.816666663,"q":0.172222227,"max_close":15.99,"min_close":7.97,"close":9.96},"ET":{"profit":0.167499542,"loss":1.98388863,"p":0.0222222228,"q":0.9722222,"max_close":12.08,"min_close":8.15,"close":11.73},"CPLP":{"profit":0.6726122,"loss":1.45369339,"p":0.372222215,"q":0.6166667,"max_close":18.76,"min_close":12.35,"close":15.79}}}