{"hold_stock_list":["ARLP","BIO","BAC","DAC","HIMX","THO","WGO","GOGL","CPLP","SID","STC","EDRY","ET","SB","NMM","PKX","NC","INTC","ZIM","TX"],"portfolio":{"ARLP":{"cost_p":14.01,"position_%":4.94913900940168,"profit_%":22.269807280513916},"BAC":{"cost_p":37.59,"position_%":4.686689390689235,"profit_%":5.506783719074203},"BIO":{"cost_p":596.71,"position_%":5.455801842599966,"profit_%":-5.815220123678176},"CPLP":{"cost_p":12.99,"position_%":2.1594429435152316,"profit_%":30.48498845265588},"DAC":{"cost_p":76.97,"position_%":4.798277233324693,"profit_%":17.500324801870857},"EDRY":{"cost_p":22.24,"position_%":1.3864321900628966,"profit_%":79.40647482014388},"ET":{"cost_p":9.35,"position_%":4.332704493241371,"profit_%":27.16577540106953},"GOGL":{"cost_p":10.75,"position_%":3.1273687740477514,"profit_%":25.2093023255814},"HIMX":{"cost_p":9.18,"position_%":8.20264152735953,"profit_%":0.5446623093681995},"INTC":{"cost_p":47.41,"position_%":4.925865567362255,"profit_%":1.4764817549040348},"NC":{"cost_p":29.95,"position_%":3.734140655789906,"profit_%":65.67612687813022},"NMM":{"cost_p":30.04,"position_%":3.3396142535037225,"profit_%":11.018641810918783},"PKX":{"cost_p":58.54,"position_%":2.432905887478477,"profit_%":1.1786812435941199},"SB":{"cost_p":4.05,"position_%":3.4967827167762158,"profit_%":11.604938271604933},"SID":{"cost_p":4.82,"position_%":7.01112441437682,"profit_%":6.431535269709535},"STC":{"cost_p":54.28,"position_%":9.02344595642854,"profit_%":-0.2026529108327182},"THO":{"cost_p":89.53,"position_%":8.576539763652377,"profit_%":-8.209538702111017},"TX":{"cost_p":39.96,"position_%":4.9821789851540785,"profit_%":19.344344344344336},"WGO":{"cost_p":56.56,"position_%":7.639507349441297,"profit_%":-0.7602545968882597},"ZIM":{"cost_p":55.24,"position_%":5.739397045793946,"profit_%":7.5307748008689295}},"KellyFormula_Range_v1":{"NMM":{"profit":1.10687256,"loss":5.00661659,"p":0.08888889,"q":0.905555546,"max_close":36.49,"min_close":21.69,"close":33.35},"BAC":{"profit":4.712578,"loss":0.7815399,"p":0.9222222,"q":0.0722222254,"max_close":49.38,"min_close":37.57,"close":39.66},"GOGL":{"profit":0.239999771,"loss":3.23119354,"p":0.0166666675,"q":0.9777778,"max_close":13.96,"min_close":7.68,"close":13.46},"BIO":{"profit":142.29834,"loss":16.98639,"p":0.933333337,"q":0.06111111,"max_close":825.77,"min_close":524.57,"close":562.01},"WGO":{"profit":13.1821556,"loss":1.914669,"p":0.9111111,"q":0.0833333358,"max_close":78.55,"min_close":52.44,"close":56.13},"SB":{"profit":0.28545475,"loss":0.6714394,"p":0.244444445,"q":0.733333349,"max_close":5.28,"min_close":3.23,"close":4.52},"EDRY":{"profit":0.0,"loss":14.2746735,"p":0.0,"q":0.99444443,"max_close":39.9,"min_close":17.0,"close":39.9},"DAC":{"profit":7.143257,"loss":14.1990967,"p":0.25555557,"q":0.73888886,"max_close":106.64,"min_close":65.69,"close":90.44},"ARLP":{"profit":0.2966671,"loss":5.183408,"p":0.0166666675,"q":0.9777778,"max_close":17.5,"min_close":7.59,"close":17.13},"ET":{"profit":0.0,"loss":2.30737686,"p":0.0,"q":0.99444443,"max_close":11.89,"min_close":8.15,"close":11.89},"TX":{"profit":4.61977,"loss":5.312649,"p":0.23888889,"q":0.75555557,"max_close":56.19,"min_close":36.57,"close":47.69},"HIMX":{"profit":2.08915043,"loss":0.07999897,"p":0.9777778,"q":0.0166666675,"max_close":15.99,"min_close":9.11,"close":9.23},"CPLP":{"profit":1.0150013,"loss":2.432785,"p":0.06666667,"q":0.927777767,"max_close":18.76,"min_close":11.22,"close":16.95},"THO":{"profit":22.1496277,"loss":1.81143188,"p":0.9166667,"q":0.07777778,"max_close":127.44,"min_close":78.69,"close":82.18},"NC":{"profit":0.0,"loss":17.5537987,"p":0.0,"q":0.99444443,"max_close":49.62,"min_close":24.67,"close":49.62},"PKX":{"profit":6.784176,"loss":1.66796112,"p":0.6666667,"q":0.327777773,"max_close":79.19,"min_close":54.58,"close":59.23},"INTC":{"profit":3.86893845,"loss":1.15243912,"p":0.783333361,"q":0.205555558,"max_close":56.0,"min_close":44.4,"close":48.11},"ZIM":{"profit":10.7304916,"loss":7.828224,"p":0.338888884,"q":0.655555546,"max_close":88.62,"min_close":41.58,"close":59.4},"STC":{"profit":14.3027725,"loss":1.14800262,"p":0.966666639,"q":0.027777778,"max_close":80.18,"min_close":51.95,"close":54.17},"SID":{"profit":0.9979477,"loss":0.6682186,"p":0.433333337,"q":0.5611111,"max_close":8.98,"min_close":3.57,"close":5.13}}}