{
    "Factor_Intersectional_v1": [],
    "KellyFormula_Range_v1": {
        "AAP": {
            "close": 44.85,
            "loss": 4.7806664,
            "max_close": 84.78196,
            "min_close": 35.49403,
            "p": 0.55,
            "profit": 16.570187,
            "q": 0.44444445
        },
        "ALB": {
            "close": 91.51,
            "loss": 5.767044,
            "max_close": 140.61734,
            "min_close": 72.23231,
            "p": 0.6666667,
            "profit": 14.362427,
            "q": 0.32777777
        },
        "CVS": {
            "close": 51.52,
            "loss": 5.980526,
            "max_close": 77.25288,
            "min_close": 43.78,
            "p": 0.8888889,
            "profit": 6.425873,
            "q": 0.10555556
        },
        "DAC": {
            "close": 78.3,
            "loss": 2.0806503,
            "max_close": 95.34127,
            "min_close": 68.38013,
            "p": 0.9,
            "profit": 5.977257,
            "q": 0.094444446
        },
        "EL": {
            "close": 75.0,
            "loss": 5.557991,
            "max_close": 155.19865,
            "min_close": 62.443096,
            "p": 0.8,
            "profit": 26.536102,
            "q": 0.18888889
        },
        "EPAM": {
            "close": 225.82,
            "loss": 31.542038,
            "max_close": 314.63,
            "min_close": 170.25,
            "p": 0.2888889,
            "profit": 15.184814,
            "q": 0.70555556
        },
        "EW": {
            "close": 71.09,
            "loss": 3.8981705,
            "max_close": 95.56,
            "min_close": 59.7,
            "p": 0.50555557,
            "profit": 12.540451,
            "q": 0.4888889
        },
        "GGB": {
            "close": 2.77,
            "loss": 0.049999952,
            "max_close": 3.8891463,
            "min_close": 2.72,
            "p": 0.98888886,
            "profit": 0.538435,
            "q": 0.0055555557
        },
        "GIS": {
            "close": 59.33,
            "loss": 0.83000183,
            "max_close": 73.79097,
            "min_close": 58.5,
            "p": 0.98888886,
            "profit": 7.5085144,
            "q": 0.0055555557
        },
        "HAL": {
            "close": 27.8,
            "loss": 0.6295624,
            "max_close": 40.58066,
            "min_close": 25.77,
            "p": 0.85555553,
            "profit": 4.2459106,
            "q": 0.1388889
        },
        "ILPT": {
            "close": 3.54,
            "loss": 0.083930016,
            "max_close": 5.146735,
            "min_close": 3.25,
            "p": 0.87777776,
            "profit": 0.6919017,
            "q": 0.11111111
        },
        "KSS": {
            "close": 13.68,
            "loss": 0.19000053,
            "max_close": 27.064508,
            "min_close": 13.49,
            "p": 0.98888886,
            "profit": 5.361578,
            "q": 0.0055555557
        },
        "MPW": {
            "close": 3.91,
            "loss": 0.10525608,
            "max_close": 6.2460093,
            "min_close": 2.7921417,
            "p": 0.93333334,
            "profit": 0.73516726,
            "q": 0.055555556
        },
        "NKE": {
            "close": 72.08,
            "loss": 0.6550293,
            "max_close": 105.37247,
            "min_close": 70.41491,
            "p": 0.9166667,
            "profit": 10.151314,
            "q": 0.07777778
        },
        "NVO": {
            "close": 84.62,
            "loss": 1.2800064,
            "max_close": 146.36218,
            "min_close": 83.34,
            "p": 0.98888886,
            "profit": 38.649483,
            "q": 0.0055555557
        },
        "PAGS": {
            "close": 6.62,
            "loss": 0.27933264,
            "max_close": 14.6,
            "min_close": 6.19,
            "p": 0.9111111,
            "profit": 3.8759155,
            "q": 0.083333336
        },
        "PEP": {
            "close": 144.5,
            "loss": 1.8600006,
            "max_close": 178.78221,
            "min_close": 142.64,
            "p": 0.98888886,
            "profit": 21.982925,
            "q": 0.0055555557
        },
        "PYPL": {
            "close": 83.99,
            "loss": 15.407295,
            "max_close": 91.3,
            "min_close": 56.13,
            "p": 0.22222222,
            "profit": 3.4333878,
            "q": 0.7722222
        },
        "SEE": {
            "close": 33.66,
            "loss": 1.0800018,
            "max_close": 39.39198,
            "min_close": 30.610888,
            "p": 0.85555553,
            "profit": 2.0751915,
            "q": 0.1388889
        },
        "SID": {
            "close": 1.33,
            "loss": 0.0,
            "max_close": 3.5998206,
            "min_close": 1.33,
            "p": 0.98333335,
            "profit": 0.83571804,
            "q": 0.0
        },
        "TGT": {
            "close": 138.77,
            "loss": 6.4904327,
            "max_close": 173.97578,
            "min_close": 121.59,
            "p": 0.7722222,
            "profit": 11.170044,
            "q": 0.22222222
        },
        "VALE": {
            "close": 8.51,
            "loss": 0.010000229,
            "max_close": 13.088837,
            "min_close": 8.5,
            "p": 0.98333335,
            "profit": 2.042573,
            "q": 0.011111111
        },
        "VFC": {
            "close": 23.01,
            "loss": 5.8462296,
            "max_close": 23.01,
            "min_close": 11.779906,
            "p": 0.0,
            "profit": 0.0,
            "q": 0.99444443
        },
        "ZIM": {
            "close": 18.3,
            "loss": 1.6970253,
            "max_close": 27.01,
            "min_close": 8.707805,
            "p": 0.64444447,
            "profit": 3.044342,
            "q": 0.34444445
        }
    },
    "hold_stock_list": [
        "SEE",
        "GIS",
        "PEP",
        "EL",
        "KSS",
        "TGT",
        "NKE",
        "VFC",
        "MPW",
        "NVO",
        "CVS",
        "ILPT",
        "AAP",
        "PYPL",
        "EPAM",
        "PAGS",
        "EW",
        "DAC",
        "ZIM",
        "VALE",
        "GGB",
        "SID",
        "HAL",
        "ALB"
    ],
    "portfolio": {
        "AAP": {
            "cost_p": 91.35,
            "position_%": 13.013840115678576,
            "profit_%": -50.903119868637106
        },
        "ALB": {
            "cost_p": 173.45,
            "position_%": 7.059975191381499,
            "profit_%": -47.24127990775439
        },
        "CVS": {
            "cost_p": 65.41,
            "position_%": 5.324796509291021,
            "profit_%": -21.235285124598676
        },
        "DAC": {
            "cost_p": 73.24,
            "position_%": 4.471656814789111,
            "profit_%": 6.9087930092845475
        },
        "EL": {
            "cost_p": 143.25,
            "position_%": 5.830737654456037,
            "profit_%": -47.64397905759162
        },
        "EPAM": {
            "cost_p": 250,
            "position_%": 2.5439518562199117,
            "profit_%": -9.672000000000002
        },
        "EW": {
            "cost_p": 87.5,
            "position_%": 2.671149449030907,
            "profit_%": -18.75428571428571
        },
        "GGB": {
            "cost_p": 2.9,
            "position_%": 2.3607873225720777,
            "profit_%": -4.482758620689651
        },
        "GIS": {
            "cost_p": 65,
            "position_%": 2.645709930468708,
            "profit_%": -8.723076923076926
        },
        "HAL": {
            "cost_p": 35,
            "position_%": 2.4930728190955134,
            "profit_%": -20.57142857142857
        },
        "ILPT": {
            "cost_p": 17.24,
            "position_%": 3.5086184000985017,
            "profit_%": -79.46635730858469
        },
        "KSS": {
            "cost_p": 22.03,