{
    "KellyFormula_Range_v1": {
        "BIO": {
            "close": 601.37,
            "loss": 45.3464355,
            "max_close": 662.35,
            "min_close": 478.82,
            "p": 0.23888889,
            "profit": 24.6417236,
            "q": 0.75555557
        },
        "CNNE": {
            "close": 38.67,
            "loss": 1.604042,
            "max_close": 45.6,
            "min_close": 34.48,
            "p": 0.7277778,
            "profit": 2.20290375,
            "q": 0.2611111
        },
        "DHI": {
            "close": 101.71,
            "loss": 24.2791367,
            "max_close": 101.71,
            "min_close": 64.6072845,
            "p": 0.0,
            "profit": 0.0,
            "q": 0.99444443
        },
        "ELP": {
            "close": 5.36,
            "loss": 0.137422085,
            "max_close": 7.00777054,
            "min_close": 5.06542873,
            "p": 0.8111111,
            "profit": 0.5751314,
            "q": 0.183333337
        },
        "HTH": {
            "close": 35.67,
            "loss": 8.9296875,
            "max_close": 39.37,
            "min_close": 17.91427,
            "p": 0.06111111,
            "profit": 1.92454529,
            "q": 0.933333337
        },
        "LAKE": {
            "close": 27.31,
            "loss": 4.925474,
            "max_close": 44.43,
            "min_close": 18.3,
            "p": 0.416666657,
            "profit": 3.4019928,
            "q": 0.5777778
        },
        "PBFX": {
            "close": 15.52,
            "loss": 5.177001,
            "max_close": 15.72,
            "min_close": 6.8425045,
            "p": 0.00555555569,
            "profit": 0.199999809,
            "q": 0.98888886
        },
        "QDEL": {
            "close": 112.5,
            "loss": 4.09199524,
            "max_close": 283.45,
            "min_close": 104.79,
            "p": 0.966666639,
            "profit": 80.79631,
            "q": 0.027777778
        },
        "SMP": {
            "close": 45.91,
            "loss": 3.04151154,
            "max_close": 53.85105,
            "min_close": 38.99902,
            "p": 0.333333343,
            "profit": 1.60869217,
            "q": 0.6611111
        },
        "STC": {
            "close": 60.33,
            "loss": 12.3897209,
            "max_close": 60.72,
            "min_close": 39.94772,
            "p": 0.00555555569,
            "profit": 0.3899994,
            "q": 0.98888886
        },
        "TDS": {
            "close": 23.79,
            "loss": 3.79146576,
            "max_close": 23.88,
            "min_close": 16.3788166,
            "p": 0.0166666675,
            "profit": 0.0466632843,
            "q": 0.9777778
        },
        "WFC": {
            "close": 45.94,
            "loss": 15.12199,
            "max_close": 46.24,
            "min_close": 20.9815083,
            "p": 0.00555555569,
            "profit": 0.300003052,
            "q": 0.98888886
        }
    },
    "hold_stock_list": [
        "SMP",
        "DHI",
        "TDS",
        "QDEL",
        "BIO",
        "WFC",
        "STC",
        "CNNE",
        "LAKE",
        "HTH",
        "PBFX",
        "ELP"
    ],
    "portfolio": {
        "BIO": {
            "cost_p": 580.11,
            "position_%": 16.6036576701693,
            "profit_%": 3.664822188895208
        },
        "CNNE": {
            "cost_p": 41.7,
            "position_%": 3.8500625011944893,
            "profit_%": -8.465227817745806
        },
        "DHI": {
            "cost_p": 72.88,
            "position_%": 3.364419125744057,
            "profit_%": 39.55817782656422
        },
        "ELP": {
            "cost_p": 5.27,
            "position_%": 8.782528065524554,
            "profit_%": 1.7077798861480218
        },
        "HTH": {
            "cost_p": 29.44,
            "position_%": 2.7181256603157258,
            "profit_%": 22.078804347826072
        },
        "LAKE": {
            "cost_p": 28.88,
            "position_%": 10.532367623171764,
            "profit_%": -5.4362880886426606
        },
        "PBFX": {
            "cost_p": 11.39,
            "position_%": 5.258058979449069,
            "profit_%": 36.259877085162415
        },
        "QDEL": {
            "cost_p": 112.07,
            "position_%": 15.882888115614147,
            "profit_%": 0.3836887659498589
        },
        "SMP": {
            "cost_p": 41.45,
            "position_%": 12.188933184611976,
            "profit_%": 10.75995174909528
        },
        "STC": {
            "cost_p": 53.5,
            "position_%": 13.089750865871672,
            "profit_%": 12.766355140186914
        },
        "TDS": {
            "cost_p": 20.77,
            "position_%": 4.794112598909445,
            "profit_%": 16.03273952816563
        },
        "WFC": {
            "cost_p": 31.79,
            "position_%": 2.9350956094238083,
            "profit_%": 44.510852469329976
        }
    }
}