{"hold_stock_list":["VALE","INTC","KGC","DAC","GGB","LDI","THO","GOGL","CPLP","SID","EDRY","ET","SB","NMM","TX"],"portfolio":{"CPLP":{"cost_p":12.99,"position_%":4.447238367370211,"profit_%":21.093148575827563},"DAC":{"cost_p":76.97,"position_%":11.139431084643125,"profit_%":-12.797193711835773},"EDRY":{"cost_p":22.24,"position_%":3.11484089723851,"profit_%":-17.311151079136682},"ET":{"cost_p":9.35,"position_%":6.489407486797718,"profit_%":-11.764705882352938},"GGB":{"cost_p":4.45,"position_%":4.570487467620656,"profit_%":15.056179775280897},"GOGL":{"cost_p":10.75,"position_%":4.684088279720182,"profit_%":-28.558139534883725},"INTC":{"cost_p":49.94,"position_%":9.061616209024498,"profit_%":-0.4805766920304263},"KGC":{"cost_p":7.61,"position_%":10.847725985628658,"profit_%":-33.24572930354797},"LDI":{"cost_p":7.03,"position_%":6.563948293641106,"profit_%":-34.708392603129454},"NMM":{"cost_p":30.04,"position_%":5.001983812537869,"profit_%":-16.54460719041278},"SB":{"cost_p":4.05,"position_%":5.237386481665203,"profit_%":-14.814814814814806},"SID":{"cost_p":4.85,"position_%":13.313703942962807,"profit_%":-12.37113402061855},"THO":{"cost_p":104.58,"position_%":3.2548966929776517,"profit_%":-1.6159877605660715},"TX":{"cost_p":40.0,"position_%":3.7348212197104442,"profit_%":9.224999999999994},"VALE":{"cost_p":12.76,"position_%":8.53842377846136,"profit_%":7.0532915360501605}},"KellyFormula_Range_v1":{"CPLP":{"profit":0.360589981,"loss":3.33483219,"p":0.0944444463,"q":0.9,"max_close":16.7,"min_close":10.3809137,"close":15.73},"GOGL":{"profit":1.26177835,"loss":0.88427496,"p":0.8111111,"q":0.183333337,"max_close":10.6554384,"min_close":5.715246,"close":7.68},"LDI":{"profit":6.20812225,"loss":0.0,"p":0.983333349,"q":0.0,"max_close":21.1350632,"min_close":4.59,"close":4.59},"DAC":{"profit":7.41243744,"loss":8.759323,"p":0.6611111,"q":0.333333343,"max_close":87.12521,"min_close":47.40861,"close":67.12},"INTC":{"profit":5.255455,"loss":0.7953682,"p":0.905555546,"q":0.08888889,"max_close":66.9506,"min_close":47.5614853,"close":49.7},"VALE":{"profit":4.055708,"loss":1.1142416,"p":0.8111111,"q":0.183333337,"max_close":20.7570267,"min_close":11.27,"close":13.66},"KGC":{"profit":1.38371849,"loss":0.0,"p":0.99444443,"q":0.0,"max_close":8.1103735,"min_close":5.08,"close":5.08},"TX":{"profit":6.22019958,"loss":4.87298965,"p":0.2888889,"q":0.705555558,"max_close":55.1230164,"min_close":32.1183052,"close":43.69},"NMM":{"profit":3.72878265,"loss":1.99471092,"p":0.822222233,"q":0.172222227,"max_close":34.7383652,"min_close":21.3855934,"close":25.07},"THO":{"profit":14.9997711,"loss":0.7557144,"p":0.955555558,"q":0.03888889,"max_close":145.657974,"min_close":101.76,"close":102.89},"SB":{"profit":0.674275637,"loss":0.468510866,"p":0.7277778,"q":0.2611111,"max_close":5.28,"min_close":2.12,"close":3.45},"SID":{"profit":3.10896969,"loss":0.289999485,"p":0.85,"q":0.144444451,"max_close":9.618398,"min_close":3.57,"close":4.25},"ET":{"profit":1.27238274,"loss":0.483172417,"p":0.85,"q":0.144444451,"max_close":10.9818878,"min_close":7.316939,"close":8.25},"GGB":{"profit":0.4159603,"loss":0.461706638,"p":0.477777779,"q":0.51111114,"max_close":6.49767637,"min_close":4.14701271,"close":5.12},"EDRY":{"profit":8.184843,"loss":6.21073055,"p":0.766666651,"q":0.227777779,"max_close":33.81,"min_close":7.74,"close":18.39}}}