{"hold_stock_list":["SEE","GIS","PEP","EL","KSS","TGT","NKE","PVH","VFC","MPW","NVO","CVS","ILPT","AAP","PYPL","EPAM","PAGS","EW","DAC","ZIM","VALE","GGB","SID","HAL","ALB"],"watch_stock_list":["ABNB","ACLS","ACMR","ADBE","ADSK","AEO","ALB","ALGM","ALGN","AMAT","ANSS","APD","APTV","ARTNA","ASML","AZN","BAC","BBY","BF-B","BIO","BLD","BUD","CAMT","CE","CNMD","CRM","CSCO","CVS","DE","DELL","DEO","DG","DHI","DIS","EL","EPAM","EW","EXLS","EXR","F","FDX","FFIV","FSLR","FTNT","G","GIS","GLOB","GM","GOOG","GSK","HAL","HAS","HMC","HOV","HPE","HPQ","INTC","ISRG","K","KSS","LMAT","LNTH","LQDT","LRCX","M","MA","MCHP","MKC","MMM","MMS","MOH","MPW","MS","MSFT","MU","NDAQ","NFLX","NICE","NKE","NOW","NVO","NXPI","ORCL","OXM","PAGS","PAYC","PCTY","PEP","PFE","PHG","PODD","PVH","PYPL","QCOM","SAIC","SBUX","SEE","SMP","SONY","SQM","STM","TDC","TEAM","TECH","TEX","TGT","TITN","TM","TEN","TRI","TX","UAL","UPS","VALE","VEEV","VFC","VMI","WDAY","WFC","WNS","X","ZTS"],"portfolio":{"AAP":{"cost_p":91.35,"position_%":12.031655418055102,"profit_%":-48.01313628899835},"ALB":{"cost_p":173.45,"position_%":6.527142488894073,"profit_%":-55.837417123090226},"CVS":{"cost_p":65.41,"position_%":4.922921766486726,"profit_%":-3.348111909493958},"DAC":{"cost_p":73.24,"position_%":4.134170503487477,"profit_%":13.189513926815962},"EL":{"cost_p":143.03,"position_%":5.3823994821938275,"profit_%":-51.73739774872404},"EPAM":{"cost_p":248.63,"position_%":2.3390652018070535,"profit_%":6.580058721795444},"EW":{"cost_p":87.4,"position_%":2.4667292600000374,"profit_%":-13.249427917620151},"GGB":{"cost_p":2.9,"position_%":2.182613227765098,"profit_%":4.1379310344827624},"GIS":{"cost_p":62.3,"position_%":4.688855313440193,"profit_%":-6.195826645264847},"HAL":{"cost_p":34.9,"position_%":2.298329360099196,"profit_%":-25.587392550143267},"ILPT":{"cost_p":17.2,"position_%":3.2362885790999734,"profit_%":-76.86046511627906},"KSS":{"cost_p":21.98,"position_%":5.376378480186199,"profit_%":-47.133757961783445},"MPW":{"cost_p":6.18,"position_%":4.069821044530954,"profit_%":-23.94822006472491},"NKE":{"cost_p":73.71,"position_%":5.547600724778116,"profit_%":-1.9671686338352854},"NVO":{"cost_p":89.89,"position_%":2.537005642807819,"profit_%":-9.011013460896645},"PAGS":{"cost_p":6.91,"position_%":0.06500800605110701,"profit_%":9.696092619392184},"PEP":{"cost_p":144.84,"position_%":5.450512067405118,"profit_%":-0.5868544600938927},"PVH":{"cost_p":94.6,"position_%":2.669938077757478,"profit_%":-17.896405919661724},"PYPL":{"cost_p":68.03,"position_%":2.560054791118269,"profit_%":12.112303395560774},"SEE":{"cost_p":37.16,"position_%":4.894322006950493,"profit_%":-8.907427341227114},"SID":{"cost_p":4.54,"position_%":2.9898038094127077,"profit_%":-67.18061674008811},"TGT":{"cost_p":135.71,"position_%":1.276734660086213,"profit_%":-6.049664726254519},"VALE":{"cost_p":12.22,"position_%":2.299270141662888,"profit_%":-21.76759410801964},"VFC":{"cost_p":18.8,"position_%":1.2380685378184781,"profit_%":28.45744680851063},"ZIM":{"cost_p":40.74,"position_%":8.815311408105398,"profit_%":-51.374570446735405}},"KellyFormula_Range_v1":{"SID":{"profit":0.6146536,"loss":0.09100008,"p":0.8833333,"q":0.11111111,"max_close":3.5998206,"min_close":1.3,"close":1.49},"VFC":{"profit":1.3199997,"loss":6.1135426,"p":0.07777778,"q":0.9166667,"max_close":26.93,"min_close":11.779906,"close":24.15},"ZIM":{"profit":1.1577606,"loss":3.2552052,"p":0.21666667,"q":0.7722222,"max_close":23.31,"min_close":7.2657228,"close":19.81},"ALB":{"profit":18.730202,"loss":1.3931427,"p":0.9611111,"q":0.033333335,"max_close":140.61734,"min_close":72.23231,"close":76.6},"VALE":{"profit":0.985219,"loss":0.56655216,"p":0.76666665,"q":0.22222222,"max_close":12.466866,"min_close":8.5,"close":9.56},"EW":{"profit":12.919281,"loss":6.814827,"p":0.23333333,"q":0.76111114,"max_close":95.56,"min_close":59.7,"close":75.82},"PYPL":{"profit":7.9442673,"loss":11.839447,"p":0.54444444,"q":0.45,"max_close":91.81,"min_close":57.22,"close":76.27},"KSS":{"profit":6.168462,"loss":0.0,"p":0.99444443,"q":0.0,"max_close":27.064507,"min_close":11.62,"close":11.62},"DAC":{"profit":4.718605,"loss":2.8615494,"p":0.43888888,"q":0.55,"max_close":95.34127,"min_close":68.38013,"close":82.9},"GGB":{"profit":0.27734113,"loss":0.11058521,"p":0.8,"q":0.18888889,"max_close":3.8891463,"min_close":2.72,"close":3.02},"PAGS":{"profit":2.8235083,"loss":0.76733303,"p":0.74444443,"q":0.25,"max_close":14.6,"min_close":6.19,"close":7.58},"CVS":{"profit":1.243248,"loss":7.969097,"p":0.044444446,"q":0.95,"max_close":76.28339,"min_close":43.23058,"close":63.22},"MPW":{"profit":0.47943878,"loss":0.38278866,"p":0.30555555,"q":0.68333334,"max_close":6.2460093,"min_close":3.1923182,"close":4.7},"AAP":{"profit":11.533604,"loss":6.0953407,"p":0.42222223,"q":0.57222223,"max_close":84.78196,"min_close":35.49403,"close":47.49},"NKE":{"profit":8.328865,"loss":0.9348831,"p":0.85555553,"q":0.1388889,"max_close":104.5368,"min_close":68.68,"close":72.26},"HAL":{"profit":4.410841,"loss":0.48250008,"p":0.96666664,"q":0.022222223,"max_close":40.580658,"min_close":25.19,"close":25.97},"EPAM":{"profit":0.0,"loss":53.160965,"p":0.0,"q":0.99444443,"max_close":314.63,"min_close":170.25,"close":264.99},"SEE":{"profit":1.728939,"loss":0.6867714,"p":0.8388889,"q":0.15555556,"max_close":39.39198,"min_close":30.61089,"close":33.85},"EL":{"profit":22.657585,"loss":3.9984589,"p":0.8833333,"q":0.11111111,"max_close":155.19865,"min_close":62.443096,"close":69.03},"GIS":{"profit":7.3906593,"loss":0.24499893,"p":0.98333335,"q":0.011111111,"max_close":73.79097,"min_close":58.08,"close":58.44},"NVO":{"profit":37.005714,"loss":1.276001,"p":0.96666664,"q":0.027777778,"max_close":146.36218,"min_close":78.69,"close":81.79},"ILPT":{"profit":0.7152972,"loss":0.31089377,"p":0.42777777,"q":0.56666666,"max_close":5.13347,"min_close":3.2416239,"close":3.98},"PVH":{"profit":24.06871,"loss":0.26999664,"p":0.98888886,"q":0.0055555557,"max_close":140.4603,"min_close":77.4,"close":77.67},"PEP":{"profit":19.463028,"loss":0.92500305,"p":0.98333335,"q":0.011111111,"max_close":178.78221,"min_close":142.64,"close":143.99},"TGT":{"profit":16.686646,"loss":3.7825012,"p":0.9722222,"q":0.022222223,"max_close":173.9758,"min_close":121.59,"close":127.5}},"Factor_Intersectional_v1":[],"stock_info":{"SID":["Companhia Siderurgica Nacional ADR","Steel","Basic Materials"],"VFC":["VF Corp.","Apparel Manufacturing","Consumer Cyclical"],"ZIM":["Zim Integrated Shipping Services Ltd","Marine Shipping","Industrials"],"ALB":["Albemarle Corp.","Specialty Chemicals","Basic Materials"],"VALE":["Vale S.A. ADR","Other Industrial Metals & Mining","Basic Materials"],"EW":["Edwards Lifesciences Corp","Medical Devices","Healthcare"],"PYPL":["PayPal Holdings Inc","Credit Services","Financial"],"KSS":["Kohl's Corp.","Department Stores","Consumer Cyclical"],"DAC":["Danaos Corporation","Marine Shipping","Industrials"],"GGB":["Gerdau S.A. ADR","Steel","Basic Materials"],"PAGS":["PagSeguro Digital Ltd","Software - Infrastructure","Technology"],"CVS":["CVS Health Corp","Healthcare Plans","Healthcare"],"MPW":["Medical Properties Trust Inc","REIT - Healthcare Facilities","Real Estate"],"AAP":["Advance Auto Parts Inc","Specialty Retail","Consumer Cyclical"],"NKE":["Nike, Inc.","Footwear & Accessories","Consumer Cyclical"],"HAL":["Halliburton Co.","Oil & Gas Equipment & Services","Energy"],"EPAM":["EPAM Systems Inc","Information Technology Services","Technology"],"SEE":["Sealed Air Corp.","Packaging & Containers","Consumer Cyclical"],"EL":["Estee Lauder Cos., Inc.","Household & Personal Products","Consumer Defensive"],"GIS":["General Mills, Inc.","Packaged Foods","Consumer Defensive"],"NVO":["Novo Nordisk ADR","Biotechnology","Healthcare"],"ILPT":["Industrial Logistics Properties Trust","REIT - Industrial","Real Estate"],"PVH":["PVH Corp","Apparel Manufacturing","Consumer Cyclical"],"PEP":["PepsiCo Inc","Beverages - Non-Alcoholic","Consumer Defensive"],