{
    "KellyFormula_Range_v1": {
        "BAC": {
            "close": 32.6,
            "loss": 0.739997864,
            "max_close": 49.38,
            "min_close": 31.46,
            "p": 0.966666639,
            "profit": 10.3594208,
            "q": 0.027777778
        },
        "BIO": {
            "close": 479.98,
            "loss": 7.751648,
            "max_close": 794.68,
            "min_close": 463.67,
            "p": 0.9611111,
            "profit": 154.513092,
            "q": 0.0333333351
        },
        "C": {
            "close": 47.2,
            "loss": 0.876003265,
            "max_close": 72.53,
            "min_close": 45.69,
            "p": 0.966666639,
            "profit": 13.0474739,
            "q": 0.027777778
        },
        "CCS": {
            "close": 41.16,
            "loss": 0.7166672,
            "max_close": 84.95,
            "min_close": 40.36,
            "p": 0.9777778,
            "profit": 22.0811272,
            "q": 0.0166666675
        },
        "DAC": {
            "close": 63.95,
            "loss": 0.0,
            "max_close": 106.64,
            "min_close": 63.95,
            "p": 0.99444443,
            "profit": 17.7982826,
            "q": 0.0
        },
        "DHI": {
            "close": 64.08,
            "loss": 3.02666855,
            "max_close": 109.65,
            "min_close": 60.56,
            "p": 0.9777778,
            "profit": 21.6155014,
            "q": 0.0166666675
        },
        "EDRY": {
            "close": 18.63,
            "loss": 0.664999,
            "max_close": 42.75,
            "min_close": 17.0,
            "p": 0.894444466,
            "profit": 8.528513,
            "q": 0.1
        },
        "ILPT": {
            "close": 13.465,
            "loss": 0.2550001,
            "max_close": 28.4,
            "min_close": 13.09,
            "p": 0.983333349,
            "profit": 8.41478,
            "q": 0.0111111114
        },
        "INTC": {
            "close": 37.38,
            "loss": 0.225002289,
            "max_close": 56.0,
            "min_close": 36.97,
            "p": 0.983333349,
            "profit": 11.1018562,
            "q": 0.0111111114
        },
        "NMM": {
            "close": 23.26,
            "loss": 0.460001,
            "max_close": 36.49,
            "min_close": 22.8,
            "p": 0.98888886,
            "profit": 6.0009613,
            "q": 0.00555555569
        },
        "SID": {
            "close": 3.04,
            "loss": 0.0,
            "max_close": 5.71,
            "min_close": 3.04,
            "p": 0.99444443,
            "profit": 1.51223373,
            "q": 0.0
        },
        "STC": {
            "close": 47.37,
            "loss": 0.716663361,
            "max_close": 80.18,
            "min_close": 45.91,
            "p": 0.9777778,
            "profit": 19.24516,
            "q": 0.0166666675
        },
        "THO": {
            "close": 75.5,
            "loss": 2.77444458,
            "max_close": 124.29,
            "min_close": 69.02,
            "p": 0.894444466,
            "profit": 19.8480072,
            "q": 0.1
        },
        "TX": {
            "close": 37.3,
            "loss": 0.335712433,
            "max_close": 49.66,
            "min_close": 36.57,
            "p": 0.955555558,
            "profit": 5.491909,
            "q": 0.03888889
        },
        "WGO": {
            "close": 48.38,
            "loss": 2.28769684,
            "max_close": 77.45,
            "min_close": 44.28,
            "p": 0.9222222,
            "profit": 16.1399574,
            "q": 0.0722222254
        },
        "X": {
            "close": 19.07,
            "loss": 0.3433323,
            "max_close": 38.45,
            "min_close": 18.59,
            "p": 0.9777778,
            "profit": 7.342037,
            "q": 0.0166666675
        },
        "ZIM": {
            "close": 48.13,
            "loss": 2.99583435,
            "max_close": 88.62,
            "min_close": 43.31,
            "p": 0.927777767,
            "profit": 13.1720963,
            "q": 0.06666667
        }
    },
    "hold_stock_list": [
        "BIO",
        "ILPT",
        "INTC",
        "STC",
        "DHI",
        "CCS",
        "BAC",
        "C",
        "THO",
        "WGO",
        "DAC",
        "EDRY",
        "NMM",
        "ZIM",
        "X",
        "SID",
        "TX"
    ],
    "portfolio": {
        "BAC": {
            "cost_p": 35.99,
            "position_%": 5.616746039337641,
            "profit_%": -9.419283134203948
        },
        "BIO": {
            "cost_p": 550.38,
            "position_%": 7.444193925479013,
            "profit_%": -12.791162469566478
        },
        "C": {
            "cost_p": 49.1,
            "position_%": 12.132681254279163,
            "profit_%": -3.869653767820771
        },
        "CCS": {
            "cost_p": 45,
            "position_%": 2.9262013958760975,
            "profit_%": -8.533333333333342
        },
        "DAC": {
            "cost_p": 73.49,
            "position_%": 5.734574415544918,
            "profit_%": -12.981358007892222
        },
        "DHI": {
            "cost_p": 65,
            "position_%": 3.3813882796790464,
            "profit_%": -1.415384615384618
        },
        "EDRY": {
            "cost_p": 22.24,
            "position_%": 0.867716253923792,
            "profit_%": -16.23201438848921
        },
        "ILPT": {
            "cost_p": 17.42,
            "position_%": 4.5310602947699214,
            "profit_%": -22.67508610792193
        },
        "INTC": {
            "cost_p": 43.58,
            "position_%": 6.234499667355927,
            "profit_%": -14.226709499770529
        },
        "NMM": {
            "cost_p": 30.04,
            "position_%": 2.0901401383859164,
            "profit_%": -22.5699067909454
        },
        "SID": {
            "cost_p": 4.82,
            "position_%": 4.388001559860424,
            "profit_%": -36.92946058091287
        },
        "STC": {
            "cost_p": 52.86,
            "position_%": 8.249546975253894,
            "profit_%": -10.385925085130538
        },
        "THO": {
            "cost_p": 80.73,
            "position_%": 7.989899272995017,
            "profit_%": -6.478384739254309
        },
        "TX": {
            "cost_p": 39.96,
            "position_%": 3.1181602074455697,
            "profit_%": -6.656656656656666
        },
        "WGO": {
            "cost_p": 53.71,
            "position_%": 8.032943045261378,
            "profit_%": -9.923664122137401
        },
        "X": {
            "cost_p": 19.57,
            "position_%": 7.635434842306031,
            "profit_%": -2.5549310168625445
        },
        "ZIM": {
            "cost_p": 56.94,
            "position_%": 9.626812432246243,
            "profit_%": -15.472427116262724
        }
    }
}