{
    "KellyFormula_Range_v1": {
        "CPLP": {
            "close": 14.67,
            "loss": 2.59870243,
            "max_close": 14.67,
            "min_close": 9.492237,
            "p": 0.0,
            "profit": 0.0,
            "q": 0.99444443
        },
        "DAC": {
            "close": 72.98,
            "loss": 13.1352806,
            "max_close": 87.73,
            "min_close": 37.56377,
            "p": 0.355555564,
            "profit": 5.46743,
            "q": 0.6388889
        },
        "EDRY": {
            "close": 25.17,
            "loss": 10.9756975,
            "max_close": 33.81,
            "min_close": 6.62,
            "p": 0.51111114,
            "profit": 3.66334915,
            "q": 0.483333319
        },
        "ET": {
            "close": 9.17,
            "loss": 1.00211048,
            "max_close": 10.9818878,
            "min_close": 7.269303,
            "p": 0.594444454,
            "profit": 0.6247511,
            "q": 0.4
        },
        "GGB": {
            "close": 4.61,
            "loss": 0.214279175,
            "max_close": 6.49767637,
            "min_close": 4.114862,
            "p": 0.705555558,
            "profit": 0.69288063,
            "q": 0.2888889
        },
        "GOGL": {
            "close": 9.2,
            "loss": 1.53821564,
            "max_close": 11.68,
            "min_close": 5.867692,
            "p": 0.5611111,
            "profit": 0.9645233,
            "q": 0.427777767
        },
        "INTC": {
            "close": 50.53,
            "loss": 1.61014557,
            "max_close": 66.9506,
            "min_close": 47.5614853,
            "p": 0.9388889,
            "profit": 5.713291,
            "q": 0.055555556
        },
        "KGC": {
            "close": 6.79,
            "loss": 0.684250355,
            "max_close": 8.151266,
            "min_close": 5.24,
            "p": 0.311111122,
            "profit": 0.706553,
            "q": 0.683333337
        },
        "LDI": {
            "close": 7.1,
            "loss": 0.550299644,
            "max_close": 22.39231,
            "min_close": 6.03,
            "p": 0.8055556,
            "profit": 6.713698,
            "q": 0.183333337
        },
        "NMM": {
            "close": 29.0,
            "loss": 3.89460182,
            "max_close": 34.7383652,
            "min_close": 17.791851,
            "p": 0.366666675,
            "profit": 1.97391319,
            "q": 0.627777755
        },
        "SB": {
            "close": 3.73,
            "loss": 0.6862345,
            "max_close": 5.28,
            "min_close": 2.12,
            "p": 0.516666651,
            "profit": 0.585484,
            "q": 0.4722222
        },
        "SID": {
            "close": 4.19,
            "loss": 0.246666431,
            "max_close": 9.618398,
            "min_close": 3.82,
            "p": 0.9444444,
            "profit": 3.08359385,
            "q": 0.05
        },
        "THO": {
            "close": 112.13,
            "loss": 4.14271545,
            "max_close": 150.598877,
            "min_close": 101.76,
            "p": 0.683333337,
            "profit": 13.6800461,
            "q": 0.311111122
        },
        "TX": {
            "close": 41.98,
            "loss": 4.984627,
            "max_close": 56.19,
            "min_close": 30.76835,
            "p": 0.444444448,
            "profit": 6.23599625,
            "q": 0.55
        },
        "VALE": {
            "close": 12.65,
            "loss": 0.6385708,
            "max_close": 20.7570267,
            "min_close": 11.61,
            "p": 0.955555558,
            "profit": 4.632084,
            "q": 0.03888889
        }
    },
    "hold_stock_list": [
        "VALE",
        "INTC",
        "KGC",
        "DAC",
        "GGB",
        "LDI",
        "THO",
        "GOGL",
        "CPLP",
        "SID",
        "EDRY",
        "ET",
        "SB",
        "NMM",
        "TX"
    ],
    "portfolio": {
        "CPLP": {
            "cost_p": 12.99,
            "position_%": 4.447238367370211,
            "profit_%": 12.933025404157043
        },
        "DAC": {
            "cost_p": 76.97,
            "position_%": 11.139431084643125,
            "profit_%": -5.183837858906061
        },
        "EDRY": {
            "cost_p": 22.24,
            "position_%": 3.11484089723851,
            "profit_%": 13.174460431654692
        },
        "ET": {
            "cost_p": 9.35,
            "position_%": 6.489407486797718,
            "profit_%": -1.9251336898395692
        },
        "GGB": {
            "cost_p": 4.45,
            "position_%": 4.570487467620656,
            "profit_%": 3.595505617977531
        },
        "GOGL": {
            "cost_p": 10.75,
            "position_%": 4.684088279720182,
            "profit_%": -14.418604651162797
        },
        "INTC": {
            "cost_p": 49.94,
            "position_%": 9.061616209024498,
            "profit_%": 1.1814177012414966
        },
        "KGC": {
            "cost_p": 7.61,
            "position_%": 10.847725985628658,
            "profit_%": -10.775295663600529
        },
        "LDI": {
            "cost_p": 7.03,
            "position_%": 6.563948293641106,
            "profit_%": 0.9957325746799344
        },
        "NMM": {
            "cost_p": 30.04,
            "position_%": 5.001983812537869,
            "profit_%": -3.462050599201062
        },
        "SB": {
            "cost_p": 4.05,
            "position_%": 5.237386481665203,
            "profit_%": -7.9012345679012315
        },
        "SID": {
            "cost_p": 4.85,
            "position_%": 13.313703942962807,
            "profit_%": -13.608247422680398
        },
        "THO": {
            "cost_p": 104.58,
            "position_%": 3.2548966929776517,
            "profit_%": 7.219353604895772
        },
        "TX": {
            "cost_p": 40.0,
            "position_%": 3.7348212197104442,
            "profit_%": 4.949999999999992
        },
        "VALE": {
            "cost_p": 12.76,
            "position_%": 8.53842377846136,
            "profit_%": -0.8620689655172369
        }
    }
}