{
    "KellyFormula_Range_v1": {
        "BAC": {
            "close": 33.43,
            "loss": 1.49111176,
            "max_close": 49.38,
            "min_close": 30.13,
            "p": 0.844444454,
            "profit": 9.173286,
            "q": 0.15
        },
        "BIO": {
            "close": 524.62,
            "loss": 24.62323,
            "max_close": 783.22,
            "min_close": 463.67,
            "p": 0.705555558,
            "profit": 116.967224,
            "q": 0.2888889
        },
        "C": {
            "close": 51.91,
            "loss": 3.27210617,
            "max_close": 69.16,
            "min_close": 44.14,
            "p": 0.677777767,
            "profit": 9.17320251,
            "q": 0.316666663
        },
        "CCS": {
            "close": 53.43,
            "loss": 4.312374,
            "max_close": 84.95,
            "min_close": 40.36,
            "p": 0.6666667,
            "profit": 13.354248,
            "q": 0.327777773
        },
        "DAC": {
            "close": 66.12,
            "loss": 4.190956,
            "max_close": 106.64,
            "min_close": 57.38,
            "p": 0.877777755,
            "profit": 16.7479935,
            "q": 0.116666667
        },
        "DHI": {
            "close": 77.39,
            "loss": 6.44704437,
            "max_close": 109.65,
            "min_close": 60.56,
            "p": 0.5611111,
            "profit": 15.6258392,
            "q": 0.433333337
        },
        "EDRY": {
            "close": 17.66,
            "loss": 1.09705734,
            "max_close": 42.75,
            "min_close": 15.55,
            "p": 0.9,
            "profit": 8.040991,
            "q": 0.0944444463
        },
        "GGB": {
            "close": 4.33,
            "loss": 0.1116662,
            "max_close": 6.51,
            "min_close": 4.06,
            "p": 0.9222222,
            "profit": 0.9842162,
            "q": 0.06666667
        },
        "HIMX": {
            "close": 7.06,
            "loss": 0.452500343,
            "max_close": 15.99,
            "min_close": 6.35,
            "p": 0.927777767,
            "profit": 3.43724966,
            "q": 0.06666667
        },
        "ILPT": {
            "close": 9.75,
            "loss": 0.07999992,
            "max_close": 28.3,
            "min_close": 9.64,
            "p": 0.983333349,
            "profit": 10.4308777,
            "q": 0.0111111114
        },
        "INTC": {
            "close": 39.2,
            "loss": 1.4844017,
            "max_close": 55.91,
            "min_close": 36.34,
            "p": 0.855555534,
            "profit": 8.96031952,
            "q": 0.1388889
        },
        "NMM": {
            "close": 23.02,
            "loss": 1.18764687,
            "max_close": 36.49,
            "min_close": 20.36,
            "p": 0.9,
            "profit": 5.99210167,
            "q": 0.0944444463
        },
        "SID": {
            "close": 2.61,
            "loss": 0.0474998951,
            "max_close": 5.71,
            "min_close": 2.45,
            "p": 0.9722222,
            "profit": 1.76279855,
            "q": 0.0222222228
        },
        "STC": {
            "close": 51.04,
            "loss": 1.88541794,
            "max_close": 80.18,
            "min_close": 45.91,
            "p": 0.8611111,
            "profit": 15.2913361,
            "q": 0.13333334
        },
        "THO": {
            "close": 84.42,
            "loss": 6.019516,
            "max_close": 114.76,
            "min_close": 69.02,
            "p": 0.533333361,
            "profit": 14.4313507,
            "q": 0.4611111
        },
        "TX": {
            "close": 33.1,
            "loss": 1.56999779,
            "max_close": 49.66,
            "min_close": 30.76,
            "p": 0.9722222,
            "profit": 8.588676,
            "q": 0.0222222228
        },
        "WGO": {
            "close": 58.88,
            "loss": 6.53871155,
            "max_close": 77.45,
            "min_close": 44.28,
            "p": 0.5222222,
            "profit": 9.865757,
            "q": 0.4722222
        },
        "X": {
            "close": 19.76,
            "loss": 1.25407219,
            "max_close": 38.45,
            "min_close": 17.02,
            "p": 0.844444454,
            "profit": 7.29743,
            "q": 0.15
        },
        "ZIM": {
            "close": 45.39,
            "loss": 1.736248,
            "max_close": 88.62,
            "min_close": 42.05,
            "p": 0.95,
            "profit": 15.44326,
            "q": 0.0444444455
        }
    },
    "hold_stock_list": [
        "BIO",
        "ILPT",
        "INTC",
        "HIMX",
        "STC",
        "DHI",
        "CCS",
        "BAC",
        "C",
        "THO",
        "WGO",
        "DAC",
        "EDRY",
        "NMM",
        "ZIM",
        "X",
        "GGB",
        "SID",
        "TX"
    ],
    "portfolio": {
        "BAC": {
            "cost_p": 35.99,
            "position_%": 5.558197791559731,
            "profit_%": -7.113086968602396
        },
        "BIO": {
            "cost_p": 550.38,
            "position_%": 7.366596592894764,
            "profit_%": -4.680402630909552
        },
        "C": {
            "cost_p": 49.1,
            "position_%": 12.006211724891344,
            "profit_%": 5.723014256619135
        },
        "CCS": {
            "cost_p": 44.7,
            "position_%": 1.725836630193943,
            "profit_%": 19.53020134228187
        },
        "DAC": {
            "cost_p": 73.49,
            "position_%": 5.674797939729435,
            "profit_%": -10.028575316369562
        },
        "DHI": {
            "cost_p": 64.7,
            "position_%": 2.498023041913828,
            "profit_%": 19.61360123647604
        },
        "EDRY": {
            "cost_p": 22.24,
            "position_%": 0.858671289832512,
            "profit_%": -20.59352517985611
        },
        "GGB": {
            "cost_p": 4.57,
            "position_%": 2.587854061143908,
            "profit_%": -5.251641137855585
        },
        "HIMX": {
            "cost_p": 7.32,
            "position_%": 4.89875059595095,
            "profit_%": -3.5519125683060198
        },
        "ILPT": {
            "cost_p": 17.42,
            "position_%": 4.483829097386798,
            "profit_%": -44.029850746268664
        },
        "INTC": {
            "cost_p": 43.58,
            "position_%": 6.169512034171308,
            "profit_%": -10.05048187241853
        },
        "NMM": {
            "cost_p": 30.04,
            "position_%": 2.0683527828858264,
            "profit_%": -23.36884154460719
        },
        "SID": {
            "cost_p": 4.82,
            "position_%": 4.342261588571486,
            "profit_%": -45.850622406639005
        },
        "STC": {
            "cost_p": 52.86,
            "position_%": 8.163554744702624,
            "profit_%": -3.443057132046917
        },
        "THO": {
            "cost_p": 80.73,
            "position_%": 7.906613577134891,
            "profit_%": 4.570791527313264
        },
        "TX": {
            "cost_p": 39.96,
            "position_%": 3.0856569012326602,
            "profit_%": -17.167167167167165
        },
        "WGO": {
            "cost_p": 52.16,
            "position_%": 6.04158648529638,
            "profit_%": 12.883435582822097
        },
        "X": {
            "cost_p": 19.57,
            "position_%": 5.037229359119383,
            "profit_%": 0.9708737864077734
        },
        "ZIM": {
            "cost_p": 56.94,
            "position_%": 9.526463761388221,
            "profit_%": -20.284510010537403
        }
    }
}