{
    "Factor_Intersectional_v1": [],
    "KellyFormula_Range_v1": {
        "AAP": {
            "close": 46.49,
            "loss": 8.081165,
            "max_close": 63.163086,
            "min_close": 30.074455,
            "p": 0.23888889,
            "profit": 2.5499306,
            "q": 0.75555557
        },
        "ALB": {
            "close": 62.67,
            "loss": 4.933468,
            "max_close": 109.52887,
            "min_close": 50.43097,
            "p": 0.6944444,
            "profit": 25.264053,
            "q": 0.3
        },
        "EL": {
            "close": 80.8,
            "loss": 12.914734,
            "max_close": 104.18515,
            "min_close": 49.80485,
            "p": 0.1388889,
            "profit": 5.8546524,
            "q": 0.85555553
        },
        "EPAM": {
            "close": 176.82,
            "loss": 13.212662,
            "max_close": 267.63,
            "min_close": 143.33,
            "p": 0.7,
            "profit": 43.90393,
            "q": 0.29444444
        },
        "EW": {
            "close": 78.21,
            "loss": 6.0687714,
            "max_close": 93.78,
            "min_close": 59.7,
            "p": 0.0055555557,
            "profit": 0.010002136,
            "q": 0.98333335
        },
        "GGB": {
            "close": 2.92,
            "loss": 0.17408347,
            "max_close": 3.5385134,
            "min_close": 2.3,
            "p": 0.50555557,
            "profit": 0.23549342,
            "q": 0.47777778
        },
        "HAL": {
            "close": 20.38,
            "loss": 0.54898834,
            "max_close": 35.486828,
            "min_close": 19.099735,
            "p": 0.85555553,
            "profit": 5.5272293,
            "q": 0.1388889
        },
        "ILPT": {
            "close": 4.55,
            "loss": 0.99767065,
            "max_close": 5.113726,
            "min_close": 2.5003462,
            "p": 0.027777778,
            "profit": 0.11799955,
            "q": 0.96666664
        },
        "KSS": {
            "close": 8.48,
            "loss": 0.924665,
            "max_close": 20.890903,
            "min_close": 6.0484843,
            "p": 0.6388889,
            "profit": 5.3512163,
            "q": 0.35555556
        },
        "MPW": {
            "close": 4.31,
            "loss": 0.35175872,
            "max_close": 6.0981083,
            "min_close": 3.6044285,
            "p": 0.7111111,
            "profit": 0.62559223,
            "q": 0.28333333
        },
        "NKE": {
            "close": 71.04,
            "loss": 9.734013,
            "max_close": 87.95319,
            "min_close": 52.918324,
            "p": 0.56666666,
            "profit": 4.929207,
            "q": 0.42777777
        },
        "NVO": {
            "close": 69.02,
            "loss": 3.9075317,
            "max_close": 142.58017,
            "min_close": 58.08,
            "p": 0.76666665,
            "profit": 21.409157,
            "q": 0.22777778
        },
        "PFE": {
            "close": 24.24,
            "loss": 1.2412014,
            "max_close": 29.837969,
            "min_close": 21.185833,
            "p": 0.6722222,
            "profit": 1.4580288,
            "q": 0.31666666
        },
        "PVH": {
            "close": 68.6,
            "loss": 3.400673,
            "max_close": 112.74689,
            "min_close": 60.472145,
            "p": 0.79444444,
            "profit": 21.598213,
            "q": 0.2
        },
        "PYPL": {
            "close": 74.32,
            "loss": 5.8793335,
            "max_close": 91.81,
            "min_close": 57.22,
            "p": 0.53333336,
            "profit": 9.766853,
            "q": 0.4611111
        },
        "SBUX": {
            "close": 91.63,
            "loss": 5.943039,
            "max_close": 115.00041,
            "min_close": 70.7466,
            "p": 0.6388889,
            "profit": 7.933464,
            "q": 0.35555556
        },
        "SEE": {
            "close": 31.03,
            "loss": 2.737955,
            "max_close": 37.127045,
            "min_close": 23.781643,
            "p": 0.7111111,
            "profit": 2.8684597,
            "q": 0.28333333
        },
        "SID": {
            "close": 1.4,
            "loss": 0.046000004,
            "max_close": 2.35638,
            "min_close": 1.3,
            "p": 0.9,
            "profit": 0.27498424,
            "q": 0.083333336
        },
        "TGT": {
            "close": 98.65,
            "loss": 3.8164673,
            "max_close": 156.39932,
            "min_close": 87.75676,
            "p": 0.6888889,
            "profit": 30.884117,
            "q": 0.30555555
        },
        "VALE": {
            "close": 9.71,
            "loss": 0.5843992,
            "max_close": 11.254913,
            "min_close": 8.179748,
            "p": 0.2777778,
            "profit": 0.39200878,
            "q": 0.71666664
        },
        "VFC": {
            "close": 11.75,
            "loss": 0.5944338,
            "max_close": 26.618027,
            "min_close": 9.672672,
            "p": 0.8666667,
            "profit": 7.333935,
            "q": 0.12777779
        },
        "ZIM": {
            "close": 16.09,
            "loss": 1.4806223,
            "max_close": 19.37,
            "min_close": 11.051109,
            "p": 0.47777778,
            "profit": 1.1193867,
            "q": 0.51666665
        }
    },
    "hold_stock_list": [
        "SEE",
        "EL",
        "KSS",
        "TGT",
        "NKE",
        "PVH",
        "VFC",
        "SBUX",
        "MPW",
        "NVO",
        "PFE",
        "ILPT",
        "AAP",
        "PYPL",
        "EPAM",
        "EW",
        "ZIM",
        "VALE",
        "GGB",
        "SID",
        "HAL",
        "ALB"
    ],
    "portfolio": {
        "AAP": {
            "cost_p": 91.35,
            "position_%": 12.256656632481434,
            "profit_%": -49.107827038861515
        },
        "ALB": {
            "cost_p": 173.45,
            "position_%": 6.649205075936836,
            "profit_%": -63.86855001441337
        },
        "EL": {
            "cost_p": 143.03,
            "position_%": 5.4830544941553505,
            "profit_%": -43.508354890582396
        },
        "EPAM": {
            "cost_p": 248.63,
            "position_%": 2.3828075209428876,
            "profit_%": -28.882274866267142
        },
        "EW": {
            "cost_p": 87.4,
            "position_%": 2.5128589952589193,
            "profit_%": -10.514874141876444
        },
        "GGB": {
            "cost_p": 2.9,
            "position_%": 2.2234297745998064,
            "profit_%": 0.6896551724137937
        },
        "HAL": {
            "cost_p": 34.9,
            "position_%": 2.34130988764971,
            "profit_%": -41.60458452722063
        },
        "ILPT": {
            "cost_p": 17.2,
            "position_%": 3.29680966578592,
            "profit_%": -73.54651162790698
        },
        "KSS": {
            "cost_p": 11.63,
            "position_%": 10.700064115281002,
            "profit_%": -27.085124677558042
        },
        "MPW": {
            "cost_p": 6.18,
            "position_%": 4.145929829706364,
            "profit_%": -30.258899676375407
        },
        "NKE": {
            "cost_p": 73.71,
            "position_%": 5.651345127094888,
            "profit_%": -3.6223036223036056
        },
        "NVO": {
            "cost_p": 89.89,
            "position_%": 2.5844496005014217,
            "profit_%": -23.2172655467794
        },
        "PFE": {
            "cost_p": 24,
            "position_%": 2.3000997668273864,
            "profit_%": 0.9999999999999934
        },
        "PVH": {
            "cost_p": 87.3,
            "position_%": 5.01996774110077,
            "profit_%": -21.42038946162658
        },
        "PYPL": {
            "cost_p": 68.03,
            "position_%": 2.607929785621118,