{
    "KellyFormula_Range_v1": {
        "BAC": {
            "close": 24.62,
            "loss": 1.87887573,
            "max_close": 34.2153,
            "min_close": 17.8342,
            "p": 0.455555558,
            "profit": 3.58337784,
            "q": 0.5388889
        },
        "DHI": {
            "close": 75.7,
            "loss": 19.6383629,
            "max_close": 77.89,
            "min_close": 28.6063,
            "p": 0.0222222228,
            "profit": 1.44250488,
            "q": 0.9722222
        },
        "EWBC": {
            "close": 35.61,
            "loss": 3.69557381,
            "max_close": 49.8306,
            "min_close": 22.422,
            "p": 0.433333337,
            "profit": 4.835308,
            "q": 0.5611111
        },
        "FBP": {
            "close": 6.07,
            "loss": 0.734022141,
            "max_close": 9.937,
            "min_close": 3.6669,
            "p": 0.227777779,
            "profit": 2.28384256,
            "q": 0.766666651
        },
        "FHN": {
            "close": 10.4,
            "loss": 1.50227547,
            "max_close": 16.3271,
            "min_close": 6.597,
            "p": 0.216666669,
            "profit": 3.939907,
            "q": 0.7777778
        },
        "PBCT": {
            "close": 10.77,
            "loss": 0.3836565,
            "max_close": 15.8568,
            "min_close": 9.2231,
            "p": 0.7222222,
            "profit": 1.69592,
            "q": 0.272222221
        },
        "PFC": {
            "close": 17.17,
            "loss": 1.92338371,
            "max_close": 30.7262,
            "min_close": 11.194,
            "p": 0.477777779,
            "profit": 4.887398,
            "q": 0.51111114
        },
        "PNC": {
            "close": 114.8,
            "loss": 11.2437973,
            "max_close": 151.7491,
            "min_close": 78.786,
            "p": 0.216666669,
            "profit": 24.68666,
            "q": 0.7777778
        },
        "PSX": {
            "close": 52.55,
            "loss": 4.39957047,
            "max_close": 98.6279,
            "min_close": 40.9713,
            "p": 0.8888889,
            "profit": 16.75816,
            "q": 0.105555557
        },
        "SLM": {
            "close": 8.47,
            "loss": 1.13994122,
            "max_close": 12.1515,
            "min_close": 6.0536,
            "p": 0.211111113,
            "profit": 2.24698353,
            "q": 0.783333361
        },
        "SNV": {
            "close": 23.6,
            "loss": 4.24861526,
            "max_close": 37.3499,
            "min_close": 12.368,
            "p": 0.2,
            "profit": 8.261026,
            "q": 0.794444442
        },
        "STL": {
            "close": 11.76,
            "loss": 1.065134,
            "max_close": 20.7154,
            "min_close": 7.3857,
            "p": 0.416666657,
            "profit": 3.6829052,
            "q": 0.5777778
        },
        "WFC": {
            "close": 24.45,
            "loss": 0.5656376,
            "max_close": 47.2708,
            "min_close": 22.4374,
            "p": 0.783333361,
            "profit": 6.612499,
            "q": 0.211111113
        }
    },
    "hold_stock_list": [
        "DHI",
        "BAC",
        "PNC",
        "PFC",
        "SNV",
        "FHN",
        "STL",
        "EWBC",
        "PBCT",
        "FBP",
        "WFC",
        "SLM",
        "PSX"
    ]
}