{
    "KellyFormula_Range_v1": {
        "CPLP": {
            "close": 15.84,
            "loss": 3.547861,
            "max_close": 16.3,
            "min_close": 9.990287,
            "p": 0.027777778,
            "profit": 0.271999359,
            "q": 0.966666639
        },
        "DAC": {
            "close": 71.79,
            "loss": 10.8853683,
            "max_close": 87.12521,
            "min_close": 46.4305077,
            "p": 0.422222227,
            "profit": 5.230591,
            "q": 0.572222233
        },
        "EDRY": {
            "close": 20.71,
            "loss": 8.667893,
            "max_close": 33.81,
            "min_close": 7.74,
            "p": 0.677777767,
            "profit": 6.70474243,
            "q": 0.316666663
        },
        "ET": {
            "close": 8.84,
            "loss": 0.993897438,
            "max_close": 10.9818878,
            "min_close": 7.269303,
            "p": 0.75555557,
            "profit": 0.800276756,
            "q": 0.23888889
        },
        "GGB": {
            "close": 4.55,
            "loss": 0.180411816,
            "max_close": 6.49767637,
            "min_close": 4.14701271,
            "p": 0.8055556,
            "profit": 0.663904667,
            "q": 0.183333337
        },
        "GOGL": {
            "close": 8.85,
            "loss": 1.26332426,
            "max_close": 11.68,
            "min_close": 6.264789,
            "p": 0.6666667,
            "profit": 1.14022255,
            "q": 0.327777773
        },
        "INTC": {
            "close": 48.78,
            "loss": 0.798915863,
            "max_close": 66.9506,
            "min_close": 47.5614853,
            "p": 0.9722222,
            "profit": 6.64851761,
            "q": 0.0222222228
        },
        "KGC": {
            "close": 6.13,
            "loss": 0.329754353,
            "max_close": 8.151266,
            "min_close": 5.24,
            "p": 0.6611111,
            "profit": 0.807960033,
            "q": 0.333333343
        },
        "LDI": {
            "close": 5.26,
            "loss": 0.0,
            "max_close": 21.31603,
            "min_close": 5.26,
            "p": 0.99444443,
            "profit": 6.46978,
            "q": 0.0
        },
        "NMM": {
            "close": 26.34,
            "loss": 2.051506,
            "max_close": 34.7383652,
            "min_close": 21.3855934,
            "p": 0.644444466,
            "profit": 3.20727348,
            "q": 0.35
        },
        "SB": {
            "close": 3.53,
            "loss": 0.5379102,
            "max_close": 5.28,
            "min_close": 2.12,
            "p": 0.622222245,
            "profit": 0.674018145,
            "q": 0.372222215
        },
        "SID": {
            "close": 4.0,
            "loss": 0.148333549,
            "max_close": 9.618398,
            "min_close": 3.57,
            "p": 0.927777767,
            "profit": 3.21712065,
            "q": 0.06666667
        },
        "THO": {
            "close": 109.19,
            "loss": 2.88909912,
            "max_close": 150.598877,
            "min_close": 101.76,
            "p": 0.8,
            "profit": 13.3705139,
            "q": 0.194444448
        },
        "TX": {
            "close": 38.09,
            "loss": 2.21360016,
            "max_close": 55.1230164,
            "min_close": 32.1183052,
            "p": 0.622222245,
            "profit": 6.952339,
            "q": 0.372222215
        },
        "VALE": {
            "close": 12.37,
            "loss": 0.42461586,
            "max_close": 20.7570267,
            "min_close": 11.27,
            "p": 0.9222222,
            "profit": 4.916503,
            "q": 0.0722222254
        }
    },
    "hold_stock_list": [
        "VALE",
        "INTC",
        "KGC",
        "DAC",
        "GGB",
        "LDI",
        "THO",
        "GOGL",
        "CPLP",
        "SID",
        "EDRY",
        "ET",
        "SB",
        "NMM",
        "TX"
    ],
    "portfolio": {
        "CPLP": {
            "cost_p": 12.99,
            "position_%": 4.447238367370211,
            "profit_%": 21.939953810623553
        },
        "DAC": {
            "cost_p": 76.97,
            "position_%": 11.139431084643125,
            "profit_%": -6.729894764193832
        },
        "EDRY": {
            "cost_p": 22.24,
            "position_%": 3.11484089723851,
            "profit_%": -6.879496402877687
        },
        "ET": {
            "cost_p": 9.35,
            "position_%": 6.489407486797718,
            "profit_%": -5.454545454545452
        },
        "GGB": {
            "cost_p": 4.45,
            "position_%": 4.570487467620656,
            "profit_%": 2.2471910112359472
        },
        "GOGL": {
            "cost_p": 10.75,
            "position_%": 4.684088279720182,
            "profit_%": -17.674418604651166
        },
        "INTC": {
            "cost_p": 49.94,
            "position_%": 9.061616209024498,
            "profit_%": -2.3227873448137695
        },
        "KGC": {
            "cost_p": 7.61,
            "position_%": 10.847725985628658,
            "profit_%": -19.448094612352172
        },
        "LDI": {
            "cost_p": 7.03,
            "position_%": 6.563948293641106,
            "profit_%": -25.17780938833571
        },
        "NMM": {
            "cost_p": 30.04,
            "position_%": 5.001983812537869,
            "profit_%": -12.316910785619173
        },
        "SB": {
            "cost_p": 4.05,
            "position_%": 5.237386481665203,
            "profit_%": -12.839506172839506
        },
        "SID": {
            "cost_p": 4.85,
            "position_%": 13.313703942962807,
            "profit_%": -17.525773195876283
        },
        "THO": {
            "cost_p": 104.58,
            "position_%": 3.2548966929776517,
            "profit_%": 4.408108624976094
        },
        "TX": {
            "cost_p": 40.0,
            "position_%": 3.7348212197104442,
            "profit_%": -4.7749999999999915
        },
        "VALE": {
            "cost_p": 12.76,
            "position_%": 8.53842377846136,
            "profit_%": -3.0564263322884058
        }
    }
}