{
    "KellyFormula_Range_v1": {
        "ARLP": {
            "close": 18.82,
            "loss": 5.88748741,
            "max_close": 19.61,
            "min_close": 8.66,
            "p": 0.0222222228,
            "profit": 0.392501831,
            "q": 0.9722222
        },
        "BAC": {
            "close": 35.99,
            "loss": 0.6466675,
            "max_close": 49.38,
            "min_close": 34.81,
            "p": 0.9611111,
            "profit": 7.81183243,
            "q": 0.0333333351
        },
        "BIO": {
            "close": 514.36,
            "loss": 16.16333,
            "max_close": 825.77,
            "min_close": 475.22,
            "p": 0.9111111,
            "profit": 166.919617,
            "q": 0.0833333358
        },
        "BK": {
            "close": 44.59,
            "loss": 1.371872,
            "max_close": 63.66,
            "min_close": 42.06,
            "p": 0.905555546,
            "profit": 11.048893,
            "q": 0.08888889
        },
        "C": {
            "close": 51.05,
            "loss": 1.66894531,
            "max_close": 72.53,
            "min_close": 46.56,
            "p": 0.8888889,
            "profit": 13.0548134,
            "q": 0.105555557
        },
        "CPLP": {
            "close": 15.79,
            "loss": 1.45369339,
            "max_close": 18.76,
            "min_close": 12.35,
            "p": 0.372222215,
            "profit": 0.6726122,
            "q": 0.6166667
        },
        "DAC": {
            "close": 78.91,
            "loss": 6.20880127,
            "max_close": 106.64,
            "min_close": 65.69,
            "p": 0.533333361,
            "profit": 11.8314514,
            "q": 0.4611111
        },
        "EDRY": {
            "close": 35.0,
            "loss": 9.341255,
            "max_close": 42.75,
            "min_close": 17.0,
            "p": 0.0833333358,
            "profit": 2.98199844,
            "q": 0.9111111
        },
        "ET": {
            "close": 11.73,
            "loss": 1.98388863,
            "max_close": 12.08,
            "min_close": 8.15,
            "p": 0.0222222228,
            "profit": 0.167499542,
            "q": 0.9722222
        },
        "GOGL": {
            "close": 15.26,
            "loss": 4.67888069,
            "max_close": 15.26,
            "min_close": 7.68,
            "p": 0.0,
            "profit": 0.0,
            "q": 0.99444443
        },
        "HIMX": {
            "close": 9.96,
            "loss": 0.8258076,
            "max_close": 15.99,
            "min_close": 7.97,
            "p": 0.816666663,
            "profit": 1.24081707,
            "q": 0.172222227
        },
        "ILPT": {
            "close": 15.28,
            "loss": 0.612856865,
            "max_close": 28.4,
            "min_close": 14.38,
            "p": 0.955555558,
            "profit": 8.452565,
            "q": 0.03888889
        },
        "INTC": {
            "close": 44.4,
            "loss": 0.9850044,
            "max_close": 56.0,
            "min_close": 42.83,
            "p": 0.9444444,
            "profit": 5.968479,
            "q": 0.0444444455
        },
        "NMM": {
            "close": 28.76,
            "loss": 2.614029,
            "max_close": 36.49,
            "min_close": 22.8,
            "p": 0.6166667,
            "profit": 2.69567871,
            "q": 0.372222215
        },
        "PKX": {
            "close": 57.37,
            "loss": 1.57025909,
            "max_close": 79.19,
            "min_close": 52.4,
            "p": 0.7888889,
            "profit": 5.794449,
            "q": 0.205555558
        },
        "SB": {
            "close": 4.24,
            "loss": 0.452222347,
            "max_close": 5.28,
            "min_close": 3.24,
            "p": 0.438888878,
            "profit": 0.378608227,
            "q": 0.55
        },
        "SID": {
            "close": 3.75,
            "loss": 0.233333349,
            "max_close": 6.74,
            "min_close": 3.3,
            "p": 0.9611111,
            "profit": 1.09861135,
            "q": 0.0333333351
        },
        "STC": {
            "close": 58.45,
            "loss": 4.20344925,
            "max_close": 80.18,
            "min_close": 50.44,
            "p": 0.8333333,
            "profit": 11.4930687,
            "q": 0.161111116
        },
        "THO": {
            "close": 79.91,
            "loss": 2.22923279,
            "max_close": 127.44,
            "min_close": 75.33,
            "p": 0.9222222,
            "profit": 20.228363,
            "q": 0.0722222254
        },
        "TX": {
            "close": 41.62,
            "loss": 2.09407425,
            "max_close": 54.38,
            "min_close": 36.57,
            "p": 0.6666667,
            "profit": 3.84708023,
            "q": 0.327777773
        },
        "WGO": {
            "close": 53.03,
            "loss": 0.84400177,
            "max_close": 78.55,
            "min_close": 50.1,
            "p": 0.966666639,
            "profit": 13.5912323,
            "q": 0.027777778
        },
        "ZIM": {
            "close": 65.04,
            "loss": 10.6171608,
            "max_close": 88.62,
            "min_close": 43.31,
            "p": 0.272222221,
            "profit": 7.505707,
            "q": 0.7222222
        }
    },
    "hold_stock_list": [
        "BIO",
        "HIMX",
        "ILPT",
        "STC",
        "ET",
        "INTC",
        "ARLP",
        "BAC",
        "BK",
        "C",
        "THO",
        "WGO",
        "DAC",
        "GOGL",
        "CPLP",
        "EDRY",
        "SB",
        "NMM",
        "ZIM",
        "SID",
        "PKX",
        "TX"
    ],
    "portfolio": {
        "ARLP": {
            "cost_p": 14.01,
            "position_%": 2.194139120823959,
            "profit_%": 34.33261955745896
        },
        "BAC": {
            "cost_p": 37.29,
            "position_%": 7.008089748653141,
            "profit_%": -3.4861893268972843
        },
        "BIO": {
            "cost_p": 596.71,
            "position_%": 4.111895018602573,
            "profit_%": -13.800673694089257
        },
        "BK": {
            "cost_p": 44.42,
            "position_%": 7.652392985132068,
            "profit_%": 0.3827104907699273
        },
        "C": {
            "cost_p": 50,
            "position_%": 7.830617847337469,
            "profit_%": 2.0999999999999943
        },
        "CPLP": {
            "cost_p": 12.99,
            "position_%": 1.6275156133906197,
            "profit_%": 21.555042340261732
        },
        "DAC": {
            "cost_p": 76.97,
            "position_%": 3.6163359342573904,
            "profit_%": 2.5204625178641
        },
        "EDRY": {
            "cost_p": 22.24,
            "position_%": 1.0449176455487117,
            "profit_%": 0
        },
        "ET": {
            "cost_p": 9.35,
            "position_%": 3.2654459485181984,
            "profit_%": 25.454545454545464
        },
        "GOGL": {
            "cost_p": 10.75,
            "position_%": 2.357015972048578,
            "profit_%": 41.95348837209302
        },
        "HIMX": {
            "cost_p": 9.18,
            "position_%": 6.182116178115986,
            "profit_%": 8.496732026143803
        },
        "ILPT": {
            "cost_p": 20,
            "position_%": 3.1322471389349875,
            "profit_%": -23.600000000000005
        },
        "INTC": {
            "cost_p": 45.14,
            "position_%": 10.6042226888644,
            "profit_%": -1.6393442622950862
        },
        "NMM": {
            "cost_p": 30.04,
            "position_%": 2.516979833433988,
            "profit_%": -4.260985352862842
        },
        "PKX": {
            "cost_p": 58.54,
            "position_%": 1.8336174751325418,
            "profit_%": -1.9986334130509085
        },
        "SB": {
            "cost_p": 4.05,
            "position_%": 2.6354335896106624,