{"hold_stock_list":["SEE","GIS","PEP","EL","KSS","TGT","NKE","PVH","VFC","MPW","NVO","CVS","ILPT","AAP","PYPL","EPAM","PAGS","EW","DAC","ZIM","VALE","GGB","SID","HAL","ALB"],"watch_stock_list":["ABNB","ACLS","ACMR","ADBE","ADSK","AEO","ALB","ALGM","ALGN","AMAT","ANSS","APD","APTV","ARTNA","ASML","AZN","BAC","BBY","BF-B","BIO","BLD","BUD","CAMT","CE","CNMD","CRM","CSCO","CVS","DE","DELL","DEO","DG","DHI","DIS","EL","EPAM","EW","EXLS","EXR","F","FDX","FFIV","FSLR","FTNT","G","GIS","GLOB","GM","GOOG","GSK","HAL","HAS","HMC","HOV","HPE","HPQ","INTC","ISRG","K","KSS","LMAT","LNTH","LQDT","LRCX","M","MA","MCHP","MKC","MMM","MMS","MOH","MPW","MS","MSFT","MU","NDAQ","NFLX","NICE","NKE","NOW","NVO","NXPI","ORCL","OXM","PAGS","PAYC","PCTY","PEP","PFE","PHG","PODD","PVH","PYPL","QCOM","SAIC","SBUX","SEE","SMP","SONY","SQM","STM","TDC","TEAM","TECH","TEX","TGT","TITN","TM","TEN","TRI","TX","UAL","UPS","VALE","VEEV","VFC","VMI","WDAY","WFC","WNS","X","ZTS"],"portfolio":{"AAP":{"cost_p":91.35,"position_%":11.480766641231652,"profit_%":-58.59879584017514},"ALB":{"cost_p":173.45,"position_%":6.228286727411464,"profit_%":-56.34476794465264},"CVS":{"cost_p":65.41,"position_%":4.69751784191391,"profit_%":2.736584620088681},"DAC":{"cost_p":73.24,"position_%":3.944880829480677,"profit_%":10.008192244675039},"EL":{"cost_p":143.03,"position_%":5.1359576282597965,"profit_%":-53.932741382926665},"EPAM":{"cost_p":248.63,"position_%":2.231967323488487,"profit_%":-28.842054458432216},"EW":{"cost_p":87.4,"position_%":2.3537860765743526,"profit_%":-18.661327231121284},"GGB":{"cost_p":2.9,"position_%":2.0826787557789848,"profit_%":4.482758620689651},"GIS":{"cost_p":62.3,"position_%":4.4741684994838185,"profit_%":-5.184590690208664},"HAL":{"cost_p":34.9,"position_%":2.1930966380896812,"profit_%":-26.36103151862464},"ILPT":{"cost_p":17.2,"position_%":3.0881098792584947,"profit_%":-79.36046511627907},"KSS":{"cost_p":21.98,"position_%":5.130212307554198,"profit_%":-59.28116469517744},"MPW":{"cost_p":6.18,"position_%":3.8834777144396067,"profit_%":-0.8090614886731363},"NKE":{"cost_p":73.71,"position_%":5.293594865119618,"profit_%":-10.81264414597748},"NVO":{"cost_p":89.89,"position_%":2.420844741684995,"profit_%":-20.202469685170758},"PAGS":{"cost_p":6.91,"position_%":0.06203150949324476,"profit_%":17.945007235890017},"PEP":{"cost_p":144.84,"position_%":5.200951568741864,"profit_%":2.623584645125644},"PVH":{"cost_p":87.3,"position_%":4.702185914987208,"profit_%":-23.321878579610537},"PYPL":{"cost_p":68.03,"position_%":2.442838547511109,"profit_%":2.851683080993676},"SEE":{"cost_p":34.36,"position_%":7.0943938237802415,"profit_%":-13.940628637951102},"SID":{"cost_p":4.54,"position_%":2.8529108128731093,"profit_%":-61.013215859030836},"TGT":{"cost_p":135.71,"position_%":1.218277301494681,"profit_%":-21.8259523984968},"VALE":{"cost_p":12.22,"position_%":2.1939943444499304,"profit_%":-17.103109656301143},"VFC":{"cost_p":18.8,"position_%":1.181381570088424,"profit_%":-13.19148936170213},"ZIM":{"cost_p":40.74,"position_%":8.411688136810449,"profit_%":-62.02749140893471}},"KellyFormula_Range_v1":{"AAP":{"profit":9.051533,"loss":1.1864891,"p":0.81666666,"q":0.17777778,"max_close":83.78165,"min_close":33.63,"close":37.82},"NVO":{"profit":36.67501,"loss":0.0,"p":0.99444443,"q":0.0,"max_close":146.36218,"min_close":71.73,"close":71.73},"PAGS":{"profit":2.1790438,"loss":0.9145231,"p":0.5222222,"q":0.46666667,"max_close":14.6,"min_close":6.19,"close":8.15},"PYPL":{"profit":11.267052,"loss":5.488701,"p":0.73888886,"q":0.25555557,"max_close":91.81,"min_close":57.22,"close":69.97},"ALB":{"profit":14.85553,"loss":2.482727,"p":0.92777777,"q":0.06666667,"max_close":133.0665,"min_close":69.5587,"close":75.72},"NKE":{"profit":10.859512,"loss":0.0,"p":0.99444443,"q":0.0,"max_close":95.77242,"min_close":65.74,"close":65.74},"GGB":{"profit":0.2717371,"loss":0.12016964,"p":0.65555555,"q":0.32777777,"max_close":3.8891463,"min_close":2.72,"close":3.03},"GIS":{"profit":6.6101074,"loss":0.70285416,"p":0.9166667,"q":0.07777778,"max_close":73.79097,"min_close":57.56,"close":59.07},"EPAM":{"profit":39.65895,"loss":3.1299896,"p":0.98333335,"q":0.011111111,"max_close":276.37,"min_close":170.25,"close":176.92},"MPW":{"profit":0.028887272,"loss":1.4805465,"p":0.016666668,"q":0.9777778,"max_close":6.17,"min_close":3.5806503,"close":6.13},"TGT":{"profit":33.645035,"loss":1.3325043,"p":0.95,"q":0.044444446,"max_close":172.50467,"min_close":104.06,"close":106.09},"SID":{"profit":0.34260893,"loss":0.2623806,"p":0.6388889,"q":0.35,"max_close":2.9824374,"min_close":1.3,"close":1.77},"VFC":{"profit":4.1344433,"loss":1.0564995,"p":0.87222224,"q":0.12222222,"max_close":26.803305,"min_close":11.724485,"close":16.32},"ZIM":{"profit":1.3227568,"loss":2.074112,"p":0.42777777,"q":0.56666666,"max_close":19.163383,"min_close":6.367133,"close":15.47},"VALE":{"profit":0.5342865,"loss":0.6380911,"p":0.42777777,"q":0.56666666,"max_close":12.415653,"min_close":8.5,"close":10.13},"CVS":{"profit":0.72250366,"loss":10.411396,"p":0.022222223,"q":0.9722222,"max_close":76.283394,"min_close":43.23058,"close":67.2},"KSS":{"profit":7.1918364,"loss":0.6467161,"p":0.95,"q":0.044444446,"max_close":26.668364,"min_close":7.942026,"close":8.95},"DAC":{"profit":3.008377,"loss":1.7136078,"p":0.6111111,"q":0.38333333,"max_close":95.34127,"min_close":70.67845,"close":80.57},"EL":{"profit":17.09269,"loss":1.7467346,"p":0.9,"q":0.094444446,"max_close":150.74788,"min_close":62.14359,"close":65.89},"SEE":{"profit":4.785038,"loss":0.18799973,"p":0.96666664,"q":0.027777778,"max_close":39.125454,"min_close":29.1,"close":29.57},"EW":{"profit":4.907318,"loss":3.3557587,"p":0.37222221,"q":0.6166667,"max_close":95.56,"min_close":59.7,"close":71.09},"HAL":{"profit":3.5152416,"loss":0.7630329,"p":0.87777776,"q":0.11666667,"max_close":40.295,"min_close":23.98,"close":25.7},"PVH":{"profit":29.436066,"loss":1.7977829,"p":0.9444444,"q":0.05,"max_close":140.38414,"min_close":63.81,"close":66.94},"ILPT":{"profit":0.67458797,"loss":0.09459591,"p":0.8611111,"q":0.13333334,"max_close":5.1334705,"min_close":3.2416239,"close":3.55},"PEP":{"profit":14.24556,"loss":3.3903046,"p":0.8055556,"q":0.18888889,"max_close":177.21536,"min_close":141.38991,"close":148.64}},"Factor_Intersectional_v1":[],"stock_info":{"AAP":["Advance Auto Parts Inc","Specialty Retail","Consumer Cyclical"],"NVO":["Novo Nordisk ADR","Biotechnology","Healthcare"],"PAGS":["PagSeguro Digital Ltd","Software - Infrastructure","Technology"],"PYPL":["PayPal Holdings Inc","Credit Services","Financial"],"ALB":["Albemarle Corp.","Specialty Chemicals","Basic Materials"],"NKE":["Nike, Inc.","Footwear & Accessories","Consumer Cyclical"],"GGB":["Gerdau S.A. ADR","Steel","Basic Materials"],"GIS":["General Mills, Inc.","Packaged Foods","Consumer Defensive"],"EPAM":["EPAM Systems Inc","Information Technology Services","Technology"],"MPW":["Medical Properties Trust Inc","REIT - Healthcare Facilities","Real Estate"],"TGT":["Target Corp","Discount Stores","Consumer Defensive"],"SID":["Companhia Siderurgica Nacional ADR","Steel","Basic Materials"],"VFC":["VF Corp.","Apparel Manufacturing","Consumer Cyclical"],"ZIM":["Zim Integrated Shipping Services Ltd","Marine Shipping","Industrials"],"VALE":["Vale S.A. ADR","Other Industrial Metals & Mining","Basic Materials"],"CVS":["CVS Health Corp","Healthcare Plans","Healthcare"],"KSS":["Kohl's Corp.","Department Stores","Consumer Cyclical"],"DAC":["Danaos Corporation","Marine Shipping","Industrials"],"EL":["Estee Lauder Cos., Inc.","Household & Personal Products","Consumer Defensive"],"SEE":["Sealed Air Corp.","Packaging & Containers","Consumer Cyclical"],"EW":["Edwards Lifesciences Corp","Medical Devices","Healthcare"],"HAL":["Halliburton Co.","Oil & Gas Equipment & Services","Energy"],"PVH":["PVH Corp","Apparel Manufacturing","Consumer Cyclical"],"ILPT":["Industrial Logistics Properties Trust","REIT - Industrial","Real Estate"],