{
    "KellyFormula_Range_v1": {
        "BGFV": {
            "close": 12.54,
            "loss": 6.287778,
            "max_close": 12.9,
            "min_close": 1.13858509,
            "p": 0.00555555569,
            "profit": 0.359999657,
            "q": 0.98888886
        },
        "BIO": {
            "close": 588.34,
            "loss": 73.52008,
            "max_close": 643.45,
            "min_close": 432.34,
            "p": 0.13333334,
            "profit": 18.0346069,
            "q": 0.8611111
        },
        "C": {
            "close": 60.56,
            "loss": 11.3540611,
            "max_close": 69.01,
            "min_close": 39.7013054,
            "p": 0.111111112,
            "profit": 2.88149643,
            "q": 0.8833333
        },
        "DHI": {
            "close": 78.97,
            "loss": 12.0866623,
            "max_close": 78.97,
            "min_close": 45.4488258,
            "p": 0.0,
            "profit": 0.0,
            "q": 0.99444443
        },
        "HTH": {
            "close": 32.77,
            "loss": 11.5438118,
            "max_close": 33.22,
            "min_close": 13.619916,
            "p": 0.0166666675,
            "profit": 0.283332825,
            "q": 0.9777778
        },
        "LAKE": {
            "close": 26.97,
            "loss": 6.05359459,
            "max_close": 31.25,
            "min_close": 12.87,
            "p": 0.1,
            "profit": 1.86833191,
            "q": 0.894444466
        },
        "PSX": {
            "close": 72.08,
            "loss": 11.7996674,
            "max_close": 87.2001343,
            "min_close": 43.5934563,
            "p": 0.188888893,
            "profit": 4.033951,
            "q": 0.8055556
        },
        "REGI": {
            "close": 100.25,
            "loss": 53.840332,
            "max_close": 100.53,
            "min_close": 22.31,
            "p": 0.00555555569,
            "profit": 0.279998779,
            "q": 0.98888886
        },
        "SMP": {
            "close": 41.72,
            "loss": 1.96403122,
            "max_close": 54.17,
            "min_close": 35.6404228,
            "p": 0.6722222,
            "profit": 4.36782455,
            "q": 0.322222233
        },
        "SNX": {
            "close": 89.18,
            "loss": 31.87534,
            "max_close": 91.34,
            "min_close": 34.01273,
            "p": 0.0166666675,
            "profit": 1.3007431,
            "q": 0.9777778
        },
        "T": {
            "close": 29.11,
            "loss": 0.9704685,
            "max_close": 31.50766,
            "min_close": 26.033514,
            "p": 0.172222227,
            "profit": 0.664100647,
            "q": 0.822222233
        },
        "TDS": {
            "close": 20.11,
            "loss": 1.38667488,
            "max_close": 23.91577,
            "min_close": 16.5031128,
            "p": 0.23888889,
            "profit": 1.75407219,
            "q": 0.75555557
        },
        "WFC": {
            "close": 32.24,
            "loss": 6.65424156,
            "max_close": 34.75,
            "min_close": 21.0457516,
            "p": 0.06111111,
            "profit": 0.988746643,
            "q": 0.933333337
        }
    },
    "hold_stock_list": [
        "SMP",
        "T",
        "DHI",
        "C",
        "REGI",
        "TDS",
        "BGFV",
        "BIO",
        "WFC",
        "PSX",
        "SNX",
        "LAKE",
        "HTH"
    ],
    "portfolio": {
        "BGFV": {
            "cost_p": 12.23,
            "position_%": 9.612785307630746,
            "profit_%": 2.5347506132461053
        },
        "BIO": {
            "cost_p": 597.32,
            "position_%": 6.371701289517928,
            "profit_%": -1.5033817719145546
        },
        "C": {
            "cost_p": 62.71,
            "position_%": 5.527531209129732,
            "profit_%": -3.4284803061712625
        },
        "DHI": {
            "cost_p": 72.88,
            "position_%": 4.0916936877708725,
            "profit_%": 8.35620197585072
        },
        "HTH": {
            "cost_p": 29.44,
            "position_%": 7.437809821019281,
            "profit_%": 11.311141304347831
        },
        "LAKE": {
            "cost_p": 29.73,
            "position_%": 7.010337870707982,
            "profit_%": -9.28355196770939
        },
        "PSX": {
            "cost_p": 70.43,
            "position_%": 9.88535902955895,
            "profit_%": 2.342751668323145
        },
        "REGI": {
            "cost_p": 80.92,
            "position_%": 6.3603155118027805,
            "profit_%": 23.887790410281756
        },
        "SMP": {
            "cost_p": 41.45,
            "position_%": 14.823771684839654,
            "profit_%": 0.6513872135102436
        },
        "SNX": {
            "cost_p": 86.45,
            "position_%": 7.037651385788944,
            "profit_%": 3.1578947368421098
        },
        "T": {
            "cost_p": 28.54,
            "position_%": 6.729735715775506,
            "profit_%": 1.9971969166082701
        },
        "TDS": {
            "cost_p": 20.77,
            "position_%": 5.830438933520926,
            "profit_%": -3.1776600866634577
        },
        "WFC": {
            "cost_p": 31.79,
            "position_%": 9.280868552936708,
            "profit_%": 1.415539477823224
        }
    }
}