{
    "KellyFormula_Range_v1": {
        "BIO": {
            "close": 588.23,
            "loss": 8.992981,
            "max_close": 825.77,
            "min_close": 564.67,
            "p": 0.9388889,
            "profit": 132.461975,
            "q": 0.055555556
        },
        "CPLP": {
            "close": 15.46,
            "loss": 2.52242374,
            "max_close": 16.73,
            "min_close": 10.98,
            "p": 0.283333331,
            "profit": 0.5420599,
            "q": 0.7111111
        },
        "DAC": {
            "close": 97.04,
            "loss": 22.22039,
            "max_close": 100.3,
            "min_close": 62.14,
            "p": 0.03888889,
            "profit": 1.525711,
            "q": 0.955555558
        },
        "EDRY": {
            "close": 26.24,
            "loss": 4.78109,
            "max_close": 33.81,
            "min_close": 17.0,
            "p": 0.433333337,
            "profit": 3.05024338,
            "q": 0.5611111
        },
        "ET": {
            "close": 10.22,
            "loss": 0.9018822,
            "max_close": 11.35,
            "min_close": 8.15,
            "p": 0.166666672,
            "profit": 0.503998756,
            "q": 0.8277778
        },
        "GGB": {
            "close": 5.02,
            "loss": 0.2939701,
            "max_close": 6.46,
            "min_close": 4.26,
            "p": 0.6111111,
            "profit": 0.5580907,
            "q": 0.377777785
        },
        "GOGL": {
            "close": 11.87,
            "loss": 2.0680294,
            "max_close": 12.08,
            "min_close": 7.68,
            "p": 0.0222222228,
            "profit": 0.133750916,
            "q": 0.9722222
        },
        "INTC": {
            "close": 47.57,
            "loss": 0.0,
            "max_close": 58.19,
            "min_close": 47.57,
            "p": 0.99444443,
            "profit": 5.27984238,
            "q": 0.0
        },
        "NMM": {
            "close": 31.16,
            "loss": 4.373474,
            "max_close": 33.55,
            "min_close": 21.47,
            "p": 0.0833333358,
            "profit": 0.7546673,
            "q": 0.9111111
        },
        "PKX": {
            "close": 58.5,
            "loss": 1.770443,
            "max_close": 79.75,
            "min_close": 54.58,
            "p": 0.8666667,
            "profit": 10.2723007,
            "q": 0.127777785
        },
        "SB": {
            "close": 4.47,
            "loss": 0.7538092,
            "max_close": 5.28,
            "min_close": 3.1,
            "p": 0.172222227,
            "profit": 0.4009676,
            "q": 0.816666663
        },
        "SID": {
            "close": 4.79,
            "loss": 0.5275717,
            "max_close": 9.49,
            "min_close": 3.57,
            "p": 0.594444454,
            "profit": 2.39542,
            "q": 0.3888889
        },
        "THO": {
            "close": 93.98,
            "loss": 2.45555878,
            "max_close": 127.44,
            "min_close": 87.32,
            "p": 0.9444444,
            "profit": 15.7385712,
            "q": 0.05
        },
        "TX": {
            "close": 36.75,
            "loss": 1.84545517,
            "max_close": 56.19,
            "min_close": 32.74,
            "p": 0.933333337,
            "profit": 8.001717,
            "q": 0.06111111
        },
        "VALE": {
            "close": 16.6,
            "loss": 2.64867687,
            "max_close": 22.94,
            "min_close": 11.27,
            "p": 0.45,
            "profit": 3.99173355,
            "q": 0.544444442
        }
    },
    "hold_stock_list": [
        "VALE",
        "INTC",
        "BIO",
        "DAC",
        "GGB",
        "THO",
        "GOGL",
        "CPLP",
        "SID",
        "EDRY",
        "ET",
        "SB",
        "NMM",
        "PKX",
        "TX"
    ],
    "portfolio": {
        "BIO": {
            "cost_p": 596.71,
            "position_%": 7.880175131277026,
            "profit_%": -1.4211258400227946
        },
        "CPLP": {
            "cost_p": 12.99,
            "position_%": 4.288660947331558,
            "profit_%": 19.014626635873753
        },
        "DAC": {
            "cost_p": 76.97,
            "position_%": 10.742226775770956,
            "profit_%": 26.075094192542558
        },
        "EDRY": {
            "cost_p": 22.24,
            "position_%": 3.003773445370161,
            "profit_%": 17.98561151079137
        },
        "ET": {
            "cost_p": 9.35,
            "position_%": 6.258011413138544,
            "profit_%": 9.30481283422461
        },
        "GGB": {
            "cost_p": 4.45,
            "position_%": 4.407515292292248,
            "profit_%": 12.80898876404493
        },
        "GOGL": {
            "cost_p": 10.75,
            "position_%": 4.517065382975712,
            "profit_%": 10.418604651162783
        },
        "INTC": {
            "cost_p": 49.9,
            "position_%": 9.046016200447493,
            "profit_%": -4.669338677354706
        },
        "NMM": {
            "cost_p": 30.04,
            "position_%": 4.8236255545485625,
            "profit_%": 3.728362183754997
        },
        "PKX": {
            "cost_p": 58.54,
            "position_%": 6.782033016776591,
            "profit_%": -0.06832934745473035
        },
        "SB": {
            "cost_p": 4.05,
            "position_%": 5.050634352051133,
            "profit_%": 10.370370370370368
        },
        "SID": {
            "cost_p": 4.82,
            "position_%": 13.945816585175407,
            "profit_%": -0.6224066390041545
        },
        "THO": {
            "cost_p": 98.9,
            "position_%": 9.231591052692934,
            "profit_%": -4.974721941354905
        },
        "TX": {
            "cost_p": 39.08,
            "position_%": 6.193103734751677,
            "profit_%": -5.962128966223128
        },
        "VALE": {
            "cost_p": 12.76,
            "position_%": 3.8297511154000055,
            "profit_%": 30.094043887147347
        }
    }
}