{
    "Factor_Intersectional_v1": [],
    "KellyFormula_Range_v1": {
        "AAP": {
            "close": 52.0,
            "loss": 5.564934,
            "max_close": 65.77928,
            "min_close": 29.623726,
            "p": 0.5555556,
            "profit": 5.5018196,
            "q": 0.43888888
        },
        "ADBE": {
            "close": 259.04,
            "loss": 3.9540253,
            "max_close": 451.24,
            "min_close": 246.68,
            "p": 0.96666664,
            "profit": 83.81616,
            "q": 0.027777778
        },
        "ADSK": {
            "close": 233.45,
            "loss": 7.169998,
            "max_close": 326.79,
            "min_close": 218.64,
            "p": 0.9388889,
            "profit": 63.54808,
            "q": 0.055555556
        },
        "EL": {
            "close": 111.9,
            "loss": 19.717003,
            "max_close": 119.61,
            "min_close": 49.429493,
            "p": 0.12777779,
            "profit": 3.7269516,
            "q": 0.8666667
        },
        "EPAM": {
            "close": 138.62,
            "loss": 8.666641,
            "max_close": 221.4,
            "min_close": 128.82,
            "p": 0.9777778,
            "profit": 37.797165,
            "q": 0.016666668
        },
        "FLO": {
            "close": 9.91,
            "loss": 0.14000034,
            "max_close": 18.565104,
            "min_close": 9.65,
            "p": 0.9722222,
            "profit": 2.9287024,
            "q": 0.022222223
        },
        "GLOB": {
            "close": 46.87,
            "loss": 2.854,
            "max_close": 150.53,
            "min_close": 41.56,
            "p": 0.96666664,
            "profit": 22.46178,
            "q": 0.027777778
        },
        "HOG": {
            "close": 18.39,
            "loss": 0.0,
            "max_close": 30.603024,
            "min_close": 18.39,
            "p": 0.99444443,
            "profit": 5.87352,
            "q": 0.0
        },
        "ILPT": {
            "close": 6.02,
            "loss": 0.6293402,
            "max_close": 6.339303,
            "min_close": 2.433941,
            "p": 0.1,
            "profit": 0.111952305,
            "q": 0.89444447
        },
        "MOH": {
            "close": 146.36,
            "loss": 8.944534,
            "max_close": 353.24,
            "min_close": 122.65,
            "p": 0.87222224,
            "profit": 42.544403,
            "q": 0.12222222
        },
        "MPT": {
            "close": 5.81,
            "loss": 1.0132446,
            "max_close": 6.02,
            "min_close": 3.8470516,
            "p": 0.0055555557,
            "profit": 0.21000004,
            "q": 0.98888886
        },
        "NICE": {
            "close": 115.9,
            "loss": 6.7978134,
            "max_close": 178.32,
            "min_close": 95.31,
            "p": 0.6666667,
            "profit": 28.962685,
            "q": 0.32777777
        },
        "NKE": {
            "close": 63.95,
            "loss": 2.1840286,
            "max_close": 78.330246,
            "min_close": 52.310772,
            "p": 0.67777777,
            "profit": 6.479107,
            "q": 0.31666666
        },
        "NOW": {
            "close": 109.3,
            "loss": 5.189293,
            "max_close": 208.938,
            "min_close": 100.58,
            "p": 0.9166667,
            "profit": 65.097626,
            "q": 0.07777778
        },
        "NVO": {
            "close": 37.62,
            "loss": 0.0,
            "max_close": 88.4227,
            "min_close": 37.62,
            "p": 0.99444443,
            "profit": 18.274364,
            "q": 0.0
        },
        "PAYC": {
            "close": 129.79,
            "loss": 8.088463,
            "max_close": 264.67044,
            "min_close": 114.43,
            "p": 0.9222222,
            "profit": 66.24185,
            "q": 0.072222225
        },
        "PODD": {
            "close": 251.5,
            "loss": 5.242874,
            "max_close": 352.82,
            "min_close": 237.06,
            "p": 0.9166667,
            "profit": 55.761475,
            "q": 0.07777778
        },
        "PVH": {
            "close": 70.12,
            "loss": 4.268791,
            "max_close": 89.47852,
            "min_close": 60.41741,
            "p": 0.67777777,
            "profit": 8.731628,
            "q": 0.31666666
        },
        "PYPL": {
            "close": 45.53,
            "loss": 4.443573,
            "max_close": 78.0396,
            "min_close": 39.08,
            "p": 0.9166667,
            "profit": 20.802261,
            "q": 0.07777778
        },
        "SID": {
            "close": 1.7,
            "loss": 0.19007325,
            "max_close": 2.12,
            "min_close": 1.25,
            "p": 0.21666667,
            "profit": 0.1489743,
            "q": 0.75555557
        },
        "SM": {
            "close": 21.13,
            "loss": 2.0693302,
            "max_close": 31.541334,
            "min_close": 17.57,
            "p": 0.5611111,
            "profit": 4.3904057,
            "q": 0.42777777
        },
        "ZIM": {
            "close": 28.86,
            "loss": 11.65069,
            "max_close": 29.27,
            "min_close": 11.213416,
            "p": 0.027777778,
            "profit": 0.29200172,
            "q": 0.96666664
        }
    },
    "hold_stock_list": [
        "EL",
        "FLO",
        "NKE",
        "PVH",
        "MPT",
        "MOH",
        "NVO",
        "ILPT",
        "AAP",
        "HOG",
        "PYPL",
        "EPAM",
        "PAYC",
        "PODD",
        "ADSK",
        "GLOB",
        "NOW",
        "ADBE",
        "NICE",
        "ZIM",
        "SID",
        "SM"
    ],
    "portfolio": {
        "AAP": {
            "cost_p": 91.35,
            "position_%": 10.628236921010815,
            "profit_%": -43.076081007115484
        },
        "ADBE": {
            "cost_p": 281.04,
            "position_%": 4.671138797843272,
            "profit_%": 0
        },
        "ADSK": {
            "cost_p": 228.33,
            "position_%": 3.7950509596909843,
            "profit_%": 0
        },
        "EL": {
            "cost_p": 143.03,
            "position_%": 4.754575734810156,
            "profit_%": -21.764664755645665
        },
        "EPAM": {
            "cost_p": 195.07,
            "position_%": 4.863359550038893,
            "profit_%": -28.938329830317315
        },
        "FLO": {
            "cost_p": 10.95,
            "position_%": 2.729983445579837,
            "profit_%": 0
        },
        "GLOB": {
            "cost_p": 49.15,
            "position_%": 2.450752262105004,
            "profit_%": 0
        },
        "HOG": {
            "cost_p": 21.9,
            "position_%": 2.729983445579837,
            "profit_%": -16.027397260273965
        },
        "ILPT": {
            "cost_p": 17.2,
            "position_%": 2.8587954498613817,
            "profit_%": -65.0
        },
        "MOH": {
            "cost_p": 199,
            "position_%": 3.307559851874506,
            "profit_%": 0
        },
        "MPT": {
            "cost_p": 6.18,
            "position_%": 3.59510148723847,
            "profit_%": -5.987055016181231
        },
        "NICE": {
            "cost_p": 119.55,
            "position_%": 2.9805435700371645,
            "profit_%": -3.053115851108316
        },
        "NKE": {
            "cost_p": 70.07,
            "position_%": 7.570073730329159,
            "profit_%": -8.734123019837291
        },
        "NOW": {
            "cost_p": 102.91,
            "position_%": 2.5656858117316985,
            "profit_%": 0
        },
        "NVO": {
            "cost_p": 51.55,
            "position_%": 10.710094872118766,
            "profit_%": -27.022308438409315
        },
        "PAYC": {
            "cost_p": 133.03,
            "position_%": 2.2110788296224393,