{"hold_stock_list":["CEIX","BIO","KGC","GSL","ARLP","GOGL","CPLP","TDS","BXS","EDRY","CNNE","PBFX","ET","SB","NMM","TX"],"portfolio":{"ARLP":{"cost_p":7.06,"position_%":7.881007126256939,"profit_%":36.402266288951864},"BIO":{"cost_p":580.11,"position_%":4.218703383758491,"profit_%":38.403061488338416},"BXS":{"cost_p":26.04,"position_%":4.260809695650996,"profit_%":8.986175115207374},"CEIX":{"cost_p":18.18,"position_%":7.63509608365848,"profit_%":44.279427942794285},"CNNE":{"cost_p":31,"position_%":3.607034662984971,"profit_%":2.1935483870967736},"CPLP":{"cost_p":12.99,"position_%":5.195657086632282,"profit_%":1.3856812933025382},"EDRY":{"cost_p":22.24,"position_%":3.6390325511243535,"profit_%":32.64388489208634},"ET":{"cost_p":9.35,"position_%":7.581499621025014,"profit_%":-0.5347593582887586},"GOGL":{"cost_p":10.75,"position_%":5.4723660965649,"profit_%":6.04651162790698},"GSL":{"cost_p":15.75,"position_%":8.590342128328622,"profit_%":52.63492063492063},"KGC":{"cost_p":7.61,"position_%":12.67327265491387,"profit_%":-23.390275952693827},"NMM":{"cost_p":30.04,"position_%":5.843759766400872,"profit_%":1.3315579227696475},"PBFX":{"cost_p":11.7,"position_%":8.508529346154065,"profit_%":3.6752136752136884},"SB":{"cost_p":4.05,"position_%":6.118777978835216,"profit_%":20.987654320987666},"TDS":{"cost_p":20.56,"position_%":4.410763435067831,"profit_%":-6.225680933852129},"TX":{"cost_p":40.0,"position_%":4.363348382643109,"profit_%":28.175000000000004}},"KellyFormula_Range_v1":{"PBFX":{"profit":1.86378765,"loss":1.83139229,"p":0.6666667,"q":0.322222233,"max_close":15.8821535,"min_close":8.060749,"close":12.13},"TX":{"profit":2.886921,"loss":15.65173,"p":0.144444451,"q":0.85,"max_close":56.19,"min_close":25.04841,"close":51.27},"KGC":{"profit":1.01797915,"loss":0.09200001,"p":0.966666639,"q":0.027777778,"max_close":8.151266,"min_close":5.67,"close":5.83},"GOGL":{"profit":0.1550951,"loss":3.55697441,"p":0.0222222228,"q":0.9722222,"max_close":11.65,"min_close":4.20455647,"close":11.405},"CNNE":{"profit":5.985428,"loss":0.59000206,"p":0.9111111,"q":0.0833333358,"max_close":45.6,"min_close":29.78,"close":31.68},"ARLP":{"profit":0.0,"loss":3.21734047,"p":0.0,"q":0.99444443,"max_close":9.63,"min_close":4.173737,"close":9.63},"ET":{"profit":0.7218294,"loss":1.87934208,"p":0.422222227,"q":0.5555556,"max_close":11.163332,"min_close":5.776562,"close":9.3},"BXS":{"profit":1.86364937,"loss":1.37706947,"p":0.7,"q":0.294444442,"max_close":34.48437,"min_close":24.9938622,"close":28.38},"GSL":{"profit":0.0,"loss":8.103794,"p":0.0,"q":0.99444443,"max_close":24.04,"min_close":11.0390472,"close":24.04},"EDRY":{"profit":0.926252365,"loss":14.2510328,"p":0.0833333358,"q":0.9111111,"max_close":32.89,"min_close":5.48,"close":29.5},"NMM":{"profit":1.80153847,"loss":8.037958,"p":0.127777785,"q":0.8666667,"max_close":34.7979736,"min_close":9.287598,"close":30.44},"TDS":{"profit":2.97699165,"loss":0.8741741,"p":0.8277778,"q":0.166666672,"max_close":25.9372444,"min_close":17.4705029,"close":19.28},"CEIX":{"profit":1.29000092,"loss":12.12169,"p":0.0111111114,"q":0.983333349,"max_close":27.74,"min_close":6.49,"close":26.23},"SB":{"profit":0.0,"loss":1.80899429,"p":0.0,"q":0.99444443,"max_close":4.9,"min_close":1.27,"close":4.9},"CPLP":{"profit":0.269269943,"loss":2.08787632,"p":0.0444444455,"q":0.95,"max_close":13.77,"min_close":7.435169,"close":13.17},"BIO":{"profit":11.5044556,"loss":172.016418,"p":0.05,"q":0.9444444,"max_close":825.77,"min_close":547.01,"close":802.89}}}