{"hold_stock_list":["SMP","T","DHI","C","REGI","TDS","BGFV","BIO","WFC","PSX","SNX","LAKE","HTH"],"portfolio":{"BGFV":{"cost_p":12.23,"position_%":9.612785307630746,"profit_%":-2.207686017988549},"BIO":{"cost_p":597.32,"position_%":6.371701289517928,"profit_%":-1.3610794883814363},"C":{"cost_p":62.71,"position_%":5.527531209129732,"profit_%":-1.339499282411104},"DHI":{"cost_p":72.88,"position_%":4.0916936877708725,"profit_%":5.063117453347966},"HTH":{"cost_p":29.44,"position_%":7.437809821019281,"profit_%":8.220108695652167},"LAKE":{"cost_p":29.73,"position_%":7.010337870707982,"profit_%":-8.341742347796838},"PSX":{"cost_p":70.43,"position_%":9.88535902955895,"profit_%":3.876189123952846},"REGI":{"cost_p":80.92,"position_%":6.3603155118027805,"profit_%":19.9332674246169},"SMP":{"cost_p":41.45,"position_%":14.823771684839654,"profit_%":3.184559710494572},"SNX":{"cost_p":86.45,"position_%":7.037651385788944,"profit_%":5.656448814343552},"T":{"cost_p":28.54,"position_%":6.729735715775506,"profit_%":1.0161177295024497},"TDS":{"cost_p":20.77,"position_%":5.830438933520926,"profit_%":-2.0221473278767363},"WFC":{"cost_p":31.79,"position_%":9.280868552936708,"profit_%":0.6605850896508363}},"KellyFormula_Range_v1":{"HTH":{"profit":1.23500061,"loss":10.7535019,"p":0.0111111114,"q":0.983333349,"max_close":33.22,"min_close":13.619916,"close":31.86},"PSX":{"profit":4.0100174,"loss":12.2727432,"p":0.144444451,"q":0.85,"max_close":87.2001343,"min_close":43.5934563,"close":73.16},"LAKE":{"profit":2.21769142,"loss":6.34968948,"p":0.0722222254,"q":0.9166667,"max_close":31.25,"min_close":12.87,"close":27.25},"WFC":{"profit":1.12968826,"loss":6.536709,"p":0.06666667,"q":0.927777767,"max_close":34.75,"min_close":21.0457516,"close":32.0},"BIO":{"profit":18.49054,"loss":75.1294556,"p":0.122222222,"q":0.872222245,"max_close":643.45,"min_close":432.34,"close":589.19},"SMP":{"profit":4.05166245,"loss":2.457428,"p":0.5611111,"q":0.433333337,"max_close":54.17,"min_close":35.6404228,"close":42.77},"T":{"profit":0.5658169,"loss":0.8872471,"p":0.316666663,"q":0.677777767,"max_close":31.50766,"min_close":26.033514,"close":28.83},"BGFV":{"profit":0.4324999,"loss":5.934896,"p":0.0222222228,"q":0.9722222,"max_close":12.9,"min_close":1.10939062,"close":11.96},"REGI":{"profit":0.0,"loss":51.1753578,"p":0.0,"q":0.99444443,"max_close":97.05,"min_close":22.31,"close":97.05},"TDS":{"profit":1.81668472,"loss":1.59531784,"p":0.2,"q":0.794444442,"max_close":23.91577,"min_close":16.5031128,"close":20.35},"C":{"profit":3.809002,"loss":12.1763,"p":0.055555556,"q":0.9388889,"max_close":69.01,"min_close":39.7013054,"close":61.87},"DHI":{"profit":1.020935,"loss":10.7489777,"p":0.06111111,"q":0.933333337,"max_close":78.602684,"min_close":45.4488258,"close":76.57},"SNX":{"profit":0.0,"loss":34.10034,"p":0.0,"q":0.99444443,"max_close":91.34,"min_close":34.01273,"close":91.34}}}