{
    "Factor_Intersectional_v1": [],
    "KellyFormula_Range_v1": {
        "AAP": {
            "close": 42.64,
            "loss": 3.5181618,
            "max_close": 85.25006,
            "min_close": 35.69,
            "p": 0.6611111,
            "profit": 23.468956,
            "q": 0.33333334
        },
        "ALB": {
            "close": 109.07,
            "loss": 15.701088,
            "max_close": 150.6514,
            "min_close": 72.51662,
            "p": 0.35555556,
            "profit": 12.4645,
            "q": 0.6388889
        },
        "CMA": {
            "close": 70.8,
            "loss": 16.075912,
            "max_close": 72.73,
            "min_close": 45.082897,
            "p": 0.033333335,
            "profit": 1.2116623,
            "q": 0.9611111
        },
        "CVS": {
            "close": 59.19,
            "loss": 2.5823631,
            "max_close": 78.15087,
            "min_close": 52.446857,
            "p": 0.36666667,
            "profit": 6.5879173,
            "q": 0.62777776
        },
        "DAC": {
            "close": 82.02,
            "loss": 5.0541,
            "max_close": 95.34127,
            "min_close": 65.20942,
            "p": 0.5388889,
            "profit": 4.768585,
            "q": 0.45
        },
        "DIS": {
            "close": 116.45,
            "loss": 17.44934,
            "max_close": 122.255974,
            "min_close": 85.6,
            "p": 0.08888889,
            "profit": 2.062317,
            "q": 0.90555555
        },
        "EL": {
            "close": 77.48,
            "loss": 10.504631,
            "max_close": 155.19865,
            "min_close": 62.443096,
            "p": 0.87222224,
            "profit": 32.67621,
            "q": 0.12222222
        },
        "EPAM": {
            "close": 240.51,
            "loss": 42.920456,
            "max_close": 314.63,
            "min_close": 170.25,
            "p": 0.22777778,
            "profit": 17.718063,
            "q": 0.76666665
        },
        "EW": {
            "close": 70.2,
            "loss": 3.4297333,
            "max_close": 95.56,
            "min_close": 59.7,
            "p": 0.5555556,
            "profit": 16.897392,
            "q": 0.43333334
        },
        "GIS": {
            "close": 66.24,
            "loss": 1.987503,
            "max_close": 74.52436,
            "min_close": 60.71325,
            "p": 0.6888889,
            "profit": 3.3960724,
            "q": 0.30555555
        },
        "HAL": {
            "close": 31.72,
            "loss": 1.9670811,
            "max_close": 40.79932,
            "min_close": 27.52,
            "p": 0.5555556,
            "profit": 4.072603,
            "q": 0.43888888
        },
        "ILPT": {
            "close": 3.69,
            "loss": 0.11297417,
            "max_close": 5.146735,
            "min_close": 3.4139497,
            "p": 0.79444444,
            "profit": 0.656981,
            "q": 0.2
        },
        "KSS": {
            "close": 15.25,
            "loss": 0.2699995,
            "max_close": 27.98382,
            "min_close": 14.75,
            "p": 0.9777778,
            "profit": 5.8106613,
            "q": 0.016666668
        },
        "MPW": {
            "close": 4.24,
            "loss": 0.28384995,
            "max_close": 6.37,
            "min_close": 2.8475688,
            "p": 0.85,
            "profit": 0.5755701,
            "q": 0.1388889
        },
        "NKE": {
            "close": 78.86,
            "loss": 4.0094986,
            "max_close": 120.57174,
            "min_close": 70.41491,
            "p": 0.64444447,
            "profit": 9.670807,
            "q": 0.35
        },
        "PYPL": {
            "close": 85.14,
            "loss": 16.83908,
            "max_close": 87.77,
            "min_close": 56.13,
            "p": 0.06111111,
            "profit": 1.5527267,
            "q": 0.93333334
        },
        "SEE": {
            "close": 36.65,
            "loss": 2.0012703,
            "max_close": 39.609436,
            "min_close": 30.779871,
            "p": 0.19444445,
            "profit": 1.0709991,
            "q": 0.8
        },
        "SID": {
            "close": 1.91,
            "loss": 0.047499895,
            "max_close": 3.799283,
            "min_close": 1.84,
            "p": 0.9722222,
            "profit": 0.43138802,
            "q": 0.022222223
        },
        "TGT": {
            "close": 131.45,
            "loss": 4.848572,
            "max_close": 173.97578,
            "min_close": 121.59,
            "p": 0.95555556,
            "profit": 20.192642,
            "q": 0.03888889
        },
        "VALE": {
            "close": 9.68,
            "loss": 0.0,
            "max_close": 14.774527,
            "min_close": 9.68,
            "p": 0.99444443,
            "profit": 1.3147612,
            "q": 0.0
        },
        "VFC": {
            "close": 20.86,
            "loss": 5.0837154,
            "max_close": 22.26,
            "min_close": 11.829797,
            "p": 0.05,
            "profit": 0.53666496,
            "q": 0.9444444
        },
        "ZIM": {
            "close": 19.55,
            "loss": 4.089279,
            "max_close": 27.01,
            "min_close": 6.78738,
            "p": 0.37777779,
            "profit": 2.962717,
            "q": 0.6166667
        }
    },
    "hold_stock_list": [
        "SEE",
        "GIS",
        "EL",
        "KSS",
        "TGT",
        "NKE",
        "VFC",
        "MPW",
        "CVS",
        "ILPT",
        "AAP",
        "DIS",
        "PYPL",
        "EPAM",
        "EW",
        "CMA",
        "DAC",
        "ZIM",
        "VALE",
        "SID",
        "HAL",
        "ALB"
    ],
    "portfolio": {
        "AAP": {
            "cost_p": 91.35,
            "position_%": 13.411522646691477,
            "profit_%": -53.3223864258347
        },
        "ALB": {
            "cost_p": 173.45,
            "position_%": 7.275716953846702,
            "profit_%": -37.117324877486304
        },
        "CMA": {
            "cost_p": 62.35,
            "position_%": 1.3076994870923664,
            "profit_%": 13.552526062550113
        },
        "CVS": {
            "cost_p": 65.41,
            "position_%": 5.487513934287839,
            "profit_%": -9.509249350252254
        },
        "DAC": {
            "cost_p": 73.24,
            "position_%": 4.608303629573933,
            "profit_%": 11.987984707809943
        },
        "DIS": {
            "cost_p": 89.37,
            "position_%": 5.6232126621384815,
            "profit_%": 30.30099585990824
        },
        "EL": {
            "cost_p": 143.25,
            "position_%": 6.00891584686388,
            "profit_%": -45.91273996509598
        },
        "EPAM": {
            "cost_p": 250,
            "position_%": 2.6216910326631244,
            "profit_%": -3.7960000000000034
        },
        "EW": {
            "cost_p": 87.5,
            "position_%": 2.7527755842962804,
            "profit_%": -19.77142857142857
        },
        "GIS": {
            "cost_p": 65,
            "position_%": 2.7265586739696492,
            "profit_%": 1.9076923076922998
        },
        "HAL": {
            "cost_p": 35,
            "position_%": 2.569257212009862,
            "profit_%": -9.371428571428575
        },
        "ILPT": {
            "cost_p": 17.24,
            "position_%": 3.615836272248981,
            "profit_%": -78.59628770301624
        },
        "KSS": {
            "cost_p": 22.03,
            "position_%": 6.006608758755137,
            "profit_%": -30.776214253290966
        },
        "MPW": {
            "cost_p": 6.18,
            "position_%": 4.536574162920271,
            "profit_%": -31.391585760517792
        },
        "NKE": {
            "cost_p": 75.5,
            "position_%": 3.167002767457054,
            "profit_%": 4.450331125827814
        },
        "PYPL": {
            "cost_p": 68.34,