{"hold_stock_list":["SEE","EL","TGT","NKE","PVH","VFC","MPW","NVO","ILPT","AAP","PYPL","EPAM","EW","ZIM","VALE","GGB","SID","HAL","ALB"],"watch_stock_list":["ABNB","ACLS","ACMR","ADBE","ADSK","AEO","ALB","AMAT","APD","APTV","ARTNA","ASML","AZN","BAC","BBY","BIO","BLD","BUD","CAMT","CE","CNMD","CRM","CSCO","CVS","DE","DELL","DEO","DG","DHI","DIS","EL","EPAM","EW","EXLS","EXR","F","FDX","FFIV","FSLR","FTNT","G","GIS","GLOB","GM","GOOG","HAL","HAS","HMC","HOV","HPE","HPQ","INTC","ISRG","K","KSS","LMAT","LNTH","LQDT","LRCX","M","MA","MATX","MCHP","MMM","MMS","MOH","MPW","MS","MSFT","MU","NDAQ","NFLX","NICE","NKE","NOW","NVO","NXPI","ORCL","OXM","PAGS","PAYC","PCTY","PEP","PFE","PHG","PODD","PVH","PYPL","QCOM","SAIC","SBUX","SEE","SMP","SONY","SQM","STM","STNG","TDC","TEAM","TECH","TEX","TGT","TITN","TM","TEN","TRMD","TRI","TX","UAL","UPS","VALE","VFC","VMI","WDAY","WFC","WNS","X","ZTS"],"portfolio":{"AAP":{"cost_p":91.35,"position_%":13.237198297142964,"profit_%":-34.78927203065133},"ALB":{"cost_p":173.45,"position_%":7.181146437217755,"profit_%":-54.14240415105217},"EL":{"cost_p":143.03,"position_%":5.921702939840044,"profit_%":-36.523806194504644},"EPAM":{"cost_p":248.63,"position_%":2.5734338983647316,"profit_%":-29.734947512367775},"EW":{"cost_p":87.4,"position_%":2.713889587544675,"profit_%":-6.441647597254015},"GGB":{"cost_p":2.9,"position_%":2.4013058135406737,"profit_%":5.51724137931035},"HAL":{"cost_p":26.94,"position_%":5.2979844556850395,"profit_%":-15.775798069784704},"ILPT":{"cost_p":17.2,"position_%":3.56055689593962,"profit_%":-65.40697674418605},"MPW":{"cost_p":6.18,"position_%":4.477607305765929,"profit_%":-28.640776699029118},"NKE":{"cost_p":73.71,"position_%":6.10345694883045,"profit_%":0.7868674535341372},"NVO":{"cost_p":74.48,"position_%":5.3963137885670935,"profit_%":-24.30182599355532},"PVH":{"cost_p":87.3,"position_%":5.421568901433642,"profit_%":-1.5349369988545285},"PYPL":{"cost_p":68.03,"position_%":2.8165661119857246,"profit_%":1.7933264736145802},"SEE":{"cost_p":34.36,"position_%":8.179758441055705,"profit_%":-6.781140861466817},"SID":{"cost_p":4.54,"position_%":3.2893749463070088,"profit_%":-69.16299559471366},"TGT":{"cost_p":107.3,"position_%":4.442415755050246,"profit_%":-13.849021435228332},"VALE":{"cost_p":12.22,"position_%":2.5296514690919856,"profit_%":-16.77577741407529},"VFC":{"cost_p":18.8,"position_%":1.3621200218187615,"profit_%":-21.063829787234045},"ZIM":{"cost_p":29.42,"position_%":13.093947984817952,"profit_%":-53.569000679809655}},"KellyFormula_Range_v1":{"PVH":{"profit":13.830872,"loss":12.959862,"p":0.21111111,"q":0.78333336,"max_close":112.74688,"min_close":60.472145,"close":85.96},"NKE":{"profit":2.3906403,"loss":9.300461,"p":0.3611111,"q":0.6333333,"max_close":87.95319,"min_close":52.918324,"close":74.29},"EW":{"profit":0.060005188,"loss":7.3078156,"p":0.0055555557,"q":0.98888886,"max_close":81.83,"min_close":64.54,"close":81.77},"ALB":{"profit":7.3470383,"loss":13.335228,"p":0.31111112,"q":0.68333334,"max_close":109.52888,"min_close":50.43097,"close":79.54},"EL":{"profit":1.271759,"loss":18.979675,"p":0.094444446,"q":0.9,"max_close":99.313194,"min_close":49.80485,"close":90.79},"TGT":{"profit":17.27385,"loss":1.4958801,"p":0.9111111,"q":0.083333336,"max_close":154.72142,"min_close":86.81527,"close":92.44},"VFC":{"profit":6.51219,"loss":2.5115633,"p":0.44444445,"q":0.55,"max_close":26.618027,"min_close":9.672672,"close":14.84},"PYPL":{"profit":7.9529037,"loss":3.637909,"p":0.71666664,"q":0.2777778,"max_close":91.81,"min_close":57.41,"close":69.25},"EPAM":{"profit":38.8618,"loss":12.37265,"p":0.5555556,"q":0.43888888,"max_close":267.63,"min_close":143.33,"close":174.7},"SID":{"profit":0.16049254,"loss":0.055757523,"p":0.7888889,"q":0.18333334,"max_close":2.35638,"min_close":1.25,"close":1.4},"NVO":{"profit":18.983837,"loss":4.9295273,"p":0.87777776,"q":0.11666667,"max_close":134.82738,"min_close":45.38,"close":56.38},"AAP":{"profit":2.352501,"loss":15.790321,"p":0.08888889,"q":0.90555555,"max_close":66.5,"min_close":29.948305,"close":59.57},"VALE":{"profit":0.07999992,"loss":1.0627594,"p":0.022222223,"q":0.96666664,"max_close":10.880332,"min_close":7.91076,"close":10.17},"GGB":{"profit":0.1056571,"loss":0.23438644,"p":0.072222225,"q":0.9166667,"max_close":3.4845803,"min_close":2.2649443,"close":3.06},"MPW":{"profit":0.6452637,"loss":0.3222885,"p":0.56666666,"q":0.42777777,"max_close":6.0981083,"min_close":3.6044285,"close":4.41},"HAL":{"profit":3.1308098,"loss":1.6952705,"p":0.4611111,"q":0.53333336,"max_close":31.33167,"min_close":19.099735,"close":22.69},"ZIM":{"profit":2.1361895,"loss":0.7073469,"p":0.84444445,"q":0.15,"max_close":18.54858,"min_close":10.628198,"close":13.66},"ILPT":{"profit":0.1157136,"loss":2.0727112,"p":0.03888889,"q":0.95,"max_close":6.17,"min_close":2.4764423,"close":5.95},"SEE":{"profit":1.3659401,"loss":2.3779888,"p":0.42222223,"q":0.57222223,"max_close":36.74885,"min_close":23.781643,"close":32.03}},"Factor_Intersectional_v1":[],"stock_info":{"PVH":["PVH Corp","Apparel Manufacturing","Consumer Cyclical"],"NKE":["Nike, Inc","Footwear & Accessories","Consumer Cyclical"],"EW":["Edwards Lifesciences Corp","Medical Devices","Healthcare"],"ALB":["Albemarle Corp","Specialty Chemicals","Basic Materials"],"EL":["Estee Lauder Cos., Inc","Household & Personal Products","Consumer Defensive"],"TGT":["Target Corp","Discount Stores","Consumer Defensive"],"VFC":["VF Corp","Apparel Manufacturing","Consumer Cyclical"],"PYPL":["PayPal Holdings Inc","Credit Services","Financial"],"EPAM":["EPAM Systems Inc","Information Technology Services","Technology"],"SID":["Companhia Siderurgica Nacional ADR","Steel","Basic Materials"],"NVO":["Novo Nordisk ADR","Drug Manufacturers - General","Healthcare"],"AAP":["Advance Auto Parts Inc","Auto Parts","Consumer Cyclical"],"VALE":["Vale S.A. ADR","Other Industrial Metals & Mining","Basic Materials"],"GGB":["Gerdau S.A. ADR","Steel","Basic Materials"],"MPW":["Medical Properties Trust Inc","REIT - Healthcare Facilities","Real Estate"],"HAL":["Halliburton Co","Oil & Gas Equipment & Services","Energy"],"ZIM":["Zim Integrated Shipping Services Ltd","Marine Shipping","Industrials"],"ILPT":["Industrial Logistics Properties Trust","REIT - Industrial","Real Estate"],"SEE":["Sealed Air Corp","Packaging & Containers","Consumer Cyclical"]}}