{"hold_stock_list":["SEE","GIS","PEP","EL","KSS","TGT","NKE","PVH","VFC","MPW","NVO","CVS","ILPT","AAP","PYPL","EPAM","PAGS","EW","DAC","ZIM","VALE","GGB","SID","HAL","ALB"],"watch_stock_list":["ABNB","ACLS","ACMR","ADBE","ADSK","AEO","ALB","ALGM","ALGN","AMAT","ANSS","APD","APTV","ARTNA","ASML","AZN","BAC","BBY","BF-B","BIO","BLD","BUD","CAMT","CE","CNMD","CRM","CSCO","CVS","DE","DELL","DEO","DG","DHI","DIS","EL","EPAM","EW","EXLS","EXR","F","FDX","FFIV","FSLR","FTNT","G","GIS","GLOB","GM","GOOG","GSK","HAL","HAS","HMC","HOV","HPE","HPQ","INTC","ISRG","K","KSS","LMAT","LNTH","LQDT","LRCX","M","MA","MCHP","MKC","MMM","MMS","MOH","MPW","MS","MSFT","MU","NDAQ","NFLX","NICE","NKE","NOW","NVO","NXPI","ORCL","OXM","PAGS","PAYC","PCTY","PEP","PFE","PHG","PODD","PVH","PYPL","QCOM","SAIC","SBUX","SEE","SMP","SONY","SQM","STM","TDC","TEAM","TECH","TEX","TGT","TITN","TM","TEN","TRI","TX","UAL","UPS","VALE","VEEV","VFC","VMI","WDAY","WFC","WNS","X","ZTS"],"portfolio":{"AAP":{"cost_p":91.35,"position_%":11.480766641231652,"profit_%":-57.36179529282977},"ALB":{"cost_p":173.45,"position_%":6.228286727411464,"profit_%":-58.379936581147305},"CVS":{"cost_p":65.41,"position_%":4.69751784191391,"profit_%":2.644855526677884},"DAC":{"cost_p":73.24,"position_%":3.944880829480677,"profit_%":8.301474604041506},"EL":{"cost_p":143.03,"position_%":5.1359576282597965,"profit_%":-54.26134377403342},"EPAM":{"cost_p":248.63,"position_%":2.231967323488487,"profit_%":-32.05566504444355},"EW":{"cost_p":87.4,"position_%":2.3537860765743526,"profit_%":-18.86727688787186},"GGB":{"cost_p":2.9,"position_%":2.0826787557789848,"profit_%":0.6896551724137937},"GIS":{"cost_p":62.3,"position_%":4.4741684994838185,"profit_%":-5.12038523274478},"HAL":{"cost_p":34.9,"position_%":2.1930966380896812,"profit_%":-28.166189111747848},"ILPT":{"cost_p":17.2,"position_%":3.0881098792584947,"profit_%":-79.70930232558139},"KSS":{"cost_p":21.98,"position_%":5.130212307554198,"profit_%":-61.46496815286624},"MPW":{"cost_p":6.18,"position_%":3.8834777144396067,"profit_%":-2.2653721682847845},"NKE":{"cost_p":73.71,"position_%":5.293594865119618,"profit_%":-14.136480803147464},"NVO":{"cost_p":89.89,"position_%":2.420844741684995,"profit_%":-22.90577372343976},"PAGS":{"cost_p":6.91,"position_%":0.06203150949324476,"profit_%":14.761215629522425},"PEP":{"cost_p":144.84,"position_%":5.200951568741864,"profit_%":3.0585473626070194},"PVH":{"cost_p":87.3,"position_%":4.702185914987208,"profit_%":-25.89919816723941},"PYPL":{"cost_p":68.03,"position_%":2.442838547511109,"profit_%":-4.233426429516383},"SEE":{"cost_p":34.36,"position_%":7.0943938237802415,"profit_%":-15.599534342258439},"SID":{"cost_p":4.54,"position_%":2.8529108128731093,"profit_%":-62.33480176211453},"TGT":{"cost_p":135.71,"position_%":1.218277301494681,"profit_%":-23.62390391275514},"VALE":{"cost_p":12.22,"position_%":2.1939943444499304,"profit_%":-17.83960720130934},"VFC":{"cost_p":18.8,"position_%":1.181381570088424,"profit_%":-16.542553191489368},"ZIM":{"cost_p":40.74,"position_%":8.411688136810449,"profit_%":-62.00294550810015}},"KellyFormula_Range_v1":{"NVO":{"profit":38.32164,"loss":0.0,"p":0.99444443,"q":0.0,"max_close":146.36218,"min_close":69.3,"close":69.3},"VFC":{"profit":4.3135347,"loss":2.2011929,"p":0.9722222,"q":0.022222223,"max_close":26.803305,"min_close":11.724485,"close":15.69},"MPW":{"profit":0.11444378,"loss":1.4009252,"p":0.033333335,"q":0.95555556,"max_close":6.21,"min_close":3.5806506,"close":6.04},"DAC":{"profit":3.3886642,"loss":1.233757,"p":0.7722222,"q":0.22222222,"max_close":95.34127,"min_close":70.67845,"close":79.32},"ZIM":{"profit":1.3127575,"loss":2.0326176,"p":0.42777777,"q":0.56666666,"max_close":19.163383,"min_close":6.3671327,"close":15.48},"PVH":{"profit":30.017334,"loss":0.795002,"p":0.98333335,"q":0.011111111,"max_close":139.50555,"min_close":63.81,"close":64.69},"SID":{"profit":0.37388444,"loss":0.22666681,"p":0.6722222,"q":0.31666666,"max_close":2.9444442,"min_close":1.3,"close":1.71},"EPAM":{"profit":47.09749,"loss":0.0,"p":0.99444443,"q":0.0,"max_close":274.17,"min_close":168.93,"close":168.93},"VALE":{"profit":0.52750015,"loss":0.627717,"p":0.49444443,"q":0.5,"max_close":12.415653,"min_close":8.5,"close":10.04},"GIS":{"profit":6.587471,"loss":0.69600296,"p":0.9111111,"q":0.083333336,"max_close":73.79097,"min_close":57.56,"close":59.11},"PYPL":{"profit":14.12381,"loss":3.9859047,"p":0.87222224,"q":0.12222222,"max_close":91.81,"min_close":57.22,"close":65.15},"AAP":{"profit":9.057468,"loss":1.6505928,"p":0.7,"q":0.29444444,"max_close":83.78164,"min_close":33.63,"close":38.95},"GGB":{"profit":0.314754,"loss":0.072333574,"p":0.81666666,"q":0.16666667,"max_close":3.889146,"min_close":2.72,"close":2.92},"ILPT":{"profit":0.68839335,"loss":0.09383583,"p":0.9222222,"q":0.06111111,"max_close":5.1334705,"min_close":3.2416239,"close":3.49},"EW":{"profit":4.173233,"loss":3.2968216,"p":0.39444444,"q":0.59444445,"max_close":94.31,"min_close":59.7,"close":70.91},"HAL":{"profit":3.9008636,"loss":0.39333534,"p":0.9166667,"q":0.072222225,"max_close":40.295002,"min_close":23.98,"close":25.07},"TGT":{"profit":34.106743,"loss":0.0,"p":0.99444443,"q":0.0,"max_close":172.50465,"min_close":103.65,"close":103.65},"ALB":{"profit":17.44172,"loss":0.905426,"p":0.9722222,"q":0.022222223,"max_close":133.0665,"min_close":69.5587,"close":72.19},"PAGS":{"profit":2.0736194,"loss":0.8052702,"p":0.5833333,"q":0.41111112,"max_close":14.6,"min_close":6.19,"close":7.93},"NKE":{"profit":13.246048,"loss":0.0,"p":0.99444443,"q":0.0,"max_close":95.772415,"min_close":63.29,"close":63.29},"CVS":{"profit":0.60666656,"loss":10.337639,"p":0.033333335,"q":0.9611111,"max_close":76.09211,"min_close":43.23058,"close":67.14},"PEP":{"profit":14.080765,"loss":3.4711914,"p":0.7722222,"q":0.22222222,"max_close":177.2154,"min_close":141.38991,"close":149.27},"EL":{"profit":16.823578,"loss":1.6118622,"p":0.9166667,"q":0.07777778,"max_close":149.39835,"min_close":62.143585,"close":65.42},"KSS":{"profit":7.447054,"loss":0.24337006,"p":0.9611111,"q":0.033333335,"max_close":26.668365,"min_close":7.942026,"close":8.47},"SEE":{"profit":5.1699104,"loss":0.0,"p":0.99444443,"q":0.0,"max_close":39.125458,"min_close":29.0,"close":29.0}},"Factor_Intersectional_v1":[],"stock_info":{"NVO":["Novo Nordisk ADR","Biotechnology","Healthcare"],"VFC":["VF Corp.","Apparel Manufacturing","Consumer Cyclical"],"MPW":["Medical Properties Trust Inc","REIT - Healthcare Facilities","Real Estate"],"DAC":["Danaos Corporation","Marine Shipping","Industrials"],"ZIM":["Zim Integrated Shipping Services Ltd","Marine Shipping","Industrials"],"PVH":["PVH Corp","Apparel Manufacturing","Consumer Cyclical"],"SID":["Companhia Siderurgica Nacional ADR","Steel","Basic Materials"],"EPAM":["EPAM Systems Inc","Information Technology Services","Technology"],"VALE":["Vale S.A. ADR","Other Industrial Metals & Mining","Basic Materials"],"GIS":["General Mills, Inc.","Packaged Foods","Consumer Defensive"],"PYPL":["PayPal Holdings Inc","Credit Services","Financial"],"AAP":["Advance Auto Parts Inc","Specialty Retail","Consumer Cyclical"],"GGB":["Gerdau S.A. ADR","Steel","Basic Materials"],"ILPT":["Industrial Logistics Properties Trust","REIT - Industrial","Real Estate"],"EW":["Edwards Lifesciences Corp","Medical Devices","Healthcare"],"HAL":["Halliburton Co.","Oil & Gas Equipment & Services","Energy"],"TGT":["Target Corp","Discount Stores","Consumer Defensive"],"ALB":["Albemarle Corp.","Specialty Chemicals","Basic Materials"],"PAGS":["PagSeguro Digital Ltd","Software - Infrastructure","Technology"],"NKE":["Nike, Inc.","Footwear & Accessories","Consumer Cyclical"],"CVS":["CVS Health Corp","Healthcare Plans","Healthcare"],"PEP":["PepsiCo Inc","Beverages - Non-Alcoholic","Consumer Defensive"],"EL":["Estee Lauder Cos., Inc.","Household & Personal Products","Consumer Defensive"],"KSS":["Kohl's Corp.","Department Stores","Consumer Cyclical"],"SEE":["Sealed Air Corp.","Packaging & Containers","Consumer Cyclical"]}}