{"hold_stock_list":["BIO","ILPT","ASML","NFLX","NKE","INTC","HIMX","STC","VALE","CCS","BAC","C","THO","WGO","DAC","EDRY","NMM","ZIM","GGB","SID","TX"],"portfolio":{"ASML":{"cost_p":569.13,"position_%":3.8882999699118423,"profit_%":-7.676629241122404},"BAC":{"cost_p":35.99,"position_%":5.901214102245626,"profit_%":-4.08446790775215},"BIO":{"cost_p":522.14,"position_%":5.3508959630219,"profit_%":-4.4145248400812065},"C":{"cost_p":49.1,"position_%":12.747158090175384,"profit_%":3.890020366598771},"CCS":{"cost_p":44.7,"position_%":1.221562796936091,"profit_%":10.447427293064864},"DAC":{"cost_p":73.49,"position_%":6.02501006354586,"profit_%":-8.59980949789086},"EDRY":{"cost_p":22.24,"position_%":0.9116629732838475,"profit_%":-32.46402877697842},"GGB":{"cost_p":4.57,"position_%":2.747559812169006,"profit_%":4.814004376367609},"HIMX":{"cost_p":7.32,"position_%":5.2010700562164836,"profit_%":-10.245901639344263},"ILPT":{"cost_p":17.42,"position_%":4.760542264569732,"profit_%":-52.98507462686568},"INTC":{"cost_p":43.58,"position_%":6.550254738201603,"profit_%":-22.303809086737033},"NFLX":{"cost_p":248.68,"position_%":3.3979668494638378,"profit_%":-7.668489625221165},"NKE":{"cost_p":115.53,"position_%":3.1572069335576414,"profit_%":-3.566173288323383},"NMM":{"cost_p":30.04,"position_%":2.195998247726923,"profit_%":-8.821571238348863},"SID":{"cost_p":4.82,"position_%":4.610238117295717,"profit_%":-34.024896265560166},"STC":{"cost_p":52.86,"position_%":8.667356972623056,"profit_%":0.11350737797957298},"THO":{"cost_p":72.81,"position_%":2.9846304444602945,"profit_%":19.79123746738085},"TX":{"cost_p":39.96,"position_%":3.2760838500379994,"profit_%":-19.369369369369373},"VALE":{"cost_p":13.29,"position_%":3.6318947586757604,"profit_%":0.15048908954101844},"WGO":{"cost_p":48.65,"position_%":2.6590170054112225,"profit_%":29.804727646454264},"ZIM":{"cost_p":56.94,"position_%":10.11437599047017,"profit_%":-14.313312258517735}},"KellyFormula_Range_v1":{"EDRY":{"profit":9.071924,"loss":0.0,"p":0.99444443,"q":0.0,"max_close":42.75,"min_close":15.02,"close":15.02},"STC":{"profit":11.915451,"loss":2.51733017,"p":0.74444443,"q":0.25,"max_close":80.18,"min_close":45.91,"close":52.92},"SID":{"profit":1.40392709,"loss":0.343513966,"p":0.7777778,"q":0.205555558,"max_close":5.71,"min_close":2.45,"close":3.18},"WGO":{"profit":5.684517,"loss":8.581024,"p":0.344444454,"q":0.65,"max_close":77.45,"min_close":44.28,"close":63.15},"THO":{"profit":8.874382,"loss":7.44104767,"p":0.405555546,"q":0.5888889,"max_close":106.42,"min_close":69.02,"close":87.22},"INTC":{"profit":11.1574783,"loss":0.0200004578,"p":0.98888886,"q":0.00555555569,"max_close":55.91,"min_close":33.84,"close":33.86},"GGB":{"profit":0.721704,"loss":0.305909157,"p":0.75,"q":0.244444445,"max_close":6.51,"min_close":4.06,"close":4.79},"C":{"profit":7.02465439,"loss":2.77000427,"p":0.716666639,"q":0.2777778,"max_close":67.84,"min_close":44.14,"close":51.01},"DAC":{"profit":15.9116211,"loss":4.98545456,"p":0.872222245,"q":0.122222222,"max_close":106.64,"min_close":57.38,"close":67.17},"HIMX":{"profit":3.38535261,"loss":0.100000381,"p":0.955555558,"q":0.027777778,"max_close":15.99,"min_close":6.35,"close":6.57},"NKE":{"profit":24.2460938,"loss":4.216835,"p":0.766666651,"q":0.227777779,"max_close":171.29,"min_close":101.18,"close":111.41},"ZIM":{"profit":13.2139511,"loss":2.61259842,"p":0.844444454,"q":0.15,"max_close":88.62,"min_close":42.05,"close":48.79},"ASML":{"profit":115.786621,"loss":41.44272,"p":0.8111111,"q":0.183333337,"max_close":811.43,"min_close":428.88,"close":525.44},"NFLX":{"profit":194.690567,"loss":35.1638641,"p":0.572222233,"q":0.422222227,"max_close":628.08,"min_close":166.37,"close":229.61},"CCS":{"profit":11.2422142,"loss":2.95600128,"p":0.8277778,"q":0.166666672,"max_close":84.95,"min_close":40.36,"close":49.37},"VALE":{"profit":3.078454,"loss":0.467647552,"p":0.9,"q":0.0944444463,"max_close":21.23,"min_close":12.43,"close":13.31},"TX":{"profit":8.766102,"loss":0.9675007,"p":0.9722222,"q":0.0222222228,"max_close":49.66,"min_close":30.76,"close":32.22},"NMM":{"profit":3.515318,"loss":3.23242,"p":0.627777755,"q":0.366666675,"max_close":36.49,"min_close":20.36,"close":27.39},"ILPT":{"profit":9.95992,"loss":0.0,"p":0.99444443,"q":0.0,"max_close":25.55,"min_close":8.19,"close":8.19},"BAC":{"profit":7.25186539,"loss":1.86844635,"p":0.74444443,"q":0.25,"max_close":49.38,"min_close":30.13,"close":34.52},"BIO":{"profit":85.6612244,"loss":14.9667053,"p":0.872222245,"q":0.116666667,"max_close":770.22,"min_close":463.67,"close":499.09}}}