{"hold_stock_list":["SEE","EL","KSS","TGT","NKE","PVH","VFC","SBUX","MPW","NVO","PFE","ILPT","AAP","PYPL","QCOM","EPAM","EW","ZIM","VALE","GGB","SID","HAL","ALB"],"watch_stock_list":["ABNB","ACLS","ACMR","ADBE","ADSK","AEO","ALB","ALGM","ALGN","AMAT","ANSS","APD","APTV","ARTNA","ASML","AZN","BAC","BBY","BF-B","BIO","BLD","BUD","CAMT","CE","CNMD","CRM","CSCO","CVS","DE","DELL","DEO","DG","DHI","DIS","EL","EPAM","EW","EXLS","EXR","F","FDX","FFIV","FSLR","FTNT","G","GIS","GLOB","GM","GOOG","GSK","HAL","HAS","HMC","HOV","HPE","HPQ","INTC","ISRG","K","KSS","LMAT","LNTH","LQDT","LRCX","M","MA","MCHP","MKC","MMM","MMS","MOH","MPW","MS","MSFT","MU","NDAQ","NFLX","NICE","NKE","NOW","NVO","NXPI","ORCL","OXM","PAGS","PAYC","PCTY","PEP","PFE","PHG","PODD","PVH","PYPL","QCOM","SAIC","SBUX","SEE","SMP","SONY","SQM","STM","TDC","TEAM","TECH","TEX","TGT","TITN","TM","TEN","TRI","TX","UAL","UPS","VALE","VEEV","VFC","VMI","WDAY","WFC","WNS","X","ZTS"],"portfolio":{"AAP":{"cost_p":91.35,"position_%":11.925798759955649,"profit_%":-43.10892172961138},"ALB":{"cost_p":173.45,"position_%":6.4697155208829695,"profit_%":-67.13173825309889},"EL":{"cost_p":143.03,"position_%":5.335044168070863,"profit_%":-51.80731315108717},"EPAM":{"cost_p":248.63,"position_%":2.3184856874562305,"profit_%":-29.944093633109436},"EW":{"cost_p":87.4,"position_%":2.4450265344126763,"profit_%":-11.075514874141884},"GGB":{"cost_p":2.9,"position_%":2.1634102058876463,"profit_%":-2.0689655172413812},"HAL":{"cost_p":34.9,"position_%":2.278108246975655,"profit_%":-41.46131805157593},"ILPT":{"cost_p":17.2,"position_%":3.2078151328678897,"profit_%":-80.11627906976744},"KSS":{"cost_p":11.63,"position_%":10.411225114954481,"profit_%":-28.030954428202936},"MPW":{"cost_p":6.18,"position_%":4.034014030461189,"profit_%":-26.699029126213585},"NKE":{"cost_p":73.71,"position_%":5.498791940550979,"profit_%":-15.38461538461538},"NVO":{"cost_p":89.89,"position_%":2.514684613024662,"profit_%":-21.11469573923685},"PFE":{"cost_p":24,"position_%":2.2380105578148064,"profit_%":-2.7083333333333277},"PVH":{"cost_p":87.3,"position_%":4.884458042430815,"profit_%":-5.45246277205039},"PYPL":{"cost_p":68.03,"position_%":2.537530970802355,"profit_%":4.850801117154193},"QCOM":{"cost_p":144.74,"position_%":2.6994137344842923,"profit_%":2.9017548708028107},"SBUX":{"cost_p":87.91,"position_%":2.4592938517187455,"profit_%":-1.4901603913092962},"SEE":{"cost_p":34.36,"position_%":7.369395765124522,"profit_%":-6.4318975552968585},"SID":{"cost_p":4.54,"position_%":2.9634989803064395,"profit_%":-67.18061674008811},"TGT":{"cost_p":107.3,"position_%":4.002308880892145,"profit_%":-10.736253494874182},"VALE":{"cost_p":12.22,"position_%":2.279040751374745,"profit_%":-23.81342062193126},"VFC":{"cost_p":18.8,"position_%":1.2271757892017854,"profit_%":-33.61702127659574},"ZIM":{"cost_p":40.74,"position_%":8.737752720348459,"profit_%":-58.86107020127639}},"KellyFormula_Range_v1":{"QCOM":{"profit":14.607773,"loss":8.214813,"p":0.8666667,"q":0.12777779,"max_close":223.54146,"min_close":124.66,"close":146.63},"PYPL":{"profit":10.997437,"loss":4.5597153,"p":0.6944444,"q":0.29444444,"max_close":91.81,"min_close":57.22,"close":70.93},"KSS":{"profit":6.201889,"loss":1.0540924,"p":0.74444443,"q":0.24444444,"max_close":22.761082,"min_close":6.13,"close":8.37},"NKE":{"profit":13.193005,"loss":4.454647,"p":0.7777778,"q":0.21666667,"max_close":"NaN","min_close":"NaN","close":62.37},"MPW":{"profit":0.73064137,"loss":0.4228115,"p":0.65,"q":0.34444445,"max_close":6.21,"min_close":3.670565,"close":4.53},"TGT":{"profit":34.329132,"loss":2.4738007,"p":0.8333333,"q":0.16111112,"max_close":156.39934,"min_close":87.75676,"close":95.78},"EW":{"profit":0.26667023,"loss":6.6972275,"p":0.033333335,"q":0.9611111,"max_close":93.78,"min_close":59.7,"close":77.72},"ZIM":{"profit":0.8908386,"loss":1.848423,"p":0.26666668,"q":0.7277778,"max_close":19.37,"min_close":11.051108,"close":16.76},"NVO":{"profit":26.64505,"loss":5.279312,"p":0.74444443,"q":0.25,"max_close":144.04109,"min_close":58.08,"close":70.91},"SBUX":{"profit":11.521996,"loss":3.5097885,"p":0.78333336,"q":0.21111111,"max_close":115.00041,"min_close":70.7466,"close":86.6},"VFC":{"profit":7.656044,"loss":1.0176926,"p":0.85,"q":0.14444445,"max_close":26.803305,"min_close":9.74,"close":12.48},"PVH":{"profit":16.347466,"loss":10.480705,"p":0.6,"q":0.39444444,"max_close":123.59061,"min_close":60.5,"close":82.54},"PFE":{"profit":2.4487076,"loss":0.9903183,"p":0.82222223,"q":0.17222223,"max_close":29.837969,"min_close":21.185833,"close":23.35},"SEE":{"profit":2.4550781,"loss":3.342476,"p":0.6888889,"q":0.30555555,"max_close":39.125458,"min_close":23.93,"close":32.15},"EPAM":{"profit":42.52762,"loss":17.279037,"p":0.82222223,"q":0.17222223,"max_close":267.63,"min_close":143.33,"close":174.18},"ALB":{"profit":27.624897,"loss":2.516922,"p":0.9222222,"q":0.072222225,"max_close":116.55353,"min_close":50.76,"close":57.01},"EL":{"profit":11.543282,"loss":6.212059,"p":0.5388889,"q":0.45555556,"max_close":120.85478,"min_close":49.80485,"close":68.93},"GGB":{"profit":0.30886054,"loss":0.16093326,"p":0.6666667,"q":0.31666666,"max_close":3.5385132,"min_close":2.3,"close":2.84},"ILPT":{"profit":0.46822643,"loss":0.42771697,"p":0.74444443,"q":0.25,"max_close":5.113726,"min_close":2.5003462,"close":3.42},"AAP":{"profit":0.73999786,"loss":12.150227,"p":0.0055555557,"q":0.98888886,"max_close":64.56685,"min_close":30.074455,"close":51.97},"SID":{"profit":0.3082832,"loss":0.07333326,"p":0.7777778,"q":0.2,"max_close":2.35638,"min_close":1.3,"close":1.49},"VALE":{"profit":0.6357212,"loss":0.46729565,"p":0.6,"q":0.37777779,"max_close":11.250294,"min_close":8.179748,"close":9.31},"HAL":{"profit":6.332121,"loss":0.54631615,"p":0.8888889,"q":0.10555556,"max_close":35.7846,"min_close":19.26,"close":20.43}},"Factor_Intersectional_v1":[],"stock_info":{"QCOM":["Qualcomm, Inc","Semiconductors","Technology"],"PYPL":["PayPal Holdings Inc","Credit Services","Financial"],"KSS":["Kohl's Corp","Department Stores","Consumer Cyclical"],"NKE":["Nike, Inc","Footwear & Accessories","Consumer Cyclical"],"MPW":["Medical Properties Trust Inc","REIT - Healthcare Facilities","Real Estate"],"TGT":["Target Corp","Discount Stores","Consumer Defensive"],"EW":["Edwards Lifesciences Corp","Medical Devices","Healthcare"],"ZIM":["Zim Integrated Shipping Services Ltd","Marine Shipping","Industrials"],"NVO":["Novo Nordisk ADR","Drug Manufacturers - General","Healthcare"],"SBUX":["Starbucks Corp","Restaurants","Consumer Cyclical"],"VFC":["VF Corp","Apparel Manufacturing","Consumer Cyclical"],"PVH":["PVH Corp","Apparel Manufacturing","Consumer Cyclical"],"PFE":["Pfizer Inc","Drug Manufacturers - General","Healthcare"],"SEE":["Sealed Air Corp","Packaging & Containers","Consumer Cyclical"],"EPAM":["EPAM Systems Inc","Information Technology Services","Technology"],"ALB":["Albemarle Corp","Specialty Chemicals","Basic Materials"],"EL":["Estee Lauder Cos., Inc","Household & Personal Products","Consumer Defensive"],"GGB":["Gerdau S.A. ADR","Steel","Basic Materials"],"ILPT":["Industrial Logistics Properties Trust","REIT - Industrial","Real Estate"],"AAP":["Advance Auto Parts Inc","Auto Parts","Consumer Cyclical"],"SID":["Companhia Siderurgica Nacional ADR","Steel","Basic Materials"],"VALE":["Vale S.A. ADR","Other Industrial Metals & Mining","Basic Materials"],"HAL":["Halliburton Co","Oil & Gas Equipment & Services","Energy"]}}