{"hold_stock_list":["SEE","GIS","PEP","EL","KSS","TGT","NKE","PVH","VFC","MPW","NVO","CVS","ILPT","AAP","PYPL","EPAM","PAGS","EW","DAC","ZIM","VALE","GGB","SID","HAL","ALB"],"watch_stock_list":["ABNB","ACLS","ACMR","ADBE","ADSK","AEO","ALB","ALGM","ALGN","AMAT","ANSS","APD","APTV","ARTNA","ASML","AZN","BAC","BBY","BF-B","BIO","BLD","BUD","CAMT","CE","CNMD","CRM","CSCO","CVS","DE","DELL","DEO","DG","DHI","DIS","EL","EPAM","EW","EXLS","EXR","F","FDX","FFIV","FSLR","FTNT","G","GIS","GLOB","GM","GOOG","GSK","HAL","HAS","HMC","HOV","HPE","HPQ","INTC","ISRG","K","KSS","LMAT","LNTH","LQDT","LRCX","M","MA","MCHP","MKC","MMM","MMS","MOH","MPW","MS","MSFT","MU","NDAQ","NFLX","NICE","NKE","NOW","NVO","NXPI","ORCL","OXM","PAGS","PAYC","PCTY","PEP","PFE","PHG","PODD","PVH","PYPL","QCOM","SAIC","SBUX","SEE","SMP","SONY","SQM","STM","TDC","TEAM","TECH","TEX","TGT","TITN","TM","TEN","TRI","TX","UAL","UPS","VALE","VEEV","VFC","VMI","WDAY","WFC","WNS","X","ZTS"],"portfolio":{"AAP":{"cost_p":91.35,"position_%":11.480766641231652,"profit_%":-57.28516694033935},"ALB":{"cost_p":173.45,"position_%":6.228286727411464,"profit_%":-58.59325454021332},"CVS":{"cost_p":65.41,"position_%":4.69751784191391,"profit_%":3.929062834428998},"DAC":{"cost_p":73.24,"position_%":3.944880829480677,"profit_%":8.601856908793025},"EL":{"cost_p":143.03,"position_%":5.1359576282597965,"profit_%":-52.54841641613647},"EPAM":{"cost_p":248.63,"position_%":2.231967323488487,"profit_%":-32.61875075413265},"EW":{"cost_p":87.4,"position_%":2.3537860765743526,"profit_%":-17.76887871853547},"GGB":{"cost_p":2.9,"position_%":2.0826787557789848,"profit_%":0.6896551724137937},"GIS":{"cost_p":62.3,"position_%":4.4741684994838185,"profit_%":-4.141252006420544},"HAL":{"cost_p":34.9,"position_%":2.1930966380896812,"profit_%":-26.790830945558735},"ILPT":{"cost_p":17.2,"position_%":3.0881098792584947,"profit_%":-79.59302325581396},"KSS":{"cost_p":21.98,"position_%":5.130212307554198,"profit_%":-62.42038216560509},"MPW":{"cost_p":6.18,"position_%":3.8834777144396067,"profit_%":-4.368932038834945},"NKE":{"cost_p":73.71,"position_%":5.293594865119618,"profit_%":-12.142178808845461},"NVO":{"cost_p":89.89,"position_%":2.420844741684995,"profit_%":-24.318611636444544},"PAGS":{"cost_p":6.91,"position_%":0.06203150949324476,"profit_%":11.143270622286535},"PEP":{"cost_p":144.84,"position_%":5.200951568741864,"profit_%":3.334714167357072},"PVH":{"cost_p":87.3,"position_%":4.702185914987208,"profit_%":-12.451317296678111},"PYPL":{"cost_p":68.03,"position_%":2.442838547511109,"profit_%":-2.8369836836689797},"SEE":{"cost_p":34.36,"position_%":7.0943938237802415,"profit_%":-15.454016298020951},"SID":{"cost_p":4.54,"position_%":2.8529108128731093,"profit_%":-63.21585903083701},"TGT":{"cost_p":135.71,"position_%":1.218277301494681,"profit_%":-23.049148920492225},"VALE":{"cost_p":12.22,"position_%":2.1939943444499304,"profit_%":-17.34860883797055},"VFC":{"cost_p":18.8,"position_%":1.181381570088424,"profit_%":-14.36170212765957},"ZIM":{"cost_p":40.74,"position_%":8.411688136810449,"profit_%":-62.05203730976927}},"KellyFormula_Range_v1":{"HAL":{"profit":3.4852962,"loss":0.66534615,"p":0.87777776,"q":0.11666667,"max_close":40.295,"min_close":23.98,"close":25.55},"NKE":{"profit":11.823433,"loss":1.375,"p":0.98333335,"q":0.011111111,"max_close":95.772415,"min_close":63.29,"close":64.76},"SID":{"profit":0.40190065,"loss":0.18666673,"p":0.6722222,"q":0.31666666,"max_close":2.9064515,"min_close":1.3,"close":1.67},"MPW":{"profit":0.14711857,"loss":1.3244834,"p":0.08888889,"q":0.90555555,"max_close":6.21,"min_close":3.5806506,"close":5.91},"VFC":{"profit":4.126688,"loss":0.6105051,"p":0.9222222,"q":0.072222225,"max_close":26.803305,"min_close":11.724485,"close":16.1},"CVS":{"profit":0.65999603,"loss":10.753326,"p":0.0055555557,"q":0.98888886,"max_close":71.348305,"min_close":43.23058,"close":67.98},"PVH":{"profit":21.26976,"loss":8.467728,"p":0.8666667,"q":0.12777779,"max_close":123.590614,"min_close":63.81,"close":76.43},"PEP":{"profit":13.818558,"loss":3.703537,"p":0.75555557,"q":0.23333333,"max_close":177.21538,"min_close":141.38991,"close":149.67},"EPAM":{"profit":48.246643,"loss":0.0,"p":0.99444443,"q":0.0,"max_close":274.17,"min_close":167.53,"close":167.53},"EW":{"profit":4.292343,"loss":3.5643234,"p":0.2611111,"q":0.73333335,"max_close":94.31,"min_close":59.7,"close":71.87},"TGT":{"profit":33.58721,"loss":0.36249542,"p":0.9722222,"q":0.022222223,"max_close":170.97188,"min_close":103.65,"close":104.43},"GGB":{"profit":0.3137436,"loss":0.072580814,"p":0.8055556,"q":0.17222223,"max_close":3.889146,"min_close":2.72,"close":2.92},"GIS":{"profit":6.5798645,"loss":0.82333374,"p":0.8277778,"q":0.16666667,"max_close":73.79097,"min_close":57.56,"close":59.72},"ALB":{"profit":17.335434,"loss":1.1624756,"p":0.98333335,"q":0.011111111,"max_close":133.0665,"min_close":69.5587,"close":71.82},"ZIM":{"profit":1.2993975,"loss":1.9804106,"p":0.43888888,"q":0.5555556,"max_close":19.163383,"min_close":6.3671327,"close":15.46},"AAP":{"profit":8.772423,"loss":1.6596489,"p":0.6888889,"q":0.30555555,"max_close":82.53615,"min_close":33.63,"close":39.02},"KSS":{"profit":7.425276,"loss":0.15501785,"p":0.9722222,"q":0.022222223,"max_close":25.06917,"min_close":7.942026,"close":8.26},"ILPT":{"profit":0.6746061,"loss":0.08757591,"p":0.90555555,"q":0.08888889,"max_close":5.1334705,"min_close":3.2416239,"close":3.51},"VALE":{"profit":0.5079727,"loss":0.622941,"p":0.43888888,"q":0.5555556,"max_close":12.415653,"min_close":8.5,"close":10.1},"EL":{"profit":15.499947,"loss":2.7704468,"p":0.8333333,"q":0.16111112,"max_close":149.39833,"min_close":62.14359,"close":67.87},"PAGS":{"profit":2.022326,"loss":0.677619,"p":0.64444447,"q":0.35,"max_close":14.6,"min_close":6.19,"close":7.68},"NVO":{"profit":37.10994,"loss":0.0,"p":0.99444443,"q":0.0,"max_close":144.04108,"min_close":68.03,"close":68.03},"PYPL":{"profit":13.35096,"loss":4.1483383,"p":0.8611111,"q":0.13333334,"max_close":91.81,"min_close":57.22,"close":66.1},"DAC":{"profit":3.2460327,"loss":1.2595978,"p":0.7277778,"q":0.26666668,"max_close":95.34127,"min_close":70.67845,"close":79.54},"SEE":{"profit":5.1112823,"loss":0.099998474,"p":0.98333335,"q":0.011111111,"max_close":39.125454,"min_close":28.9,"close":29.05}},"Factor_Intersectional_v1":[],"stock_info":{"HAL":["Halliburton Co.","Oil & Gas Equipment & Services","Energy"],"NKE":["Nike, Inc.","Footwear & Accessories","Consumer Cyclical"],"SID":["Companhia Siderurgica Nacional ADR","Steel","Basic Materials"],"MPW":["Medical Properties Trust Inc","REIT - Healthcare Facilities","Real Estate"],"VFC":["VF Corp.","Apparel Manufacturing","Consumer Cyclical"],"CVS":["CVS Health Corp","Healthcare Plans","Healthcare"],"PVH":["PVH Corp","Apparel Manufacturing","Consumer Cyclical"],"PEP":["PepsiCo Inc","Beverages - Non-Alcoholic","Consumer Defensive"],"EPAM":["EPAM Systems Inc","Information Technology Services","Technology"],"EW":["Edwards Lifesciences Corp","Medical Devices","Healthcare"],"TGT":["Target Corp","Discount Stores","Consumer Defensive"],"GGB":["Gerdau S.A. ADR","Steel","Basic Materials"],"GIS":["General Mills, Inc.","Packaged Foods","Consumer Defensive"],"ALB":["Albemarle Corp.","Specialty Chemicals","Basic Materials"],"ZIM":["Zim Integrated Shipping Services Ltd","Marine Shipping","Industrials"],"AAP":["Advance Auto Parts Inc","Specialty Retail","Consumer Cyclical"],"KSS":["Kohl's Corp.","Department Stores","Consumer Cyclical"],"ILPT":["Industrial Logistics Properties Trust","REIT - Industrial","Real Estate"],"VALE":["Vale S.A. ADR","Other Industrial Metals & Mining","Basic Materials"],"EL":["Estee Lauder Cos., Inc.","Household & Personal Products","Consumer Defensive"],"PAGS":["PagSeguro Digital Ltd","Software - Infrastructure","Technology"],"NVO":["Novo Nordisk ADR","Biotechnology","Healthcare"],"PYPL":["PayPal Holdings Inc","Credit Services","Financial"],"DAC":["Danaos Corporation","Marine Shipping","Industrials"],