{
    "KellyFormula_Range_v1": {
        "CPLP": {
            "close": 16.11,
            "loss": 3.0405798,
            "max_close": 16.7,
            "min_close": 10.98,
            "p": 0.03888889,
            "profit": 0.239999771,
            "q": 0.955555558
        },
        "DAC": {
            "close": 74.65,
            "loss": 6.903946,
            "max_close": 87.73,
            "min_close": 48.47,
            "p": 0.2611111,
            "profit": 5.590004,
            "q": 0.733333349
        },
        "EDRY": {
            "close": 19.04,
            "loss": 3.889535,
            "max_close": 33.81,
            "min_close": 8.5,
            "p": 0.75555557,
            "profit": 7.64888573,
            "q": 0.23888889
        },
        "ET": {
            "close": 8.23,
            "loss": 0.1038456,
            "max_close": 11.35,
            "min_close": 7.93,
            "p": 0.9111111,
            "profit": 1.41585541,
            "q": 0.0722222254
        },
        "GGB": {
            "close": 4.92,
            "loss": 0.261400223,
            "max_close": 7.26,
            "min_close": 4.26,
            "p": 0.7111111,
            "profit": 0.8851547,
            "q": 0.2777778
        },
        "GOGL": {
            "close": 9.3,
            "loss": 0.7168627,
            "max_close": 12.08,
            "min_close": 7.68,
            "p": 0.655555546,
            "profit": 1.03936386,
            "q": 0.327777773
        },
        "INTC": {
            "close": 51.5,
            "loss": 1.57658386,
            "max_close": 63.7,
            "min_close": 47.89,
            "p": 0.766666651,
            "profit": 3.70391083,
            "q": 0.227777779
        },
        "KGC": {
            "close": 5.81,
            "loss": 0.318973541,
            "max_close": 8.26,
            "min_close": 5.04,
            "p": 0.7722222,
            "profit": 0.865463734,
            "q": 0.216666669
        },
        "LDI": {
            "close": 4.8,
            "loss": 0.170000076,
            "max_close": 21.37,
            "min_close": 4.3,
            "p": 0.894444466,
            "profit": 5.656706,
            "q": 0.0944444463
        },
        "NMM": {
            "close": 25.09,
            "loss": 1.662632,
            "max_close": 34.93,
            "min_close": 21.47,
            "p": 0.7777778,
            "profit": 3.87892723,
            "q": 0.211111113
        },
        "SB": {
            "close": 3.77,
            "loss": 0.3320732,
            "max_close": 5.28,
            "min_close": 2.41,
            "p": 0.5388889,
            "profit": 0.534433365,
            "q": 0.455555558
        },
        "SID": {
            "close": 4.44,
            "loss": 0.3242221,
            "max_close": 10.04,
            "min_close": 3.57,
            "p": 0.74444443,
            "profit": 3.26291084,
            "q": 0.25
        },
        "THO": {
            "close": 103.77,
            "loss": 3.195549,
            "max_close": 146.76,
            "min_close": 93.59,
            "p": 0.894444466,
            "profit": 13.2246017,
            "q": 0.1
        },
        "TX": {
            "close": 43.52,
            "loss": 3.85866547,
            "max_close": 56.19,
            "min_close": 32.74,
            "p": 0.372222215,
            "profit": 5.80044174,
            "q": 0.622222245
        },
        "VALE": {
            "close": 14.02,
            "loss": 1.05280209,
            "max_close": 22.94,
            "min_close": 11.27,
            "p": 0.7111111,
            "profit": 5.84671974,
            "q": 0.2777778
        }
    },
    "hold_stock_list": [
        "VALE",
        "INTC",
        "KGC",
        "DAC",
        "GGB",
        "LDI",
        "THO",
        "GOGL",
        "CPLP",
        "SID",
        "EDRY",
        "ET",
        "SB",
        "NMM",
        "TX"
    ],
    "portfolio": {
        "CPLP": {
            "cost_p": 12.99,
            "position_%": 4.447238367370211,
            "profit_%": 24.018475750577363
        },
        "DAC": {
            "cost_p": 76.97,
            "position_%": 11.139431084643125,
            "profit_%": -3.0141613615694336
        },
        "EDRY": {
            "cost_p": 22.24,
            "position_%": 3.11484089723851,
            "profit_%": -14.38848920863309
        },
        "ET": {
            "cost_p": 9.35,
            "position_%": 6.489407486797718,
            "profit_%": -11.978609625668442
        },
        "GGB": {
            "cost_p": 4.45,
            "position_%": 4.570487467620656,
            "profit_%": 10.561797752808982
        },
        "GOGL": {
            "cost_p": 10.75,
            "position_%": 4.684088279720182,
            "profit_%": -13.488372093023248
        },
        "INTC": {
            "cost_p": 49.94,
            "position_%": 9.061616209024498,
            "profit_%": 3.123748498197842
        },
        "KGC": {
            "cost_p": 7.61,
            "position_%": 10.847725985628658,
            "profit_%": -23.653088042049944
        },
        "LDI": {
            "cost_p": 7.03,
            "position_%": 6.563948293641106,
            "profit_%": -31.72119487908962
        },
        "NMM": {
            "cost_p": 30.04,
            "position_%": 5.001983812537869,
            "profit_%": -16.4780292942743
        },
        "SB": {
            "cost_p": 4.05,
            "position_%": 5.237386481665203,
            "profit_%": -6.913580246913575
        },
        "SID": {
            "cost_p": 4.85,
            "position_%": 13.313703942962807,
            "profit_%": -8.453608247422666
        },
        "THO": {
            "cost_p": 104.58,
            "position_%": 3.2548966929776517,
            "profit_%": -0.7745266781411382
        },
        "TX": {
            "cost_p": 40.0,
            "position_%": 3.7348212197104442,
            "profit_%": 8.800000000000008
        },
        "VALE": {
            "cost_p": 12.76,
            "position_%": 8.53842377846136,
            "profit_%": 9.874608150470218
        }
    }
}