{
    "Factor_Intersectional_v1": [],
    "KellyFormula_Range_v1": {
        "AAP": {
            "close": 62.56,
            "loss": 21.107353,
            "max_close": 62.898144,
            "min_close": 29.948305,
            "p": 0.0,
            "profit": 0.0,
            "q": 0.99444443
        },
        "ALB": {
            "close": 70.98,
            "loss": 11.616249,
            "max_close": 109.52887,
            "min_close": 50.43097,
            "p": 0.62222224,
            "profit": 17.376984,
            "q": 0.37222221
        },
        "EL": {
            "close": 91.08,
            "loss": 20.910141,
            "max_close": 101.1134,
            "min_close": 49.80485,
            "p": 0.0055555557,
            "profit": 1.0199966,
            "q": 0.98888886
        },
        "EPAM": {
            "close": 169.88,
            "loss": 13.256256,
            "max_close": 267.63,
            "min_close": 143.33,
            "p": 0.81666666,
            "profit": 43.273224,
            "q": 0.17777778
        },
        "EW": {
            "close": 78.05,
            "loss": 5.6236877,
            "max_close": 90.99,
            "min_close": 59.7,
            "p": 0.027777778,
            "profit": 0.2579956,
            "q": 0.96666664
        },
        "GGB": {
            "close": 2.98,
            "loss": 0.1984272,
            "max_close": 3.5385132,
            "min_close": 2.3,
            "p": 0.4,
            "profit": 0.2086711,
            "q": 0.5833333
        },
        "HAL": {
            "close": 23.08,
            "loss": 2.315382,
            "max_close": 35.48683,
            "min_close": 19.099735,
            "p": 0.62777776,
            "profit": 3.9439545,
            "q": 0.36666667
        },
        "ILPT": {
            "close": 5.52,
            "loss": 1.9208899,
            "max_close": 5.52,
            "min_close": 2.5003462,
            "p": 0.0,
            "profit": 0.0,
            "q": 0.99444443
        },
        "KSS": {
            "close": 9.57,
            "loss": 1.6982899,
            "max_close": 20.863405,
            "min_close": 6.0484843,
            "p": 0.53333336,
            "profit": 4.453208,
            "q": 0.4611111
        },
        "MPW": {
            "close": 4.13,
            "loss": 0.23796153,
            "max_close": 6.0981083,
            "min_close": 3.6044285,
            "p": 0.76666665,
            "profit": 0.737648,
            "q": 0.22777778
        },
        "NKE": {
            "close": 72.63,
            "loss": 9.614357,
            "max_close": 87.95319,
            "min_close": 52.918324,
            "p": 0.48333332,
            "profit": 3.440628,
            "q": 0.51111114
        },
        "NVO": {
            "close": 68.93,
            "loss": 3.8175354,
            "max_close": 139.3054,
            "min_close": 58.08,
            "p": 0.76666665,
            "profit": 18.78901,
            "q": 0.22777778
        },
        "PFE": {
            "close": 25.65,
            "loss": 1.5017719,
            "max_close": 29.837969,
            "min_close": 21.185833,
            "p": 0.27222222,
            "profit": 0.55020905,
            "q": 0.7222222
        },
        "PVH": {
            "close": 73.49,
            "loss": 5.7442627,
            "max_close": 112.74688,
            "min_close": 60.472145,
            "p": 0.62777776,
            "profit": 20.05198,
            "q": 0.36666667
        },
        "PYPL": {
            "close": 71.36,
            "loss": 4.485092,
            "max_close": 91.81,
            "min_close": 57.22,
            "p": 0.6611111,
            "profit": 10.167137,
            "q": 0.33333334
        },
        "SEE": {
            "close": 32.01,
            "loss": 2.7561665,
            "max_close": 37.127045,
            "min_close": 23.781643,
            "p": 0.59444445,
            "profit": 2.1421318,
            "q": 0.4
        },
        "SID": {
            "close": 1.52,
            "loss": 0.08234346,
            "max_close": 2.35638,
            "min_close": 1.3,
            "p": 0.60555553,
            "profit": 0.21446514,
            "q": 0.35555556
        },
        "TGT": {
            "close": 104.24,
            "loss": 7.4307632,
            "max_close": 156.39932,
            "min_close": 87.75676,
            "p": 0.5777778,
            "profit": 26.671227,
            "q": 0.41666666
        },
        "VALE": {
            "close": 10.14,
            "loss": 0.8452234,
            "max_close": 11.254914,
            "min_close": 8.179748,
            "p": 0.07777778,
            "profit": 0.17486382,
            "q": 0.9111111
        },
        "VFC": {
            "close": 12.33,
            "loss": 0.89480114,
            "max_close": 26.618027,
            "min_close": 9.672672,
            "p": 0.8,
            "profit": 6.9544086,
            "q": 0.19444445
        },
        "ZIM": {
            "close": 15.94,
            "loss": 1.286685,
            "max_close": 19.37,
            "min_close": 11.051109,
            "p": 0.5222222,
            "profit": 1.1788435,
            "q": 0.4722222
        }
    },
    "hold_stock_list": [
        "SEE",
        "EL",
        "KSS",
        "TGT",
        "NKE",
        "PVH",
        "VFC",
        "MPW",
        "NVO",
        "PFE",
        "ILPT",
        "AAP",
        "PYPL",
        "EPAM",
        "EW",
        "ZIM",
        "VALE",
        "GGB",
        "SID",
        "HAL",
        "ALB"
    ],
    "portfolio": {
        "AAP": {
            "cost_p": 91.35,
            "position_%": 12.57447938174739,
            "profit_%": -31.516146688560475
        },
        "ALB": {
            "cost_p": 173.45,
            "position_%": 6.821623109747704,
            "profit_%": -59.07754396079561
        },
        "EL": {
            "cost_p": 143.03,
            "position_%": 5.6252335162134,
            "profit_%": -36.32105152765154
        },
        "EPAM": {
            "cost_p": 248.63,
            "position_%": 2.444595205789236,
            "profit_%": -31.673571170011666
        },
        "EW": {
            "cost_p": 87.4,
            "position_%": 2.578018995929444,
            "profit_%": -10.697940503432504
        },
        "GGB": {
            "cost_p": 2.9,
            "position_%": 2.2810846951015673,
            "profit_%": 2.758620689655175
        },
        "HAL": {
            "cost_p": 34.9,
            "position_%": 2.402021512988418,
            "profit_%": -33.86819484240688
        },
        "ILPT": {
            "cost_p": 17.2,
            "position_%": 3.3822979961850823,
            "profit_%": -67.90697674418604
        },
        "KSS": {
            "cost_p": 11.63,
            "position_%": 10.977523449943957,
            "profit_%": -17.7128116938951
        },
        "MPW": {
            "cost_p": 6.18,
            "position_%": 4.2534363754350775,
            "profit_%": -33.17152103559871
        },
        "NKE": {
            "cost_p": 73.71,
            "position_%": 5.7978880302047076,
            "profit_%": -1.4652014652014629
        },
        "NVO": {
            "cost_p": 89.89,
            "position_%": 2.6514659902070674,
            "profit_%": -23.317387918567132
        },
        "PFE": {
            "cost_p": 24,
            "position_%": 2.359742788036104,
            "profit_%": 6.874999999999994
        },
        "PVH": {
            "cost_p": 87.3,
            "position_%": 5.150138634888797,
            "profit_%": -15.819014891179842
        },
        "PYPL": {
            "cost_p": 68.03,
            "position_%": 2.6755550311682694,
            "profit_%": 4.8948993091283235
        },
        "SEE": {
            "cost_p": 34.36,
            "position_%": 7.770239710538219,
            "profit_%": -6.83934807916182
        },
        "SID": {
            "cost_p": 4.54,
            "position_%": 3.1246927418244743,