{
    "KellyFormula_Range_v1": {
        "BAC": {
            "close": 27.58,
            "loss": 3.74753761,
            "max_close": 28.3412,
            "min_close": 17.8342,
            "p": 0.0333333351,
            "profit": 0.339298248,
            "q": 0.9611111
        },
        "BIO": {
            "close": 597.21,
            "loss": 124.452423,
            "max_close": 643.45,
            "min_close": 320.01,
            "p": 0.0333333351,
            "profit": 20.28833,
            "q": 0.9611111
        },
        "DHI": {
            "close": 74.13,
            "loss": 17.794693,
            "max_close": 78.82,
            "min_close": 28.6063,
            "p": 0.127777785,
            "profit": 2.32478333,
            "q": 0.8666667
        },
        "FBP": {
            "close": 8.33,
            "loss": 2.684267,
            "max_close": 8.33,
            "min_close": 3.6669,
            "p": 0.0,
            "profit": 0.0,
            "q": 0.99444443
        },
        "FHN": {
            "close": 12.41,
            "loss": 3.09665775,
            "max_close": 13.2503,
            "min_close": 6.597,
            "p": 0.0111111114,
            "profit": 0.4831009,
            "q": 0.983333349
        },
        "PBCT": {
            "close": 13.3,
            "loss": 2.339507,
            "max_close": 14.1536,
            "min_close": 9.0701,
            "p": 0.027777778,
            "profit": 0.274780273,
            "q": 0.966666639
        },
        "PFC": {
            "close": 21.84,
            "loss": 5.175829,
            "max_close": 24.4768,
            "min_close": 11.0733,
            "p": 0.0166666675,
            "profit": 2.18106651,
            "q": 0.9777778
        },
        "PNC": {
            "close": 126.29,
            "loss": 21.2163239,
            "max_close": 128.3619,
            "min_close": 77.9677,
            "p": 0.0166666675,
            "profit": 1.40396881,
            "q": 0.9777778
        },
        "PSX": {
            "close": 62.62,
            "loss": 8.226646,
            "max_close": 87.2001,
            "min_close": 40.3908,
            "p": 0.344444454,
            "profit": 8.547718,
            "q": 0.65
        },
        "SFM": {
            "close": 20.35,
            "loss": 1.94488716,
            "max_close": 27.41,
            "min_close": 13.32,
            "p": 0.74444443,
            "profit": 3.14638138,
            "q": 0.244444445
        },
        "SNV": {
            "close": 30.94,
            "loss": 10.3127823,
            "max_close": 30.94,
            "min_close": 12.368,
            "p": 0.0,
            "profit": 0.0,
            "q": 0.99444443
        },
        "STL": {
            "close": 16.21,
            "loss": 4.67262268,
            "max_close": 17.0813,
            "min_close": 7.3472,
            "p": 0.0111111114,
            "profit": 0.4735012,
            "q": 0.983333349
        },
        "WFC": {
            "close": 24.9,
            "loss": 1.23080063,
            "max_close": 40.2328,
            "min_close": 21.0458,
            "p": 0.533333361,
            "profit": 2.60049057,
            "q": 0.4611111
        }
    },
    "hold_stock_list": [
        "DHI",
        "BAC",
        "PNC",
        "PFC",
        "SNV",
        "FHN",
        "STL",
        "SFM",
        "BIO",
        "PBCT",
        "FBP",
        "WFC",
        "PSX"
    ],
    "portfolio": {
        "BAC": {
            "cost_p": 25.9,
            "position": 230,
            "position_%": 4.155146487572436,
            "profit": 386.3999999999999,
            "profit_%": 6.3320463320463345
        },
        "BIO": {
            "cost_p": 597.32,
            "position": 19,
            "position_%": 7.91624809454064,
            "profit": -2.090000000000259,
            "profit_%": -0.15904372865466507
        },
        "DHI": {
            "cost_p": 72.88,
            "position": 100,
            "position_%": 5.083550042207137,
            "profit": 125.0,
            "profit_%": 1.1388583973655302
        },
        "FBP": {
            "cost_p": 6.92,
            "position": 1680,
            "position_%": 8.109127246251823,
            "profit": 2368.8,
            "profit_%": 19.50867052023121
        },
        "FHN": {
            "cost_p": 10.96,
            "position": 1340,
            "position_%": 10.244106660245734,
            "profit": 1942.999999999999,
            "profit_%": 12.135036496350349
        },
        "PBCT": {
            "cost_p": 14.03,
            "position": 720,
            "position_%": 7.046101688578432,
            "profit": -525.599999999999,
            "profit_%": -6.9137562366357725
        },
        "PFC": {
            "cost_p": 17.29,
            "position": 400,
            "position_%": 4.824071362775049,
            "profit": 1820.0000000000002,
            "profit_%": 23.250433776749567
        },
        "PNC": {
            "cost_p": 99.87,
            "position": 110,
            "position_%": 7.662782066228726,
            "profit": 2906.2000000000003,
            "profit_%": 26.4243516571543
        },
        "PSX": {
            "cost_p": 74.12,
            "position": 170,
            "position_%": 8.789072990096983,
            "profit": -1955.0000000000011,
            "profit_%": -15.326497571505673
        },
        "SFM": {
            "cost_p": 20.61,
            "position": 860,
            "position_%": 12.363322046940809,
            "profit": -223.5999999999983,
            "profit_%": 0.0
        },
        "SNV": {
            "cost_p": 15.59,
            "position": 800,
            "position_%": 8.699510994293004,
            "profit": 12280.000000000002,
            "profit_%": 95.18922386144965
        },
        "STL": {
            "cost_p": 16.83,
            "position": 600,
            "position_%": 7.043590604583927,
            "profit": -371.99999999999847,
            "profit_%": -6.060606060606048
        },
        "WFC": {
            "cost_p": 34,
            "position": 340,
            "position_%": 8.063369715685305,
            "profit": -3094.0000000000005,
            "profit_%": -26.44117647058823
        }
    }
}