{"hold_stock_list":["SEE","EL","KSS","TGT","NKE","VFC","MPW","CVS","ILPT","AAP","DIS","PYPL","EPAM","EW","CMA","DAC","ZIM","VALE","SID","HAL","ALB"],"watch_stock_list":["ABM","ABNB","ACLS","ADBE","ADSK","AEP","ALB","ALGM","ALGN","ANSS","APD","APTV","ASML","AZO","BAC","BBY","BF-B","BIO","BK","C","CE","CNMD","CRM","CSCO","CVS","DE","DEO","DG","DELL","DHI","DIS","DOX","EL","EPAM","EQNR","EW","EXLS","EXR","F","FDX","FFIV","FSLR","FTNT","G","GIS","GLOB","GM","GOOG","GPC","HAL","HAS","HI","HPE","HPQ","INTC","IPG","ISRG","JBT","JKHY","JPM","K","KMB","KSS","LMAT","LNTH","LQDT","LTHM","LVS","M","MA","MCHP","MKC","MMM","MPW","MS","MSFT","MU","MWA","NDAQ","NFLX","NICE","NKE","NOW","NSSC","ORCL","ORLY","OSIS","PAGS","PAYC","PCTY","PDCO","PEP","PFE","PHG","PODD","PVH","PYPL","QCOM","RTX","SBUX","SEE","SIG","SIMO","SMP","SONY","SQM","TEAM","TECH","TEX","TGT","TITN","TM","TNP","TRI","TX","UAL","UPS","VALE","VEEV","VFC","VMI","WDAY","WFC","WNS","X","ZTS"],"portfolio":{"AAP":{"cost_p":91.35,"position_%":13.722618338671516,"profit_%":-54.70169677066228},"ALB":{"cost_p":173.45,"position_%":7.444485576175071,"profit_%":-44.62381089651196},"CMA":{"cost_p":62.35,"position_%":2.676066161282881,"profit_%":-4.763432237369685},"CVS":{"cost_p":73,"position_%":3.1331648720713763,"profit_%":-15.91780821917808},"DAC":{"cost_p":73.24,"position_%":4.7151985321337175,"profit_%":17.394866193336988},"DIS":{"cost_p":89.37,"position_%":5.753649546925046,"profit_%":7.429786281750028},"EL":{"cost_p":143.25,"position_%":6.148299560605817,"profit_%":-30.282722513089},"EPAM":{"cost_p":250,"position_%":2.6825041712939863,"profit_%":-20.215999999999998},"EW":{"cost_p":87.5,"position_%":2.8166293798586857,"profit_%":-23.90857142857143},"HAL":{"cost_p":35,"position_%":2.6288540878681066,"profit_%":-18.142857142857146},"ILPT":{"cost_p":17.24,"position_%":3.699709753048666,"profit_%":-72.27378190255219},"KSS":{"cost_p":22.03,"position_%":6.145938956935078,"profit_%":-5.129369042215172},"MPW":{"cost_p":6.18,"position_%":4.641805218007114,"profit_%":-3.7216828478964326},"NKE":{"cost_p":75.5,"position_%":3.2404650389231358,"profit_%":18.463576158940395},"PYPL":{"cost_p":68.34,"position_%":4.399736041589545,"profit_%":13.959613696224746},"SEE":{"cost_p":37.16,"position_%":5.582183880295933,"profit_%":-1.3186221743810411},"SID":{"cost_p":4.54,"position_%":3.4099993025489153,"profit_%":-45.81497797356828},"TGT":{"cost_p":135.71,"position_%":1.4561705643452276,"profit_%":14.346768845331956},"VALE":{"cost_p":12.22,"position_%":2.622416077857001,"profit_%":-3.518821603927999},"VFC":{"cost_p":18.8,"position_%":3.025864705219617,"profit_%":4.095744680851062},"ZIM":{"cost_p":40.74,"position_%":10.054240234343565,"profit_%":-40.50073637702504}},"KellyFormula_Range_v1":{"EPAM":{"profit":56.61949,"loss":13.691254,"p":0.6722222,"q":0.32222223,"max_close":314.63,"min_close":170.25,"close":199.46},"CMA":{"profit":1.0266724,"loss":8.293655,"p":0.033333335,"q":0.9611111,"max_close":61.49,"min_close":35.928097,"close":59.38},"NKE":{"profit":7.044693,"loss":11.001259,"p":0.62222224,"q":0.37222221,"max_close":121.18714,"min_close":70.77431,"close":89.44},"EW":{"profit":17.842567,"loss":2.8535004,"p":0.8833333,"q":0.11111111,"max_close":95.56,"min_close":59.7,"close":66.58},"EL":{"profit":30.738762,"loss":8.558914,"p":0.73888886,"q":0.25555557,"max_close":155.9366,"min_close":84.2,"close":99.87},"KSS":{"profit":2.970581,"loss":1.3528881,"p":0.70555556,"q":0.2888889,"max_close":27.98382,"min_close":16.307323,"close":20.9},"AAP":{"profit":25.09792,"loss":1.3423042,"p":0.9222222,"q":0.072222225,"max_close":85.823746,"min_close":38.53,"close":41.38},"ALB":{"profit":22.471146,"loss":8.624306,"p":0.6666667,"q":0.32777777,"max_close":169.94637,"min_close":72.51662,"close":96.05},"CVS":{"profit":11.192104,"loss":3.6092606,"p":0.43333334,"q":0.5611111,"max_close":79.02176,"min_close":53.03131,"close":61.38},"DAC":{"profit":4.431885,"loss":9.683769,"p":0.20555556,"q":0.7888889,"max_close":95.34127,"min_close":60.600388,"close":85.98},"VFC":{"profit":0.0,"loss":4.5297794,"p":0.0,"q":0.99444443,"max_close":20.038458,"min_close":11.829797,"close":19.57},"TGT":{"profit":8.114548,"loss":10.06636,"p":0.35,"q":0.64444447,"max_close":175.23389,"min_close":101.66887,"close":155.18},"VALE":{"profit":0.57883835,"loss":0.8993292,"p":0.38333333,"q":0.6111111,"max_close":14.774527,"min_close":9.91,"close":11.79},"SID":{"profit":0.5089338,"loss":0.24303746,"p":0.55,"q":0.43888888,"max_close":3.799283,"min_close":1.9205431,"close":2.46},"ILPT":{"profit":0.18810749,"loss":0.8094716,"p":0.20555556,"q":0.78333336,"max_close":5.16,"min_close":2.2729113,"close":4.78},"SEE":{"profit":1.1685219,"loss":2.1764717,"p":0.17222223,"q":0.82222223,"max_close":39.609436,"min_close":27.93014,"close":36.67},"HAL":{"profit":6.050585,"loss":0.5100002,"p":0.95555556,"q":0.03888889,"max_close":42.40335,"min_close":27.81,"close":28.65},"MPW":{"profit":0.31500053,"loss":1.6450276,"p":0.022222223,"q":0.9722222,"max_close":6.37,"min_close":2.8475688,"close":5.95},"DIS":{"profit":10.898491,"loss":5.1734467,"p":0.65555555,"q":0.33888888,"max_close":122.255974,"min_close":78.69925,"close":96.01},"ZIM":{"profit":0.0,"loss":8.988818,"p":0.0,"q":0.99444443,"max_close":24.24,"min_close":6.203722,"close":24.24},"PYPL":{"profit":1.3300018,"loss":14.066483,"p":0.011111111,"q":0.98333335,"max_close":80.08,"min_close":50.39,"close":77.88}},"Factor_Intersectional_v1":[{"symbol":"CPE","Market Cap":2380000000.0,"Price":35.76,"52W Range":"28.62 - 41.36","P/E":5.88,"P/B":0.6,"P/S":1.02,"P/FCF":"-","ROA":0.060700000000000004,"ROE":0.1134,"ROI":0.0679,"Dividend %":"-","Insider Own":0.2141,"Insider Trans":0.0,"Inst Own":0.8163,"Inst Trans":0.0207,"Target Price":44.88,"Short Float":0.1602,"Short Ratio":3.93,"eps_q_data":{"2023-09-30":1.76,"2023-06-30":-1.74,"2023-03-31":3.58},"ShareOutstandingHalfYear":-0.018673441708666152,"ShareOutstandingOneYear":0.07497137699400154,"Score":16.799999999999997},{"symbol":"SPLK","Market Cap":24220000000.0,"Price":156.9,"52W Range":"82.19 - 156.97","P/E":121.97,"P/B":132.96,"P/S":5.74,"P/FCF":24.27,"ROA":0.0405,"ROE":0.8371,"ROI":0.0659,"Dividend %":"-","Insider Own":0.07780000000000001,"Insider Trans":-0.0017000000000000001,"Inst Own":0.8462999999999999,"Inst Trans":0.0168,"Target Price":155.75,"Short Float":0.034100000000000005,"Short Ratio":2.4,"eps_q_data":{"2023-10-31":0.58,"2023-07-31":-0.38,"2023-04-30":-1.19,"2023-01-31":1.64},"ShareOutstandingHalfYear":0.0,"ShareOutstandingOneYear":0.017512077294685992,"Score":9.899999999999999}],"stock_info":{"EPAM":["EPAM Systems Inc","Information Technology Services","Technology"],"CMA":["Comerica, Inc.","Banks - Regional","Financial"],"NKE":["Nike, Inc.","Footwear & Accessories","Consumer Cyclical"],"EW":["Edwards Lifesciences Corp","Medical Devices","Healthcare"],"EL":["Estee Lauder Cos., Inc.","Household & Personal Products","Consumer Defensive"],"KSS":["Kohl's Corp.","Department Stores","Consumer Cyclical"],"AAP":["Advance Auto Parts Inc","Specialty Retail","Consumer Cyclical"],"ALB":["Albemarle Corp.","Specialty Chemicals","Basic Materials"],"CVS":["CVS Health Corp","Healthcare Plans","Healthcare"],"DAC":["Danaos Corporation","Marine Shipping","Industrials"],"VFC":["VF Corp.","Apparel Manufacturing","Consumer Cyclical"],"TGT":["Target Corp","Discount Stores","Consumer Defensive"],"VALE":["Vale S.A. ADR","Other Industrial Metals & Mining","Basic Materials"],"SID":["Companhia Siderurgica Nacional ADR","Steel","Basic Materials"],"ILPT":["Industrial Logistics Properties Trust","REIT - Industrial","Real Estate"],"SEE":["Sealed Air Corp.","Packaging & Containers","Consumer Cyclical"],"HAL":["Halliburton Co.","Oil & Gas Equipment & Services","Energy"],"MPW":["Medical Properties Trust Inc","REIT - Healthcare Facilities","Real Estate"],"DIS":["Walt Disney Co","Entertainment","Communication Services"],"ZIM":["Zim Integrated Shipping Services Ltd","Marine Shipping","Industrials"],