{
    "Factor_Intersectional_v1": [],
    "KellyFormula_Range_v1": {
        "AAP": {
            "close": 45.79,
            "loss": 7.0503044,
            "max_close": 65.77928,
            "min_close": 29.623726,
            "p": 0.78333336,
            "profit": 8.549488,
            "q": 0.21111111
        },
        "ADBE": {
            "close": 299.73,
            "loss": 6.1566772,
            "max_close": 464.11,
            "min_close": 290.37,
            "p": 0.9777778,
            "profit": 59.482086,
            "q": 0.016666668
        },
        "ALB": {
            "close": 188.32,
            "loss": 95.98341,
            "max_close": 188.32,
            "min_close": 50.007885,
            "p": 0.0,
            "profit": 0.0,
            "q": 0.99444443
        },
        "EL": {
            "close": 119.49,
            "loss": 30.603226,
            "max_close": 119.49,
            "min_close": 49.429493,
            "p": 0.0,
            "profit": 0.0,
            "q": 0.99444443
        },
        "EPAM": {
            "close": 219.05,
            "loss": 44.386185,
            "max_close": 267.63,
            "min_close": 142.2,
            "p": 0.011111111,
            "profit": 1.5399933,
            "q": 0.98333335
        },
        "FLO": {
            "close": 10.98,
            "loss": 0.28872108,
            "max_close": 18.77727,
            "min_close": 10.08,
            "p": 0.78333336,
            "profit": 3.2261171,
            "q": 0.20555556
        },
        "HOG": {
            "close": 20.78,
            "loss": 0.27857208,
            "max_close": 30.603024,
            "min_close": 20.1,
            "p": 0.95555556,
            "profit": 4.1804733,
            "q": 0.03888889
        },
        "ILPT": {
            "close": 5.76,
            "loss": 0.9056616,
            "max_close": 6.3965173,
            "min_close": 2.4559078,
            "p": 0.2888889,
            "profit": 0.24347973,
            "q": 0.7
        },
        "MOH": {
            "close": 198.75,
            "loss": 30.114319,
            "max_close": 353.24,
            "min_close": 134.51,
            "p": 0.30555555,
            "profit": 80.77728,
            "q": 0.6888889
        },
        "MPW": {
            "close": 5.09,
            "loss": 0.5778718,
            "max_close": 5.894407,
            "min_close": 3.8470516,
            "p": 0.21111111,
            "profit": 0.23446655,
            "q": 0.7722222
        },
        "NICE": {
            "close": 112.21,
            "loss": 4.9553604,
            "max_close": 178.5,
            "min_close": 99.6,
            "p": 0.8388889,
            "profit": 34.572655,
            "q": 0.15555556
        },
        "NKE": {
            "close": 65.46,
            "loss": 3.778347,
            "max_close": 79.84435,
            "min_close": 52.310772,
            "p": 0.5555556,
            "profit": 6.1870346,
            "q": 0.43888888
        },
        "NVO": {
            "close": 62.23,
            "loss": 9.338493,
            "max_close": 88.510284,
            "min_close": 44.874336,
            "p": 0.32222223,
            "profit": 6.77676,
            "q": 0.6722222
        },
        "PVH": {
            "close": 61.69,
            "loss": 0.0,
            "max_close": 96.13636,
            "min_close": 60.417416,
            "p": 0.99444443,
            "profit": 14.858562,
            "q": 0.0
        },
        "PYPL": {
            "close": 57.15,
            "loss": 0.91799927,
            "max_close": 90.03187,
            "min_close": 55.08,
            "p": 0.96666664,
            "profit": 10.909218,
            "q": 0.027777778
        },
        "SID": {
            "close": 1.82,
            "loss": 0.2806393,
            "max_close": 1.95,
            "min_close": 1.25,
            "p": 0.03888889,
            "profit": 0.06571424,
            "q": 0.95555556
        },
        "SM": {
            "close": 18.75,
            "loss": 0.47366333,
            "max_close": 39.554432,
            "min_close": 17.57,
            "p": 0.8111111,
            "profit": 5.378498,
            "q": 0.18333334
        },
        "TGT": {
            "close": 106.5,
            "loss": 11.867157,
            "max_close": 136.47891,
            "min_close": 83.68,
            "p": 0.027777778,
            "profit": 3.540001,
            "q": 0.96666664
        },
        "VALE": {
            "close": 15.74,
            "loss": 4.8155384,
            "max_close": 15.74,
            "min_close": 7.9883733,
            "p": 0.0,
            "profit": 0.0,
            "q": 0.99444443
        },
        "VFC": {
            "close": 19.94,
            "loss": 5.3681097,
            "max_close": 26.32977,
            "min_close": 9.567923,
            "p": 0.0055555557,
            "profit": 0.25,
            "q": 0.98888886
        },
        "ZIM": {
            "close": 22.06,
            "loss": 5.799217,
            "max_close": 23.27,
            "min_close": 11.213416,
            "p": 0.044444446,
            "profit": 0.5300026,
            "q": 0.95
        }
    },
    "hold_stock_list": [
        "EL",
        "FLO",
        "TGT",
        "NKE",
        "PVH",
        "VFC",
        "MPW",
        "MOH",
        "NVO",
        "ILPT",
        "AAP",
        "HOG",
        "PYPL",
        "EPAM",
        "ADBE",
        "NICE",
        "ZIM",
        "VALE",
        "SID",
        "SM",
        "ALB"
    ],
    "portfolio": {
        "AAP": {
            "cost_p": 91.35,
            "position_%": 12.502003996261813,
            "profit_%": -49.66611932129174
        },
        "ADBE": {
            "cost_p": 299.55,
            "position_%": 2.9282784401284125,
            "profit_%": 0.7043899182106539
        },
        "ALB": {
            "cost_p": 173.45,
            "position_%": 3.391152698649795,
            "profit_%": 8.048428942058235
        },
        "EL": {
            "cost_p": 143.03,
            "position_%": 5.592811421019086,
            "profit_%": -17.800461441655603
        },
        "EPAM": {
            "cost_p": 248.63,
            "position_%": 2.4305053198769055,
            "profit_%": -11.856976229738965
        },
        "FLO": {
            "cost_p": 10.95,
            "position_%": 3.2112818146626054,
            "profit_%": 1.5525114155251136
        },
        "HOG": {
            "cost_p": 21.9,
            "position_%": 3.2112818146626054,
            "profit_%": -6.5296803652968025
        },
        "ILPT": {
            "cost_p": 17.2,
            "position_%": 3.3628034832387708,
            "profit_%": -67.32558139534883
        },
        "MOH": {
            "cost_p": 199,
            "position_%": 3.8906854253750893,
            "profit_%": -0.07035175879396299
        },
        "MPW": {
            "cost_p": 6.18,
            "position_%": 4.228920892003176,
            "profit_%": -17.31391585760517
        },
        "NICE": {
            "cost_p": 119.55,
            "position_%": 3.50601589902205,
            "profit_%": -3.262233375156831
        },
        "NKE": {
            "cost_p": 70.07,
            "position_%": 8.904684072433222,
            "profit_%": -7.692307692307673
        },
        "NVO": {
            "cost_p": 64.24,
            "position_%": 8.16379199105338,
            "profit_%": -1.7745952677459427
        },
        "PVH": {
            "cost_p": 87.3,
            "position_%": 5.120454838722291,
            "profit_%": -30.0
        },
        "PYPL": {
            "cost_p": 68.03,
            "position_%": 2.6601339647062043,
            "profit_%": -16.463325003674854
        },
        "SID": {
            "cost_p": 4.54,
            "position_%": 3.1066829853874456,
            "profit_%": -58.590308370044056
        },
        "SM": {
            "cost_p": 18.16,
            "position_%": 3.550494840442795,
            "profit_%": 4.845814977973563
        },