{"hold_stock_list":["SEE","GIS","PEP","EL","KSS","TGT","NKE","PVH","VFC","MPW","NVO","CVS","ILPT","AAP","PYPL","EPAM","PAGS","EW","DAC","ZIM","VALE","GGB","SID","HAL","ALB"],"watch_stock_list":["ABNB","ACLS","ACMR","ADBE","ADSK","AEO","ALB","ALGM","ALGN","AMAT","ANSS","APD","APTV","ARTNA","ASML","AZN","BAC","BBY","BF-B","BIO","BLD","BUD","CAMT","CE","CNMD","CRM","CSCO","CVS","DE","DELL","DEO","DG","DHI","DIS","EL","EPAM","EW","EXLS","EXR","F","FDX","FFIV","FSLR","FTNT","G","GIS","GLOB","GM","GOOG","GSK","HAL","HAS","HMC","HOV","HPE","HPQ","INTC","ISRG","K","KSS","LMAT","LNTH","LQDT","LRCX","M","MA","MCHP","MKC","MMM","MMS","MOH","MPW","MS","MSFT","MU","NDAQ","NFLX","NICE","NKE","NOW","NVO","NXPI","ORCL","OXM","PAGS","PAYC","PCTY","PEP","PFE","PHG","PODD","PVH","PYPL","QCOM","SAIC","SBUX","SEE","SMP","SONY","SQM","STM","TDC","TEAM","TECH","TEX","TGT","TITN","TM","TEN","TRI","TX","UAL","UPS","VALE","VEEV","VFC","VMI","WDAY","WFC","WNS","X","ZTS"],"portfolio":{"AAP":{"cost_p":91.35,"position_%":12.366343124684532,"profit_%":-49.69896004378762},"ALB":{"cost_p":173.45,"position_%":6.708709719216614,"profit_%":-55.39348515422311},"CVS":{"cost_p":65.41,"position_%":5.059863969258677,"profit_%":-17.428527748050758},"DAC":{"cost_p":73.24,"position_%":4.2491718060140515,"profit_%":9.270890223921363},"EL":{"cost_p":143.03,"position_%":5.532123096797649,"profit_%":-54.53401384324966},"EPAM":{"cost_p":248.63,"position_%":2.4041315904998943,"profit_%":4.725897920604915},"EW":{"cost_p":87.4,"position_%":2.535346913200629,"profit_%":-19.50800915331809},"GGB":{"cost_p":2.9,"position_%":2.2433275509631803,"profit_%":-1.7241379310344769},"GIS":{"cost_p":62.3,"position_%":4.819286428448487,"profit_%":-5.58587479935794},"HAL":{"cost_p":34.9,"position_%":2.3622625892254523,"profit_%":-27.822349570200565},"ILPT":{"cost_p":17.2,"position_%":3.3263132652212675,"profit_%":-77.20930232558139},"KSS":{"cost_p":21.98,"position_%":5.525934607001889,"profit_%":-45.040946314831665},"MPW":{"cost_p":6.18,"position_%":4.183032321321861,"profit_%":-22.81553398058253},"NKE":{"cost_p":75.5,"position_%":2.920193622374485,"profit_%":-9.033112582781449},"NVO":{"cost_p":89.89,"position_%":2.607578192535521,"profit_%":-3.8602736678162186},"PAGS":{"cost_p":6.91,"position_%":0.06681635076360162,"profit_%":7.525325615050645},"PEP":{"cost_p":144.84,"position_%":5.60213038761219,"profit_%":-0.17950842308753862},"PVH":{"cost_p":94.6,"position_%":2.744208443807546,"profit_%":-16.649048625792812},"PYPL":{"cost_p":68.03,"position_%":2.6312685050349165,"profit_%":13.641040717330592},"SEE":{"cost_p":37.16,"position_%":5.030468642728813,"profit_%":-8.342303552206658},"SID":{"cost_p":4.54,"position_%":3.072971964207322,"profit_%":-64.97797356828194},"TGT":{"cost_p":135.71,"position_%":1.3122499221604018,"profit_%":-3.2127330336747577},"VALE":{"cost_p":12.22,"position_%":2.36322954075604,"profit_%":-22.50409165302782},"VFC":{"cost_p":18.8,"position_%":1.2725082142532522,"profit_%":27.234042553191497},"ZIM":{"cost_p":40.74,"position_%":9.06052923191172,"profit_%":-55.596465390279825}},"KellyFormula_Range_v1":{"TGT":{"profit":13.6662445,"loss":3.4791107,"p":0.93333334,"q":0.06111111,"max_close":173.9758,"min_close":121.59,"close":131.35},"PYPL":{"profit":7.272026,"loss":12.785942,"p":0.51666665,"q":0.4722222,"max_close":91.81,"min_close":56.13,"close":77.31},"EPAM":{"profit":3.880005,"loss":50.063354,"p":0.0055555557,"q":0.98888886,"max_close":314.63,"min_close":170.25,"close":260.38},"EL":{"profit":26.371758,"loss":1.2237892,"p":0.93333334,"q":0.06111111,"max_close":155.19865,"min_close":62.443096,"close":65.03},"PAGS":{"profit":2.9560733,"loss":0.7223067,"p":0.7777778,"q":0.21666667,"max_close":14.6,"min_close":6.19,"close":7.43},"KSS":{"profit":5.909668,"loss":0.0,"p":0.99444443,"q":0.0,"max_close":27.064508,"min_close":12.08,"close":12.08},"ILPT":{"profit":0.7129855,"loss":0.27621722,"p":0.46666667,"q":0.5222222,"max_close":5.13347,"min_close":3.2416239,"close":3.92},"SID":{"profit":0.5724157,"loss":0.14724123,"p":0.8277778,"q":0.16111112,"max_close":3.5998206,"min_close":1.3,"close":1.59},"GGB":{"profit":0.39934087,"loss":0.055714607,"p":0.95555556,"q":0.03888889,"max_close":3.889146,"min_close":2.72,"close":2.85},"SEE":{"profit":1.6900749,"loss":0.7018089,"p":0.7888889,"q":0.20555556,"max_close":39.39198,"min_close":30.61089,"close":34.06},"CVS":{"profit":3.4708862,"loss":5.5351295,"p":0.79444444,"q":0.2,"max_close":76.283394,"min_close":43.23058,"close":54.01},"ALB":{"profit":18.55146,"loss":2.2697144,"p":0.9722222,"q":0.022222223,"max_close":140.61736,"min_close":72.23231,"close":77.37},"HAL":{"profit":5.227581,"loss":0.0,"p":0.99444443,"q":0.0,"max_close":40.58066,"min_close":25.19,"close":25.19},"VALE":{"profit":1.1088667,"loss":0.51667595,"p":0.78333336,"q":0.20555556,"max_close":12.466866,"min_close":8.5,"close":9.47},"PEP":{"profit":19.520782,"loss":1.0366669,"p":0.9777778,"q":0.016666668,"max_close":178.78223,"min_close":142.64,"close":144.58},"GIS":{"profit":7.2077026,"loss":0.29000092,"p":0.9777778,"q":0.016666668,"max_close":73.79097,"min_close":58.31,"close":58.82},"VFC":{"profit":1.6361523,"loss":6.060953,"p":0.072222225,"q":0.9222222,"max_close":26.93,"min_close":11.779906,"close":23.92},"DAC":{"profit":5.2329025,"loss":1.4870453,"p":0.7277778,"q":0.26666668,"max_close":95.34127,"min_close":68.38013,"close":80.03},"MPW":{"profit":0.5438967,"loss":0.41427803,"p":0.23333333,"q":0.75555557,"max_close":6.2460093,"min_close":2.9831352,"close":4.77},"NVO":{"profit":37.032204,"loss":2.774086,"p":0.87222224,"q":0.12222222,"max_close":146.36218,"min_close":78.69,"close":86.42},"NKE":{"profit":10.961784,"loss":0.0,"p":0.99444443,"q":0.0,"max_close":105.37247,"min_close":68.68,"close":68.68},"AAP":{"profit":12.021339,"loss":5.296772,"p":0.49444443,"q":0.5,"max_close":84.78196,"min_close":35.49403,"close":45.95},"ZIM":{"profit":1.9693108,"loss":2.2259626,"p":0.37777779,"q":0.6166667,"max_close":23.31,"min_close":7.2657228,"close":18.09},"PVH":{"profit":23.324814,"loss":0.0,"p":0.99444443,"q":0.0,"max_close":140.4603,"min_close":78.85,"close":78.85},"EW":{"profit":10.450676,"loss":3.2174072,"p":0.49444443,"q":0.49444443,"max_close":95.56,"min_close":59.7,"close":70.35}},"Factor_Intersectional_v1":[],"stock_info":{"TGT":["Target Corp","Discount Stores","Consumer Defensive"],"PYPL":["PayPal Holdings Inc","Credit Services","Financial"],"EPAM":["EPAM Systems Inc","Information Technology Services","Technology"],"EL":["Estee Lauder Cos., Inc.","Household & Personal Products","Consumer Defensive"],"PAGS":["PagSeguro Digital Ltd","Software - Infrastructure","Technology"],"KSS":["Kohl's Corp.","Department Stores","Consumer Cyclical"],"ILPT":["Industrial Logistics Properties Trust","REIT - Industrial","Real Estate"],"SID":["Companhia Siderurgica Nacional ADR","Steel","Basic Materials"],"GGB":["Gerdau S.A. ADR","Steel","Basic Materials"],"SEE":["Sealed Air Corp.","Packaging & Containers","Consumer Cyclical"],"CVS":["CVS Health Corp","Healthcare Plans","Healthcare"],"ALB":["Albemarle Corp.","Specialty Chemicals","Basic Materials"],"HAL":["Halliburton Co.","Oil & Gas Equipment & Services","Energy"],"VALE":["Vale S.A. ADR","Other Industrial Metals & Mining","Basic Materials"],"PEP":["PepsiCo Inc","Beverages - Non-Alcoholic","Consumer Defensive"],"GIS":["General Mills, Inc.","Packaged Foods","Consumer Defensive"],"VFC":["VF Corp.","Apparel Manufacturing","Consumer Cyclical"],"DAC":["Danaos Corporation","Marine Shipping","Industrials"],"MPW":["Medical Properties Trust Inc","REIT - Healthcare Facilities","Real Estate"],"NVO":["Novo Nordisk ADR","Biotechnology","Healthcare"],"NKE":["Nike, Inc.","Footwear & Accessories","Consumer Cyclical"],"AAP":["Advance Auto Parts Inc","Specialty Retail","Consumer Cyclical"],"ZIM":["Zim Integrated Shipping Services Ltd","Marine Shipping","Industrials"],"PVH":["PVH Corp","Apparel Manufacturing","Consumer Cyclical"],"EW":["Edwards Lifesciences Corp","Medical Devices","Healthcare"]}}