{
    "KellyFormula_Range_v1": {
        "BAC": {
            "close": 29.06,
            "loss": 4.789713,
            "max_close": 29.06,
            "min_close": 17.8341846,
            "p": 0.0,
            "profit": 0.0,
            "q": 0.99444443
        },
        "BIO": {
            "close": 549.6,
            "loss": 80.54059,
            "max_close": 643.45,
            "min_close": 322.41,
            "p": 0.188888893,
            "profit": 29.3704224,
            "q": 0.8055556
        },
        "DHI": {
            "close": 69.27,
            "loss": 17.02383,
            "max_close": 78.82,
            "min_close": 29.3815765,
            "p": 0.394444436,
            "profit": 4.587387,
            "q": 0.6
        },
        "FBP": {
            "close": 8.38,
            "loss": 2.65419912,
            "max_close": 8.568751,
            "min_close": 3.645114,
            "p": 0.00555555569,
            "profit": 0.188751221,
            "q": 0.98888886
        },
        "FHN": {
            "close": 12.85,
            "loss": 3.37792778,
            "max_close": 13.07,
            "min_close": 6.59697628,
            "p": 0.0111111114,
            "profit": 0.149999619,
            "q": 0.983333349
        },
        "INTC": {
            "close": 49.9,
            "loss": 2.46587,
            "max_close": 63.44745,
            "min_close": 43.79363,
            "p": 0.6166667,
            "profit": 6.95149231,
            "q": 0.377777785
        },
        "PBCT": {
            "close": 12.93,
            "loss": 2.003333,
            "max_close": 13.52,
            "min_close": 9.070121,
            "p": 0.055555556,
            "profit": 0.223608017,
            "q": 0.9388889
        },
        "PFC": {
            "close": 22.02,
            "loss": 5.160389,
            "max_close": 22.8,
            "min_close": 11.9495487,
            "p": 0.0111111114,
            "profit": 0.434999466,
            "q": 0.983333349
        },
        "PSX": {
            "close": 64.43,
            "loss": 8.601028,
            "max_close": 87.2001343,
            "min_close": 40.3908043,
            "p": 0.2888889,
            "profit": 8.163498,
            "q": 0.705555558
        },
        "SFM": {
            "close": 20.72,
            "loss": 1.1686573,
            "max_close": 27.41,
            "min_close": 16.58,
            "p": 0.705555558,
            "profit": 2.951458,
            "q": 0.2888889
        },
        "SNV": {
            "close": 32.71,
            "loss": 11.5930691,
            "max_close": 33.82,
            "min_close": 13.2805176,
            "p": 0.0166666675,
            "profit": 0.623333,
            "q": 0.9777778
        },
        "STL": {
            "close": 16.75,
            "loss": 5.02944,
            "max_close": 17.11,
            "min_close": 7.3472147,
            "p": 0.0166666675,
            "profit": 0.21333313,
            "q": 0.9777778
        },
        "T": {
            "close": 29.09,
            "loss": 0.946805954,
            "max_close": 32.0722351,
            "min_close": 25.3954983,
            "p": 0.383333325,
            "profit": 0.5543747,
            "q": 0.6111111
        },
        "WFC": {
            "close": 28.87,
            "loss": 3.84791,
            "max_close": 33.0351639,
            "min_close": 21.0457516,
            "p": 0.0722222254,
            "profit": 1.5494194,
            "q": 0.9222222
        }
    },
    "hold_stock_list": [
        "INTC",
        "T",
        "DHI",
        "BAC",
        "PFC",
        "SNV",
        "FHN",
        "STL",
        "SFM",
        "BIO",
        "PBCT",
        "FBP",
        "WFC",
        "PSX"
    ],
    "portfolio": {
        "BAC": {
            "cost_p": 25.9,
            "position_%": 3.7945483608404653,
            "profit_%": 12.200772200772201
        },
        "BIO": {
            "cost_p": 597.32,
            "position_%": 7.229248432272506,
            "profit_%": -7.989017612000272
        },
        "DHI": {
            "cost_p": 72.88,
            "position_%": 4.642381811953217,
            "profit_%": -4.953347969264544
        },
        "FBP": {
            "cost_p": 6.92,
            "position_%": 7.405388857442826,
            "profit_%": 21.09826589595377
        },
        "FHN": {
            "cost_p": 10.96,
            "position_%": 9.355087300091895,
            "profit_%": 17.244525547445242
        },
        "INTC": {
            "cost_p": 46.15,
            "position_%": 7.643240856425171,
            "profit_%": 8.125677139761647
        },
        "PBCT": {
            "cost_p": 14.03,
            "position_%": 6.434616370969623,
            "profit_%": -7.840342124019956
        },
        "PFC": {
            "cost_p": 17.29,
            "position_%": 4.4054215987196,
            "profit_%": 27.35685367264315
        },
        "PSX": {
            "cost_p": 70.43,
            "position_%": 11.215798264814252,
            "profit_%": -8.519096975720574
        },
        "SFM": {
            "cost_p": 20.61,
            "position_%": 11.290389772797198,
            "profit_%": 0.5337214944201817
        },
        "SNV": {
            "cost_p": 15.59,
            "position_%": 1.9861342603828387,
            "profit_%": 109.81398332264271
        },
        "STL": {
            "cost_p": 16.83,
            "position_%": 6.432323207615748,
            "profit_%": -0.4753416518122299
        },
        "T": {
            "cost_p": 28.54,
            "position_%": 7.635469580614821,
            "profit_%": 1.927119831814999
        },
        "WFC": {
            "cost_p": 31.79,
            "position_%": 10.529951325059855,
            "profit_%": -9.185278389430634
        }
    }
}