{
    "KellyFormula_Range_v1": {
        "CPLP": {
            "close": 14.88,
            "loss": 2.503252,
            "max_close": 16.7,
            "min_close": 10.3809137,
            "p": 0.116666667,
            "profit": 1.09809685,
            "q": 0.877777755
        },
        "DAC": {
            "close": 69.51,
            "loss": 8.729748,
            "max_close": 87.12521,
            "min_close": 47.40861,
            "p": 0.5833333,
            "profit": 5.84423065,
            "q": 0.411111116
        },
        "EDRY": {
            "close": 17.38,
            "loss": 5.66657066,
            "max_close": 33.81,
            "min_close": 7.74,
            "p": 0.8,
            "profit": 8.842073,
            "q": 0.194444448
        },
        "ET": {
            "close": 8.49,
            "loss": 0.5478959,
            "max_close": 10.9818878,
            "min_close": 7.43126631,
            "p": 0.816666663,
            "profit": 1.07822227,
            "q": 0.177777782
        },
        "GGB": {
            "close": 5.2,
            "loss": 0.475777626,
            "max_close": 6.49767637,
            "min_close": 4.14701271,
            "p": 0.416666657,
            "profit": 0.390850067,
            "q": 0.5777778
        },
        "GOGL": {
            "close": 7.93,
            "loss": 0.823769569,
            "max_close": 10.6554384,
            "min_close": 5.76638937,
            "p": 0.76111114,
            "profit": 1.08677721,
            "q": 0.233333334
        },
        "INTC": {
            "close": 50.83,
            "loss": 1.24817276,
            "max_close": 66.9506,
            "min_close": 47.5614853,
            "p": 0.816666663,
            "profit": 4.46169662,
            "q": 0.177777782
        },
        "KGC": {
            "close": 5.41,
            "loss": 0.1738429,
            "max_close": 8.1103735,
            "min_close": 5.04,
            "p": 0.927777767,
            "profit": 1.122035,
            "q": 0.06666667
        },
        "LDI": {
            "close": 4.71,
            "loss": 0.192500114,
            "max_close": 21.1350632,
            "min_close": 4.3,
            "p": 0.966666639,
            "profit": 6.02827168,
            "q": 0.0222222228
        },
        "NMM": {
            "close": 24.41,
            "loss": 1.54870033,
            "max_close": 34.7383652,
            "min_close": 21.3855934,
            "p": 0.85,
            "profit": 4.259918,
            "q": 0.144444451
        },
        "SB": {
            "close": 3.58,
            "loss": 0.4589827,
            "max_close": 5.28,
            "min_close": 2.12,
            "p": 0.6611111,
            "profit": 0.6073947,
            "q": 0.327777773
        },
        "SID": {
            "close": 4.48,
            "loss": 0.396842,
            "max_close": 9.618398,
            "min_close": 3.57,
            "p": 0.783333361,
            "profit": 3.105916,
            "q": 0.211111113
        },
        "THO": {
            "close": 98.68,
            "loss": 0.0,
            "max_close": 145.657974,
            "min_close": 98.68,
            "p": 0.99444443,
            "profit": 18.2305069,
            "q": 0.0
        },
        "TX": {
            "close": 43.31,
            "loss": 4.73123932,
            "max_close": 55.1230164,
            "min_close": 32.1183052,
            "p": 0.338888884,
            "profit": 5.65237045,
            "q": 0.655555546
        },
        "VALE": {
            "close": 14.16,
            "loss": 1.25391293,
            "max_close": 20.7570267,
            "min_close": 11.27,
            "p": 0.73888886,
            "profit": 3.91132927,
            "q": 0.25555557
        }
    },
    "hold_stock_list": [
        "VALE",
        "INTC",
        "KGC",
        "DAC",
        "GGB",
        "LDI",
        "THO",
        "GOGL",
        "CPLP",
        "SID",
        "EDRY",
        "ET",
        "SB",
        "NMM",
        "TX"
    ],
    "portfolio": {
        "CPLP": {
            "cost_p": 12.99,
            "position_%": 4.447238367370211,
            "profit_%": 14.549653579676677
        },
        "DAC": {
            "cost_p": 76.97,
            "position_%": 11.139431084643125,
            "profit_%": -9.692087826425873
        },
        "EDRY": {
            "cost_p": 22.24,
            "position_%": 3.11484089723851,
            "profit_%": -21.85251798561151
        },
        "ET": {
            "cost_p": 9.35,
            "position_%": 6.489407486797718,
            "profit_%": -9.197860962566839
        },
        "GGB": {
            "cost_p": 4.45,
            "position_%": 4.570487467620656,
            "profit_%": 16.853932584269664
        },
        "GOGL": {
            "cost_p": 10.75,
            "position_%": 4.684088279720182,
            "profit_%": -26.232558139534884
        },
        "INTC": {
            "cost_p": 49.94,
            "position_%": 9.061616209024498,
            "profit_%": 1.7821385662795366
        },
        "KGC": {
            "cost_p": 7.61,
            "position_%": 10.847725985628658,
            "profit_%": -28.909329829172144
        },
        "LDI": {
            "cost_p": 7.03,
            "position_%": 6.563948293641106,
            "profit_%": -33.00142247510669
        },
        "NMM": {
            "cost_p": 30.04,
            "position_%": 5.001983812537869,
            "profit_%": -18.741677762982686
        },
        "SB": {
            "cost_p": 4.05,
            "position_%": 5.237386481665203,
            "profit_%": -11.604938271604933
        },
        "SID": {
            "cost_p": 4.85,
            "position_%": 13.313703942962807,
            "profit_%": -7.628865979381427
        },
        "THO": {
            "cost_p": 104.58,
            "position_%": 3.2548966929776517,
            "profit_%": -5.641614075349008
        },
        "TX": {
            "cost_p": 40.0,
            "position_%": 3.7348212197104442,
            "profit_%": 8.275000000000006
        },
        "VALE": {
            "cost_p": 12.76,
            "position_%": 8.53842377846136,
            "profit_%": 10.971786833855802
        }
    }
}