{"hold_stock_list":["BIO","HIMX","STC","ET","INTC","ARLP","BAC","BK","THO","WGO","DAC","GOGL","CPLP","EDRY","SB","NMM","ZIM","SID","PKX","TX"],"portfolio":{"ARLP":{"cost_p":14.01,"position_%":5.09165687863668,"profit_%":27.837259100642402},"BAC":{"cost_p":37.59,"position_%":4.821649630128551,"profit_%":-5.081138600691683},"BIO":{"cost_p":596.71,"position_%":5.612909826857157,"profit_%":-14.186120561076585},"BK":{"cost_p":45,"position_%":0.962021075444643,"profit_%":-6.533333333333329},"CPLP":{"cost_p":12.99,"position_%":2.2216273368934956,"profit_%":13.240954580446502},"DAC":{"cost_p":76.97,"position_%":4.936450811798278,"profit_%":6.197219695985444},"EDRY":{"cost_p":22.24,"position_%":1.4263565811925905,"profit_%":65.46762589928058},"ET":{"cost_p":9.35,"position_%":4.45747120745745,"profit_%":18.50267379679145},"GOGL":{"cost_p":10.75,"position_%":3.217426041209306,"profit_%":16.558139534883715},"HIMX":{"cost_p":9.18,"position_%":8.438848873800406,"profit_%":-2.0697167755991233},"INTC":{"cost_p":47.41,"position_%":5.067713242981169,"profit_%":-8.057371862476256},"NMM":{"cost_p":30.04,"position_%":3.4357834470891184,"profit_%":-2.0639147802929343},"PKX":{"cost_p":58.54,"position_%":2.502965055845751,"profit_%":-3.1260676460539774},"SB":{"cost_p":4.05,"position_%":3.597477811625242,"profit_%":1.4814814814814938},"SID":{"cost_p":4.82,"position_%":7.213020241222723,"profit_%":-12.655601659751042},"STC":{"cost_p":54.28,"position_%":9.283289595579594,"profit_%":-4.937361827560795},"THO":{"cost_p":89.53,"position_%":8.823514069729255,"profit_%":-14.497933653523962},"TX":{"cost_p":39.96,"position_%":5.125648289969057,"profit_%":7.357357357357351},"WGO":{"cost_p":56.56,"position_%":7.859498403921522,"profit_%":-5.97595473833098},"ZIM":{"cost_p":55.24,"position_%":5.904671578618008,"profit_%":0.7060101375814637}},"KellyFormula_Range_v1":{"INTC":{"profit":7.04676056,"loss":0.0,"p":0.99444443,"q":0.0,"max_close":56.0,"min_close":43.59,"close":43.59},"THO":{"profit":24.5421371,"loss":1.199997,"p":0.983333349,"q":0.0111111114,"max_close":127.44,"min_close":75.33,"close":76.55},"ARLP":{"profit":0.420000076,"loss":5.59678,"p":0.0111111114,"q":0.983333349,"max_close":18.5,"min_close":7.59,"close":17.91},"SID":{"profit":1.0412159,"loss":0.238332987,"p":0.822222233,"q":0.166666672,"max_close":8.12,"min_close":3.57,"close":4.21},"PKX":{"profit":6.54797745,"loss":1.10058975,"p":0.9,"q":0.0944444463,"max_close":79.19,"min_close":54.58,"close":56.71},"ZIM":{"profit":10.0041542,"loss":5.21964264,"p":0.5222222,"q":0.4722222,"max_close":88.62,"min_close":43.31,"close":55.63},"BAC":{"profit":8.17786,"loss":0.0,"p":0.99444443,"q":0.0,"max_close":49.38,"min_close":35.68,"close":35.68},"SB":{"profit":0.4624138,"loss":0.4088893,"p":0.483333319,"q":0.5,"max_close":5.28,"min_close":3.24,"close":4.11},"DAC":{"profit":10.5413132,"loss":8.295319,"p":0.4611111,"q":0.533333361,"max_close":106.64,"min_close":65.69,"close":81.74},"STC":{"profit":16.64328,"loss":0.557998657,"p":0.966666639,"q":0.027777778,"max_close":80.18,"min_close":50.44,"close":51.6},"NMM":{"profit":2.26250267,"loss":3.12554359,"p":0.533333361,"q":0.4611111,"max_close":36.49,"min_close":22.8,"close":29.42},"GOGL":{"profit":0.5799999,"loss":2.32724571,"p":0.06666667,"q":0.927777767,"max_close":13.96,"min_close":7.68,"close":12.53},"TX":{"profit":4.65959549,"loss":2.353836,"p":0.544444442,"q":0.45,"max_close":56.16,"min_close":36.57,"close":42.9},"BK":{"profit":13.2181015,"loss":0.0,"p":0.99444443,"q":0.0,"max_close":63.66,"min_close":42.06,"close":42.06},"WGO":{"profit":14.5368042,"loss":0.400001526,"p":0.966666639,"q":0.027777778,"max_close":78.55,"min_close":52.44,"close":53.18},"EDRY":{"profit":2.33428574,"loss":11.1981754,"p":0.03888889,"q":0.955555558,"max_close":42.75,"min_close":17.0,"close":36.8},"ET":{"profit":0.3326311,"loss":1.62531662,"p":0.105555557,"q":0.8888889,"max_close":11.89,"min_close":8.15,"close":11.08},"BIO":{"profit":175.4237,"loss":14.8150024,"p":0.983333349,"q":0.0111111114,"max_close":825.77,"min_close":493.53,"close":512.06},"CPLP":{"profit":1.25278568,"loss":1.63000107,"p":0.627777755,"q":0.366666675,"max_close":18.76,"min_close":11.22,"close":14.71},"HIMX":{"profit":2.15230274,"loss":0.241999626,"p":0.966666639,"q":0.027777778,"max_close":15.99,"min_close":8.57,"close":8.99}}}