{
    "KellyFormula_Range_v1": {
        "BGFV": {
            "close": 14.86,
            "loss": 6.88663435,
            "max_close": 16.16,
            "min_close": 1.76140082,
            "p": 0.06111111,
            "profit": 0.629091263,
            "q": 0.927777767
        },
        "BIO": {
            "close": 559.22,
            "loss": 47.9429932,
            "max_close": 662.35,
            "min_close": 432.34,
            "p": 0.477777779,
            "profit": 33.793457,
            "q": 0.516666651
        },
        "C": {
            "close": 73.75,
            "loss": 20.565136,
            "max_close": 73.75,
            "min_close": 40.2755241,
            "p": 0.0,
            "profit": 0.0,
            "q": 0.99444443
        },
        "DHI": {
            "close": 82.09,
            "loss": 11.2202377,
            "max_close": 83.23916,
            "min_close": 52.616806,
            "p": 0.0166666675,
            "profit": 0.6903305,
            "q": 0.9777778
        },
        "ELP": {
            "close": 10.81,
            "loss": 0.2154789,
            "max_close": 14.32,
            "min_close": 10.3125925,
            "p": 0.816666663,
            "profit": 1.17522621,
            "q": 0.177777782
        },
        "HTH": {
            "close": 37.55,
            "loss": 13.6198616,
            "max_close": 37.55,
            "min_close": 16.4422626,
            "p": 0.0,
            "profit": 0.0,
            "q": 0.99444443
        },
        "LAKE": {
            "close": 30.69,
            "loss": 7.478752,
            "max_close": 44.43,
            "min_close": 18.3,
            "p": 0.122222222,
            "profit": 4.6045475,
            "q": 0.872222245
        },
        "MDC": {
            "close": 60.27,
            "loss": 16.8256454,
            "max_close": 60.27,
            "min_close": 29.5942955,
            "p": 0.0,
            "profit": 0.0,
            "q": 0.99444443
        },
        "PBFX": {
            "close": 13.34,
            "loss": 4.12974072,
            "max_close": 13.34,
            "min_close": 6.8425045,
            "p": 0.0,
            "profit": 0.0,
            "q": 0.99444443
        },
        "PHM": {
            "close": 48.83,
            "loss": 5.4798317,
            "max_close": 49.51,
            "min_close": 31.7402878,
            "p": 0.03888889,
            "profit": 0.386741638,
            "q": 0.955555558
        },
        "SMP": {
            "close": 44.27,
            "loss": 2.990368,
            "max_close": 53.85105,
            "min_close": 37.67527,
            "p": 0.50555557,
            "profit": 2.62771225,
            "q": 0.4888889
        },
        "SNX": {
            "close": 96.88,
            "loss": 23.1375122,
            "max_close": 96.88,
            "min_close": 50.7289238,
            "p": 0.0,
            "profit": 0.0,
            "q": 0.99444443
        },
        "STC": {
            "close": 53.24,
            "loss": 9.44249,
            "max_close": 55.15,
            "min_close": 30.794735,
            "p": 0.0333333351,
            "profit": 1.09166718,
            "q": 0.9611111
        },
        "T": {
            "close": 29.99,
            "loss": 1.63385773,
            "max_close": 30.9062023,
            "min_close": 26.033514,
            "p": 0.0333333351,
            "profit": 0.3169384,
            "q": 0.955555558
        },
        "TDS": {
            "close": 23.13,
            "loss": 3.79931831,
            "max_close": 23.91577,
            "min_close": 16.5031128,
            "p": 0.0444444455,
            "profit": 0.339746475,
            "q": 0.95
        },
        "WFC": {
            "close": 39.58,
            "loss": 12.22887,
            "max_close": 39.58,
            "min_close": 20.9815083,
            "p": 0.0,
            "profit": 0.0,
            "q": 0.99444443
        }
    },
    "hold_stock_list": [
        "SMP",
        "T",
        "DHI",
        "C",
        "TDS",
        "BGFV",
        "BIO",
        "WFC",
        "STC",
        "SNX",
        "LAKE",
        "HTH",
        "MDC",
        "PBFX",
        "PHM",
        "ELP"
    ],
    "portfolio": {
        "BGFV": {
            "cost_p": 12.23,
            "position_%": 4.241636430370375,
            "profit_%": 20.441537203597708
        },
        "BIO": {
            "cost_p": 597.32,
            "position_%": 5.623019644806427,
            "profit_%": -4.947097033415935
        },
        "C": {
            "cost_p": 62.7,
            "position_%": 3.1065366684291846,
            "profit_%": 16.66666666666667
        },
        "DHI": {
            "cost_p": 72.88,
            "position_%": 3.6109153492044492,
            "profit_%": 14.942371020856204
        },
        "ELP": {
            "cost_p": 10.54,
            "position_%": 9.425985351812551,
            "profit_%": 5.597722960151819
        },
        "HTH": {
            "cost_p": 29.44,
            "position_%": 2.9172707980400383,
            "profit_%": 29.245923913043466
        },
        "LAKE": {
            "cost_p": 29.74,
            "position_%": 4.420497632492055,
            "profit_%": 3.9004707464694017
        },
        "MDC": {
            "cost_p": 59.95,
            "position_%": 5.04948460228007,
            "profit_%": -0.1334445371142709
        },
        "PBFX": {
            "cost_p": 11.39,
            "position_%": 9.508950194735755,
            "profit_%": 20.456540825285337
        },
        "PHM": {
            "cost_p": 49.31,
            "position_%": 4.519763122367619,
            "profit_%": -1.926586899209091
        },
        "SMP": {
            "cost_p": 41.45,
            "position_%": 13.081962823823007,
            "profit_%": 5.452352231604338
        },
        "SNX": {
            "cost_p": 86.45,
            "position_%": 6.210719899988347,
            "profit_%": 15.292076344707922
        },
        "STC": {
            "cost_p": 53.5,
            "position_%": 14.048779463047772,
            "profit_%": 0.26168224299065523
        },
        "T": {
            "cost_p": 28.54,
            "position_%": 5.938984647069689,
            "profit_%": 4.51997196916608
        },
        "TDS": {
            "cost_p": 20.77,
            "position_%": 5.145356188458865,
            "profit_%": 8.810784785748686
        },
        "WFC": {
            "cost_p": 31.79,
            "position_%": 3.150137183073805,
            "profit_%": 23.372129600503303
        }
    }
}