{
    "Factor_Intersectional_v1": [],
    "KellyFormula_Range_v1": {
        "AAP": {
            "close": 51.85,
            "loss": 5.208702,
            "max_close": 65.77928,
            "min_close": 29.623726,
            "p": 0.5833333,
            "profit": 5.3512535,
            "q": 0.41111112
        },
        "ADBE": {
            "close": 240.88,
            "loss": 2.8200073,
            "max_close": 420.68,
            "min_close": 237.25,
            "p": 0.98333335,
            "profit": 86.2652,
            "q": 0.011111111
        },
        "ADSK": {
            "close": 239.83,
            "loss": 10.607132,
            "max_close": 326.79,
            "min_close": 218.64,
            "p": 0.9166667,
            "profit": 52.101456,
            "q": 0.07777778
        },
        "CRM": {
            "close": 185.64,
            "loss": 1.8921967,
            "max_close": 289.71606,
            "min_close": 178.16,
            "p": 0.9444444,
            "profit": 53.183685,
            "q": 0.05
        },
        "EL": {
            "close": 69.75,
            "loss": 0.0,
            "max_close": 119.235886,
            "min_close": 49.27489,
            "p": 0.99444443,
            "profit": 26.619576,
            "q": 0.0
        },
        "EPAM": {
            "close": 136.15,
            "loss": 3.1122131,
            "max_close": 221.4,
            "min_close": 128.82,
            "p": 0.9444444,
            "profit": 37.494812,
            "q": 0.05
        },
        "FLO": {
            "close": 8.36,
            "loss": 0.11499882,
            "max_close": 17.688745,
            "min_close": 8.18,
            "p": 0.9722222,
            "profit": 3.4493227,
            "q": 0.022222223
        },
        "GLOB": {
            "close": 45.35,
            "loss": 1.2530746,
            "max_close": 140.36,
            "min_close": 41.56,
            "p": 0.9222222,
            "profit": 19.704521,
            "q": 0.072222225
        },
        "HOG": {
            "close": 19.49,
            "loss": 1.1427097,
            "max_close": 30.28339,
            "min_close": 17.19,
            "p": 0.8611111,
            "profit": 4.692333,
            "q": 0.13333334
        },
        "ILPT": {
            "close": 5.89,
            "loss": 0.37449455,
            "max_close": 6.6,
            "min_close": 2.4339406,
            "p": 0.27222222,
            "profit": 0.20410824,
            "q": 0.7222222
        },
        "MOH": {
            "close": 138.8,
            "loss": 6.050003,
            "max_close": 353.24,
            "min_close": 122.65,
            "p": 0.9222222,
            "profit": 31.440063,
            "q": 0.072222225
        },
        "MPT": {
            "close": 4.67,
            "loss": 0.58275366,
            "max_close": 5.9101014,
            "min_close": 3.7768216,
            "p": 0.7222222,
            "profit": 0.42176342,
            "q": 0.27222222
        },
        "NICE": {
            "close": 109.41,
            "loss": 3.5842056,
            "max_close": 178.32,
            "min_close": 95.31,
            "p": 0.82222223,
            "profit": 22.755203,
            "q": 0.17222223
        },
        "NKE": {
            "close": 52.07,
            "loss": 0.0,
            "max_close": 77.81375,
            "min_close": 51.965847,
            "p": 0.99444443,
            "profit": 14.13607,
            "q": 0.0
        },
        "NOW": {
            "close": 103.64,
            "loss": 1.6985779,
            "max_close": 208.938,
            "min_close": 100.58,
            "p": 0.95555556,
            "profit": 57.728317,
            "q": 0.03888889
        },
        "NVO": {
            "close": 36.4,
            "loss": 0.069999695,
            "max_close": 80.14687,
            "min_close": 36.33,
            "p": 0.98888886,
            "profit": 15.810074,
            "q": 0.0055555557
        },
        "PAYC": {
            "close": 123.03,
            "loss": 4.5283737,
            "max_close": 263.95126,
            "min_close": 114.11907,
            "p": 0.9444444,
            "profit": 58.34189,
            "q": 0.05
        },
        "PODD": {
            "close": 218.11,
            "loss": 2.1100006,
            "max_close": 352.82,
            "min_close": 216.0,
            "p": 0.98888886,
            "profit": 77.028854,
            "q": 0.0055555557
        },
        "PVH": {
            "close": 66.45,
            "loss": 2.8664513,
            "max_close": 89.42744,
            "min_close": 60.38292,
            "p": 0.8,
            "profit": 10.581375,
            "q": 0.19444445
        },
        "PYPL": {
            "close": 45.2,
            "loss": 2.9452896,
            "max_close": 77.80403,
            "min_close": 38.962036,
            "p": 0.87222224,
            "profit": 18.50924,
            "q": 0.12222222
        },
        "SID": {
            "close": 1.23,
            "loss": 0.061428547,
            "max_close": 2.12,
            "min_close": 1.11,
            "p": 0.95555556,
            "profit": 0.3620932,
            "q": 0.03888889
        },
        "ZIM": {
            "close": 26.25,
            "loss": 9.351797,
            "max_close": 28.3146,
            "min_close": 10.8474,
            "p": 0.12222222,
            "profit": 1.2025528,
            "q": 0.87222224
        }
    },
    "hold_stock_list": [
        "EL",
        "FLO",
        "NKE",
        "PVH",
        "MPT",
        "MOH",
        "NVO",
        "ILPT",
        "AAP",
        "HOG",
        "PYPL",
        "EPAM",
        "PAYC",
        "PODD",
        "ADSK",
        "GLOB",
        "CRM",
        "NOW",
        "ADBE",
        "NICE",
        "ZIM",
        "SID"
    ],
    "portfolio": {
        "AAP": {
            "cost_p": 91.35,
            "position_%": 9.993186286307248,
            "profit_%": 0
        },
        "ADBE": {
            "cost_p": 281.04,
            "position_%": 4.392032330758917,
            "profit_%": 0
        },
        "ADSK": {
            "cost_p": 228.33,
            "position_%": 3.568291851986135,
            "profit_%": 5.03656987693251
        },
        "CRM": {
            "cost_p": 234.16,
            "position_%": 3.659401830951138,
            "profit_%": 0
        },
        "EL": {
            "cost_p": 143.03,
            "position_%": 4.470483804927753,
            "profit_%": 0
        },
        "EPAM": {
            "cost_p": 195.07,
            "position_%": 4.57276764923752,
            "profit_%": -30.204541959296655
        },
        "FLO": {
            "cost_p": 10.95,
            "position_%": 2.566863472556049,
            "profit_%": -23.652968036529682
        },
        "GLOB": {
            "cost_p": 49.15,
            "position_%": 2.30431670641333,
            "profit_%": -7.731434384537125
        },
        "HOG": {
            "cost_p": 21.9,
            "position_%": 2.566863472556049,
            "profit_%": 0
        },
        "ILPT": {
            "cost_p": 17.2,
            "position_%": 2.6879787962230774,
            "profit_%": -65.75581395348836
        },
        "MOH": {
            "cost_p": 199,
            "position_%": 3.1099289560953043,
            "profit_%": -30.25125628140703
        },
        "MPT": {
            "cost_p": 6.18,
            "position_%": 3.3802896140875096,
            "profit_%": -24.4336569579288
        },
        "NICE": {
            "cost_p": 119.55,
            "position_%": 2.8024523118180427,
            "profit_%": -8.48180677540778
        },
        "NKE": {
            "cost_p": 64.33,
            "position_%": 9.550685590870874,
            "profit_%": -19.05798227887455
        },
        "NOW": {
            "cost_p": 102.91,
            "position_%": 2.4123828306917168,
            "profit_%": 0.7093576911864775
        },
        "NVO": {
            "cost_p": 51.55,
            "position_%": 10.070153121024683,