{
    "KellyFormula_Range_v1": {
        "BAC": {
            "close": 35.91,
            "loss": 2.69267654,
            "max_close": 49.38,
            "min_close": 30.13,
            "p": 0.683333337,
            "profit": 7.113407,
            "q": 0.311111122
        },
        "BIO": {
            "close": 549.12,
            "loss": 35.8031,
            "max_close": 770.22,
            "min_close": 463.67,
            "p": 0.55,
            "profit": 91.26135,
            "q": 0.444444448
        },
        "C": {
            "close": 54.0,
            "loss": 4.00835037,
            "max_close": 68.07,
            "min_close": 44.14,
            "p": 0.49444443,
            "profit": 7.81652069,
            "q": 0.5
        },
        "CCS": {
            "close": 52.37,
            "loss": 3.62566757,
            "max_close": 84.95,
            "min_close": 40.36,
            "p": 0.6611111,
            "profit": 12.3904152,
            "q": 0.333333343
        },
        "DAC": {
            "close": 76.42,
            "loss": 7.643837,
            "max_close": 106.64,
            "min_close": 57.38,
            "p": 0.544444442,
            "profit": 13.5630646,
            "q": 0.45
        },
        "EDRY": {
            "close": 18.04,
            "loss": 1.05446053,
            "max_close": 42.75,
            "min_close": 15.55,
            "p": 0.7888889,
            "profit": 8.149086,
            "q": 0.205555558
        },
        "GGB": {
            "close": 4.98,
            "loss": 0.3780613,
            "max_close": 6.51,
            "min_close": 4.06,
            "p": 0.6166667,
            "profit": 0.6651349,
            "q": 0.372222215
        },
        "HIMX": {
            "close": 7.22,
            "loss": 0.403600216,
            "max_close": 15.99,
            "min_close": 6.35,
            "p": 0.855555534,
            "profit": 3.26890039,
            "q": 0.1388889
        },
        "ILPT": {
            "close": 9.55,
            "loss": 0.161428452,
            "max_close": 25.55,
            "min_close": 9.06,
            "p": 0.955555558,
            "profit": 9.666604,
            "q": 0.03888889
        },
        "INTC": {
            "close": 35.59,
            "loss": 0.424999237,
            "max_close": 55.91,
            "min_close": 34.52,
            "p": 0.9722222,
            "profit": 10.307663,
            "q": 0.0222222228
        },
        "NMM": {
            "close": 30.48,
            "loss": 4.2864666,
            "max_close": 36.49,
            "min_close": 20.36,
            "p": 0.327777773,
            "profit": 2.02762985,
            "q": 0.6611111
        },
        "SID": {
            "close": 3.18,
            "loss": 0.3693943,
            "max_close": 5.71,
            "min_close": 2.45,
            "p": 0.8111111,
            "profit": 1.39671159,
            "q": 0.183333337
        },
        "STC": {
            "close": 54.67,
            "loss": 3.48117828,
            "max_close": 80.18,
            "min_close": 45.91,
            "p": 0.6666667,
            "profit": 12.9481735,
            "q": 0.327777773
        },
        "THO": {
            "close": 90.38,
            "loss": 9.84870148,
            "max_close": 109.92,
            "min_close": 69.02,
            "p": 0.35,
            "profit": 9.266197,
            "q": 0.644444466
        },
        "TX": {
            "close": 34.96,
            "loss": 1.30304337,
            "max_close": 49.66,
            "min_close": 30.76,
            "p": 0.8666667,
            "profit": 7.157303,
            "q": 0.127777785
        },
        "VALE": {
            "close": 14.01,
            "loss": 0.7744007,
            "max_close": 21.23,
            "min_close": 12.25,
            "p": 0.7111111,
            "profit": 3.10625076,
            "q": 0.2777778
        },
        "WGO": {
            "close": 64.11,
            "loss": 9.165409,
            "max_close": 77.45,
            "min_close": 44.28,
            "p": 0.316666663,
            "profit": 6.4207077,
            "q": 0.677777767
        },
        "X": {
            "close": 24.82,
            "loss": 2.95137215,
            "max_close": 38.45,
            "min_close": 17.02,
            "p": 0.3888889,
            "profit": 6.39185143,
            "q": 0.605555534
        },
        "ZIM": {
            "close": 53.09,
            "loss": 4.49908066,
            "max_close": 88.62,
            "min_close": 42.05,
            "p": 0.6944444,
            "profit": 11.6062508,
            "q": 0.3
        }
    },
    "hold_stock_list": [
        "BIO",
        "ILPT",
        "INTC",
        "HIMX",
        "STC",
        "VALE",
        "CCS",
        "BAC",
        "C",
        "THO",
        "WGO",
        "DAC",
        "EDRY",
        "NMM",
        "ZIM",
        "X",
        "GGB",
        "SID",
        "TX"
    ],
    "portfolio": {
        "BAC": {
            "cost_p": 35.99,
            "position_%": 5.962175800996189,
            "profit_%": -0.22228396776883966
        },
        "BIO": {
            "cost_p": 522.14,
            "position_%": 5.406172674236159,
            "profit_%": 5.167196537327158
        },
        "C": {
            "cost_p": 49.1,
            "position_%": 12.878840892723314,
            "profit_%": 9.979633401221994
        },
        "CCS": {
            "cost_p": 44.7,
            "position_%": 1.2341819871470299,
            "profit_%": 17.15883668903802
        },
        "DAC": {
            "cost_p": 73.49,
            "position_%": 6.087250619827868,
            "profit_%": 3.986936998231062
        },
        "EDRY": {
            "cost_p": 22.24,
            "position_%": 0.9210807850385886,
            "profit_%": -18.884892086330936
        },
        "GGB": {
            "cost_p": 4.57,
            "position_%": 2.775943109345915,
            "profit_%": 8.971553610503284
        },
        "HIMX": {
            "cost_p": 7.32,
            "position_%": 5.2547990110474885,
            "profit_%": -1.3661202185792423
        },
        "ILPT": {
            "cost_p": 17.42,
            "position_%": 4.809720406286636,
            "profit_%": -45.17795637198622
        },
        "INTC": {
            "cost_p": 43.58,
            "position_%": 6.617921263965807,
            "profit_%": -18.33409821018815
        },
        "NMM": {
            "cost_p": 30.04,
            "position_%": 2.218683712330512,
            "profit_%": 1.4647137150466087
        },
        "SID": {
            "cost_p": 4.82,
            "position_%": 4.657863562230514,
            "profit_%": -34.024896265560166
        },
        "STC": {
            "cost_p": 52.86,
            "position_%": 8.756893938334496,
            "profit_%": 3.424139235716993
        },
        "THO": {
            "cost_p": 80.73,
            "position_%": 8.481277907922928,
            "profit_%": 11.953424996903246
        },
        "TX": {
            "cost_p": 39.96,
            "position_%": 3.3099269937178066,
            "profit_%": -12.512512512512513
        },
        "VALE": {
            "cost_p": 13.29,
            "position_%": 3.6694135591015717,
            "profit_%": 5.4176072234763035
        },
        "WGO": {
            "cost_p": 48.65,
            "position_%": 2.6864856230292173,
            "profit_%": 31.778006166495377
        },
        "X": {
            "cost_p": 19.57,
            "position_%": 4.052506961152244,
            "profit_%": 26.82677567705672
        },
        "ZIM": {
            "cost_p": 56.94,
            "position_%": 10.218861191565711,
            "profit_%": -6.761503336845793
        }
    }
}