{
    "Factor_Intersectional_v1": [],
    "KellyFormula_Range_v1": {
        "AAP": {
            "close": 56.01,
            "loss": 6.417553,
            "max_close": 65.48838,
            "min_close": 30.28268,
            "p": 0.2611111,
            "profit": 3.0467033,
            "q": 0.73333335
        },
        "ADBE": {
            "close": 235.72,
            "loss": 5.6766663,
            "max_close": 420.68,
            "min_close": 225.35,
            "p": 0.9777778,
            "profit": 83.25,
            "q": 0.016666668
        },
        "ADSK": {
            "close": 228.59,
            "loss": 5.1600037,
            "max_close": 326.79,
            "min_close": 218.45,
            "p": 0.9444444,
            "profit": 57.545746,
            "q": 0.05
        },
        "CRM": {
            "close": 171.31,
            "loss": 3.4049988,
            "max_close": 288.99332,
            "min_close": 164.96,
            "p": 0.98333335,
            "profit": 59.426865,
            "q": 0.011111111
        },
        "EL": {
            "close": 76.42,
            "loss": 5.4785767,
            "max_close": 119.235886,
            "min_close": 51.83411,
            "p": 0.9166667,
            "profit": 20.888634,
            "q": 0.07777778
        },
        "EPAM": {
            "close": 127.41,
            "loss": 3.640007,
            "max_close": 221.4,
            "min_close": 122.47,
            "p": 0.9777778,
            "profit": 42.558517,
            "q": 0.016666668
        },
        "FLO": {
            "close": 8.26,
            "loss": 0.10300064,
            "max_close": 16.9521,
            "min_close": 8.06,
            "p": 0.92777777,
            "profit": 3.2550812,
            "q": 0.055555556
        },
        "GLOB": {
            "close": 46.29,
            "loss": 1.6356506,
            "max_close": 140.36,
            "min_close": 41.56,
            "p": 0.8666667,
            "profit": 16.886345,
            "q": 0.12777779
        },
        "HOG": {
            "close": 23.17,
            "loss": 3.0059414,
            "max_close": 30.28339,
            "min_close": 17.19,
            "p": 0.48333332,
            "profit": 3.2760258,
            "q": 0.51111114
        },
        "ILPT": {
            "close": 5.8,
            "loss": 0.308249,
            "max_close": 6.6,
            "min_close": 2.4921224,
            "p": 0.35555556,
            "profit": 0.23699665,
            "q": 0.6388889
        },
        "MOH": {
            "close": 147.51,
            "loss": 7.6900024,
            "max_close": 335.5,
            "min_close": 122.65,
            "p": 0.7277778,
            "profit": 25.030762,
            "q": 0.26666668
        },
        "MPT": {
            "close": 5.01,
            "loss": 0.3987565,
            "max_close": 5.9101014,
            "min_close": 3.7768216,
            "p": 0.3611111,
            "profit": 0.29564476,
            "q": 0.62777776
        },
        "NICE": {
            "close": 101.19,
            "loss": 3.5875015,
            "max_close": 178.32,
            "min_close": 95.31,
            "p": 0.9722222,
            "profit": 23.765419,
            "q": 0.022222223
        },
        "NKE": {
            "close": 44.2,
            "loss": 0.8328552,
            "max_close": 77.81375,
            "min_close": 42.62,
            "p": 0.95555556,
            "profit": 21.102833,
            "q": 0.03888889
        },
        "NOW": {
            "close": 87.79,
            "loss": 4.790001,
            "max_close": 208.938,
            "min_close": 83.0,
            "p": 0.98888886,
            "profit": 65.328545,
            "q": 0.0055555557
        },
        "NVO": {
            "close": 39.32,
            "loss": 2.6900787,
            "max_close": 77.311485,
            "min_close": 34.765,
            "p": 0.8,
            "profit": 11.915421,
            "q": 0.19444445
        },
        "PAYC": {
            "close": 119.84,
            "loss": 2.5845642,
            "max_close": 263.95126,
            "min_close": 113.59,
            "p": 0.92777777,
            "profit": 55.04338,
            "q": 0.06666667
        },
        "PODD": {
            "close": 201.49,
            "loss": 3.436676,
            "max_close": 352.82,
            "min_close": 196.93,
            "p": 0.9777778,
            "profit": 89.19774,
            "q": 0.016666668
        },
        "PVH": {
            "close": 87.93,
            "loss": 13.625069,
            "max_close": 91.09,
            "min_close": 60.87,
            "p": 0.027777778,
            "profit": 1.9710159,
            "q": 0.96666664
        },
        "PYPL": {
            "close": 47.97,
            "loss": 3.7913704,
            "max_close": 77.80402,
            "min_close": 38.962036,
            "p": 0.7277778,
            "profit": 16.622025,
            "q": 0.26666668
        },
        "SID": {
            "close": 1.35,
            "loss": 0.10099983,
            "max_close": 2.12,
            "min_close": 1.11,
            "p": 0.81666666,
            "profit": 0.2758503,
            "q": 0.16666667
        },
        "ZIM": {
            "close": 26.39,
            "loss": 8.772909,
            "max_close": 28.3146,
            "min_close": 11.996057,
            "p": 0.12777779,
            "profit": 1.0347729,
            "q": 0.8611111
        }
    },
    "hold_stock_list": [
        "EL",
        "FLO",
        "NKE",
        "PVH",
        "MPT",
        "MOH",
        "NVO",
        "ILPT",
        "AAP",
        "HOG",
        "PYPL",
        "EPAM",
        "PAYC",
        "PODD",
        "ADSK",
        "GLOB",
        "CRM",
        "NOW",
        "ADBE",
        "NICE",
        "ZIM",
        "SID"
    ],
    "portfolio": {
        "AAP": {
            "cost_p": 91.35,
            "position_%": 9.993186286307248,
            "profit_%": -38.6863711001642
        },
        "ADBE": {
            "cost_p": 281.04,
            "position_%": 4.392032330758917,
            "profit_%": -16.125818388841452
        },
        "ADSK": {
            "cost_p": 228.33,
            "position_%": 3.568291851986135,
            "profit_%": 0.11387027547847015
        },
        "CRM": {
            "cost_p": 234.16,
            "position_%": 3.659401830951138,
            "profit_%": -26.840621797061836
        },
        "EL": {
            "cost_p": 143.03,
            "position_%": 4.470483804927753,
            "profit_%": -46.570649514087954
        },
        "EPAM": {
            "cost_p": 195.07,
            "position_%": 4.57276764923752,
            "profit_%": -34.68498487722356
        },
        "FLO": {
            "cost_p": 10.95,
            "position_%": 2.566863472556049,
            "profit_%": -24.5662100456621
        },
        "GLOB": {
            "cost_p": 49.15,
            "position_%": 2.30431670641333,
            "profit_%": -5.818921668362155
        },
        "HOG": {
            "cost_p": 21.9,
            "position_%": 2.566863472556049,
            "profit_%": 5.7990867579908825
        },
        "ILPT": {
            "cost_p": 17.2,
            "position_%": 2.6879787962230774,
            "profit_%": -66.27906976744185
        },
        "MOH": {
            "cost_p": 199,
            "position_%": 3.1099289560953043,
            "profit_%": -25.874371859296485
        },
        "MPT": {
            "cost_p": 6.18,
            "position_%": 3.3802896140875096,
            "profit_%": -18.932038834951456
        },
        "NICE": {
            "cost_p": 119.55,
            "position_%": 2.8024523118180427,
            "profit_%": -15.357590966122961
        },
        "NKE": {
            "cost_p": 64.33,
            "position_%": 9.550685590870874,
            "profit_%": -31.29177677599875
        },
        "NOW": {
            "cost_p": 102.91,
            "position_%": 2.4123828306917168,