{
    "Factor_Intersectional_v1": [],
    "KellyFormula_Range_v1": {
        "AAP": {
            "close": 49.05,
            "loss": 10.027348,
            "max_close": 66.16962,
            "min_close": 29.799515,
            "p": 0.62777776,
            "profit": 7.30381,
            "q": 0.36666667
        },
        "ALB": {
            "close": 133.21,
            "loss": 55.0269,
            "max_close": 133.21,
            "min_close": 50.15882,
            "p": 0.0,
            "profit": 0.0,
            "q": 0.99444443
        },
        "EL": {
            "close": 107.28,
            "loss": 26.420197,
            "max_close": 107.28,
            "min_close": 49.429497,
            "p": 0.0,
            "profit": 0.0,
            "q": 0.99444443
        },
        "EPAM": {
            "close": 211.72,
            "loss": 45.03682,
            "max_close": 267.63,
            "min_close": 142.2,
            "p": 0.0,
            "profit": 0.0,
            "q": 0.99444443
        },
        "HAL": {
            "close": 29.04,
            "loss": 6.5030746,
            "max_close": 29.04,
            "min_close": 18.836878,
            "p": 0.0,
            "profit": 0.0,
            "q": 0.99444443
        },
        "ILPT": {
            "close": 5.57,
            "loss": 1.3945274,
            "max_close": 6.3965173,
            "min_close": 2.4559078,
            "p": 0.32777777,
            "profit": 0.3417697,
            "q": 0.6666667
        },
        "MPW": {
            "close": 5.51,
            "loss": 0.8243575,
            "max_close": 5.9922843,
            "min_close": 3.5418787,
            "p": 0.083333336,
            "profit": 0.20447826,
            "q": 0.90555555
        },
        "NICE": {
            "close": 108.06,
            "loss": 2.7859955,
            "max_close": 192.33,
            "min_close": 99.6,
            "p": 0.9111111,
            "profit": 42.635605,
            "q": 0.083333336
        },
        "NKE": {
            "close": 65.79,
            "loss": 5.4830666,
            "max_close": 79.84435,
            "min_close": 52.310772,
            "p": 0.47777778,
            "profit": 6.734436,
            "q": 0.51666665
        },
        "NVO": {
            "close": 49.05,
            "loss": 1.6892738,
            "max_close": 108.69394,
            "min_close": 44.874336,
            "p": 0.84444445,
            "profit": 12.86993,
            "q": 0.15
        },
        "PVH": {
            "close": 75.53,
            "loss": 5.7464676,
            "max_close": 110.02982,
            "min_close": 60.41741,
            "p": 0.56666666,
            "profit": 6.256836,
            "q": 0.42777777
        },
        "PYPL": {
            "close": 61.16,
            "loss": 1.3571701,
            "max_close": 91.59824,
            "min_close": 57.277588,
            "p": 0.9166667,
            "profit": 8.026218,
            "q": 0.07777778
        },
        "SBUX": {
            "close": 83.85,
            "loss": 2.1612701,
            "max_close": 113.42715,
            "min_close": 77.89724,
            "p": 0.62777776,
            "profit": 4.997658,
            "q": 0.36666667
        },
        "SID": {
            "close": 1.76,
            "loss": 0.23545432,
            "max_close": 1.94,
            "min_close": 1.25,
            "p": 0.011111111,
            "profit": 0.014999986,
            "q": 0.9777778
        },
        "TGT": {
            "close": 94.62,
            "loss": 4.2959595,
            "max_close": 136.47893,
            "min_close": 83.68,
            "p": 0.37777779,
            "profit": 4.814369,
            "q": 0.6166667
        },
        "VALE": {
            "close": 12.99,
            "loss": 2.8012047,
            "max_close": 13.56,
            "min_close": 7.91076,
            "p": 0.011111111,
            "profit": 0.44000053,
            "q": 0.98333335
        },
        "VFC": {
            "close": 19.17,
            "loss": 5.565508,
            "max_close": "NaN",
            "min_close": "NaN",
            "p": 0.0,
            "profit": 0.0,
            "q": 0.99444443
        },
        "ZIM": {
            "close": 19.84,
            "loss": 4.646043,
            "max_close": 20.41,
            "min_close": 11.213416,
            "p": 0.033333335,
            "profit": 0.27000046,
            "q": 0.9611111
        }
    },
    "hold_stock_list": [
        "EL",
        "TGT",
        "SBUX",
        "NKE",
        "PVH",
        "VFC",
        "MPW",
        "NVO",
        "ILPT",
        "AAP",
        "PYPL",
        "EPAM",
        "NICE",
        "ZIM",
        "VALE",
        "SID",
        "HAL",
        "ALB"
    ],
    "portfolio": {
        "AAP": {
            "cost_p": 91.35,
            "position_%": 13.639490425480858,
            "profit_%": -46.96223316912971
        },
        "ALB": {
            "cost_p": 173.45,
            "position_%": 7.399388894517648,
            "profit_%": -22.63476506197751
        },
        "EL": {
            "cost_p": 143.03,
            "position_%": 6.1016696084338955,
            "profit_%": -24.736069356079142
        },
        "EPAM": {
            "cost_p": 248.63,
            "position_%": 2.6516432125164644,
            "profit_%": -14.423038249607846
        },
        "HAL": {
            "cost_p": 26.94,
            "position_%": 5.458995675335548,
            "profit_%": 9.205642167780253
        },
        "ILPT": {
            "cost_p": 17.2,
            "position_%": 3.6687658975411805,
            "profit_%": -66.97674418604652
        },
        "MPW": {
            "cost_p": 6.18,
            "position_%": 4.613686416500914,
            "profit_%": -17.31391585760517
        },
        "NICE": {
            "cost_p": 119.55,
            "position_%": 3.8250083987010006,
            "profit_%": -8.732747804265996
        },
        "NKE": {
            "cost_p": 70.07,
            "position_%": 9.714870766654755,
            "profit_%": -4.552590266875979
        },
        "NVO": {
            "cost_p": 74.48,
            "position_%": 5.560313338203692,
            "profit_%": 0
        },
        "PVH": {
            "cost_p": 87.3,
            "position_%": 5.586335980035088,
            "profit_%": -11.111111111111114
        },
        "PYPL": {
            "cost_p": 68.03,
            "position_%": 2.9021644652293777,
            "profit_%": 0
        },
        "SBUX": {
            "cost_p": 79.91,
            "position_%": 3.4089660799129735,
            "profit_%": 5.856588662245034
        },
        "SID": {
            "cost_p": 4.54,
            "position_%": 3.389342448367986,
            "profit_%": -59.91189427312775
        },
        "TGT": {
            "cost_p": 107.3,
            "position_%": 4.577425358211263,
            "profit_%": -9.627213420316867
        },
        "VALE": {
            "cost_p": 12.22,
            "position_%": 2.6065301899972804,
            "profit_%": 8.592471358428796
        },
        "VFC": {
            "cost_p": 18.8,
            "position_%": 1.4035162561523817,
            "profit_%": 4.840425531914894
        },
        "ZIM": {
            "cost_p": 29.42,
            "position_%": 13.491886588207691,
            "profit_%": -32.188987083616595
        }
    },
    "stock_info": {
        "AAP": [
            "Advance Auto Parts Inc",
            "Auto Parts",
            "Consumer Cyclical"
        ],
        "ALB": [
            "Albemarle Corp",
            "Specialty Chemicals",
            "Basic Materials"
        ],
        "EL": [
            "Estee Lauder Cos., Inc",
            "Household & Personal Products",
            "Consumer Defensive"
        ],
        "EPAM": [
            "EPAM Systems Inc",
            "Information Technology Services",
            "Technology"
        ],