{"hold_stock_list":["INTC","T","DHI","BAC","PFC","SNV","FHN","STL","SFM","BIO","PBCT","FBP","WFC","PSX"],"portfolio":{"BAC":{"cost_p":25.9,"position_%":3.7945483608404653,"profit_%":14.826254826254825},"BIO":{"cost_p":597.32,"position_%":7.229248432272506,"profit_%":-1.0814973548516769},"DHI":{"cost_p":72.88,"position_%":4.642381811953217,"profit_%":-0.5076838638858265},"FBP":{"cost_p":6.92,"position_%":7.405388857442826,"profit_%":27.89017341040462},"FHN":{"cost_p":10.96,"position_%":9.355087300091895,"profit_%":13.321167883211668},"INTC":{"cost_p":46.15,"position_%":7.643240856425171,"profit_%":0.45503791982665404},"PBCT":{"cost_p":14.03,"position_%":6.434616370969623,"profit_%":-8.766928011404126},"PFC":{"cost_p":17.29,"position_%":4.4054215987196,"profit_%":27.472527472527474},"PSX":{"cost_p":70.43,"position_%":11.215798264814252,"profit_%":-5.5942070140565265},"SFM":{"cost_p":20.61,"position_%":11.290389772797198,"profit_%":-2.328966521106261},"SNV":{"cost_p":15.59,"position_%":1.9861342603828387,"profit_%":106.2219371391918},"STL":{"cost_p":16.83,"position_%":6.432323207615748,"profit_%":3.6244800950683485},"T":{"cost_p":28.54,"position_%":7.635469580614821,"profit_%":1.6468114926419146},"WFC":{"cost_p":31.79,"position_%":10.529951325059855,"profit_%":-7.046240956275554}},"KellyFormula_Range_v1":{"STL":{"profit":0.233333588,"loss":5.158143,"p":0.0166666675,"q":0.9777778,"max_close":17.73,"min_close":9.203663,"close":17.44},"T":{"profit":0.6341152,"loss":0.8628731,"p":0.51111114,"q":0.483333319,"max_close":32.0722351,"min_close":26.5,"close":29.01},"SFM":{"profit":2.99382019,"loss":0.537305832,"p":0.85,"q":0.144444451,"max_close":27.41,"min_close":18.59,"close":20.13},"FHN":{"profit":0.39730835,"loss":2.93317127,"p":0.08888889,"q":0.905555546,"max_close":13.0291986,"min_close":6.89497328,"close":12.42},"BIO":{"profit":18.30597,"loss":90.84195,"p":0.055555556,"q":0.9388889,"max_close":643.45,"min_close":370.37,"close":590.86},"INTC":{"profit":7.84326553,"loss":1.17185211,"p":0.8833333,"q":0.111111112,"max_close":63.44745,"min_close":43.79363,"close":46.36},"FBP":{"profit":0.06999874,"loss":2.85175514,"p":0.0166666675,"q":0.9777778,"max_close":8.94,"min_close":4.47577,"close":8.85},"DHI":{"profit":2.41085815,"loss":13.6069717,"p":0.2777778,"q":0.716666639,"max_close":78.602684,"min_close":36.2193069,"close":72.51},"PBCT":{"profit":0.295669556,"loss":1.87290382,"p":0.13333334,"q":0.855555534,"max_close":13.52,"min_close":9.716092,"close":12.8},"PFC":{"profit":0.5699978,"loss":4.866722,"p":0.07777778,"q":0.9166667,"max_close":23.15,"min_close":13.1050253,"close":22.04},"BAC":{"profit":0.0,"loss":5.00782967,"p":0.0,"q":0.99444443,"max_close":29.74,"min_close":20.45887,"close":29.74},"SNV":{"profit":0.54743576,"loss":10.5625648,"p":0.06666667,"q":0.927777767,"max_close":33.4857521,"min_close":14.7352486,"close":32.15},"PSX":{"profit":6.11164856,"loss":9.188511,"p":0.311111122,"q":0.683333337,"max_close":87.2001343,"min_close":43.5934563,"close":66.49},"WFC":{"profit":1.5668869,"loss":4.287861,"p":0.0444444455,"q":0.9444444,"max_close":33.0351639,"min_close":21.0457516,"close":29.55}}}