{
    "KellyFormula_Range_v1": {
        "CPLP": {
            "close": 15.19,
            "loss": 2.44977856,
            "max_close": 16.7,
            "min_close": 10.98,
            "p": 0.244444445,
            "profit": 0.7272711,
            "q": 0.75
        },
        "DAC": {
            "close": 85.89,
            "loss": 13.3062057,
            "max_close": 87.73,
            "min_close": 55.47,
            "p": 0.0222222228,
            "profit": 0.9850006,
            "q": 0.9722222
        },
        "EDRY": {
            "close": 17.85,
            "loss": 1.79066658,
            "max_close": 33.81,
            "min_close": 12.77,
            "p": 0.9111111,
            "profit": 7.481024,
            "q": 0.0833333358
        },
        "ET": {
            "close": 9.6,
            "loss": 0.5995741,
            "max_close": 11.35,
            "min_close": 8.15,
            "p": 0.4722222,
            "profit": 0.6010561,
            "q": 0.5222222
        },
        "GGB": {
            "close": 5.14,
            "loss": 0.328089237,
            "max_close": 6.81,
            "min_close": 4.26,
            "p": 0.49444443,
            "profit": 0.7346058,
            "q": 0.49444443
        },
        "GOGL": {
            "close": 8.84,
            "loss": 0.5683336,
            "max_close": 12.08,
            "min_close": 7.68,
            "p": 0.822222233,
            "profit": 1.27206135,
            "q": 0.166666672
        },
        "INTC": {
            "close": 48.05,
            "loss": 0.159999847,
            "max_close": 58.19,
            "min_close": 47.89,
            "p": 0.98888886,
            "profit": 5.48018265,
            "q": 0.00555555569
        },
        "KGC": {
            "close": 5.31,
            "loss": 0.0987501144,
            "max_close": 8.26,
            "min_close": 5.04,
            "p": 0.95,
            "profit": 0.9710531,
            "q": 0.0444444455
        },
        "LDI": {
            "close": 4.54,
            "loss": 0.09000015,
            "max_close": 16.95,
            "min_close": 4.3,
            "p": 0.9722222,
            "profit": 4.090398,
            "q": 0.0222222228
        },
        "NMM": {
            "close": 26.9,
            "loss": 2.02695084,
            "max_close": 33.55,
            "min_close": 21.47,
            "p": 0.466666669,
            "profit": 2.76476669,
            "q": 0.5277778
        },
        "SB": {
            "close": 3.46,
            "loss": 0.128125429,
            "max_close": 5.28,
            "min_close": 3.1,
            "p": 0.8,
            "profit": 0.6045823,
            "q": 0.177777782
        },
        "SID": {
            "close": 4.78,
            "loss": 0.539701,
            "max_close": 9.49,
            "min_close": 3.57,
            "p": 0.622222245,
            "profit": 2.7991066,
            "q": 0.372222215
        },
        "THO": {
            "close": 90.86,
            "loss": 2.675003,
            "max_close": 131.8,
            "min_close": 87.32,
            "p": 0.983333349,
            "profit": 20.5587387,
            "q": 0.0111111114
        },
        "TX": {
            "close": 40.95,
            "loss": 2.92525482,
            "max_close": 56.19,
            "min_close": 32.74,
            "p": 0.6666667,
            "profit": 5.77799225,
            "q": 0.327777773
        },
        "VALE": {
            "close": 15.57,
            "loss": 1.95535851,
            "max_close": 22.94,
            "min_close": 11.27,
            "p": 0.5277778,
            "profit": 5.06368637,
            "q": 0.466666669
        }
    },
    "hold_stock_list": [
        "VALE",
        "INTC",
        "KGC",
        "DAC",
        "GGB",
        "LDI",
        "THO",
        "GOGL",
        "CPLP",
        "SID",
        "EDRY",
        "ET",
        "SB",
        "NMM",
        "TX"
    ],
    "portfolio": {
        "CPLP": {
            "cost_p": 12.99,
            "position_%": 4.256500300627063,
            "profit_%": 16.936104695919934
        },
        "DAC": {
            "cost_p": 76.97,
            "position_%": 10.661670871632602,
            "profit_%": 11.588930752241135
        },
        "EDRY": {
            "cost_p": 22.24,
            "position_%": 2.9812481635296835,
            "profit_%": -19.739208633093515
        },
        "ET": {
            "cost_p": 9.35,
            "position_%": 6.211082617273747,
            "profit_%": 2.6737967914438503
        },
        "GGB": {
            "cost_p": 4.45,
            "position_%": 4.374463357457374,
            "profit_%": 15.505617977528077
        },
        "GOGL": {
            "cost_p": 10.75,
            "position_%": 4.48319193256612,
            "profit_%": -17.767441860465116
        },
        "INTC": {
            "cost_p": 49.94,
            "position_%": 8.672971613322343,
            "profit_%": -3.784541449739689
        },
        "KGC": {
            "cost_p": 7.61,
            "position_%": 10.38247674280884,
            "profit_%": -30.2233902759527
        },
        "LDI": {
            "cost_p": 6.36,
            "position_%": 9.472790927282567,
            "profit_%": -28.616352201257868
        },
        "NMM": {
            "cost_p": 30.04,
            "position_%": 4.787453210966322,
            "profit_%": -10.45272969374168
        },
        "SB": {
            "cost_p": 4.05,
            "position_%": 5.012759670647146,
            "profit_%": -14.567901234567898
        },
        "SID": {
            "cost_p": 4.82,
            "position_%": 13.841236977295567,
            "profit_%": -0.8298755186721999
        },
        "THO": {
            "cost_p": 104.58,
            "position_%": 3.115297091745946,
            "profit_%": -13.119143239625167
        },
        "TX": {
            "cost_p": 40.0,
            "position_%": 3.574638085767006,
            "profit_%": 2.375000000000007
        },
        "VALE": {
            "cost_p": 12.76,
            "position_%": 8.172218437077671,
            "profit_%": 22.021943573667716
        }
    }
}