{"hold_stock_list":["SEE","EL","KSS","TGT","NKE","VFC","MPW","CVS","ILPT","AAP","DIS","PYPL","EPAM","EW","CMA","DAC","ZIM","VALE","SID","HAL","ALB"],"watch_stock_list":["ABM","ABNB","ACLS","ADBE","ADSK","AEP","ALB","ALGM","ALGN","ANSS","APD","APTV","ASML","AZO","BAC","BBY","BF-B","BIO","BK","C","CE","CNMD","CRM","CSCO","CVS","DE","DEO","DG","DELL","DHI","DIS","DOX","EL","EPAM","EQNR","EW","EXLS","EXR","F","FDX","FFIV","FSLR","FTNT","G","GIS","GLOB","GM","GOOG","GPC","HAL","HAS","HI","HPE","HPQ","INTC","IPG","ISRG","JBT","JKHY","JPM","K","KMB","KSS","LMAT","LNTH","LQDT","LTHM","LVS","M","MA","MCHP","MKC","MMM","MPW","MS","MSFT","MU","MWA","NDAQ","NFLX","NICE","NKE","NOW","NSSC","ORCL","ORLY","OSIS","PAGS","PAYC","PCTY","PDCO","PEP","PFE","PHG","PODD","PVH","PYPL","QCOM","RTX","SBUX","SEE","SIG","SIMO","SMP","SONY","SQM","TEAM","TECH","TEX","TGT","TITN","TM","TNP","TRI","TX","UAL","UPS","VALE","VEEV","VFC","VMI","WDAY","WFC","WNS","X","ZTS"],"portfolio":{"AAP":{"cost_p":91.35,"position_%":13.722618338671516,"profit_%":-58.642583470169676},"ALB":{"cost_p":173.45,"position_%":7.444485576175071,"profit_%":-45.6212164889017},"CMA":{"cost_p":62.35,"position_%":2.676066161282881,"profit_%":-6.447473937449885},"CVS":{"cost_p":73,"position_%":3.1331648720713763,"profit_%":-15.698630136986303},"DAC":{"cost_p":73.24,"position_%":4.7151985321337175,"profit_%":18.582741671217914},"DIS":{"cost_p":89.37,"position_%":5.753649546925046,"profit_%":5.236656596173204},"EL":{"cost_p":143.25,"position_%":6.148299560605817,"profit_%":-32.118673647469464},"EPAM":{"cost_p":250,"position_%":2.6825041712939863,"profit_%":-21.448000000000004},"EW":{"cost_p":87.5,"position_%":2.8166293798586857,"profit_%":-25.600000000000005},"HAL":{"cost_p":35,"position_%":2.6288540878681066,"profit_%":-14.485714285714288},"ILPT":{"cost_p":17.24,"position_%":3.699709753048666,"profit_%":-73.08584686774941},"KSS":{"cost_p":22.03,"position_%":6.145938956935078,"profit_%":-5.991829323649569},"MPW":{"cost_p":6.18,"position_%":4.641805218007114,"profit_%":-6.634304207119744},"NKE":{"cost_p":75.5,"position_%":3.2404650389231358,"profit_%":18.052980132450326},"PYPL":{"cost_p":68.34,"position_%":4.399736041589545,"profit_%":13.35967222709979},"SEE":{"cost_p":37.16,"position_%":5.582183880295933,"profit_%":-1.7222820236813603},"SID":{"cost_p":4.54,"position_%":3.4099993025489153,"profit_%":-46.91629955947136},"TGT":{"cost_p":135.71,"position_%":1.4561705643452276,"profit_%":12.150910028737735},"VALE":{"cost_p":12.22,"position_%":2.622416077857001,"profit_%":-4.091653027823241},"VFC":{"cost_p":18.8,"position_%":3.025864705219617,"profit_%":6.010638297872335},"ZIM":{"cost_p":40.74,"position_%":10.054240234343565,"profit_%":-40.30436917034855}},"KellyFormula_Range_v1":{"EPAM":{"profit":54.468674,"loss":12.54422,"p":0.71666664,"q":0.2777778,"max_close":314.63,"min_close":170.25,"close":196.38},"AAP":{"profit":26.540466,"loss":0.0,"p":0.99444443,"q":0.0,"max_close":85.823746,"min_close":37.78,"close":37.78},"CVS":{"profit":10.831352,"loss":3.733883,"p":0.42777777,"q":0.56666666,"max_close":79.02176,"min_close":53.03131,"close":61.54},"PYPL":{"profit":0.7916641,"loss":13.785587,"p":0.033333335,"q":0.9611111,"max_close":80.08,"min_close":50.39,"close":77.47},"VFC":{"profit":0.020000458,"loss":4.878474,"p":0.0055555557,"q":0.98888886,"max_close":20.038456,"min_close":11.829798,"close":19.93},"CMA":{"profit":1.5660019,"loss":7.3488274,"p":0.055555556,"q":0.9388889,"max_close":61.49,"min_close":35.9281,"close":58.33},"SEE":{"profit":1.1487312,"loss":2.0946465,"p":0.2,"q":0.79444444,"max_close":39.609436,"min_close":27.93014,"close":36.52},"MPW":{"profit":0.28099966,"loss":1.4991994,"p":0.055555556,"q":0.93333334,"max_close":6.37,"min_close":2.847569,"close":5.77},"VALE":{"profit":0.5163717,"loss":0.9258375,"p":0.44444445,"q":0.55,"max_close":14.774527,"min_close":9.91,"close":11.72},"ALB":{"profit":22.610481,"loss":7.784584,"p":0.7,"q":0.29444444,"max_close":168.36916,"min_close":72.51662,"close":94.32},"EW":{"profit":18.33844,"loss":2.8583336,"p":0.92777777,"q":0.06666667,"max_close":95.56,"min_close":59.7,"close":65.1},"EL":{"profit":31.504051,"loss":7.0705643,"p":0.7722222,"q":0.22222222,"max_close":155.9366,"min_close":84.2,"close":97.24},"ZIM":{"profit":1.3400002,"loss":8.990704,"p":0.0055555557,"q":0.98888886,"max_close":25.66,"min_close":6.203722,"close":24.32},"ILPT":{"profit":0.26038885,"loss":0.7511215,"p":0.2888889,"q":0.7,"max_close":5.16,"min_close":2.2729113,"close":4.64},"NKE":{"profit":7.0284653,"loss":10.870087,"p":0.62777776,"q":0.36666667,"max_close":121.18714,"min_close":70.77431,"close":89.13},"DAC":{"profit":4.478096,"loss":9.907692,"p":0.16666667,"q":0.8277778,"max_close":95.34127,"min_close":60.60039,"close":86.85},"SID":{"profit":0.5190072,"loss":0.2102735,"p":0.57222223,"q":0.40555555,"max_close":3.799283,"min_close":1.9205431,"close":2.41},"DIS":{"profit":12.0293045,"loss":3.7156372,"p":0.70555556,"q":0.2888889,"max_close":122.255974,"min_close":78.69925,"close":94.05},"HAL":{"profit":5.087219,"loss":1.1633339,"p":0.89444447,"q":0.1,"max_close":42.403343,"min_close":27.81,"close":29.93},"TGT":{"profit":9.33342,"loss":8.087082,"p":0.43333334,"q":0.5611111,"max_close":175.23389,"min_close":101.66888,"close":152.2},"KSS":{"profit":3.0331497,"loss":1.2401981,"p":0.7222222,"q":0.27222222,"max_close":27.98382,"min_close":16.307325,"close":20.71}},"Factor_Intersectional_v1":[{"symbol":"CPE","Market Cap":2380000000.0,"Price":35.76,"52W Range":"28.62 - 41.36","P/E":5.88,"P/B":0.6,"P/S":1.02,"P/FCF":"-","ROA":0.060700000000000004,"ROE":0.1134,"ROI":0.0679,"Dividend %":"-","Insider Own":0.2141,"Insider Trans":0.0,"Inst Own":0.8163,"Inst Trans":0.0207,"Target Price":44.88,"Short Float":0.1602,"Short Ratio":3.93,"eps_q_data":{"2023-09-30":1.76,"2023-06-30":-1.74,"2023-03-31":3.58},"ShareOutstandingHalfYear":-0.018673441708666152,"ShareOutstandingOneYear":0.07497137699400154,"Score":16.799999999999997},{"symbol":"SPLK","Market Cap":24220000000.0,"Price":156.9,"52W Range":"82.19 - 156.97","P/E":121.97,"P/B":132.96,"P/S":5.74,"P/FCF":24.27,"ROA":0.0405,"ROE":0.8371,"ROI":0.0659,"Dividend %":"-","Insider Own":0.07780000000000001,"Insider Trans":-0.0017000000000000001,"Inst Own":0.8462999999999999,"Inst Trans":0.0168,"Target Price":155.75,"Short Float":0.034100000000000005,"Short Ratio":2.4,"eps_q_data":{"2023-10-31":0.58,"2023-07-31":-0.38,"2023-04-30":-1.19,"2023-01-31":1.64},"ShareOutstandingHalfYear":0.0,"ShareOutstandingOneYear":0.017512077294685992,"Score":9.899999999999999}],"stock_info":{"EPAM":["EPAM Systems Inc","Information Technology Services","Technology"],"AAP":["Advance Auto Parts Inc","Specialty Retail","Consumer Cyclical"],"CVS":["CVS Health Corp","Healthcare Plans","Healthcare"],"PYPL":["PayPal Holdings Inc","Credit Services","Financial"],"VFC":["VF Corp.","Apparel Manufacturing","Consumer Cyclical"],"CMA":["Comerica, Inc.","Banks - Regional","Financial"],"SEE":["Sealed Air Corp.","Packaging & Containers","Consumer Cyclical"],"MPW":["Medical Properties Trust Inc","REIT - Healthcare Facilities","Real Estate"],"VALE":["Vale S.A. ADR","Other Industrial Metals & Mining","Basic Materials"],"ALB":["Albemarle Corp.","Specialty Chemicals","Basic Materials"],"EW":["Edwards Lifesciences Corp","Medical Devices","Healthcare"],"EL":["Estee Lauder Cos., Inc.","Household & Personal Products","Consumer Defensive"],"ZIM":["Zim Integrated Shipping Services Ltd","Marine Shipping","Industrials"],"ILPT":["Industrial Logistics Properties Trust","REIT - Industrial","Real Estate"],"NKE":["Nike, Inc.","Footwear & Accessories","Consumer Cyclical"],"DAC":["Danaos Corporation","Marine Shipping","Industrials"],"SID":["Companhia Siderurgica Nacional ADR","Steel","Basic Materials"],"DIS":["Walt Disney Co","Entertainment","Communication Services"],"HAL":["Halliburton Co.","Oil & Gas Equipment & Services","Energy"],"TGT":["Target Corp","Discount Stores","Consumer Defensive"],