{
    "KellyFormula_Range_v1": {
        "ARLP": {
            "close": 15.43,
            "loss": 4.13976955,
            "max_close": 15.92,
            "min_close": 6.83,
            "p": 0.027777778,
            "profit": 0.175999641,
            "q": 0.966666639
        },
        "BIO": {
            "close": 563.23,
            "loss": 19.124939,
            "max_close": 825.77,
            "min_close": 524.57,
            "p": 0.95,
            "profit": 147.992554,
            "q": 0.0444444455
        },
        "CPLP": {
            "close": 18.23,
            "loss": 3.9422884,
            "max_close": 18.68,
            "min_close": 10.98,
            "p": 0.0111111114,
            "profit": 0.354999542,
            "q": 0.983333349
        },
        "DAC": {
            "close": 102.58,
            "loss": 24.0494614,
            "max_close": 106.64,
            "min_close": 62.14,
            "p": 0.05,
            "profit": 2.36888123,
            "q": 0.9444444
        },
        "EDRY": {
            "close": 33.9,
            "loss": 9.061991,
            "max_close": 33.9,
            "min_close": 17.0,
            "p": 0.0,
            "profit": 0.0,
            "q": 0.99444443
        },
        "ET": {
            "close": 11.19,
            "loss": 1.73017311,
            "max_close": 11.53,
            "min_close": 8.15,
            "p": 0.00555555569,
            "profit": 0.340000153,
            "q": 0.98888886
        },
        "GGB": {
            "close": 6.43,
            "loss": 1.23927259,
            "max_close": 6.43,
            "min_close": 4.26,
            "p": 0.0,
            "profit": 0.0,
            "q": 0.99444443
        },
        "GOGL": {
            "close": 12.38,
            "loss": 2.37898827,
            "max_close": 12.9,
            "min_close": 7.68,
            "p": 0.027777778,
            "profit": 0.2539997,
            "q": 0.9611111
        },
        "NC": {
            "close": 39.22,
            "loss": 8.829092,
            "max_close": 40.97,
            "min_close": 23.67,
            "p": 0.027777778,
            "profit": 0.622001648,
            "q": 0.966666639
        },
        "NMM": {
            "close": 35.2,
            "loss": 7.16391563,
            "max_close": 36.49,
            "min_close": 21.47,
            "p": 0.0166666675,
            "profit": 0.5333328,
            "q": 0.9777778
        },
        "PKX": {
            "close": 59.27,
            "loss": 1.85183716,
            "max_close": 79.75,
            "min_close": 54.58,
            "p": 0.716666639,
            "profit": 7.9356575,
            "q": 0.272222221
        },
        "SB": {
            "close": 4.76,
            "loss": 0.875355959,
            "max_close": 5.28,
            "min_close": 3.1,
            "p": 0.116666667,
            "profit": 0.208095551,
            "q": 0.8611111
        },
        "SID": {
            "close": 5.42,
            "loss": 0.8421197,
            "max_close": 9.49,
            "min_close": 3.57,
            "p": 0.338888884,
            "profit": 1.67803335,
            "q": 0.655555546
        },
        "THO": {
            "close": 78.7,
            "loss": 0.0,
            "max_close": 127.44,
            "min_close": 78.7,
            "p": 0.99444443,
            "profit": 26.1582031,
            "q": 0.0
        },
        "TX": {
            "close": 45.65,
            "loss": 3.95824051,
            "max_close": 56.19,
            "min_close": 36.57,
            "p": 0.333333343,
            "profit": 4.915325,
            "q": 0.6611111
        },
        "WGO": {
            "close": 54.03,
            "loss": 0.6349983,
            "max_close": 78.55,
            "min_close": 52.79,
            "p": 0.983333349,
            "profit": 15.2414856,
            "q": 0.0111111114
        }
    },
    "hold_stock_list": [
        "ARLP",
        "BIO",
        "DAC",
        "GGB",
        "THO",
        "WGO",
        "GOGL",
        "CPLP",
        "SID",
        "EDRY",
        "ET",
        "SB",
        "NMM",
        "PKX",
        "NC",
        "TX"
    ],
    "portfolio": {
        "ARLP": {
            "cost_p": 14.01,
            "position_%": 8.43892246440919,
            "profit_%": 10.135617416131334
        },
        "BIO": {
            "cost_p": 596.71,
            "position_%": 6.325936749306346,
            "profit_%": -5.610765698580552
        },
        "CPLP": {
            "cost_p": 12.99,
            "position_%": 2.5038481727377677,
            "profit_%": 40.3387220939184
        },
        "DAC": {
            "cost_p": 76.97,
            "position_%": 5.563544857264029,
            "profit_%": 33.272703650773025
        },
        "EDRY": {
            "cost_p": 22.24,
            "position_%": 1.607551482727712,
            "profit_%": 52.42805755395684
        },
        "ET": {
            "cost_p": 9.35,
            "position_%": 5.023718853509317,
            "profit_%": 19.67914438502674
        },
        "GGB": {
            "cost_p": 4.45,
            "position_%": 2.144365736852014,
            "profit_%": 44.494382022471896
        },
        "GOGL": {
            "cost_p": 10.75,
            "position_%": 3.6261465550137992,
            "profit_%": 15.162790697674424
        },
        "NC": {
            "cost_p": 29.95,
            "position_%": 8.659382537355212,
            "profit_%": 30.95158597662771
        },
        "NMM": {
            "cost_p": 30.04,
            "position_%": 3.872242640813872,
            "profit_%": 17.177097203728376
        },
        "PKX": {
            "cost_p": 58.54,
            "position_%": 5.444385585486778,
            "profit_%": 1.2470105910488622
        },
        "SB": {
            "cost_p": 4.05,
            "position_%": 4.054477587450728,
            "profit_%": 17.530864197530864
        },
        "SID": {
            "cost_p": 4.82,
            "position_%": 11.195227538166458,
            "profit_%": 12.448132780082979
        },
        "THO": {
            "cost_p": 89.53,
            "position_%": 9.944394909863634,
            "profit_%": -12.096503965151344
        },
        "TX": {
            "cost_p": 39.81,
            "position_%": 12.737937256051291,
            "profit_%": 14.669680984677209
        },
        "WGO": {
            "cost_p": 56.56,
            "position_%": 8.857917072991848,
            "profit_%": -4.473125884016975
        }
    }
}