{"hold_stock_list":["SEE","EL","KSS","TGT","NKE","PVH","VFC","SBUX","MPW","NVO","PFE","ILPT","AAP","PYPL","EPAM","EW","ZIM","VALE","GGB","SID","HAL","ALB"],"watch_stock_list":["ABNB","ACLS","ACMR","ADBE","ADSK","AEO","ALB","ALGM","ALGN","AMAT","ANSS","APD","APTV","ARTNA","ASML","AZN","BAC","BBY","BF-B","BIO","BLD","BUD","CAMT","CE","CNMD","CRM","CSCO","CVS","DE","DELL","DEO","DG","DHI","DIS","EL","EPAM","EW","EXLS","EXR","F","FDX","FFIV","FSLR","FTNT","G","GIS","GLOB","GM","GOOG","GSK","HAL","HAS","HMC","HOV","HPE","HPQ","INTC","ISRG","K","KSS","LMAT","LNTH","LQDT","LRCX","M","MA","MCHP","MKC","MMM","MMS","MOH","MPW","MS","MSFT","MU","NDAQ","NFLX","NICE","NKE","NOW","NVO","NXPI","ORCL","OXM","PAGS","PAYC","PCTY","PEP","PFE","PHG","PODD","PVH","PYPL","QCOM","SAIC","SBUX","SEE","SMP","SONY","SQM","STM","TDC","TEAM","TECH","TEX","TGT","TITN","TM","TEN","TRI","TX","UAL","UPS","VALE","VEEV","VFC","VMI","WDAY","WFC","WNS","X","ZTS"],"portfolio":{"AAP":{"cost_p":91.35,"position_%":12.256656632481434,"profit_%":-47.170224411603726},"ALB":{"cost_p":173.45,"position_%":6.649205075936836,"profit_%":-65.30412222542519},"EL":{"cost_p":143.03,"position_%":5.4830544941553505,"profit_%":-46.13018247920017},"EPAM":{"cost_p":248.63,"position_%":2.3828075209428876,"profit_%":-30.519245465149012},"EW":{"cost_p":87.4,"position_%":2.5128589952589193,"profit_%":-13.215102974828389},"GGB":{"cost_p":2.9,"position_%":2.2234297745998064,"profit_%":0.0},"HAL":{"cost_p":34.9,"position_%":2.34130988764971,"profit_%":-40.45845272206303},"ILPT":{"cost_p":17.2,"position_%":3.29680966578592,"profit_%":-73.31395348837209},"KSS":{"cost_p":11.63,"position_%":10.700064115281002,"profit_%":-29.3207222699914},"MPW":{"cost_p":6.18,"position_%":4.145929829706364,"profit_%":-27.184466019417474},"NKE":{"cost_p":73.71,"position_%":5.651345127094888,"profit_%":-16.67345000678333},"NVO":{"cost_p":89.89,"position_%":2.5844496005014217,"profit_%":-21.31494048281232},"PFE":{"cost_p":24,"position_%":2.3000997668273864,"profit_%":1.2916666666666612},"PVH":{"cost_p":87.3,"position_%":5.01996774110077,"profit_%":-26.701030927835046},"PYPL":{"cost_p":68.03,"position_%":2.607929785621118,"profit_%":8.158165515213872},"SBUX":{"cost_p":87.91,"position_%":2.527522131272444,"profit_%":4.083721988397229},"SEE":{"cost_p":34.36,"position_%":7.573845182201444,"profit_%":-9.109429569266586},"SID":{"cost_p":4.54,"position_%":3.045715441240597,"profit_%":-68.94273127753303},"TGT":{"cost_p":107.3,"position_%":4.1133450830096425,"profit_%":-9.10531220876048},"VALE":{"cost_p":12.22,"position_%":2.3422682625525546,"profit_%":-24.631751227495904},"VFC":{"cost_p":18.8,"position_%":1.2612213721436834,"profit_%":-37.819148936170215},"ZIM":{"cost_p":40.74,"position_%":8.980164514635822,"profit_%":-61.68384879725086}},"KellyFormula_Range_v1":{"SBUX":{"profit":7.675125,"loss":6.1763763,"p":0.6111111,"q":0.38333333,"max_close":115.00041,"min_close":70.7466,"close":92.34},"SEE":{"profit":2.7450523,"loss":2.9909153,"p":0.71666664,"q":0.2777778,"max_close":37.127052,"min_close":23.781643,"close":31.23},"TGT":{"profit":31.564499,"loss":3.205658,"p":0.73333335,"q":0.2611111,"max_close":156.39934,"min_close":87.75676,"close":97.53},"NVO":{"profit":21.82064,"loss":5.010414,"p":0.73888886,"q":0.25555557,"max_close":144.04109,"min_close":58.08,"close":70.73},"GGB":{"profit":0.24939942,"loss":0.17138767,"p":0.56666666,"q":0.42777777,"max_close":3.5385132,"min_close":2.3,"close":2.9},"HAL":{"profit":5.6391582,"loss":0.7784023,"p":0.81666666,"q":0.17777778,"max_close":35.486828,"min_close":19.099735,"close":20.78},"NKE":{"profit":11.951187,"loss":3.8466148,"p":0.78333336,"q":0.21111111,"max_close":92.761154,"min_close":52.918324,"close":61.42},"VALE":{"profit":0.54367256,"loss":0.43405247,"p":0.6666667,"q":0.32777777,"max_close":11.254913,"min_close":8.179748,"close":9.21},"PYPL":{"profit":10.226898,"loss":5.4640427,"p":0.5611111,"q":0.43333334,"max_close":91.81,"min_close":57.22,"close":73.58},"ALB":{"profit":27.03469,"loss":3.1078224,"p":0.74444443,"q":0.25,"max_close":109.52887,"min_close":50.43097,"close":60.18},"EW":{"profit":1.153183,"loss":4.5944595,"p":0.12222222,"q":0.87222224,"max_close":93.78,"min_close":59.7,"close":75.85},"PFE":{"profit":1.4910927,"loss":1.2875843,"p":0.6722222,"q":0.32222223,"max_close":29.83797,"min_close":21.185833,"close":24.31},"PVH":{"profit":22.559155,"loss":1.1513367,"p":0.96666664,"q":0.027777778,"max_close":112.74688,"min_close":60.472145,"close":63.99},"EPAM":{"profit":43.13617,"loss":14.468063,"p":0.79444444,"q":0.2,"max_close":267.63,"min_close":143.33,"close":172.75},"ZIM":{"profit":1.4496756,"loss":1.2502203,"p":0.53333336,"q":0.4611111,"max_close":19.37,"min_close":11.051109,"close":15.61},"ILPT":{"profit":0.11666632,"loss":1.0265815,"p":0.016666668,"q":0.9777778,"max_close":5.1137257,"min_close":2.5003462,"close":4.59},"VFC":{"profit":7.4117155,"loss":0.6311569,"p":0.8888889,"q":0.10555556,"max_close":26.618027,"min_close":9.672672,"close":11.69},"KSS":{"profit":5.202587,"loss":0.9463568,"p":0.73333335,"q":0.2611111,"max_close":21.981739,"min_close":6.0484843,"close":8.22},"AAP":{"profit":1.836422,"loss":9.080067,"p":0.14444445,"q":0.85,"max_close":63.163086,"min_close":30.074455,"close":48.26},"EL":{"profit":7.6490707,"loss":10.575157,"p":0.23888889,"q":0.75555557,"max_close":111.40473,"min_close":49.80485,"close":77.05},"SID":{"profit":0.27963972,"loss":0.05000007,"p":0.9166667,"q":0.07777778,"max_close":2.35638,"min_close":1.3,"close":1.41},"MPW":{"profit":0.65850115,"loss":0.35710382,"p":0.5222222,"q":0.4722222,"max_close":6.0981083,"min_close":3.6044285,"close":4.5}},"Factor_Intersectional_v1":[],"stock_info":{"SBUX":["Starbucks Corp","Restaurants","Consumer Cyclical"],"SEE":["Sealed Air Corp","Packaging & Containers","Consumer Cyclical"],"TGT":["Target Corp","Discount Stores","Consumer Defensive"],"NVO":["Novo Nordisk ADR","Drug Manufacturers - General","Healthcare"],"GGB":["Gerdau S.A. ADR","Steel","Basic Materials"],"HAL":["Halliburton Co","Oil & Gas Equipment & Services","Energy"],"NKE":["Nike, Inc","Footwear & Accessories","Consumer Cyclical"],"VALE":["Vale S.A. ADR","Other Industrial Metals & Mining","Basic Materials"],"PYPL":["PayPal Holdings Inc","Credit Services","Financial"],"ALB":["Albemarle Corp","Specialty Chemicals","Basic Materials"],"EW":["Edwards Lifesciences Corp","Medical Devices","Healthcare"],"PFE":["Pfizer Inc","Drug Manufacturers - General","Healthcare"],"PVH":["PVH Corp","Apparel Manufacturing","Consumer Cyclical"],"EPAM":["EPAM Systems Inc","Information Technology Services","Technology"],"ZIM":["Zim Integrated Shipping Services Ltd","Marine Shipping","Industrials"],"ILPT":["Industrial Logistics Properties Trust","REIT - Industrial","Real Estate"],"VFC":["VF Corp","Apparel Manufacturing","Consumer Cyclical"],"KSS":["Kohl's Corp","Department Stores","Consumer Cyclical"],"AAP":["Advance Auto Parts Inc","Auto Parts","Consumer Cyclical"],"EL":["Estee Lauder Cos., Inc","Household & Personal Products","Consumer Defensive"],"SID":["Companhia Siderurgica Nacional ADR","Steel","Basic Materials"],"MPW":["Medical Properties Trust Inc","REIT - Healthcare Facilities","Real Estate"]}}