{
    "KellyFormula_Range_v1": {
        "BIO": {
            "close": 630.13,
            "loss": 66.6494751,
            "max_close": 662.35,
            "min_close": 478.82,
            "p": 0.0944444463,
            "profit": 13.6170654,
            "q": 0.9
        },
        "CNNE": {
            "close": 39.7,
            "loss": 1.60566711,
            "max_close": 45.6,
            "min_close": 34.48,
            "p": 0.4888889,
            "profit": 1.92159271,
            "q": 0.5
        },
        "DHI": {
            "close": 98.29,
            "loss": 21.8779221,
            "max_close": 101.47,
            "min_close": 64.6072845,
            "p": 0.0222222228,
            "profit": 2.27749634,
            "q": 0.9722222
        },
        "ELP": {
            "close": 5.44,
            "loss": 0.154297829,
            "max_close": 7.10052061,
            "min_close": 5.113462,
            "p": 0.8,
            "profit": 0.58117485,
            "q": 0.194444448
        },
        "HTH": {
            "close": 35.2,
            "loss": 8.685968,
            "max_close": 39.37,
            "min_close": 17.91427,
            "p": 0.06111111,
            "profit": 2.39454269,
            "q": 0.927777767
        },
        "LAKE": {
            "close": 28.21,
            "loss": 5.12451172,
            "max_close": 44.43,
            "min_close": 18.3,
            "p": 0.3,
            "profit": 3.60777664,
            "q": 0.6888889
        },
        "PBFX": {
            "close": 15.4,
            "loss": 5.11807728,
            "max_close": 15.4,
            "min_close": 6.8425045,
            "p": 0.0,
            "profit": 0.0,
            "q": 0.99444443
        },
        "QDEL": {
            "close": 104.79,
            "loss": 0.0,
            "max_close": 283.45,
            "min_close": 104.79,
            "p": 0.99444443,
            "profit": 88.4769058,
            "q": 0.0
        },
        "SMP": {
            "close": 42.83,
            "loss": 1.17789078,
            "max_close": 53.85105,
            "min_close": 38.99902,
            "p": 0.6611111,
            "profit": 3.07418442,
            "q": 0.327777773
        },
        "STC": {
            "close": 58.65,
            "loss": 11.2458954,
            "max_close": 59.85,
            "min_close": 39.3002357,
            "p": 0.0222222228,
            "profit": 0.6674957,
            "q": 0.9722222
        },
        "TDS": {
            "close": 22.98,
            "loss": 3.62453079,
            "max_close": 23.88,
            "min_close": 16.3788166,
            "p": 0.172222227,
            "profit": 0.476055145,
            "q": 0.822222233
        },
        "WFC": {
            "close": 45.05,
            "loss": 14.7466164,
            "max_close": 46.24,
            "min_close": 20.9815083,
            "p": 0.0166666675,
            "profit": 0.420001984,
            "q": 0.9777778
        }
    },
    "hold_stock_list": [
        "SMP",
        "DHI",
        "TDS",
        "QDEL",
        "BIO",
        "WFC",
        "STC",
        "CNNE",
        "LAKE",
        "HTH",
        "PBFX",
        "ELP"
    ],
    "portfolio": {
        "BIO": {
            "cost_p": 580.11,
            "position_%": 16.6036576701693,
            "profit_%": 8.622502628811773
        },
        "CNNE": {
            "cost_p": 41.7,
            "position_%": 3.8500625011944893,
            "profit_%": -4.796163069544365
        },
        "DHI": {
            "cost_p": 72.88,
            "position_%": 3.364419125744057,
            "profit_%": 34.865532381997824
        },
        "ELP": {
            "cost_p": 5.27,
            "position_%": 8.782528065524554,
            "profit_%": 3.225806451612919
        },
        "HTH": {
            "cost_p": 29.44,
            "position_%": 2.7181256603157258,
            "profit_%": 19.56521739130435
        },
        "LAKE": {
            "cost_p": 28.88,
            "position_%": 10.532367623171764,
            "profit_%": -2.319944598337944
        },
        "PBFX": {
            "cost_p": 11.39,
            "position_%": 5.258058979449069,
            "profit_%": 35.20632133450395
        },
        "QDEL": {
            "cost_p": 112.07,
            "position_%": 15.882888115614147,
            "profit_%": -6.495940037476567
        },
        "SMP": {
            "cost_p": 41.45,
            "position_%": 12.188933184611976,
            "profit_%": 3.3293124246079504
        },
        "STC": {
            "cost_p": 53.5,
            "position_%": 13.089750865871672,
            "profit_%": 9.626168224299063
        },
        "TDS": {
            "cost_p": 20.77,
            "position_%": 4.794112598909445,
            "profit_%": 10.64034665382764
        },
        "WFC": {
            "cost_p": 31.79,
            "position_%": 2.9350956094238083,
            "profit_%": 41.71122994652406
        }
    }
}