{"hold_stock_list":["SEE","EL","TGT","NKE","PVH","VFC","MPW","NVO","ILPT","AAP","PYPL","EPAM","EW","ZIM","VALE","GGB","SID","HAL","ALB"],"watch_stock_list":["ABNB","ACLS","ACMR","ADBE","ADSK","AEO","ALB","AMAT","ANSS","APD","APTV","ARTNA","ASML","AZN","BAC","BBY","BIO","BLD","BUD","CAMT","CE","CNMD","CRM","CSCO","CVS","DE","DELL","DEO","DG","DHI","DIS","EL","EPAM","EW","EXLS","EXR","F","FDX","FFIV","FSLR","FTNT","G","GIS","GLOB","GM","GOOG","HAL","HAS","HMC","HOV","HPE","HPQ","INTC","ISRG","K","KSS","LMAT","LNTH","LQDT","LRCX","M","MA","MCHP","MMM","MMS","MOH","MPW","MS","MSFT","MU","NDAQ","NFLX","NICE","NKE","NOW","NVO","NXPI","ORCL","OXM","PAGS","PAYC","PCTY","PEP","PFE","PHG","PODD","PVH","PYPL","QCOM","SAIC","SBUX","SEE","SMP","SONY","SQM","STM","TDC","TEAM","TECH","TEX","TGT","TITN","TM","TEN","TRI","TX","UAL","UPS","VALE","VFC","VMI","WDAY","WFC","WNS","X","ZTS"],"portfolio":{"AAP":{"cost_p":91.35,"position_%":13.237198297142964,"profit_%":-37.50410509031198},"ALB":{"cost_p":173.45,"position_%":7.181146437217755,"profit_%":-60.651484577688095},"EL":{"cost_p":143.03,"position_%":5.921702939840044,"profit_%":-36.432916171432566},"EPAM":{"cost_p":248.63,"position_%":2.5734338983647316,"profit_%":-39.93886498009089},"EW":{"cost_p":87.4,"position_%":2.713889587544675,"profit_%":-9.33638443935928},"GGB":{"cost_p":2.9,"position_%":2.4013058135406737,"profit_%":0.6896551724137937},"HAL":{"cost_p":26.94,"position_%":5.2979844556850395,"profit_%":-19.52487008166296},"ILPT":{"cost_p":17.2,"position_%":3.56055689593962,"profit_%":-64.12790697674419},"MPW":{"cost_p":6.18,"position_%":4.477607305765929,"profit_%":-32.36245954692557},"NKE":{"cost_p":73.71,"position_%":6.10345694883045,"profit_%":0.9089675756342447},"NVO":{"cost_p":74.48,"position_%":5.3963137885670935,"profit_%":-36.600429645542434},"PVH":{"cost_p":87.3,"position_%":5.421568901433642,"profit_%":-14.77663230240549},"PYPL":{"cost_p":68.03,"position_%":2.8165661119857246,"profit_%":-0.2939879464941979},"SEE":{"cost_p":34.36,"position_%":8.179758441055705,"profit_%":-12.805587892898714},"SID":{"cost_p":4.54,"position_%":3.2893749463070088,"profit_%":-70.48458149779736},"TGT":{"cost_p":107.3,"position_%":4.442415755050246,"profit_%":-4.538676607642116},"VALE":{"cost_p":12.22,"position_%":2.5296514690919856,"profit_%":-19.23076923076924},"VFC":{"cost_p":18.8,"position_%":1.3621200218187615,"profit_%":-35.90425531914894},"ZIM":{"cost_p":29.42,"position_%":13.093947984817952,"profit_%":-45.92114208021754}},"KellyFormula_Range_v1":{"EPAM":{"profit":52.85576,"loss":3.2811127,"p":0.9444444,"q":0.05,"max_close":267.63,"min_close":143.33,"close":149.33},"TGT":{"profit":20.53083,"loss":6.5086365,"p":0.6111111,"q":0.37777779,"max_close":156.39932,"min_close":87.75676,"close":102.43},"ZIM":{"profit":0.9046707,"loss":1.5095854,"p":0.41666666,"q":0.5777778,"max_close":18.54858,"min_close":10.628198,"close":15.91},"NKE":{"profit":2.2868347,"loss":9.268654,"p":0.35,"q":0.64444447,"max_close":87.95319,"min_close":52.918324,"close":74.38},"AAP":{"profit":4.3175087,"loss":15.020893,"p":0.07777778,"q":0.9166667,"max_close":66.5,"min_close":29.948305,"close":57.09},"ALB":{"profit":16.638977,"loss":9.113583,"p":0.62777776,"q":0.36666667,"max_close":109.52887,"min_close":50.43097,"close":68.25},"GGB":{"profit":0.18766189,"loss":0.17283845,"p":0.44444445,"q":0.53333336,"max_close":3.5101511,"min_close":2.2815647,"close":2.92},"VALE":{"profit":0.22370338,"loss":0.6459913,"p":0.15,"q":0.84444445,"max_close":"NaN","min_close":"NaN","close":9.87},"EW":{"profit":0.8200073,"loss":5.9131927,"p":0.033333335,"q":0.9611111,"max_close":81.16,"min_close":61.07,"close":79.24},"MPW":{"profit":0.7395034,"loss":0.23246408,"p":0.6888889,"q":0.30555555,"max_close":6.0981083,"min_close":3.6044285,"close":4.18},"PVH":{"profit":17.284416,"loss":5.980133,"p":0.56666666,"q":0.42777777,"max_close":112.74688,"min_close":60.472145,"close":74.4},"VFC":{"profit":6.3208456,"loss":0.7035456,"p":0.8111111,"q":0.18333334,"max_close":26.618027,"min_close":9.672672,"close":12.05},"SID":{"profit":0.24245334,"loss":0.01999998,"p":0.9611111,"q":0.033333335,"max_close":2.35638,"min_close":1.3,"close":1.34},"NVO":{"profit":31.01728,"loss":0.15000153,"p":0.98888886,"q":0.0055555557,"max_close":136.95312,"min_close":47.07,"close":47.22},"SEE":{"profit":3.0386734,"loss":2.1528282,"p":0.75,"q":0.24444444,"max_close":36.748856,"min_close":23.781643,"close":29.96},"EL":{"profit":1.2850037,"loss":20.200554,"p":0.044444446,"q":0.95,"max_close":99.31319,"min_close":49.80485,"close":90.92},"ILPT":{"profit":0.0,"loss":2.4341462,"p":0.0,"q":0.99444443,"max_close":6.17,"min_close":2.4764423,"close":6.17},"PYPL":{"profit":10.326675,"loss":4.337322,"p":0.8388889,"q":0.15555556,"max_close":91.81,"min_close":57.41,"close":67.83},"HAL":{"profit":4.2683525,"loss":1.1875496,"p":0.6666667,"q":0.32777777,"max_close":31.33167,"min_close":19.099735,"close":21.68}},"Factor_Intersectional_v1":[],"stock_info":{"EPAM":["EPAM Systems Inc","Information Technology Services","Technology"],"TGT":["Target Corp","Discount Stores","Consumer Defensive"],"ZIM":["Zim Integrated Shipping Services Ltd","Marine Shipping","Industrials"],"NKE":["Nike, Inc","Footwear & Accessories","Consumer Cyclical"],"AAP":["Advance Auto Parts Inc","Auto Parts","Consumer Cyclical"],"ALB":["Albemarle Corp","Specialty Chemicals","Basic Materials"],"GGB":["Gerdau S.A. ADR","Steel","Basic Materials"],"VALE":["Vale S.A. ADR","Other Industrial Metals & Mining","Basic Materials"],"EW":["Edwards Lifesciences Corp","Medical Devices","Healthcare"],"MPW":["Medical Properties Trust Inc","REIT - Healthcare Facilities","Real Estate"],"PVH":["PVH Corp","Apparel Manufacturing","Consumer Cyclical"],"VFC":["VF Corp","Apparel Manufacturing","Consumer Cyclical"],"SID":["Companhia Siderurgica Nacional ADR","Steel","Basic Materials"],"NVO":["Novo Nordisk ADR","Drug Manufacturers - General","Healthcare"],"SEE":["Sealed Air Corp","Packaging & Containers","Consumer Cyclical"],"EL":["Estee Lauder Cos., Inc","Household & Personal Products","Consumer Defensive"],"ILPT":["Industrial Logistics Properties Trust","REIT - Industrial","Real Estate"],"PYPL":["PayPal Holdings Inc","Credit Services","Financial"],"HAL":["Halliburton Co","Oil & Gas Equipment & Services","Energy"]}}