{"hold_stock_list":["SMP","INTC","T","DHI","BAC","PFC","REGI","FHN","BGFV","BIO","PBCT","WFC","PSX"],"portfolio":{"BAC":{"cost_p":25.9,"position_%":3.6187377597273556,"profit_%":28.455598455598473},"BGFV":{"cost_p":12.23,"position_%":10.401213349345607,"profit_%":-1.0629599345870873},"BIO":{"cost_p":597.32,"position_%":6.894299871439742,"profit_%":5.7691019888836665},"DHI":{"cost_p":72.88,"position_%":4.427289036913374,"profit_%":-7.327113062568591},"FHN":{"cost_p":10.96,"position_%":8.921643484045633,"profit_%":37.49999999999999},"INTC":{"cost_p":46.15,"position_%":7.289111025510918,"profit_%":13.586132177681481},"PBCT":{"cost_p":14.03,"position_%":6.136485035028009,"profit_%":2.3521026372059874},"PFC":{"cost_p":17.29,"position_%":4.201307763349738,"profit_%":45.80682475419319},"PSX":{"cost_p":70.43,"position_%":10.696143210407824,"profit_%":2.456339627999417},"REGI":{"cost_p":77.53,"position_%":4.050398440826409,"profit_%":13.246485231523275},"SMP":{"cost_p":41.45,"position_%":16.03959799389377,"profit_%":2.2436670687575386},"T":{"cost_p":28.54,"position_%":7.281699811700497,"profit_%":4.309740714786266},"WFC":{"cost_p":31.79,"position_%":10.04207321781114,"profit_%":5.976722239698014}},"KellyFormula_Range_v1":{"PSX":{"profit":5.185486,"loss":11.0672607,"p":0.161111116,"q":0.8333333,"max_close":87.2001343,"min_close":43.5934563,"close":71.22},"SMP":{"profit":4.098118,"loss":2.60982132,"p":0.594444454,"q":0.4,"max_close":54.17,"min_close":35.6404228,"close":42.49},"DHI":{"profit":6.37532043,"loss":11.7448006,"p":0.605555534,"q":0.3888889,"max_close":78.602684,"min_close":38.5486832,"close":65.85},"PFC":{"profit":0.0,"loss":7.178751,"p":0.0,"q":0.99444443,"max_close":25.25,"min_close":13.422781,"close":25.25},"T":{"profit":0.873243332,"loss":1.15915108,"p":0.105555557,"q":0.8888889,"max_close":32.0722351,"min_close":26.5,"close":29.83},"BGFV":{"profit":0.0,"loss":6.32264662,"p":0.0,"q":0.99444443,"max_close":11.89,"min_close":0.9050292,"close":11.89},"BIO":{"profit":20.7366943,"loss":98.46106,"p":0.0166666675,"q":0.9777778,"max_close":643.45,"min_close":421.47,"close":612.2},"WFC":{"profit":0.345165253,"loss":7.101639,"p":0.00555555569,"q":0.98888886,"max_close":33.0351639,"min_close":21.0457516,"close":32.69},"PBCT":{"profit":0.0,"loss":2.65434837,"p":0.0,"q":0.99444443,"max_close":14.0,"min_close":9.716092,"close":14.0},"BAC":{"profit":0.0,"loss":6.998478,"p":0.0,"q":0.99444443,"max_close":32.15,"min_close":20.45887,"close":32.15},"REGI":{"profit":0.0,"loss":42.4267578,"p":0.0,"q":0.99444443,"max_close":84.86,"min_close":22.03,"close":84.86},"INTC":{"profit":6.74879456,"loss":2.93256378,"p":0.4611111,"q":0.533333361,"max_close":63.44745,"min_close":43.79363,"close":51.1},"FHN":{"profit":0.0,"loss":4.28455448,"p":0.0,"q":0.99444443,"max_close":14.34,"min_close":7.067348,"close":14.34}}}