{
    "Factor_Intersectional_v1": [],
    "KellyFormula_Range_v1": {
        "AAP": {
            "close": 60.12,
            "loss": 15.685993,
            "max_close": 66.5,
            "min_close": 29.948305,
            "p": 0.12222222,
            "profit": 1.9672775,
            "q": 0.87222224
        },
        "ALB": {
            "close": 80.93,
            "loss": 13.725838,
            "max_close": 108.93781,
            "min_close": 50.15882,
            "p": 0.22777778,
            "profit": 4.306595,
            "q": 0.76666665
        },
        "EL": {
            "close": 88.0,
            "loss": 18.064072,
            "max_close": 98.93426,
            "min_close": 49.614822,
            "p": 0.21111111,
            "profit": 2.3950424,
            "q": 0.78333336
        },
        "EPAM": {
            "close": 155.87,
            "loss": 5.806961,
            "max_close": 267.63,
            "min_close": 143.33,
            "p": 0.8666667,
            "profit": 34.73831,
            "q": 0.12777779
        },
        "EW": {
            "close": 74.55,
            "loss": 3.3928986,
            "max_close": 81.83,
            "min_close": 64.54,
            "p": 0.57222223,
            "profit": 2.933693,
            "q": 0.42222223
        },
        "GGB": {
            "close": 3.11,
            "loss": 0.2712915,
            "max_close": 3.4845805,
            "min_close": 2.2649443,
            "p": 0.03888889,
            "profit": 0.040544987,
            "q": 0.95
        },
        "HAL": {
            "close": 22.36,
            "loss": 1.4500656,
            "max_close": 31.096922,
            "min_close": 18.956635,
            "p": 0.42222223,
            "profit": 2.9101772,
            "q": 0.57222223
        },
        "ILPT": {
            "close": 6.45,
            "loss": 2.292799,
            "max_close": 6.45,
            "min_close": 2.4764423,
            "p": 0.0,
            "profit": 0.0,
            "q": 0.99444443
        },
        "MPW": {
            "close": 5.04,
            "loss": 0.6875315,
            "max_close": 5.9922843,
            "min_close": 3.5418787,
            "p": 0.23333333,
            "profit": 0.45765686,
            "q": 0.76111114
        },
        "NKE": {
            "close": 72.1,
            "loss": 9.218281,
            "max_close": 87.498474,
            "min_close": 52.644737,
            "p": 0.4722222,
            "profit": 3.1022491,
            "q": 0.5222222
        },
        "NVO": {
            "close": 61.85,
            "loss": 7.602375,
            "max_close": 132.741,
            "min_close": 45.38,
            "p": 0.76111114,
            "profit": 12.655251,
            "q": 0.23333333
        },
        "PVH": {
            "close": 86.88,
            "loss": 12.973541,
            "max_close": 112.69703,
            "min_close": 60.445415,
            "p": 0.1388889,
            "profit": 9.744026,
            "q": 0.85555553
        },
        "PYPL": {
            "close": 68.52,
            "loss": 3.2339706,
            "max_close": 91.81,
            "min_close": 57.41,
            "p": 0.7222222,
            "profit": 6.8030243,
            "q": 0.27222222
        },
        "SEE": {
            "close": 34.38,
            "loss": 3.5545368,
            "max_close": 36.532112,
            "min_close": 23.64138,
            "p": 0.03888889,
            "profit": 0.352211,
            "q": 0.95555556
        },
        "SID": {
            "close": 1.5,
            "loss": 0.08815205,
            "max_close": 2.35638,
            "min_close": 1.25,
            "p": 0.4722222,
            "profit": 0.1087054,
            "q": 0.51111114
        },
        "TGT": {
            "close": 89.42,
            "loss": 1.2241745,
            "max_close": 154.7214,
            "min_close": 86.81527,
            "p": 0.9722222,
            "profit": 16.560478,
            "q": 0.022222223
        },
        "VALE": {
            "close": 10.84,
            "loss": 1.5806074,
            "max_close": 10.91,
            "min_close": 7.91076,
            "p": 0.011111111,
            "profit": 0.055000305,
            "q": 0.98333335
        },
        "VFC": {
            "close": 15.11,
            "loss": 2.556078,
            "max_close": 26.460835,
            "min_close": 9.61555,
            "p": 0.37222221,
            "profit": 6.198804,
            "q": 0.62222224
        },
        "ZIM": {
            "close": 15.2,
            "loss": 1.399476,
            "max_close": 18.54858,
            "min_close": 11.213416,
            "p": 0.54444444,
            "profit": 1.2401972,
            "q": 0.45
        }
    },
    "hold_stock_list": [
        "SEE",
        "EL",
        "TGT",
        "NKE",
        "PVH",
        "VFC",
        "MPW",
        "NVO",
        "ILPT",
        "AAP",
        "PYPL",
        "EPAM",
        "EW",
        "ZIM",
        "VALE",
        "GGB",
        "SID",
        "HAL",
        "ALB"
    ],
    "portfolio": {
        "AAP": {
            "cost_p": 91.35,
            "position_%": 13.237198297142964,
            "profit_%": -34.1871921182266
        },
        "ALB": {
            "cost_p": 173.45,
            "position_%": 7.181146437217755,
            "profit_%": -53.34102046699336
        },
        "EL": {
            "cost_p": 143.03,
            "position_%": 5.921702939840044,
            "profit_%": -38.474445920436274
        },
        "EPAM": {
            "cost_p": 248.63,
            "position_%": 2.5734338983647316,
            "profit_%": -37.30845030768612
        },
        "EW": {
            "cost_p": 87.4,
            "position_%": 2.713889587544675,
            "profit_%": -14.702517162471404
        },
        "GGB": {
            "cost_p": 2.9,
            "position_%": 2.4013058135406737,
            "profit_%": 7.2413793103448265
        },
        "HAL": {
            "cost_p": 26.94,
            "position_%": 5.2979844556850395,
            "profit_%": -17.000742390497408
        },
        "ILPT": {
            "cost_p": 17.2,
            "position_%": 3.56055689593962,
            "profit_%": -62.5
        },
        "MPW": {
            "cost_p": 6.18,
            "position_%": 4.477607305765929,
            "profit_%": -18.446601941747566
        },
        "NKE": {
            "cost_p": 73.71,
            "position_%": 6.10345694883045,
            "profit_%": -2.18423551756885
        },
        "NVO": {
            "cost_p": 74.48,
            "position_%": 5.3963137885670935,
            "profit_%": -16.957572502685288
        },
        "PVH": {
            "cost_p": 87.3,
            "position_%": 5.421568901433642,
            "profit_%": -0.48109965635739027
        },
        "PYPL": {
            "cost_p": 68.03,
            "position_%": 2.8165661119857246,
            "profit_%": 0.7202704689107671
        },
        "SEE": {
            "cost_p": 34.36,
            "position_%": 8.179758441055705,
            "profit_%": 0.058207217695003276
        },
        "SID": {
            "cost_p": 4.54,
            "position_%": 3.2893749463070088,
            "profit_%": -66.96035242290749
        },
        "TGT": {
            "cost_p": 107.3,
            "position_%": 4.442415755050246,
            "profit_%": -16.66356011183597
        },
        "VALE": {
            "cost_p": 12.22,
            "position_%": 2.5296514690919856,
            "profit_%": -11.292962356792149
        },
        "VFC": {
            "cost_p": 18.8,
            "position_%": 1.3621200218187615,
            "profit_%": -19.62765957446809
        },
        "ZIM": {
            "cost_p": 29.42,
            "position_%": 13.093947984817952,
            "profit_%": -48.334466349422165
        }
    },
    "stock_info": {
        "AAP": [
            "Advance Auto Parts Inc",
            "Auto Parts",
            "Consumer Cyclical"
        ],