{"hold_stock_list":["VALE","INTC","KGC","DAC","GGB","LDI","THO","GOGL","CPLP","SID","EDRY","ET","SB","NMM","TX"],"portfolio":{"CPLP":{"cost_p":12.99,"position_%":4.447238367370211,"profit_%":27.09776751347191},"DAC":{"cost_p":76.97,"position_%":11.139431084643125,"profit_%":-6.015330648304528},"EDRY":{"cost_p":22.24,"position_%":3.11484089723851,"profit_%":-5.485611510791362},"ET":{"cost_p":9.35,"position_%":6.489407486797718,"profit_%":-8.342245989304805},"GGB":{"cost_p":4.45,"position_%":4.570487467620656,"profit_%":15.280898876404486},"GOGL":{"cost_p":10.75,"position_%":4.684088279720182,"profit_%":-22.41860465116279},"INTC":{"cost_p":49.94,"position_%":9.061616209024498,"profit_%":1.0812975570684806},"KGC":{"cost_p":7.61,"position_%":10.847725985628658,"profit_%":-30.749014454664923},"LDI":{"cost_p":7.03,"position_%":6.563948293641106,"profit_%":-32.005689900426745},"NMM":{"cost_p":30.04,"position_%":5.001983812537869,"profit_%":-7.822902796271632},"SB":{"cost_p":4.05,"position_%":5.237386481665203,"profit_%":-4.4444444444444375},"SID":{"cost_p":4.85,"position_%":13.313703942962807,"profit_%":-9.896907216494837},"THO":{"cost_p":104.58,"position_%":3.2548966929776517,"profit_%":-1.8359150889271387},"TX":{"cost_p":40.0,"position_%":3.7348212197104442,"profit_%":6.4750000000000085},"VALE":{"cost_p":12.76,"position_%":8.53842377846136,"profit_%":5.799373040752353}},"KellyFormula_Range_v1":{"ET":{"profit":1.01966572,"loss":0.710896,"p":0.8,"q":0.194444448,"max_close":10.9818878,"min_close":7.316939,"close":8.57},"LDI":{"profit":6.254293,"loss":0.105000019,"p":0.983333349,"q":0.0111111114,"max_close":21.1350632,"min_close":4.59,"close":4.78},"SID":{"profit":3.08300066,"loss":0.3842852,"p":0.8333333,"q":0.155555561,"max_close":9.618398,"min_close":3.57,"close":4.37},"NMM":{"profit":2.61215019,"loss":2.48495865,"p":0.5,"q":0.49444443,"max_close":34.7383652,"min_close":21.3855934,"close":27.69},"EDRY":{"profit":6.354944,"loss":7.385357,"p":0.683333337,"q":0.311111122,"max_close":33.81,"min_close":7.74,"close":21.02},"SB":{"profit":0.513133049,"loss":0.5924723,"p":0.4611111,"q":0.516666651,"max_close":5.28,"min_close":2.12,"close":3.87},"THO":{"profit":15.3897781,"loss":0.739997864,"p":0.9777778,"q":0.0166666675,"max_close":145.657974,"min_close":101.76,"close":102.66},"CPLP":{"profit":0.190000534,"loss":3.87085152,"p":0.00555555569,"q":0.98888886,"max_close":16.7,"min_close":10.3809137,"close":16.51},"VALE":{"profit":4.13266563,"loss":1.09137917,"p":0.8333333,"q":0.161111116,"max_close":20.7570267,"min_close":11.27,"close":13.5},"GOGL":{"profit":0.856533051,"loss":1.012281,"p":0.627777755,"q":0.366666675,"max_close":10.6554384,"min_close":5.715246,"close":8.34},"DAC":{"profit":5.187317,"loss":9.043091,"p":0.383333325,"q":0.6111111,"max_close":87.12521,"min_close":47.40861,"close":72.34},"GGB":{"profit":0.419428825,"loss":0.471879959,"p":0.4611111,"q":0.533333361,"max_close":6.49767637,"min_close":4.14701271,"close":5.13},"TX":{"profit":5.960087,"loss":4.4640274,"p":0.3611111,"q":0.6333333,"max_close":55.1230164,"min_close":32.1183052,"close":42.59},"KGC":{"profit":1.23570967,"loss":0.0297546387,"p":0.9777778,"q":0.0166666675,"max_close":8.1103735,"min_close":5.213712,"close":5.27},"INTC":{"profit":4.973549,"loss":1.17672729,"p":0.8611111,"q":0.13333334,"max_close":66.9506,"min_close":47.5614853,"close":50.48}}}