{
    "Factor_Intersectional_v1": [],
    "KellyFormula_Range_v1": {
        "AAP": {
            "close": 39.21,
            "loss": 1.7871513,
            "max_close": 83.78164,
            "min_close": 33.63,
            "p": 0.67777777,
            "profit": 8.912327,
            "q": 0.31666666
        },
        "ALB": {
            "close": 72.02,
            "loss": 0.7354202,
            "max_close": 133.0665,
            "min_close": 69.5587,
            "p": 0.9722222,
            "profit": 17.472374,
            "q": 0.022222223
        },
        "CVS": {
            "close": 67.75,
            "loss": 10.6445465,
            "max_close": 76.09211,
            "min_close": 43.23058,
            "p": 0.011111111,
            "profit": 0.5250015,
            "q": 0.98333335
        },
        "DAC": {
            "close": 78.03,
            "loss": 0.8970566,
            "max_close": 95.34127,
            "min_close": 70.67845,
            "p": 0.9,
            "profit": 4.066063,
            "q": 0.094444446
        },
        "EL": {
            "close": 66.0,
            "loss": 1.6153717,
            "max_close": 149.39835,
            "min_close": 62.14359,
            "p": 0.8833333,
            "profit": 16.649803,
            "q": 0.11111111
        },
        "EPAM": {
            "close": 168.84,
            "loss": 0.0,
            "max_close": 274.17,
            "min_close": 168.84,
            "p": 0.99444443,
            "profit": 47.074417,
            "q": 0.0
        },
        "EW": {
            "close": 72.48,
            "loss": 4.0321274,
            "max_close": 94.31,
            "min_close": 59.7,
            "p": 0.23333333,
            "profit": 4.5945206,
            "q": 0.76111114
        },
        "GGB": {
            "close": 2.84,
            "loss": 0.038461685,
            "max_close": 3.8891463,
            "min_close": 2.72,
            "p": 0.9166667,
            "profit": 0.35485244,
            "q": 0.072222225
        },
        "GIS": {
            "close": 59.79,
            "loss": 0.89333344,
            "max_close": 73.79097,
            "min_close": 57.56,
            "p": 0.8277778,
            "profit": 6.523964,
            "q": 0.16666667
        },
        "HAL": {
            "close": 25.37,
            "loss": 0.50961494,
            "max_close": 40.295002,
            "min_close": 23.98,
            "p": 0.8833333,
            "profit": 3.6923027,
            "q": 0.11111111
        },
        "ILPT": {
            "close": 3.44,
            "loss": 0.0776031,
            "max_close": 5.13347,
            "min_close": 3.2416239,
            "p": 0.9444444,
            "profit": 0.7187276,
            "q": 0.03888889
        },
        "KSS": {
            "close": 8.18,
            "loss": 0.16407204,
            "max_close": 26.668365,
            "min_close": 7.942026,
            "p": 0.98333335,
            "profit": 7.4938745,
            "q": 0.011111111
        },
        "MPW": {
            "close": 6.03,
            "loss": 1.4054351,
            "max_close": 6.21,
            "min_close": 3.5806506,
            "p": 0.05,
            "profit": 0.085988045,
            "q": 0.9388889
        },
        "NKE": {
            "close": 63.48,
            "loss": 0.18999863,
            "max_close": 95.772415,
            "min_close": 63.29,
            "p": 0.98888886,
            "profit": 13.079693,
            "q": 0.0055555557
        },
        "NVO": {
            "close": 69.44,
            "loss": 0.8158188,
            "max_close": 144.04109,
            "min_close": 68.201004,
            "p": 0.98333335,
            "profit": 36.507256,
            "q": 0.011111111
        },
        "PAGS": {
            "close": 7.63,
            "loss": 0.6829314,
            "max_close": 14.6,
            "min_close": 6.19,
            "p": 0.6666667,
            "profit": 2.0511665,
            "q": 0.32222223
        },
        "PEP": {
            "close": 149.94,
            "loss": 3.8874054,
            "max_close": 177.21538,
            "min_close": 141.38991,
            "p": 0.75555557,
            "profit": 13.639374,
            "q": 0.23888889
        },
        "PVH": {
            "close": 64.64,
            "loss": 0.74499893,
            "max_close": 139.50555,
            "min_close": 63.81,
            "p": 0.98333335,
            "profit": 29.818459,
            "q": 0.011111111
        },
        "PYPL": {
            "close": 65.25,
            "loss": 3.8513641,
            "max_close": 91.81,
            "min_close": 57.22,
            "p": 0.87222224,
            "profit": 14.023811,
            "q": 0.12222222
        },
        "SEE": {
            "close": 28.9,
            "loss": 0.0,
            "max_close": 39.125458,
            "min_close": 28.9,
            "p": 0.99444443,
            "profit": 5.238245,
            "q": 0.0
        },
        "SID": {
            "close": 1.67,
            "loss": 0.18666673,
            "max_close": 2.9444442,
            "min_close": 1.3,
            "p": 0.67777777,
            "profit": 0.40508187,
            "q": 0.31666666
        },
        "TGT": {
            "close": 104.36,
            "loss": 0.39000702,
            "max_close": 172.50465,
            "min_close": 103.65,
            "p": 0.9777778,
            "profit": 33.721313,
            "q": 0.016666668
        },
        "VALE": {
            "close": 9.98,
            "loss": 0.6029835,
            "max_close": 12.415653,
            "min_close": 8.5,
            "p": 0.5222222,
            "profit": 0.54894066,
            "q": 0.4722222
        },
        "VFC": {
            "close": 15.52,
            "loss": 1.9457388,
            "max_close": 26.803305,
            "min_close": 11.724485,
            "p": 0.9777778,
            "profit": 4.4590263,
            "q": 0.016666668
        },
        "ZIM": {
            "close": 14.59,
            "loss": 1.7830029,
            "max_close": 19.163383,
            "min_close": 6.3671327,
            "p": 0.6,
            "profit": 1.6988277,
            "q": 0.39444444
        }
    },
    "hold_stock_list": [
        "SEE",
        "GIS",
        "PEP",
        "EL",
        "KSS",
        "TGT",
        "NKE",
        "PVH",
        "VFC",
        "MPW",
        "NVO",
        "CVS",
        "ILPT",
        "AAP",
        "PYPL",
        "EPAM",
        "PAGS",
        "EW",
        "DAC",
        "ZIM",
        "VALE",
        "GGB",
        "SID",
        "HAL",
        "ALB"
    ],
    "portfolio": {
        "AAP": {
            "cost_p": 91.35,
            "position_%": 11.480766641231652,
            "profit_%": -57.07717569786534
        },
        "ALB": {
            "cost_p": 173.45,
            "position_%": 6.228286727411464,
            "profit_%": -58.477947535312765
        },
        "CVS": {
            "cost_p": 65.41,
            "position_%": 4.69751784191391,
            "profit_%": 3.5774346430209505
        },
        "DAC": {
            "cost_p": 73.24,
            "position_%": 3.944880829480677,
            "profit_%": 6.54014199890771
        },
        "EL": {
            "cost_p": 143.03,
            "position_%": 5.1359576282597965,
            "profit_%": -53.8558344403272
        },
        "EPAM": {
            "cost_p": 248.63,
            "position_%": 2.231967323488487,
            "profit_%": -32.09186341149499
        },
        "EW": {
            "cost_p": 87.4,
            "position_%": 2.3537860765743526,
            "profit_%": -17.070938215102977
        },
        "GGB": {
            "cost_p": 2.9,
            "position_%": 2.0826787557789848,
            "profit_%": -2.0689655172413812
        },
        "GIS": {
            "cost_p": 62.3,
            "position_%": 4.4741684994838185,
            "profit_%": -4.028892455858745
        },
        "HAL": {
            "cost_p": 34.9,
            "position_%": 2.1930966380896812,