{
    "KellyFormula_Range_v1": {
        "CNNE": {
            "close": 34.34,
            "loss": 2.0226593,
            "max_close": 42.07,
            "min_close": 29.78,
            "p": 0.4722222,
            "profit": 4.04729462,
            "q": 0.5222222
        },
        "CPLP": {
            "close": 13.5,
            "loss": 1.65499592,
            "max_close": 14.27,
            "min_close": 9.434888,
            "p": 0.06666667,
            "profit": 0.267083168,
            "q": 0.9166667
        },
        "DAC": {
            "close": 74.03,
            "loss": 14.3542786,
            "max_close": 87.73,
            "min_close": 36.0371857,
            "p": 0.266666681,
            "profit": 5.93402863,
            "q": 0.7277778
        },
        "EDRY": {
            "close": 27.33,
            "loss": 11.3822842,
            "max_close": 33.81,
            "min_close": 6.62,
            "p": 0.3611111,
            "profit": 2.476059,
            "q": 0.6333333
        },
        "ET": {
            "close": 9.83,
            "loss": 1.13778782,
            "max_close": 11.163332,
            "min_close": 6.56621027,
            "p": 0.322222233,
            "profit": 0.44467926,
            "q": 0.6722222
        },
        "GGB": {
            "close": 4.55,
            "loss": 0.104804516,
            "max_close": 6.94107,
            "min_close": 4.252939,
            "p": 0.905555546,
            "profit": 0.920671463,
            "q": 0.08888889
        },
        "GOGL": {
            "close": 8.51,
            "loss": 1.6721735,
            "max_close": 11.68,
            "min_close": 5.69950962,
            "p": 0.683333337,
            "profit": 1.4359293,
            "q": 0.311111122
        },
        "INTC": {
            "close": 49.86,
            "loss": 1.050003,
            "max_close": 67.41304,
            "min_close": 47.89,
            "p": 0.955555558,
            "profit": 7.060955,
            "q": 0.03888889
        },
        "KGC": {
            "close": 5.97,
            "loss": 0.317908764,
            "max_close": 8.151266,
            "min_close": 5.24,
            "p": 0.7777778,
            "profit": 0.831728935,
            "q": 0.205555558
        },
        "NMM": {
            "close": 29.9,
            "loss": 4.76033,
            "max_close": 34.7979736,
            "min_close": 16.91582,
            "p": 0.2611111,
            "profit": 1.6963501,
            "q": 0.733333349
        },
        "SB": {
            "close": 4.31,
            "loss": 0.952268839,
            "max_close": 5.28,
            "min_close": 2.12,
            "p": 0.211111113,
            "profit": 0.477105618,
            "q": 0.783333361
        },
        "SID": {
            "close": 3.98,
            "loss": 0.0,
            "max_close": 9.618398,
            "min_close": 3.98,
            "p": 0.99444443,
            "profit": 3.2122798,
            "q": 0.0
        },
        "T": {
            "close": 25.23,
            "loss": 0.170000076,
            "max_close": 31.4353828,
            "min_close": 25.06,
            "p": 0.98888886,
            "profit": 2.604435,
            "q": 0.00555555569
        },
        "TDS": {
            "close": 19.51,
            "loss": 0.629056931,
            "max_close": 25.9372444,
            "min_close": 17.4705029,
            "p": 0.7888889,
            "profit": 2.84844971,
            "q": 0.205555558
        },
        "THO": {
            "close": 105.13,
            "loss": 2.08885956,
            "max_close": 150.598877,
            "min_close": 101.76,
            "p": 0.95,
            "profit": 16.2013931,
            "q": 0.0444444455
        },
        "TX": {
            "close": 46.37,
            "loss": 7.956909,
            "max_close": 56.19,
            "min_close": 27.5579872,
            "p": 0.222222224,
            "profit": 6.162998,
            "q": 0.7722222
        }
    },
    "hold_stock_list": [
        "T",
        "INTC",
        "KGC",
        "DAC",
        "GGB",
        "TDS",
        "THO",
        "GOGL",
        "CPLP",
        "SID",
        "EDRY",
        "CNNE",
        "ET",
        "SB",
        "NMM",
        "TX"
    ],
    "portfolio": {
        "CNNE": {
            "cost_p": 31,
            "position_%": 3.101968683812486,
            "profit_%": 10.774193548387109
        },
        "CPLP": {
            "cost_p": 12.99,
            "position_%": 4.468148238205304,
            "profit_%": 3.926096997690529
        },
        "DAC": {
            "cost_p": 76.97,
            "position_%": 11.191806074674082,
            "profit_%": -3.8196700012992046
        },
        "EDRY": {
            "cost_p": 22.24,
            "position_%": 3.129486147943081,
            "profit_%": 22.886690647482016
        },
        "ET": {
            "cost_p": 9.35,
            "position_%": 6.519919157442766,
            "profit_%": 5.133689839572197
        },
        "GGB": {
            "cost_p": 4.59,
            "position_%": 2.2175167358558907,
            "profit_%": -0.8714596949891076
        },
        "GOGL": {
            "cost_p": 10.75,
            "position_%": 4.706111763243741,
            "profit_%": -20.837209302325583
        },
        "INTC": {
            "cost_p": 49.94,
            "position_%": 9.104221801267562,
            "profit_%": -0.16019223067680877
        },
        "KGC": {
            "cost_p": 7.61,
            "position_%": 10.898729446760447,
            "profit_%": -21.550591327201058
        },
        "NMM": {
            "cost_p": 30.04,
            "position_%": 5.025501966232257,
            "profit_%": -0.4660452729693761
        },
        "SB": {
            "cost_p": 4.05,
            "position_%": 5.262011443450158,
            "profit_%": 6.419753086419748
        },
        "SID": {
            "cost_p": 4.85,
            "position_%": 13.376301853573258,
            "profit_%": -17.9381443298969
        },
        "T": {
            "cost_p": 25.22,
            "position_%": 8.651221801986768,
            "profit_%": 0.03965107057891183
        },
        "TDS": {
            "cost_p": 19.46,
            "position_%": 5.324472960042047,
            "profit_%": 0.2569373072970232
        },
        "THO": {
            "cost_p": 104.58,
            "position_%": 3.270200453156349,
            "profit_%": 0.5259131765155834
        },
        "TX": {
            "cost_p": 40.0,
            "position_%": 3.752381472353814,
            "profit_%": 15.924999999999995
        }
    }
}