{"hold_stock_list":["SEE","EL","TGT","SBUX","NKE","PVH","VFC","MPW","NVO","ILPT","AAP","PYPL","G","EPAM","EW","ZIM","VALE","SID","HAL","ALB"],"watch_stock_list":["ABNB","ACLS","ACMR","ADBE","ADSK","AEO","ALB","AMAT","APD","APTV","ARTNA","ASML","AZN","BAC","BBY","BIO","BLD","BUD","CAMT","CE","CIVI","CMCSA","CNMD","CRM","CSCO","CVS","DE","DELL","DEO","DG","DHI","DIS","EL","EPAM","EW","EXLS","EXR","F","FDX","FFIV","FSLR","FTNT","G","GGB","GIS","GLOB","GM","GOOG","GT","HAL","HAS","HMC","HOV","HPE","HPQ","INTC","ISRG","K","KSS","LMAT","LNTH","LQDT","LRCX","M","MA","MATX","MCHP","MMS","MOH","MPW","MS","MSFT","MU","NDAQ","NFLX","NICE","NKE","NOG","NOW","NVO","NXPI","ORCL","OXM","PAGS","PAYC","PBR","PBR-A","PCTY","PEP","PFE","PODD","PVH","PYPL","QCOM","SAIC","SBUX","SEE","SM","SMP","SONY","SQM","STM","STNG","TDC","TEAM","TECH","TEX","TGT","TITN","TM","TEN","TRMD","TRI","TX","UAL","UPS","VALE","VIST","VFC","VMI","WDAY","WFC","WNS","X","VZ","ZTS"],"portfolio":{"AAP":{"cost_p":91.35,"position_%":12.431495064922943,"profit_%":-48.10071154898741},"ALB":{"cost_p":173.45,"position_%":6.7440544812288215,"profit_%":-44.347074084750645},"EL":{"cost_p":143.03,"position_%":5.561269025368453,"profit_%":-34.803887296371386},"EPAM":{"cost_p":248.63,"position_%":2.416797730856042,"profit_%":-34.959578490125885},"EW":{"cost_p":80.31,"position_%":5.464550457930825,"profit_%":3.436682853940967},"G":{"cost_p":39.76,"position_%":2.3189127083337384,"profit_%":-4.1247484909456755},"HAL":{"cost_p":26.94,"position_%":4.975514163680866,"profit_%":0.8908685968819542},"ILPT":{"cost_p":17.2,"position_%":3.3438379094014334,"profit_%":-68.83720930232559},"MPW":{"cost_p":6.18,"position_%":4.205070580253082,"profit_%":-17.637540453074433},"NKE":{"cost_p":73.71,"position_%":5.73196028609255,"profit_%":-15.004748338081667},"NVO":{"cost_p":74.48,"position_%":5.067858524550963,"profit_%":-34.06283566058003},"PVH":{"cost_p":87.3,"position_%":5.091576444606019,"profit_%":-12.164948453608236},"PYPL":{"cost_p":68.03,"position_%":2.645131313681157,"profit_%":0.4556813170660036},"SBUX":{"cost_p":79.91,"position_%":3.107047527212425,"profit_%":1.313978225503688},"SEE":{"cost_p":34.36,"position_%":7.681884369307457,"profit_%":-1.1059371362048969},"SID":{"cost_p":4.54,"position_%":3.089161882580743,"profit_%":-62.11453744493392},"TGT":{"cost_p":107.3,"position_%":4.172021019520626,"profit_%":-14.771668219944075},"VALE":{"cost_p":12.22,"position_%":2.375680189121251,"profit_%":-0.16366612111294065},"VFC":{"cost_p":18.8,"position_%":1.2792124095268274,"profit_%":-24.62765957446809},"ZIM":{"cost_p":29.42,"position_%":12.296963911823774,"profit_%":-47.92658055744391}},"KellyFormula_Range_v1":{"ILPT":{"profit":0.5171156,"loss":1.7042949,"p":0.4,"q":0.59444445,"max_close":6.3965173,"min_close":2.4559078,"close":5.28},"VFC":{"profit":2.5919495,"loss":1.9485941,"p":0.43888888,"q":0.55,"max_close":26.460835,"min_close":9.61555,"close":14.17},"HAL":{"profit":0.16999817,"loss":4.857607,"p":0.011111111,"q":0.98333335,"max_close":31.096924,"min_close":18.956635,"close":27.18},"TGT":{"profit":8.942284,"loss":2.3393478,"p":0.8,"q":0.19444445,"max_close":150.7448,"min_close":85.53,"close":91.45},"PYPL":{"profit":3.470665,"loss":2.699585,"p":0.6611111,"q":0.33333334,"max_close":91.81,"min_close":57.41,"close":68.34},"ALB":{"profit":2.292862,"loss":25.089584,"p":0.03888889,"q":0.95555556,"max_close":108.93781,"min_close":50.15882,"close":96.53},"EW":{"profit":0.41000366,"loss":7.5217285,"p":0.0055555557,"q":0.98888886,"max_close":83.48,"min_close":65.75,"close":83.07},"NKE":{"profit":9.924736,"loss":3.8450851,"p":0.67777777,"q":0.31666666,"max_close":80.3541,"min_close":52.644737,"close":62.65},"VALE":{"profit":0.0,"loss":2.4350195,"p":0.0,"q":0.99444443,"max_close":12.2,"min_close":7.91076,"close":12.2},"G":{"profit":6.844452,"loss":0.22999954,"p":0.98333335,"q":0.0055555557,"max_close":54.916096,"min_close":37.89,"close":38.12},"SBUX":{"profit":9.612442,"loss":1.1821976,"p":0.9111111,"q":0.083333336,"max_close":114.2466,"min_close":78.46,"close":80.96},"EPAM":{"profit":17.572388,"loss":8.705734,"p":0.60555553,"q":0.3888889,"max_close":267.63,"min_close":142.2,"close":161.71},"AAP":{"profit":8.815395,"loss":11.50993,"p":0.6,"q":0.39444444,"max_close":66.16962,"min_close":29.799515,"close":47.41},"EL":{"profit":4.4166183,"loss":17.804558,"p":0.1,"q":0.89444447,"max_close":102.52,"min_close":49.614822,"close":93.25},"SEE":{"profit":0.95347595,"loss":3.420927,"p":0.12777779,"q":0.8666667,"max_close":36.64,"min_close":23.64138,"close":33.98},"PVH":{"profit":6.127472,"loss":6.763588,"p":0.43888888,"q":0.5555556,"max_close":112.697044,"min_close":60.44541,"close":76.68},"NVO":{"profit":16.559021,"loss":1.5383339,"p":0.9611111,"q":0.033333335,"max_close":109.918755,"min_close":45.38,"close":49.11},"ZIM":{"profit":1.1071434,"loss":1.4780397,"p":0.47777778,"q":0.51666665,"max_close":18.54858,"min_close":11.213416,"close":15.32},"MPW":{"profit":0.35418415,"loss":0.60797167,"p":0.32222223,"q":0.6722222,"max_close":5.9922843,"min_close":3.5418787,"close":5.09},"SID":{"profit":0.043571472,"loss":0.21607399,"p":0.07777778,"q":0.90555555,"max_close":2.07972,"min_close":1.25,"close":1.72}},"Factor_Intersectional_v1":[],"stock_info":{"ILPT":["Industrial Logistics Properties Trust","REIT - Industrial","Real Estate"],"VFC":["VF Corp","Apparel Manufacturing","Consumer Cyclical"],"HAL":["Halliburton Co","Oil & Gas Equipment & Services","Energy"],"TGT":["Target Corp","Discount Stores","Consumer Defensive"],"PYPL":["PayPal Holdings Inc","Credit Services","Financial"],"ALB":["Albemarle Corp","Specialty Chemicals","Basic Materials"],"EW":["Edwards Lifesciences Corp","Medical Devices","Healthcare"],"NKE":["Nike, Inc","Footwear & Accessories","Consumer Cyclical"],"VALE":["Vale S.A. ADR","Other Industrial Metals & Mining","Basic Materials"],"G":["Genpact Ltd","Information Technology Services","Technology"],"SBUX":["Starbucks Corp","Restaurants","Consumer Cyclical"],"EPAM":["EPAM Systems Inc","Information Technology Services","Technology"],"AAP":["Advance Auto Parts Inc","Auto Parts","Consumer Cyclical"],"EL":["Estee Lauder Cos., Inc","Household & Personal Products","Consumer Defensive"],"SEE":["Sealed Air Corp","Packaging & Containers","Consumer Cyclical"],"PVH":["PVH Corp","Apparel Manufacturing","Consumer Cyclical"],"NVO":["Novo Nordisk ADR","Drug Manufacturers - General","Healthcare"],"ZIM":["Zim Integrated Shipping Services Ltd","Marine Shipping","Industrials"],"MPW":["Medical Properties Trust Inc","REIT - Healthcare Facilities","Real Estate"],"SID":["Companhia Siderurgica Nacional ADR","Steel","Basic Materials"]}}