{
    "KellyFormula_Range_v1": {
        "BGFV": {
            "close": 13.02,
            "loss": 6.476203,
            "max_close": 13.02,
            "min_close": 1.13858509,
            "p": 0.0,
            "profit": 0.0,
            "q": 0.99444443
        },
        "BIO": {
            "close": 573.77,
            "loss": 66.04819,
            "max_close": 643.45,
            "min_close": 432.34,
            "p": 0.25,
            "profit": 20.5557861,
            "q": 0.74444443
        },
        "C": {
            "close": 57.99,
            "loss": 9.876862,
            "max_close": 68.40837,
            "min_close": 40.2755241,
            "p": 0.2,
            "profit": 3.23803329,
            "q": 0.794444442
        },
        "DHI": {
            "close": 76.8,
            "loss": 10.1185226,
            "max_close": 78.97,
            "min_close": 45.9163437,
            "p": 0.0722222254,
            "profit": 0.9855728,
            "q": 0.9166667
        },
        "HTH": {
            "close": 30.04,
            "loss": 8.731501,
            "max_close": 33.22,
            "min_close": 13.8662968,
            "p": 0.0444444455,
            "profit": 2.29624939,
            "q": 0.95
        },
        "LAKE": {
            "close": 27.8,
            "loss": 6.35514069,
            "max_close": 31.25,
            "min_close": 13.5,
            "p": 0.0722222254,
            "profit": 1.70077133,
            "q": 0.9222222
        },
        "PSX": {
            "close": 67.8,
            "loss": 9.603786,
            "max_close": 87.2001343,
            "min_close": 43.5934563,
            "p": 0.333333343,
            "profit": 5.58272552,
            "q": 0.6611111
        },
        "REGI": {
            "close": 89.6,
            "loss": 43.2386475,
            "max_close": 100.53,
            "min_close": 22.31,
            "p": 0.03888889,
            "profit": 7.105713,
            "q": 0.955555558
        },
        "SMP": {
            "close": 39.23,
            "loss": 0.9415169,
            "max_close": 54.17,
            "min_close": 36.0383072,
            "p": 0.9166667,
            "profit": 5.359703,
            "q": 0.07777778
        },
        "SNX": {
            "close": 81.62,
            "loss": 26.6317825,
            "max_close": 91.34,
            "min_close": 35.98071,
            "p": 0.127777785,
            "profit": 4.49993134,
            "q": 0.8666667
        },
        "T": {
            "close": 28.63,
            "loss": 0.8308506,
            "max_close": 31.50766,
            "min_close": 26.033514,
            "p": 0.466666669,
            "profit": 0.577125549,
            "q": 0.5277778
        },
        "TDS": {
            "close": 18.75,
            "loss": 0.7779598,
            "max_close": 23.91577,
            "min_close": 16.5031128,
            "p": 0.677777767,
            "profit": 1.503622,
            "q": 0.316666663
        },
        "WFC": {
            "close": 29.88,
            "loss": 4.562811,
            "max_close": 34.75,
            "min_close": 21.0457516,
            "p": 0.13333334,
            "profit": 2.1369648,
            "q": 0.8611111
        }
    },
    "hold_stock_list": [
        "SMP",
        "T",
        "DHI",
        "C",
        "REGI",
        "TDS",
        "BGFV",
        "BIO",
        "WFC",
        "PSX",
        "SNX",
        "LAKE",
        "HTH"
    ],
    "portfolio": {
        "BGFV": {
            "cost_p": 12.23,
            "position_%": 9.612785307630746,
            "profit_%": 6.459525756336869
        },
        "BIO": {
            "cost_p": 597.32,
            "position_%": 6.371701289517928,
            "profit_%": -3.9426103261233623
        },
        "C": {
            "cost_p": 62.71,
            "position_%": 5.527531209129732,
            "profit_%": -7.526710253548076
        },
        "DHI": {
            "cost_p": 72.88,
            "position_%": 4.0916936877708725,
            "profit_%": 5.378704720087818
        },
        "HTH": {
            "cost_p": 29.44,
            "position_%": 7.437809821019281,
            "profit_%": 2.0380434782608625
        },
        "LAKE": {
            "cost_p": 29.73,
            "position_%": 7.010337870707982,
            "profit_%": -6.491759165825764
        },
        "PSX": {
            "cost_p": 70.43,
            "position_%": 9.88535902955895,
            "profit_%": -3.734204174357531
        },
        "REGI": {
            "cost_p": 80.92,
            "position_%": 6.3603155118027805,
            "profit_%": 10.726643598615908
        },
        "SMP": {
            "cost_p": 41.45,
            "position_%": 14.823771684839654,
            "profit_%": -5.35585042219543
        },
        "SNX": {
            "cost_p": 86.45,
            "position_%": 7.037651385788944,
            "profit_%": -5.587044534412954
        },
        "T": {
            "cost_p": 28.54,
            "position_%": 6.729735715775506,
            "profit_%": 0.31534688156972623
        },
        "TDS": {
            "cost_p": 20.77,
            "position_%": 5.830438933520926,
            "profit_%": -9.725565719788154
        },
        "WFC": {
            "cost_p": 31.79,
            "position_%": 9.280868552936708,
            "profit_%": -6.008178672538535
        }
    }
}