{"hold_stock_list":["BIO","ILPT","INTC","HIMX","STC","DHI","CCS","BAC","C","THO","WGO","DAC","EDRY","NMM","ZIM","X","GGB","SID","TX"],"portfolio":{"BAC":{"cost_p":35.99,"position_%":5.8463412101414605,"profit_%":-6.3350930814115065},"BIO":{"cost_p":522.14,"position_%":5.301140246358819,"profit_%":6.0271191634427606},"C":{"cost_p":49.1,"position_%":12.628627662640014,"profit_%":5.743380855397149},"CCS":{"cost_p":44.7,"position_%":1.815306002315388,"profit_%":14.988814317673368},"DAC":{"cost_p":73.49,"position_%":5.96898604519722,"profit_%":0.0},"DHI":{"cost_p":64.7,"position_%":2.627523453015786,"profit_%":20.91190108191654},"EDRY":{"cost_p":22.24,"position_%":0.9031858051788417,"profit_%":-21.582733812949627},"GGB":{"cost_p":4.57,"position_%":2.7220114164472653,"profit_%":0.4376367614879556},"HIMX":{"cost_p":7.32,"position_%":5.1527075072433215,"profit_%":-6.693989071038255},"ILPT":{"cost_p":17.42,"position_%":4.716275997066974,"profit_%":-43.97244546498278},"INTC":{"cost_p":43.58,"position_%":6.489346691945943,"profit_%":-15.190454336851761},"NMM":{"cost_p":30.04,"position_%":2.175578589531061,"profit_%":1.3981358189081283},"SID":{"cost_p":4.82,"position_%":4.567369464438568,"profit_%":-42.11618257261411},"STC":{"cost_p":52.86,"position_%":8.586762888804602,"profit_%":3.1592886870979977},"THO":{"cost_p":80.73,"position_%":8.316501593171298,"profit_%":4.39737396259135},"TX":{"cost_p":39.96,"position_%":3.2456209329987877,"profit_%":-12.612612612612612},"WGO":{"cost_p":52.16,"position_%":4.942613926662152,"profit_%":15.394938650306752},"X":{"cost_p":19.57,"position_%":3.9737738775516944,"profit_%":21.61471640265713},"ZIM":{"cost_p":56.94,"position_%":10.020326689290803,"profit_%":-12.662451703547594}},"KellyFormula_Range_v1":{"HIMX":{"profit":3.498702,"loss":0.280999184,"p":0.9388889,"q":0.055555556,"max_close":15.99,"min_close":6.35,"close":6.83},"X":{"profit":5.32127,"loss":2.86506653,"p":0.566666663,"q":0.427777767,"max_close":38.45,"min_close":17.02,"close":23.8},"SID":{"profit":1.64557457,"loss":0.149285555,"p":0.9166667,"q":0.07777778,"max_close":5.71,"min_close":2.45,"close":2.79},"TX":{"profit":7.082615,"loss":1.62599945,"p":0.9111111,"q":0.0833333358,"max_close":49.66,"min_close":30.76,"close":34.92},"INTC":{"profit":9.509491,"loss":0.513332367,"p":0.9777778,"q":0.0166666675,"max_close":55.91,"min_close":36.31,"close":36.96},"THO":{"profit":13.4016113,"loss":5.74325562,"p":0.516666651,"q":0.477777779,"max_close":114.76,"min_close":69.02,"close":84.28},"C":{"profit":8.594711,"loss":3.127163,"p":0.6611111,"q":0.333333343,"max_close":69.16,"min_close":44.14,"close":51.92},"ZIM":{"profit":12.8877182,"loss":3.16799927,"p":0.8277778,"q":0.166666672,"max_close":88.62,"min_close":42.05,"close":49.73},"WGO":{"profit":8.980991,"loss":7.04958344,"p":0.455555558,"q":0.5388889,"max_close":77.45,"min_close":44.28,"close":60.19},"EDRY":{"profit":7.99900436,"loss":0.8952637,"p":0.8888889,"q":0.105555557,"max_close":42.75,"min_close":15.55,"close":17.44},"NMM":{"profit":2.013836,"loss":4.46228027,"p":0.333333343,"q":0.655555546,"max_close":36.49,"min_close":20.36,"close":30.46},"CCS":{"profit":13.078743,"loss":3.50068665,"p":0.75,"q":0.244444445,"max_close":84.95,"min_close":40.36,"close":51.4},"DHI":{"profit":14.9644775,"loss":6.77919,"p":0.5222222,"q":0.4722222,"max_close":109.65,"min_close":60.56,"close":78.23},"BIO":{"profit":98.90173,"loss":41.7352,"p":0.5777778,"q":0.416666657,"max_close":779.99,"min_close":463.67,"close":553.61},"ILPT":{"profit":10.075983,"loss":0.09833431,"p":0.9611111,"q":0.0333333351,"max_close":25.55,"min_close":9.59,"close":9.76},"STC":{"profit":13.5128326,"loss":3.78530121,"p":0.7222222,"q":0.272222221,"max_close":80.18,"min_close":45.91,"close":54.53},"DAC":{"profit":15.5505829,"loss":5.42532349,"p":0.5777778,"q":0.416666657,"max_close":106.64,"min_close":57.38,"close":73.49},"GGB":{"profit":0.8576374,"loss":0.205882072,"p":0.8,"q":0.188888893,"max_close":6.51,"min_close":4.06,"close":4.59},"BAC":{"profit":8.640137,"loss":1.541565,"p":0.816666663,"q":0.177777782,"max_close":49.38,"min_close":30.13,"close":33.71}}}