{"hold_stock_list":["BIO","ILPT","INTC","HIMX","STC","DHI","CCS","BAC","C","THO","WGO","DAC","EDRY","NMM","ZIM","X","GGB","SID","TX"],"portfolio":{"BAC":{"cost_p":35.99,"position_%":5.558197791559731,"profit_%":-6.279522089469311},"BIO":{"cost_p":550.38,"position_%":7.366596592894764,"profit_%":-4.033576801482621},"C":{"cost_p":49.1,"position_%":12.006211724891344,"profit_%":6.232179226069237},"CCS":{"cost_p":44.7,"position_%":1.725836630193943,"profit_%":18.590604026845625},"DAC":{"cost_p":73.49,"position_%":5.674797939729435,"profit_%":-7.742550006803644},"DHI":{"cost_p":64.7,"position_%":2.498023041913828,"profit_%":16.47604327666151},"EDRY":{"cost_p":22.24,"position_%":0.858671289832512,"profit_%":-23.15647482014388},"GGB":{"cost_p":4.57,"position_%":2.587854061143908,"profit_%":-0.8752735229759306},"HIMX":{"cost_p":7.32,"position_%":4.89875059595095,"profit_%":-3.5519125683060198},"ILPT":{"cost_p":17.42,"position_%":4.483829097386798,"profit_%":-44.48909299655569},"INTC":{"cost_p":43.58,"position_%":6.169512034171308,"profit_%":-10.14226709499771},"NMM":{"cost_p":30.04,"position_%":2.0683527828858264,"profit_%":-20.173102529960047},"SID":{"cost_p":4.82,"position_%":4.342261588571486,"profit_%":-43.775933609958514},"STC":{"cost_p":52.86,"position_%":8.163554744702624,"profit_%":-2.17555807794173},"THO":{"cost_p":80.73,"position_%":7.906613577134891,"profit_%":4.137247615508471},"TX":{"cost_p":39.96,"position_%":3.0856569012326602,"profit_%":-14.889889889889895},"WGO":{"cost_p":52.16,"position_%":6.04158648529638,"profit_%":12.423312883435592},"X":{"cost_p":19.57,"position_%":5.037229359119383,"profit_%":3.7301992846193177},"ZIM":{"cost_p":56.94,"position_%":9.526463761388221,"profit_%":-18.387776606954688}},"KellyFormula_Range_v1":{"STC":{"profit":15.5085449,"loss":1.90882111,"p":0.8055556,"q":0.188888893,"max_close":80.18,"min_close":45.91,"close":51.71},"WGO":{"profit":9.755112,"loss":6.45482254,"p":0.533333361,"q":0.4611111,"max_close":77.45,"min_close":44.28,"close":58.64},"ZIM":{"profit":14.5701027,"loss":2.15999985,"p":0.933333337,"q":0.06111111,"max_close":88.62,"min_close":42.05,"close":46.47},"DAC":{"profit":15.3114319,"loss":5.250839,"p":0.8611111,"q":0.13333334,"max_close":106.64,"min_close":57.38,"close":67.8},"INTC":{"profit":8.87019,"loss":1.50541687,"p":0.8611111,"q":0.13333334,"max_close":55.91,"min_close":36.34,"close":39.16},"GGB":{"profit":0.897480965,"loss":0.191290379,"p":0.816666663,"q":0.172222227,"max_close":6.51,"min_close":4.06,"close":4.53},"X":{"profit":6.95394135,"loss":1.56718636,"p":0.816666663,"q":0.177777782,"max_close":38.45,"min_close":17.02,"close":20.3},"SID":{"profit":1.72654629,"loss":0.0899999142,"p":0.933333337,"q":0.06111111,"max_close":5.71,"min_close":2.45,"close":2.71},"THO":{"profit":14.34639,"loss":5.741951,"p":0.5388889,"q":0.455555558,"max_close":114.76,"min_close":69.02,"close":84.07},"C":{"profit":9.007404,"loss":3.3516655,"p":0.6611111,"q":0.333333343,"max_close":69.16,"min_close":44.14,"close":52.16},"ILPT":{"profit":10.3479519,"loss":0.029999733,"p":0.98888886,"q":0.00555555569,"max_close":28.3,"min_close":9.64,"close":9.67},"BAC":{"profit":8.894527,"loss":1.68069077,"p":0.8333333,"q":0.161111116,"max_close":49.38,"min_close":30.13,"close":33.73},"CCS":{"profit":13.2215233,"loss":4.197094,"p":0.6888889,"q":0.305555552,"max_close":84.95,"min_close":40.36,"close":53.01},"NMM":{"profit":5.27500725,"loss":1.61519814,"p":0.855555534,"q":0.1388889,"max_close":36.49,"min_close":20.36,"close":23.98},"HIMX":{"profit":3.43494368,"loss":0.452500343,"p":0.9222222,"q":0.06666667,"max_close":15.99,"min_close":6.35,"close":7.06},"TX":{"profit":7.878639,"loss":1.34333038,"p":0.9444444,"q":0.05,"max_close":49.66,"min_close":30.76,"close":34.01},"DHI":{"profit":16.1688156,"loss":5.091011,"p":0.6111111,"q":0.383333325,"max_close":109.65,"min_close":60.56,"close":75.36},"BIO":{"profit":113.211487,"loss":27.2125549,"p":0.6944444,"q":0.3,"max_close":783.22,"min_close":463.67,"close":528.18},"EDRY":{"profit":8.355425,"loss":0.7630768,"p":0.9222222,"q":0.0722222254,"max_close":42.75,"min_close":15.55,"close":17.09}}}