{"hold_stock_list":["SEE","EL","KSS","TGT","DIS","NKE","PVH","VFC","SBUX","MPW","NVO","PFE","ILPT","AAP","GM","PYPL","QCOM","EPAM","PAGS","EW","DAC","ZIM","VALE","GGB","SID","HAL","ALB"],"watch_stock_list":["ABNB","ACLS","ACMR","ADBE","ADSK","AEO","ALB","ALGM","ALGN","AMAT","ANSS","APD","APTV","ARTNA","ASML","AZN","BAC","BBY","BF-B","BIO","BLD","BUD","CAMT","CE","CNMD","CRM","CSCO","CVS","DE","DELL","DEO","DG","DHI","DIS","EL","EPAM","EW","EXLS","EXR","F","FDX","FFIV","FSLR","FTNT","G","GIS","GLOB","GM","GOOG","GSK","HAL","HAS","HMC","HOV","HPE","HPQ","INTC","ISRG","K","KSS","LMAT","LNTH","LQDT","LRCX","M","MA","MCHP","MKC","MMM","MMS","MOH","MPW","MS","MSFT","MU","NDAQ","NFLX","NICE","NKE","NOW","NVO","NXPI","ORCL","OXM","PAGS","PAYC","PCTY","PEP","PFE","PHG","PODD","PVH","PYPL","QCOM","SAIC","SBUX","SEE","SMP","SONY","SQM","STM","TDC","TEAM","TECH","TEX","TGT","TITN","TM","TEN","TRI","TX","UAL","UPS","VALE","VEEV","VFC","VMI","WDAY","WFC","WNS","X","ZTS"],"portfolio":{"AAP":{"cost_p":91.35,"position_%":11.442882221255896,"profit_%":-64.15982484948002},"ALB":{"cost_p":173.45,"position_%":6.207734525848262,"profit_%":-67.92159123666762},"DAC":{"cost_p":73.24,"position_%":3.9318634477353136,"profit_%":8.574549426542875},"DIS":{"cost_p":93.9,"position_%":2.520494113478604,"profit_%":-7.039403620873269},"EL":{"cost_p":143.03,"position_%":5.119009911975076,"profit_%":-59.9664406068657},"EPAM":{"cost_p":248.63,"position_%":2.224602241512905,"profit_%":-38.62365764388851},"EW":{"cost_p":87.4,"position_%":2.346019015101491,"profit_%":-19.382151029748297},"GGB":{"cost_p":2.9,"position_%":2.0758062986405257,"profit_%":-10.689655172413795},"GM":{"cost_p":44.92,"position_%":2.4115142827999767,"profit_%":2.0480854853072166},"HAL":{"cost_p":34.9,"position_%":2.1858598222322434,"profit_%":-40.94555873925501},"ILPT":{"cost_p":17.2,"position_%":3.0779196841911243,"profit_%":-84.41860465116278},"KSS":{"cost_p":21.98,"position_%":5.11328354977193,"profit_%":-69.4722474977252},"MPW":{"cost_p":6.18,"position_%":3.8706629516891877,"profit_%":-13.754045307443361},"NKE":{"cost_p":73.71,"position_%":5.276126974923901,"profit_%":-22.140822140822134},"NVO":{"cost_p":89.89,"position_%":2.4128563989413387,"profit_%":-31.80554010457226},"PAGS":{"cost_p":6.91,"position_%":0.06182681691209497,"profit_%":33.71924746743849},"PFE":{"cost_p":24,"position_%":2.147385826179854,"profit_%":-6.708333333333331},"PVH":{"cost_p":87.3,"position_%":4.686669565637533,"profit_%":-17.56013745704467},"PYPL":{"cost_p":68.03,"position_%":2.434777629250258,"profit_%":-8.187564309863296},"QCOM":{"cost_p":144.74,"position_%":2.5901052040106007,"profit_%":-2.9570263921514446},"SBUX":{"cost_p":87.91,"position_%":2.3597085997433878,"profit_%":-5.801387782959839},"SEE":{"cost_p":34.36,"position_%":7.070983627972563,"profit_%":-22.002328288707794},"SID":{"cost_p":4.54,"position_%":2.843496731499824,"profit_%":-64.75770925110133},"TGT":{"cost_p":107.3,"position_%":3.840241652484973,"profit_%":-14.119291705498593},"VALE":{"cost_p":12.22,"position_%":2.186754566326485,"profit_%":-21.849427168576103},"VFC":{"cost_p":18.8,"position_%":1.1774832280219534,"profit_%":-40.904255319148945},"ZIM":{"cost_p":40.74,"position_%":8.383931111862696,"profit_%":-66.20029455081001}},"KellyFormula_Range_v1":{"EL":{"profit":21.306171,"loss":3.2524948,"p":0.92777777,"q":0.06666667,"max_close":144.19576,"min_close":50.06,"close":57.26},"PAGS":{"profit":2.4400005,"loss":1.4799328,"p":0.15,"q":0.84444445,"max_close":14.6,"min_close":6.19,"close":9.24},"EW":{"profit":2.084221,"loss":2.5991058,"p":0.43333334,"q":0.5555556,"max_close":93.78,"min_close":59.7,"close":70.46},"KSS":{"profit":8.025157,"loss":0.34333324,"p":0.9611111,"q":0.033333335,"max_close":24.760237,"min_close":6.13,"close":6.71},"SEE":{"profit":6.9874687,"loss":1.2181816,"p":0.93333334,"q":0.06111111,"max_close":39.125454,"min_close":23.93,"close":26.8},"NVO":{"profit":39.222492,"loss":1.9174995,"p":0.9722222,"q":0.022222223,"max_close":144.04109,"min_close":58.08,"close":61.3},"GM":{"profit":4.5841064,"loss":1.7361336,"p":0.79444444,"q":0.2,"max_close":59.911987,"min_close":39.659782,"close":45.84},"ZIM":{"profit":2.177064,"loss":1.1008339,"p":0.7277778,"q":0.26666668,"max_close":19.163383,"min_close":7.3551364,"close":13.77},"ALB":{"profit":31.866623,"loss":2.3899994,"p":0.95555556,"q":0.03888889,"max_close":133.06651,"min_close":50.76,"close":55.64},"AAP":{"profit":9.73893,"loss":0.9634476,"p":0.95,"q":0.044444446,"max_close":74.70972,"min_close":30.074455,"close":32.74},"DIS":{"profit":15.1938095,"loss":2.6009598,"p":0.9,"q":0.094444446,"max_close":117.08121,"min_close":81.72,"close":87.29},"PVH":{"profit":24.489944,"loss":4.673004,"p":0.81666666,"q":0.17777778,"max_close":123.590614,"min_close":60.5,"close":71.97},"PYPL":{"profit":15.9121475,"loss":2.1054153,"p":0.92777777,"q":0.06666667,"max_close":91.81,"min_close":57.22,"close":62.46},"QCOM":{"profit":22.349335,"loss":5.46167,"p":0.92777777,"q":0.06666667,"max_close":223.54147,"min_close":124.66,"close":140.46},"HAL":{"profit":7.1073227,"loss":0.7350006,"p":0.9722222,"q":0.022222223,"max_close":37.98908,"min_close":19.26,"close":20.61},"NKE":{"profit":19.20147,"loss":2.1208344,"p":0.92777777,"q":0.06666667,"max_close":95.772415,"min_close":53.27,"close":57.39},"EPAM":{"profit":62.417526,"loss":5.512741,"p":0.93333334,"q":0.06111111,"max_close":267.63,"min_close":143.33,"close":152.6},"ILPT":{"profit":1.3092706,"loss":0.08571434,"p":0.95555556,"q":0.03888889,"max_close":5.113726,"min_close":2.5003462,"close":2.68},"TGT":{"profit":41.5783,"loss":1.7166595,"p":0.9777778,"q":0.016666668,"max_close":160.39769,"min_close":88.76,"close":92.15},"SBUX":{"profit":14.976639,"loss":5.042656,"p":0.9222222,"q":0.072222225,"max_close":115.81,"min_close":70.69844,"close":82.81},"PFE":{"profit":4.1877613,"loss":0.43571472,"p":0.95555556,"q":0.03888889,"max_close":30.407196,"min_close":21.59,"close":22.39},"MPW":{"profit":0.44044733,"loss":0.92626095,"p":0.27222222,"q":0.7222222,"max_close":6.21,"min_close":3.670565,"close":5.33},"DAC":{"profit":2.980751,"loss":2.3449173,"p":0.65555555,"q":0.33888888,"max_close":95.34127,"min_close":66.47,"close":79.52},"SID":{"profit":0.36690795,"loss":0.12484813,"p":0.6111111,"q":0.36666667,"max_close":2.564345,"min_close":1.3,"close":1.6},"VFC":{"profit":8.802161,"loss":0.6566658,"p":0.95555556,"q":0.033333335,"max_close":26.803305,"min_close":9.74,"close":11.11},"VALE":{"profit":0.5847244,"loss":0.55835056,"p":0.5,"q":0.49444443,"max_close":11.947872,"min_close":8.179748,"close":9.55},"GGB":{"profit":0.557472,"loss":0.09500003,"p":0.92777777,"q":0.06666667,"max_close":3.8891463,"min_close":2.3,"close":2.59}},"Factor_Intersectional_v1":[],"stock_info":{"EL":["Estee Lauder Cos., Inc.","Household & Personal Products","Consumer Defensive"],"PAGS":["PagSeguro Digital Ltd","Software - Infrastructure","Technology"],"EW":["Edwards Lifesciences Corp","Medical Devices","Healthcare"],"KSS":["Kohl's Corp.","Department Stores","Consumer Cyclical"],"SEE":["Sealed Air Corp.","Packaging & Containers","Consumer Cyclical"],"NVO":["Novo Nordisk ADR","Biotechnology","Healthcare"],"GM":["General Motors Company","Auto Manufacturers","Consumer Cyclical"],"ZIM":["Zim Integrated Shipping Services Ltd","Marine Shipping","Industrials"],"ALB":["Albemarle Corp.","Specialty Chemicals","Basic Materials"],"AAP":["Advance Auto Parts Inc","Specialty Retail","Consumer Cyclical"],"DIS":["Walt Disney Co","Entertainment","Communication Services"],"PVH":["PVH Corp","Apparel Manufacturing","Consumer Cyclical"],"PYPL":["PayPal Holdings Inc","Credit Services","Financial"],"QCOM":["Qualcomm, Inc.","Semiconductors","Technology"],"HAL":["Halliburton Co.","Oil & Gas Equipment & Services","Energy"],"NKE":["Nike, Inc.","Footwear & Accessories","Consumer Cyclical"],"EPAM":["EPAM Systems Inc","Information Technology Services","Technology"],"ILPT":["Industrial Logistics Properties Trust","REIT - Industrial","Real Estate"],