{
    "KellyFormula_Range_v1": {
        "BAC": {
            "close": 24.1,
            "loss": 1.73210144,
            "max_close": 34.2153,
            "min_close": 17.8342,
            "p": 0.5555556,
            "profit": 3.61221313,
            "q": 0.438888878
        },
        "DHI": null,
        "EWBC": {
            "close": 32.82,
            "loss": 3.57301521,
            "max_close": 49.8306,
            "min_close": 22.422,
            "p": 0.7277778,
            "profit": 5.356106,
            "q": 0.266666681
        },
        "FBP": {
            "close": 5.34,
            "loss": 0.370844841,
            "max_close": 10.1812,
            "min_close": 3.6669,
            "p": 0.655555546,
            "profit": 1.31361389,
            "q": 0.338888884
        },
        "FHN": {
            "close": 9.59,
            "loss": 0.9566755,
            "max_close": 16.4509,
            "min_close": 6.597,
            "p": 0.383333325,
            "profit": 2.98909187,
            "q": 0.6111111
        },
        "PBCT": {
            "close": 10.17,
            "loss": 0.276489258,
            "max_close": 15.9385,
            "min_close": 9.2231,
            "p": 0.9388889,
            "profit": 1.90644741,
            "q": 0.05
        },
        "PFC": {
            "close": 15.75,
            "loss": 1.40668106,
            "max_close": 30.7262,
            "min_close": 11.194,
            "p": 0.7111111,
            "profit": 4.66959572,
            "q": 0.283333331
        },
        "PNC": {
            "close": 109.43,
            "loss": 8.943466,
            "max_close": 151.7491,
            "min_close": 78.786,
            "p": 0.433333337,
            "profit": 17.0580673,
            "q": 0.5611111
        },
        "PSX": {
            "close": 50.28,
            "loss": 4.472542,
            "max_close": 100.0253,
            "min_close": 40.9713,
            "p": 0.933333337,
            "profit": 18.7588654,
            "q": 0.06111111
        },
        "SLM": {
            "close": 8.14,
            "loss": 0.8665199,
            "max_close": 12.1515,
            "min_close": 6.0536,
            "p": 0.25,
            "profit": 2.22279644,
            "q": 0.73888886
        },
        "SNV": {
            "close": 21.46,
            "loss": 2.857792,
            "max_close": 37.8515,
            "min_close": 12.368,
            "p": 0.377777785,
            "profit": 6.201212,
            "q": 0.6166667
        },
        "STL": {
            "close": 10.69,
            "loss": 0.7385254,
            "max_close": 20.7154,
            "min_close": 7.3857,
            "p": 0.73888886,
            "profit": 3.0837307,
            "q": 0.25555557
        },
        "WFC": {
            "close": 23.56,
            "loss": 0.456432343,
            "max_close": 47.5702,
            "min_close": 22.4374,
            "p": 0.9611111,
            "profit": 6.47652054,
            "q": 0.0333333351
        }
    },
    "hold_stock_list": [
        "DHI",
        "BAC",
        "PNC",
        "PFC",
        "SNV",
        "FHN",
        "STL",
        "EWBC",
        "PBCT",
        "FBP",
        "WFC",
        "SLM",
        "PSX"
    ]
}