{
    "KellyFormula_Range_v1": {
        "ASML": {
            "close": 469.92,
            "loss": 21.8509521,
            "max_close": 811.43,
            "min_close": 428.88,
            "p": 0.927777767,
            "profit": 140.600433,
            "q": 0.06111111
        },
        "BAC": {
            "close": 33.06,
            "loss": 1.19231224,
            "max_close": 49.38,
            "min_close": 30.13,
            "p": 0.85,
            "profit": 7.174305,
            "q": 0.144444451
        },
        "BIO": {
            "close": 477.91,
            "loss": 6.22497559,
            "max_close": 764.32,
            "min_close": 463.67,
            "p": 0.9611111,
            "profit": 86.22092,
            "q": 0.0333333351
        },
        "C": {
            "close": 48.22,
            "loss": 1.40857315,
            "max_close": 67.84,
            "min_close": 44.14,
            "p": 0.8388889,
            "profit": 8.039009,
            "q": 0.155555561
        },
        "CCS": {
            "close": 43.91,
            "loss": 3.28750229,
            "max_close": 81.94,
            "min_close": 40.36,
            "p": 0.9722222,
            "profit": 13.2064781,
            "q": 0.0222222228
        },
        "DAC": {
            "close": 65.61,
            "loss": 4.130001,
            "max_close": 106.64,
            "min_close": 57.38,
            "p": 0.8888889,
            "profit": 17.0235138,
            "q": 0.105555557
        },
        "EDRY": {
            "close": 13.66,
            "loss": 0.0,
            "max_close": 42.75,
            "min_close": 13.66,
            "p": 0.99444443,
            "profit": 10.18919,
            "q": 0.0
        },
        "GGB": {
            "close": 4.6,
            "loss": 0.222580433,
            "max_close": 6.51,
            "min_close": 4.06,
            "p": 0.816666663,
            "profit": 0.82353735,
            "q": 0.172222227
        },
        "HIMX": {
            "close": 5.74,
            "loss": 0.0,
            "max_close": 15.99,
            "min_close": 5.74,
            "p": 0.99444443,
            "profit": 3.85234928,
            "q": 0.0
        },
        "ILPT": {
            "close": 6.74,
            "loss": 0.0,
            "max_close": 25.55,
            "min_close": 6.74,
            "p": 0.99444443,
            "profit": 10.7258949,
            "q": 0.0
        },
        "INTC": {
            "close": 30.36,
            "loss": 0.0,
            "max_close": 55.91,
            "min_close": 30.36,
            "p": 0.99444443,
            "profit": 13.7884407,
            "q": 0.0
        },
        "MMM": {
            "close": 116.6,
            "loss": 0.0,
            "max_close": 181.02,
            "min_close": 116.6,
            "p": 0.99444443,
            "profit": 32.9081955,
            "q": 0.0
        },
        "NFLX": {
            "close": 218.39,
            "loss": 30.1521759,
            "max_close": 614.24,
            "min_close": 166.37,
            "p": 0.644444466,
            "profit": 157.116165,
            "q": 0.35
        },
        "NKE": {
            "close": 105.15,
            "loss": 1.40231323,
            "max_close": 168.78,
            "min_close": 101.18,
            "p": 0.9222222,
            "profit": 23.14225,
            "q": 0.0722222254
        },
        "NMM": {
            "close": 25.75,
            "loss": 2.083208,
            "max_close": 36.49,
            "min_close": 20.36,
            "p": 0.7,
            "profit": 4.66976738,
            "q": 0.294444442
        },
        "SID": {
            "close": 2.56,
            "loss": 0.109999895,
            "max_close": 5.71,
            "min_close": 2.45,
            "p": 0.98888886,
            "profit": 1.59123611,
            "q": 0.00555555569
        },
        "STC": {
            "close": 51.06,
            "loss": 1.74481583,
            "max_close": 80.18,
            "min_close": 45.91,
            "p": 0.844444454,
            "profit": 11.040802,
            "q": 0.15
        },
        "THO": {
            "close": 76.34,
            "loss": 2.729599,
            "max_close": 106.42,
            "min_close": 69.02,
            "p": 0.855555534,
            "profit": 11.1603241,
            "q": 0.1388889
        },
        "TX": {
            "close": 29.41,
            "loss": 0.0,
            "max_close": 49.66,
            "min_close": 29.41,
            "p": 0.99444443,
            "profit": 10.8457985,
            "q": 0.0
        },
        "VALE": {
            "close": 12.14,
            "loss": 0.0,
            "max_close": 21.23,
            "min_close": 12.14,
            "p": 0.99444443,
            "profit": 3.87469387,
            "q": 0.0
        },
        "ZIM": {
            "close": 33.07,
            "loss": 0.0,
            "max_close": 88.62,
            "min_close": 33.07,
            "p": 0.99444443,
            "profit": 26.00409,
            "q": 0.0
        }
    },
    "hold_stock_list": [
        "BIO",
        "ILPT",
        "ASML",
        "NFLX",
        "NKE",
        "INTC",
        "HIMX",
        "STC",
        "VALE",
        "CCS",
        "BAC",
        "C",
        "THO",
        "MMM",
        "DAC",
        "EDRY",
        "NMM",
        "ZIM",
        "GGB",
        "SID",
        "TX"
    ],
    "portfolio": {
        "ASML": {
            "cost_p": 569.13,
            "position_%": 3.682524260285807,
            "profit_%": -17.43186969585156
        },
        "BAC": {
            "cost_p": 35.99,
            "position_%": 5.588911417539875,
            "profit_%": -8.141150319533203
        },
        "BIO": {
            "cost_p": 522.14,
            "position_%": 5.0677170873059705,
            "profit_%": -8.4709081855441
        },
        "C": {
            "cost_p": 49.1,
            "position_%": 12.072555944760001,
            "profit_%": -1.7922606924643636
        },
        "CCS": {
            "cost_p": 45.45,
            "position_%": 2.3526537364748292,
            "profit_%": -3.3883388338834015
        },
        "DAC": {
            "cost_p": 73.49,
            "position_%": 5.706155877674428,
            "profit_%": -10.72254728534494
        },
        "EDRY": {
            "cost_p": 22.24,
            "position_%": 0.8634161567524784,
            "profit_%": -38.57913669064747
        },
        "GGB": {
            "cost_p": 4.57,
            "position_%": 2.602154088725845,
            "profit_%": 0.6564551422319334
        },
        "HIMX": {
            "cost_p": 7.32,
            "position_%": 4.925820232408025,
            "profit_%": -21.584699453551913
        },
        "ILPT": {
            "cost_p": 17.42,
            "position_%": 4.50860595042811,
            "profit_%": -61.30884041331803
        },
        "INTC": {
            "cost_p": 39.47,
            "position_%": 9.193984453332822,
            "profit_%": -23.08082087661515
        },
        "MMM": {
            "cost_p": 130,
            "position_%": 3.3646313062896347,
            "profit_%": -10.307692307692312
        },
        "NFLX": {
            "cost_p": 248.68,
            "position_%": 3.21814043556964,
            "profit_%": -12.180312047611395
        },
        "NKE": {
            "cost_p": 115.53,
            "position_%": 2.990121960120319,
            "profit_%": -8.98467930407686
        },
        "NMM": {
            "cost_p": 30.04,
            "position_%": 2.07978213753474,
            "profit_%": -14.280958721704392
        },
        "SID": {
            "cost_p": 4.82,
            "position_%": 4.366256164392779,
            "profit_%": -46.88796680497925
        },
        "STC": {
            "cost_p": 52.86,
            "position_%": 8.208665116175542,
            "profit_%": -3.4052213393870545
        },
        "THO": {
            "cost_p": 79.5,
            "position_%": 3.0864021790387612,
            "profit_%": -3.974842767295593
        },