{
    "Factor_Intersectional_v1": [],
    "KellyFormula_Range_v1": {
        "AAP": {
            "close": 43.73,
            "loss": 4.1948013,
            "max_close": 85.25006,
            "min_close": 35.69,
            "p": 0.62222224,
            "profit": 18.770359,
            "q": 0.37222221
        },
        "ALB": {
            "close": 89.99,
            "loss": 5.8069534,
            "max_close": 150.06076,
            "min_close": 72.23231,
            "p": 0.7722222,
            "profit": 15.8300705,
            "q": 0.22222222
        },
        "CVS": {
            "close": 44.25,
            "loss": 0.26333618,
            "max_close": 78.15087,
            "min_close": 43.78,
            "p": 0.9777778,
            "profit": 13.967884,
            "q": 0.016666668
        },
        "DAC": {
            "close": 79.84,
            "loss": 3.7540436,
            "max_close": 95.34127,
            "min_close": 68.38013,
            "p": 0.75555557,
            "profit": 5.353012,
            "q": 0.23888889
        },
        "EL": {
            "close": 75.08,
            "loss": 7.230072,
            "max_close": 155.19865,
            "min_close": 62.443096,
            "p": 0.85555553,
            "profit": 29.420555,
            "q": 0.1388889
        },
        "EPAM": {
            "close": 242.47,
            "loss": 43.369476,
            "max_close": 314.63,
            "min_close": 170.25,
            "p": 0.2,
            "profit": 6.146942,
            "q": 0.79444444
        },
        "EW": {
            "close": 75.38,
            "loss": 7.196419,
            "max_close": 95.56,
            "min_close": 59.7,
            "p": 0.40555555,
            "profit": 13.040817,
            "q": 0.5888889
        },
        "GIS": {
            "close": 63.74,
            "loss": 1.2342644,
            "max_close": 74.52436,
            "min_close": 60.71325,
            "p": 0.8833333,
            "profit": 4.6960106,
            "q": 0.11111111
        },
        "HAL": {
            "close": 26.84,
            "loss": 0.8024998,
            "max_close": 40.58066,
            "min_close": 25.77,
            "p": 0.9722222,
            "profit": 5.3597145,
            "q": 0.022222223
        },
        "ILPT": {
            "close": 3.44,
            "loss": 0.0669055,
            "max_close": 5.146735,
            "min_close": 3.25,
            "p": 0.95555556,
            "profit": 0.7455282,
            "q": 0.03888889
        },
        "KSS": {
            "close": 14.39,
            "loss": 0.2216177,
            "max_close": 27.064507,
            "min_close": 13.86,
            "p": 0.9444444,
            "profit": 5.3054667,
            "q": 0.05
        },
        "MPW": {
            "close": 3.77,
            "loss": 0.058321476,
            "max_close": 6.2460093,
            "min_close": 2.7921417,
            "p": 0.9722222,
            "profit": 0.8599653,
            "q": 0.022222223
        },
        "NKE": {
            "close": 76.79,
            "loss": 3.040886,
            "max_close": 106.98481,
            "min_close": 70.41491,
            "p": 0.73333335,
            "profit": 8.828232,
            "q": 0.2611111
        },
        "NVO": {
            "close": 87.37,
            "loss": 2.3700027,
            "max_close": 146.36218,
            "min_close": 85.0,
            "p": 0.98888886,
            "profit": 38.23591,
            "q": 0.0055555557
        },
        "PAGS": {
            "close": 6.38,
            "loss": 0.1133337,
            "max_close": 14.6,
            "min_close": 6.22,
            "p": 0.9777778,
            "profit": 4.1895456,
            "q": 0.016666668
        },
        "PYPL": {
            "close": 88.25,
            "loss": 17.975975,
            "max_close": 91.3,
            "min_close": 56.13,
            "p": 0.055555556,
            "profit": 1.7845001,
            "q": 0.9388889
        },
        "SEE": {
            "close": 34.03,
            "loss": 1.532299,
            "max_close": 39.39198,
            "min_close": 30.610888,
            "p": 0.76111114,
            "profit": 1.929882,
            "q": 0.23333333
        },
        "SID": {
            "close": 1.5,
            "loss": 0.029999971,
            "max_close": 3.799283,
            "min_close": 1.47,
            "p": 0.98888886,
            "profit": 0.7362423,
            "q": 0.0055555557
        },
        "TGT": {
            "close": 132.4,
            "loss": 3.1217651,
            "max_close": 175.23389,
            "min_close": 121.59,
            "p": 0.9,
            "profit": 18.18399,
            "q": 0.094444446
        },
        "VALE": {
            "close": 8.94,
            "loss": 0.1333332,
            "max_close": 14.6437645,
            "min_close": 8.74,
            "p": 0.9722222,
            "profit": 1.8028593,
            "q": 0.016666668
        },
        "VFC": {
            "close": 21.88,
            "loss": 5.443466,
            "max_close": 22.59,
            "min_close": 11.779906,
            "p": 0.027777778,
            "profit": 0.3832245,
            "q": 0.96666664
        },
        "ZIM": {
            "close": 21.5,
            "loss": 3.957285,
            "max_close": 27.01,
            "min_close": 8.707805,
            "p": 0.22777778,
            "profit": 2.2842731,
            "q": 0.76666665
        }
    },
    "hold_stock_list": [
        "SEE",
        "GIS",
        "EL",
        "KSS",
        "TGT",
        "NKE",
        "VFC",
        "MPW",
        "NVO",
        "CVS",
        "ILPT",
        "AAP",
        "PYPL",
        "EPAM",
        "PAGS",
        "EW",
        "DAC",
        "ZIM",
        "VALE",
        "SID",
        "HAL",
        "ALB"
    ],
    "portfolio": {
        "AAP": {
            "cost_p": 91.35,
            "position_%": 13.974132175687915,
            "profit_%": -52.12917350848385
        },
        "ALB": {
            "cost_p": 173.45,
            "position_%": 7.58093119359784,
            "profit_%": -48.11761314499856
        },
        "CVS": {
            "cost_p": 65.41,
            "position_%": 5.717713570172784,
            "profit_%": -32.34979360953982
        },
        "DAC": {
            "cost_p": 73.24,
            "position_%": 4.801620645307919,
            "profit_%": 9.01146914254507
        },
        "EL": {
            "cost_p": 143.25,
            "position_%": 6.2609881434585795,
            "profit_%": -47.588132635253054
        },
        "EPAM": {
            "cost_p": 250,
            "position_%": 2.731670219659066,
            "profit_%": -3.0120000000000005
        },
        "EW": {
            "cost_p": 87.5,
            "position_%": 2.868253730642019,
            "profit_%": -13.851428571428576
        },
        "GIS": {
            "cost_p": 65,
            "position_%": 2.8409370284454285,
            "profit_%": -1.9384615384615353
        },
        "HAL": {
            "cost_p": 35,
            "position_%": 2.6770368152658843,
            "profit_%": -23.314285714285717
        },
        "ILPT": {
            "cost_p": 17.24,
            "position_%": 3.7675195669537835,
            "profit_%": -80.04640371229699
        },
        "KSS": {
            "cost_p": 22.03,
            "position_%": 6.258584273665278,
            "profit_%": -34.679981842941444
        },
        "MPW": {
            "cost_p": 6.18,
            "position_%": 4.726882148098047,
            "profit_%": -38.996763754045304
        },
        "NKE": {
            "cost_p": 75.5,
            "position_%": 3.2998576253481513,
            "profit_%": 1.708609271523187
        },
        "NVO": {
            "cost_p": 90,
            "position_%": 2.950203837231791,
            "profit_%": -2.922222222222217
        },
        "PAGS": {
            "cost_p": 7,
            "position_%": 0.07648676615045384,
            "profit_%": -8.85714285714286
        },