{
    "Factor_Intersectional_v1": [],
    "KellyFormula_Range_v1": {
        "AAP": {
            "close": 61.9,
            "loss": 15.6931,
            "max_close": 66.5,
            "min_close": 29.948305,
            "p": 0.06666667,
            "profit": 1.3850021,
            "q": 0.92777777
        },
        "ALB": {
            "close": 84.47,
            "loss": 14.8400955,
            "max_close": 108.93781,
            "min_close": 50.15882,
            "p": 0.07777778,
            "profit": 4.714897,
            "q": 0.9166667
        },
        "EL": {
            "close": 86.2,
            "loss": 17.606041,
            "max_close": 95.3413,
            "min_close": 49.614822,
            "p": 0.30555555,
            "profit": 3.2229538,
            "q": 0.6888889
        },
        "EPAM": {
            "close": 152.3,
            "loss": 3.7438965,
            "max_close": 267.63,
            "min_close": 143.33,
            "p": 0.89444447,
            "profit": 32.98358,
            "q": 0.1
        },
        "EW": {
            "close": 76.31,
            "loss": 3.6584625,
            "max_close": 81.83,
            "min_close": 64.54,
            "p": 0.37777779,
            "profit": 2.2525253,
            "q": 0.6166667
        },
        "GGB": {
            "close": 3.15,
            "loss": 0.2886169,
            "max_close": 3.4845803,
            "min_close": 2.264944,
            "p": 0.022222223,
            "profit": 0.021690369,
            "q": 0.9722222
        },
        "HAL": {
            "close": 24.9,
            "loss": 3.2749577,
            "max_close": 31.096924,
            "min_close": 18.956635,
            "p": 0.22222222,
            "profit": 1.1690826,
            "q": 0.7722222
        },
        "ILPT": {
            "close": 5.55,
            "loss": 1.839407,
            "max_close": 6.45,
            "min_close": 2.4764423,
            "p": 0.25,
            "profit": 0.4526987,
            "q": 0.74444443
        },
        "MPW": {
            "close": 5.38,
            "loss": 0.85188484,
            "max_close": 5.9922843,
            "min_close": 3.5418787,
            "p": 0.12777779,
            "profit": 0.35127258,
            "q": 0.8666667
        },
        "NKE": {
            "close": 74.2,
            "loss": 8.918747,
            "max_close": 82.11787,
            "min_close": 52.644737,
            "p": 0.30555555,
            "profit": 2.1173325,
            "q": 0.6888889
        },
        "NVO": {
            "close": 59.17,
            "loss": 5.3151093,
            "max_close": 118.13634,
            "min_close": 45.38,
            "p": 0.75555557,
            "profit": 13.882713,
            "q": 0.23888889
        },
        "PVH": {
            "close": 85.14,
            "loss": 11.581062,
            "max_close": 112.69704,
            "min_close": 60.44541,
            "p": 0.16111112,
            "profit": 4.708809,
            "q": 0.8333333
        },
        "PYPL": {
            "close": 66.66,
            "loss": 3.8456306,
            "max_close": 91.81,
            "min_close": 57.41,
            "p": 0.8611111,
            "profit": 6.349571,
            "q": 0.13333334
        },
        "SEE": {
            "close": 35.57,
            "loss": 4.539236,
            "max_close": 36.532112,
            "min_close": 23.64138,
            "p": 0.0,
            "profit": 0.0,
            "q": 0.99444443
        },
        "SID": {
            "close": 1.54,
            "loss": 0.10035765,
            "max_close": 2.35638,
            "min_close": 1.25,
            "p": 0.34444445,
            "profit": 0.10064471,
            "q": 0.62222224
        },
        "TGT": {
            "close": 89.14,
            "loss": 1.2624283,
            "max_close": 154.72142,
            "min_close": 86.56,
            "p": 0.93333334,
            "profit": 15.16227,
            "q": 0.06111111
        },
        "VALE": {
            "close": 10.98,
            "loss": 1.5625992,
            "max_close": 10.98,
            "min_close": 7.91076,
            "p": 0.0,
            "profit": 0.0,
            "q": 0.99444443
        },
        "VFC": {
            "close": 15.34,
            "loss": 2.5917015,
            "max_close": 26.460835,
            "min_close": 9.61555,
            "p": 0.31111112,
            "profit": 6.1712914,
            "q": 0.68333334
        },
        "ZIM": {
            "close": 13.71,
            "loss": 0.59239864,
            "max_close": 18.54858,
            "min_close": 11.213416,
            "p": 0.7777778,
            "profit": 1.9778833,
            "q": 0.21666667
        }
    },
    "hold_stock_list": [
        "SEE",
        "EL",
        "TGT",
        "NKE",
        "PVH",
        "VFC",
        "MPW",
        "NVO",
        "ILPT",
        "AAP",
        "PYPL",
        "EPAM",
        "EW",
        "ZIM",
        "VALE",
        "GGB",
        "SID",
        "HAL",
        "ALB"
    ],
    "portfolio": {
        "AAP": {
            "cost_p": 91.35,
            "position_%": 12.838582606024465,
            "profit_%": -32.23864258347017
        },
        "ALB": {
            "cost_p": 173.45,
            "position_%": 6.964898437766655,
            "profit_%": -51.30008648025367
        },
        "EL": {
            "cost_p": 143.03,
            "position_%": 5.743380937179387,
            "profit_%": -39.7329231629728
        },
        "EPAM": {
            "cost_p": 248.63,
            "position_%": 2.495939317644744,
            "profit_%": -38.744318867393304
        },
        "EW": {
            "cost_p": 80.31,
            "position_%": 5.6434951783789,
            "profit_%": -4.980699788320258
        },
        "GGB": {
            "cost_p": 2.9,
            "position_%": 2.3289945770565925,
            "profit_%": 8.620689655172415
        },
        "HAL": {
            "cost_p": 26.94,
            "position_%": 5.138444673328394,
            "profit_%": -7.572383073496669
        },
        "ILPT": {
            "cost_p": 17.2,
            "position_%": 3.45333678667012,
            "profit_%": -67.73255813953489
        },
        "MPW": {
            "cost_p": 6.18,
            "position_%": 4.34277178463225,
            "profit_%": -12.944983818770226
        },
        "NKE": {
            "cost_p": 73.71,
            "position_%": 5.919661733615221,
            "profit_%": 0.6647673314340105
        },
        "NVO": {
            "cost_p": 74.48,
            "position_%": 5.23381298575097,
            "profit_%": -20.555853920515577
        },
        "PVH": {
            "cost_p": 87.3,
            "position_%": 5.258307583888979,
            "profit_%": -2.4742268041237074
        },
        "PYPL": {
            "cost_p": 68.03,
            "position_%": 2.731750018571724,
            "profit_%": -2.013817433485234
        },
        "SEE": {
            "cost_p": 34.36,
            "position_%": 7.933438941190879,
            "profit_%": 3.5215366705471505
        },
        "SID": {
            "cost_p": 4.54,
            "position_%": 3.190321019778384,
            "profit_%": -66.07929515418502
        },
        "TGT": {
            "cost_p": 107.3,
            "position_%": 4.308639967554696,
            "profit_%": -16.924510717614165
        },
        "VALE": {
            "cost_p": 12.22,
            "position_%": 2.453475321692376,
            "profit_%": -10.147299509001638
        },
        "VFC": {
            "cost_p": 18.8,
            "position_%": 1.3211020962958948,
            "profit_%": -18.40425531914894
        },
        "ZIM": {
            "cost_p": 29.42,
            "position_%": 12.699646032979366,
            "profit_%": -53.39904826648538
        }
    },
    "stock_info": {
        "AAP": [
            "Advance Auto Parts Inc",
            "Auto Parts",
            "Consumer Cyclical"
        ],