{"hold_stock_list":["SEE","EL","KSS","TGT","NKE","PVH","VFC","SBUX","MPW","NVO","PFE","ILPT","AAP","PYPL","EPAM","EW","ZIM","VALE","GGB","SID","HAL","ALB"],"watch_stock_list":["ABNB","ACLS","ACMR","ADBE","ADSK","AEO","ALB","ALGM","ALGN","AMAT","ANSS","APD","APTV","ARTNA","ASML","AZN","BAC","BBY","BF-B","BIO","BLD","BUD","CAMT","CE","CNMD","CRM","CSCO","CVS","DE","DELL","DEO","DG","DHI","DIS","EL","EPAM","EW","EXLS","EXR","F","FDX","FFIV","FSLR","FTNT","G","GIS","GLOB","GM","GOOG","GSK","HAL","HAS","HMC","HOV","HPE","HPQ","INTC","ISRG","K","KSS","LMAT","LNTH","LQDT","LRCX","M","MA","MCHP","MKC","MMM","MMS","MOH","MPW","MS","MSFT","MU","NDAQ","NFLX","NICE","NKE","NOW","NVO","NXPI","ORCL","OXM","PAGS","PAYC","PCTY","PEP","PFE","PHG","PODD","PVH","PYPL","QCOM","SAIC","SBUX","SEE","SMP","SONY","SQM","STM","TDC","TEAM","TECH","TEX","TGT","TITN","TM","TEN","TRI","TX","UAL","UPS","VALE","VEEV","VFC","VMI","WDAY","WFC","WNS","X","ZTS"],"portfolio":{"AAP":{"cost_p":91.35,"position_%":12.256656632481434,"profit_%":-49.09688013136289},"ALB":{"cost_p":173.45,"position_%":6.649205075936836,"profit_%":-62.55405015854713},"EL":{"cost_p":143.03,"position_%":5.4830544941553505,"profit_%":-44.00475424736069},"EPAM":{"cost_p":248.63,"position_%":2.3828075209428876,"profit_%":-29.642440574347418},"EW":{"cost_p":87.4,"position_%":2.5128589952589193,"profit_%":-10.514874141876444},"GGB":{"cost_p":2.9,"position_%":2.2234297745998064,"profit_%":-1.0344827586206828},"HAL":{"cost_p":34.9,"position_%":2.34130988764971,"profit_%":-41.060171919770774},"ILPT":{"cost_p":17.2,"position_%":3.29680966578592,"profit_%":-73.08139534883722},"KSS":{"cost_p":11.63,"position_%":10.700064115281002,"profit_%":-27.429062768701645},"MPW":{"cost_p":6.18,"position_%":4.145929829706364,"profit_%":-27.831715210355984},"NKE":{"cost_p":73.71,"position_%":5.651345127094888,"profit_%":-2.265635598968916},"NVO":{"cost_p":89.89,"position_%":2.5844496005014217,"profit_%":-23.784625653576587},"PFE":{"cost_p":24,"position_%":2.3000997668273864,"profit_%":0.791666666666672},"PVH":{"cost_p":87.3,"position_%":5.01996774110077,"profit_%":-24.696449026345938},"PYPL":{"cost_p":68.03,"position_%":2.607929785621118,"profit_%":8.246361899162133},"SBUX":{"cost_p":87.91,"position_%":2.527522131272444,"profit_%":4.777613468319876},"SEE":{"cost_p":34.36,"position_%":7.573845182201444,"profit_%":-9.051222351571592},"SID":{"cost_p":4.54,"position_%":3.045715441240597,"profit_%":-69.38325991189429},"TGT":{"cost_p":107.3,"position_%":4.1133450830096425,"profit_%":-7.52096924510717},"VALE":{"cost_p":12.22,"position_%":2.3422682625525546,"profit_%":-20.294599018003275},"VFC":{"cost_p":18.8,"position_%":1.2612213721436834,"profit_%":-37.02127659574469},"ZIM":{"cost_p":40.74,"position_%":8.980164514635822,"profit_%":-59.42562592047128}},"KellyFormula_Range_v1":{"SID":{"profit":0.28439295,"loss":0.045000076,"p":0.9166667,"q":0.06666667,"max_close":2.35638,"min_close":1.3,"close":1.39},"AAP":{"profit":2.600399,"loss":8.093563,"p":0.23333333,"q":0.76111114,"max_close":63.163086,"min_close":30.074455,"close":46.5},"MPW":{"profit":0.61976385,"loss":0.35303116,"p":0.56666666,"q":0.42777777,"max_close":6.0981083,"min_close":3.6044285,"close":4.46},"EPAM":{"profit":43.271973,"loss":13.516663,"p":0.74444443,"q":0.25,"max_close":267.63,"min_close":143.33,"close":174.93},"SEE":{"profit":2.6932487,"loss":2.9014568,"p":0.70555556,"q":0.2888889,"max_close":37.12705,"min_close":23.781643,"close":31.25},"HAL":{"profit":5.578871,"loss":0.63105774,"p":0.8277778,"q":0.16666667,"max_close":35.486828,"min_close":19.099735,"close":20.57},"GGB":{"profit":0.24121928,"loss":0.16797566,"p":0.62222224,"q":0.36666667,"max_close":3.5385134,"min_close":2.3,"close":2.87},"SBUX":{"profit":7.897255,"loss":5.8914566,"p":0.60555553,"q":0.3888889,"max_close":115.00041,"min_close":70.74659,"close":92.11},"PFE":{"profit":1.4892445,"loss":1.258995,"p":0.6944444,"q":0.3,"max_close":29.83797,"min_close":21.185833,"close":24.19},"PYPL":{"profit":10.314774,"loss":5.333023,"p":0.54444444,"q":0.45,"max_close":91.81,"min_close":57.22,"close":73.64},"ZIM":{"profit":0.9109287,"loss":1.6848068,"p":0.37777779,"q":0.6111111,"max_close":19.37,"min_close":11.051109,"close":16.53},"PVH":{"profit":22.847527,"loss":1.3381653,"p":0.8611111,"q":0.13333334,"max_close":112.74689,"min_close":60.472145,"close":65.74},"KSS":{"profit":5.2469025,"loss":0.9610028,"p":0.6666667,"q":0.32777777,"max_close":21.074236,"min_close":6.0484843,"close":8.44},"NVO":{"profit":21.94117,"loss":3.5740814,"p":0.7777778,"q":0.21666667,"max_close":142.58017,"min_close":58.08,"close":68.51},"VALE":{"profit":0.3919897,"loss":0.60579395,"p":0.26666668,"q":0.7277778,"max_close":11.250294,"min_close":8.179748,"close":9.74},"EW":{"profit":0.010002136,"loss":6.0890045,"p":0.0055555557,"q":0.98888886,"max_close":93.78,"min_close":59.7,"close":78.21},"EL":{"profit":6.3224564,"loss":12.450241,"p":0.15555556,"q":0.8388889,"max_close":104.18515,"min_close":49.80485,"close":80.09},"TGT":{"profit":30.691597,"loss":4.396469,"p":0.6888889,"q":0.30555555,"max_close":156.39932,"min_close":87.75676,"close":99.23},"NKE":{"profit":4.299492,"loss":10.013298,"p":0.53333336,"q":0.4611111,"max_close":87.95319,"min_close":52.918324,"close":72.04},"ILPT":{"profit":0.076666355,"loss":1.0667324,"p":0.016666668,"q":0.9777778,"max_close":5.1137257,"min_close":2.5003462,"close":4.63},"VFC":{"profit":7.389105,"loss":0.63456345,"p":0.85555553,"q":0.1388889,"max_close":26.618027,"min_close":9.672672,"close":11.84},"ALB":{"profit":23.847359,"loss":6.8804398,"p":0.67777777,"q":0.31666666,"max_close":109.52887,"min_close":50.43097,"close":64.95}},"Factor_Intersectional_v1":[],"stock_info":{"SID":["Companhia Siderurgica Nacional ADR","Steel","Basic Materials"],"AAP":["Advance Auto Parts Inc","Auto Parts","Consumer Cyclical"],"MPW":["Medical Properties Trust Inc","REIT - Healthcare Facilities","Real Estate"],"EPAM":["EPAM Systems Inc","Information Technology Services","Technology"],"SEE":["Sealed Air Corp","Packaging & Containers","Consumer Cyclical"],"HAL":["Halliburton Co","Oil & Gas Equipment & Services","Energy"],"GGB":["Gerdau S.A. ADR","Steel","Basic Materials"],"SBUX":["Starbucks Corp","Restaurants","Consumer Cyclical"],"PFE":["Pfizer Inc","Drug Manufacturers - General","Healthcare"],"PYPL":["PayPal Holdings Inc","Credit Services","Financial"],"ZIM":["Zim Integrated Shipping Services Ltd","Marine Shipping","Industrials"],"PVH":["PVH Corp","Apparel Manufacturing","Consumer Cyclical"],"KSS":["Kohl's Corp","Department Stores","Consumer Cyclical"],"NVO":["Novo Nordisk ADR","Drug Manufacturers - General","Healthcare"],"VALE":["Vale S.A. ADR","Other Industrial Metals & Mining","Basic Materials"],"EW":["Edwards Lifesciences Corp","Medical Devices","Healthcare"],"EL":["Estee Lauder Cos., Inc","Household & Personal Products","Consumer Defensive"],"TGT":["Target Corp","Discount Stores","Consumer Defensive"],"NKE":["Nike, Inc","Footwear & Accessories","Consumer Cyclical"],"ILPT":["Industrial Logistics Properties Trust","REIT - Industrial","Real Estate"],"VFC":["VF Corp","Apparel Manufacturing","Consumer Cyclical"],"ALB":["Albemarle Corp","Specialty Chemicals","Basic Materials"]}}