{"hold_stock_list":["BIO","HIMX","STC","ET","INTC","ARLP","BAC","BK","C","THO","WGO","DAC","GOGL","CPLP","EDRY","SB","NMM","ZIM","SID","PKX","TX"],"portfolio":{"ARLP":{"cost_p":14.01,"position_%":4.080138252907311,"profit_%":26.5524625267666},"BAC":{"cost_p":37.59,"position_%":3.8637711784049835,"profit_%":-3.8574088853418536},"BIO":{"cost_p":596.71,"position_%":4.497838059506325,"profit_%":-15.969231284878754},"BK":{"cost_p":44.1,"position_%":4.532915907625958,"profit_%":-3.174603174603171},"C":{"cost_p":50,"position_%":8.565600732475355,"profit_%":-2.5799999999999983},"CPLP":{"cost_p":12.99,"position_%":1.780274456237678,"profit_%":12.779060816012318},"DAC":{"cost_p":76.97,"position_%":3.955765730271769,"profit_%":6.716902689359492},"EDRY":{"cost_p":22.24,"position_%":1.1429937617415113,"profit_%":63.03956834532375},"ET":{"cost_p":9.35,"position_%":3.571941161449548,"profit_%":20.641711229946523},"GOGL":{"cost_p":10.75,"position_%":2.578245820475082,"profit_%":16.651162790697665},"HIMX":{"cost_p":9.18,"position_%":6.7623704662746436,"profit_%":1.0893246187363796},"INTC":{"cost_p":45.14,"position_%":11.599536511918126,"profit_%":-0.3987594151528572},"NMM":{"cost_p":30.04,"position_%":2.7532239122380884,"profit_%":-0.099866844207715},"PKX":{"cost_p":58.54,"position_%":2.005721067516429,"profit_%":-2.391527160915611},"SB":{"cost_p":4.05,"position_%":2.882795754518243,"profit_%":2.2222222222222188},"SID":{"cost_p":4.82,"position_%":5.78006737427437,"profit_%":-17.01244813278009},"STC":{"cost_p":54.28,"position_%":7.439052924140197,"profit_%":-5.213706705969046},"THO":{"cost_p":89.53,"position_%":7.0706173135939405,"profit_%":-10.186529654864296},"TX":{"cost_p":39.96,"position_%":4.107376863236582,"profit_%":10.06006006006005},"WGO":{"cost_p":56.56,"position_%":6.2981149065744795,"profit_%":-3.0056577086280107},"ZIM":{"cost_p":55.24,"position_%":4.731637844619386,"profit_%":4.000724112961623}},"KellyFormula_Range_v1":{"SB":{"profit":0.448334217,"loss":0.409895182,"p":0.466666669,"q":0.5277778,"max_close":5.28,"min_close":3.24,"close":4.14},"THO":{"profit":21.9151688,"loss":2.323845,"p":0.9222222,"q":0.0722222254,"max_close":127.44,"min_close":75.33,"close":80.41},"PKX":{"profit":6.43375,"loss":1.025917,"p":0.844444454,"q":0.15,"max_close":79.19,"min_close":54.58,"close":57.14},"DAC":{"profit":10.6680908,"loss":8.251305,"p":0.438888878,"q":0.5555556,"max_close":106.64,"min_close":65.69,"close":82.14},"ET":{"profit":0.2863636,"loss":1.74317646,"p":0.06111111,"q":0.927777767,"max_close":11.89,"min_close":8.15,"close":11.28},"NMM":{"profit":2.00292778,"loss":3.1768055,"p":0.455555558,"q":0.5388889,"max_close":36.49,"min_close":22.8,"close":30.01},"C":{"profit":15.2956772,"loss":0.5,"p":0.98888886,"q":0.00555555569,"max_close":73.18,"min_close":48.21,"close":48.71},"STC":{"profit":16.7515,"loss":0.408000946,"p":0.966666639,"q":0.027777778,"max_close":80.18,"min_close":50.44,"close":51.45},"INTC":{"profit":5.798275,"loss":0.5319977,"p":0.966666639,"q":0.027777778,"max_close":56.0,"min_close":43.59,"close":44.96},"ARLP":{"profit":0.460001,"loss":5.39312458,"p":0.0166666675,"q":0.9777778,"max_close":18.5,"min_close":7.59,"close":17.73},"GOGL":{"profit":0.5699997,"loss":2.32377148,"p":0.06666667,"q":0.927777767,"max_close":13.96,"min_close":7.68,"close":12.54},"BIO":{"profit":184.55954,"loss":4.17501831,"p":0.983333349,"q":0.0111111114,"max_close":825.77,"min_close":493.53,"close":501.42},"SID":{"profit":1.12845564,"loss":0.145333529,"p":0.9,"q":0.0833333358,"max_close":7.82,"min_close":3.57,"close":4.0},"BAC":{"profit":7.730377,"loss":0.459999084,"p":0.98888886,"q":0.00555555569,"max_close":49.38,"min_close":35.68,"close":36.14},"EDRY":{"profit":2.58250427,"loss":10.6635437,"p":0.0444444455,"q":0.95,"max_close":42.75,"min_close":17.0,"close":36.26},"TX":{"profit":4.599476,"loss":2.817093,"p":0.422222227,"q":0.572222233,"max_close":55.86,"min_close":36.57,"close":43.98},"ZIM":{"profit":10.3523674,"loss":5.870384,"p":0.422222227,"q":0.572222233,"max_close":88.62,"min_close":43.31,"close":57.45},"WGO":{"profit":13.4831009,"loss":1.30357361,"p":0.9166667,"q":0.07777778,"max_close":78.55,"min_close":52.44,"close":54.86},"CPLP":{"profit":1.26901627,"loss":1.62177372,"p":0.65,"q":0.344444454,"max_close":18.76,"min_close":11.22,"close":14.65},"HIMX":{"profit":1.9188633,"loss":0.327272415,"p":0.927777767,"q":0.06111111,"max_close":15.99,"min_close":8.57,"close":9.28},"BK":{"profit":12.6590919,"loss":0.494998932,"p":0.983333349,"q":0.0111111114,"max_close":63.66,"min_close":42.06,"close":42.7}}}