{
    "KellyFormula_Range_v1": {
        "BIO": {
            "close": 590.97,
            "loss": 38.04651,
            "max_close": 662.35,
            "min_close": 478.82,
            "p": 0.355555564,
            "profit": 25.4140625,
            "q": 0.6388889
        },
        "CNNE": {
            "close": 35.06,
            "loss": 0.293334961,
            "max_close": 45.6,
            "min_close": 34.48,
            "p": 0.9777778,
            "profit": 4.894825,
            "q": 0.0166666675
        },
        "HTH": {
            "close": 36.22,
            "loss": 8.778866,
            "max_close": 39.37,
            "min_close": 17.91427,
            "p": 0.055555556,
            "profit": 1.51999664,
            "q": 0.9388889
        },
        "KGC": {
            "close": 7.5,
            "loss": 0.460886,
            "max_close": 9.875889,
            "min_close": 6.16129827,
            "p": 0.411111116,
            "profit": 0.9278507,
            "q": 0.5777778
        },
        "LAKE": {
            "close": 25.27,
            "loss": 3.65024,
            "max_close": 44.43,
            "min_close": 18.3,
            "p": 0.533333361,
            "profit": 4.590412,
            "q": 0.4611111
        },
        "QDEL": {
            "close": 116.5,
            "loss": 5.11636353,
            "max_close": 283.45,
            "min_close": 104.79,
            "p": 0.933333337,
            "profit": 75.1860657,
            "q": 0.06111111
        },
        "SMP": {
            "close": 46.5,
            "loss": 3.15880585,
            "max_close": 53.85105,
            "min_close": 38.99902,
            "p": 0.233333334,
            "profit": 1.65660858,
            "q": 0.76111114
        },
        "STC": {
            "close": 60.05,
            "loss": 11.8757515,
            "max_close": 61.6,
            "min_close": 40.5055351,
            "p": 0.03888889,
            "profit": 0.5685692,
            "q": 0.955555558
        },
        "TDS": {
            "close": 25.28,
            "loss": 5.2103157,
            "max_close": 25.5,
            "min_close": 16.3788166,
            "p": 0.0111111114,
            "profit": 0.13999939,
            "q": 0.983333349
        },
        "TX": {
            "close": 39.63,
            "loss": 12.5425129,
            "max_close": 40.88,
            "min_close": 16.32645,
            "p": 0.0166666675,
            "profit": 0.57333374,
            "q": 0.9777778
        }
    },
    "hold_stock_list": [
        "SMP",
        "TDS",
        "QDEL",
        "BIO",
        "KGC",
        "STC",
        "CNNE",
        "LAKE",
        "HTH",
        "TX"
    ],
    "portfolio": {
        "BIO": {
            "cost_p": 580.11,
            "position_%": 15.560127819776245,
            "profit": 0,
            "profit_%": 1.8720587474789288
        },
        "CNNE": {
            "cost_p": 40.66,
            "position_%": 4.34485658995066,
            "profit": 0,
            "profit_%": -13.77274963108705
        },
        "HTH": {
            "cost_p": 29.44,
            "position_%": 2.5472931052242744,
            "profit": 0,
            "profit_%": 23.029891304347817
        },
        "KGC": {
            "cost_p": 7.61,
            "position_%": 15.078608089481287,
            "profit": 0,
            "profit_%": -1.4454664914586113
        },
        "LAKE": {
            "cost_p": 28.88,
            "position_%": 9.870414683137376,
            "profit": 0,
            "profit_%": -12.499999999999998
        },
        "QDEL": {
            "cost_p": 112.07,
            "position_%": 14.884658196138368,
            "profit": 0,
            "profit_%": 3.952886588739187
        },
        "SMP": {
            "cost_p": 41.45,
            "position_%": 5.379685761457855,
            "profit": 0,
            "profit_%": 12.183353437876953
        },
        "STC": {
            "cost_p": 53.5,
            "position_%": 12.267067934550662,
            "profit": 0,
            "profit_%": 12.242990654205602
        },
        "TDS": {
            "cost_p": 20.77,
            "position_%": 4.492805519319648,
            "profit": 0,
            "profit_%": 21.714010592200296
        },
        "TX": {
            "cost_p": 40.0,
            "position_%": 15.574482300963632,
            "profit": 0,
            "profit_%": -0.9249999999999935
        }
    }
}