{
    "KellyFormula_Range_v1": {
        "BAC": {
            "close": 30.13,
            "loss": 5.250059,
            "max_close": 30.13,
            "min_close": 20.45887,
            "p": 0.0,
            "profit": 0.0,
            "q": 0.99444443
        },
        "BIO": {
            "close": 571.99,
            "loss": 76.17908,
            "max_close": 643.45,
            "min_close": 403.82,
            "p": 0.15,
            "profit": 19.9844971,
            "q": 0.844444454
        },
        "DHI": {
            "close": 70.4,
            "loss": 13.6482086,
            "max_close": 78.602684,
            "min_close": 37.3889542,
            "p": 0.427777767,
            "profit": 3.303131,
            "q": 0.5611111
        },
        "FHN": {
            "close": 12.67,
            "loss": 3.045702,
            "max_close": 13.0291986,
            "min_close": 6.89497328,
            "p": 0.07777778,
            "profit": 0.1962204,
            "q": 0.9166667
        },
        "INTC": {
            "close": 47.07,
            "loss": 1.500534,
            "max_close": 63.44745,
            "min_close": 43.79363,
            "p": 0.8388889,
            "profit": 7.24852753,
            "q": 0.15
        },
        "PBCT": {
            "close": 13.0,
            "loss": 1.91713142,
            "max_close": 13.52,
            "min_close": 9.716092,
            "p": 0.08888889,
            "profit": 0.183506966,
            "q": 0.905555546
        },
        "PFC": {
            "close": 22.91,
            "loss": 5.22499275,
            "max_close": 23.15,
            "min_close": 13.3553782,
            "p": 0.0166666675,
            "profit": 0.126667023,
            "q": 0.9777778
        },
        "PSX": {
            "close": 69.33,
            "loss": 10.4381523,
            "max_close": 87.2001343,
            "min_close": 43.5934563,
            "p": 0.211111113,
            "profit": 5.580826,
            "q": 0.783333361
        },
        "REGI": {
            "close": 74.1,
            "loss": 34.18031,
            "max_close": 79.01,
            "min_close": 20.93,
            "p": 0.0222222228,
            "profit": 3.23500824,
            "q": 0.9722222
        },
        "SFM": {
            "close": 20.565,
            "loss": 0.565233231,
            "max_close": 27.41,
            "min_close": 18.59,
            "p": 0.75555557,
            "profit": 2.90680313,
            "q": 0.23888889
        },
        "SMP": {
            "close": 41.65,
            "loss": 2.036171,
            "max_close": 54.17,
            "min_close": 35.6404228,
            "p": 0.6388889,
            "profit": 4.63339233,
            "q": 0.355555564
        },
        "T": {
            "close": 28.55,
            "loss": 0.767400742,
            "max_close": 32.0722351,
            "min_close": 26.5,
            "p": 0.6888889,
            "profit": 0.8587284,
            "q": 0.305555552
        },
        "WFC": {
            "close": 29.93,
            "loss": 4.55955124,
            "max_close": 33.0351639,
            "min_close": 21.0457516,
            "p": 0.027777778,
            "profit": 1.48943329,
            "q": 0.966666639
        }
    },
    "hold_stock_list": [
        "SMP",
        "INTC",
        "T",
        "DHI",
        "BAC",
        "PFC",
        "REGI",
        "FHN",
        "SFM",
        "BIO",
        "PBCT",
        "WFC",
        "PSX"
    ],
    "portfolio": {
        "BAC": {
            "cost_p": 25.9,
            "position_%": 3.7106488708340395,
            "profit_%": 16.332046332046335
        },
        "BIO": {
            "cost_p": 597.32,
            "position_%": 7.069405890046195,
            "profit_%": -4.240608049286821
        },
        "DHI": {
            "cost_p": 72.88,
            "position_%": 4.539736271720409,
            "profit_%": -3.4028540065861557
        },
        "FHN": {
            "cost_p": 10.96,
            "position_%": 9.148241325602994,
            "profit_%": 15.602189781021888
        },
        "INTC": {
            "cost_p": 46.15,
            "position_%": 7.474244720687868,
            "profit_%": 1.9934994582881944
        },
        "PBCT": {
            "cost_p": 14.03,
            "position_%": 6.292343567839034,
            "profit_%": -7.341411261582318
        },
        "PFC": {
            "cost_p": 17.29,
            "position_%": 4.308015375304384,
            "profit_%": 32.50433776749567
        },
        "PSX": {
            "cost_p": 70.43,
            "position_%": 10.967810977540767,
            "profit_%": -1.5618344455487838
        },
        "REGI": {
            "cost_p": 77.53,
            "position_%": 4.153273157326779,
            "profit_%": -4.424093899135827
        },
        "SFM": {
            "cost_p": 20.61,
            "position_%": 11.040753227460971,
            "profit_%": -0.19408054342551748
        },
        "SMP": {
            "cost_p": 41.45,
            "position_%": 4.153273157326779,
            "profit_%": 0.4825090470446217
        },
        "T": {
            "cost_p": 28.54,
            "position_%": 7.46664527193444,
            "profit_%": 0.03503854239664178
        },
        "WFC": {
            "cost_p": 31.79,
            "position_%": 10.2971284797689,
            "profit_%": -5.850896508335953
        }
    }
}