{
    "KellyFormula_Range_v1": {
        "BGFV": {
            "close": 15.8,
            "loss": 8.45414448,
            "max_close": 16.16,
            "min_close": 1.76140082,
            "p": 0.0111111114,
            "profit": 0.2149992,
            "q": 0.983333349
        },
        "BIO": {
            "close": 655.72,
            "loss": 117.178955,
            "max_close": 662.35,
            "min_close": 432.34,
            "p": 0.00555555569,
            "profit": 6.630005,
            "q": 0.98888886
        },
        "C": {
            "close": 64.76,
            "loss": 13.3590088,
            "max_close": 68.40837,
            "min_close": 40.2755241,
            "p": 0.0333333351,
            "profit": 1.38659668,
            "q": 0.9611111
        },
        "DHI": {
            "close": 78.39,
            "loss": 9.836876,
            "max_close": 83.23916,
            "min_close": 50.67208,
            "p": 0.05,
            "profit": 2.48323059,
            "q": 0.9444444
        },
        "HTH": {
            "close": 31.52,
            "loss": 9.468155,
            "max_close": 33.0944061,
            "min_close": 16.4422626,
            "p": 0.06111111,
            "profit": 0.6996536,
            "q": 0.933333337
        },
        "LAKE": {
            "close": 36.18,
            "loss": 13.32712,
            "max_close": 44.43,
            "min_close": 14.38,
            "p": 0.03888889,
            "profit": 3.912857,
            "q": 0.955555558
        },
        "MDC": {
            "close": 56.77,
            "loss": 12.409256,
            "max_close": 61.05,
            "min_close": 31.0048389,
            "p": 0.03888889,
            "profit": 2.6257782,
            "q": 0.955555558
        },
        "PBFX": {
            "close": 11.79,
            "loss": 2.54894447,
            "max_close": 12.6555805,
            "min_close": 7.000287,
            "p": 0.0166666675,
            "profit": 0.505155563,
            "q": 0.9777778
        },
        "PHM": {
            "close": 46.17,
            "loss": 4.65591049,
            "max_close": 49.51,
            "min_close": 31.7402878,
            "p": 0.188888893,
            "profit": 1.58482742,
            "q": 0.8055556
        },
        "PSX": {
            "close": 80.64,
            "loss": 18.13499,
            "max_close": 87.2001343,
            "min_close": 43.5934563,
            "p": 0.0333333351,
            "profit": 2.60974884,
            "q": 0.9611111
        },
        "REGI": {
            "close": 102.44,
            "loss": 50.95392,
            "max_close": 113.68,
            "min_close": 22.31,
            "p": 0.0333333351,
            "profit": 7.853325,
            "q": 0.9611111
        },
        "SMP": {
            "close": 41.6,
            "loss": 1.66572952,
            "max_close": 53.85105,
            "min_close": 37.67527,
            "p": 0.7111111,
            "profit": 4.060276,
            "q": 0.283333331
        },
        "SNX": {
            "close": 88.53,
            "loss": 28.2590714,
            "max_close": 91.34,
            "min_close": 39.68084,
            "p": 0.06111111,
            "profit": 1.00437927,
            "q": 0.933333337
        },
        "T": {
            "close": 29.57,
            "loss": 1.25419044,
            "max_close": 31.50766,
            "min_close": 26.033514,
            "p": 0.07777778,
            "profit": 0.81283,
            "q": 0.9166667
        },
        "TDS": {
            "close": 20.5,
            "loss": 1.5795784,
            "max_close": 23.91577,
            "min_close": 16.5031128,
            "p": 0.211111113,
            "profit": 1.60391426,
            "q": 0.7777778
        },
        "WFC": {
            "close": 36.59,
            "loss": 9.970295,
            "max_close": 36.59,
            "min_close": 20.9815083,
            "p": 0.0,
            "profit": 0.0,
            "q": 0.99444443
        }
    },
    "hold_stock_list": [
        "SMP",
        "T",
        "DHI",
        "C",
        "REGI",
        "TDS",
        "BGFV",
        "BIO",
        "WFC",
        "PSX",
        "SNX",
        "LAKE",
        "HTH",
        "MDC",
        "PBFX",
        "PHM"
    ],
    "portfolio": {
        "BGFV": {
            "cost_p": 12.23,
            "position_%": 4.431654884811138,
            "profit_%": 29.19051512673753
        },
        "BIO": {
            "cost_p": 597.32,
            "position_%": 5.8749218339110385,
            "profit_%": 9.777003950981044
        },
        "C": {
            "cost_p": 62.71,
            "position_%": 5.096568767522663,
            "profit_%": 3.2690161058842357
        },
        "DHI": {
            "cost_p": 72.88,
            "position_%": 3.772678518923441,
            "profit_%": 7.560373216245892
        },
        "HTH": {
            "cost_p": 29.44,
            "position_%": 6.857909579953038,
            "profit_%": 7.0652173913043415
        },
        "LAKE": {
            "cost_p": 29.74,
            "position_%": 4.618528779615112,
            "profit_%": 21.65433759246806
        },
        "MDC": {
            "cost_p": 59.95,
            "position_%": 5.275693348738782,
            "profit_%": -5.30442035029191
        },
        "PBFX": {
            "cost_p": 11.11,
            "position_%": 5.751160585241415,
            "profit_%": 6.120612061206118
        },
        "PHM": {
            "cost_p": 49.31,
            "position_%": 4.722241202950227,
            "profit_%": -6.367876698438452
        },
        "PSX": {
            "cost_p": 70.43,
            "position_%": 9.1146318636038,
            "profit_%": 14.4966633536845
        },
        "REGI": {
            "cost_p": 80.92,
            "position_%": 4.18887411843146,
            "profit_%": 26.594167078596136
        },
        "SMP": {
            "cost_p": 41.45,
            "position_%": 13.668013608146667,
            "profit_%": 0.3618817852834706
        },
        "SNX": {
            "cost_p": 86.45,
            "position_%": 6.488950110364305,
            "profit_%": 2.406015037593983
        },
        "T": {
            "cost_p": 28.54,
            "position_%": 6.205041557441204,
            "profit_%": 3.6089698668535433
        },
        "TDS": {
            "cost_p": 20.77,
            "position_%": 5.375859826978586,
            "profit_%": -1.2999518536350485
        },
        "WFC": {
            "cost_p": 31.79,
            "position_%": 8.557271413367125,
            "profit_%": 15.099087763447638
        }
    }
}