{
    "KellyFormula_Range_v1": {
        "CNNE": {
            "close": 34.7,
            "loss": 2.29449463,
            "max_close": 42.07,
            "min_close": 29.78,
            "p": 0.45,
            "profit": 3.828518,
            "q": 0.544444442
        },
        "CPLP": {
            "close": 13.59,
            "loss": 1.66400242,
            "max_close": 14.27,
            "min_close": 9.434888,
            "p": 0.0444444455,
            "profit": 0.290624619,
            "q": 0.95
        },
        "DAC": {
            "close": 76.32,
            "loss": 14.7039757,
            "max_close": 87.73,
            "min_close": 36.0371857,
            "p": 0.177777782,
            "profit": 6.04280853,
            "q": 0.816666663
        },
        "EDRY": {
            "close": 26.6,
            "loss": 11.0932446,
            "max_close": 33.81,
            "min_close": 6.62,
            "p": 0.394444436,
            "profit": 2.969204,
            "q": 0.6
        },
        "ET": {
            "close": 9.68,
            "loss": 1.08594131,
            "max_close": 11.163332,
            "min_close": 6.779273,
            "p": 0.3888889,
            "profit": 0.5073519,
            "q": 0.6
        },
        "GGB": {
            "close": 4.57,
            "loss": 0.100507736,
            "max_close": 6.94107,
            "min_close": 4.31954,
            "p": 0.9,
            "profit": 0.9062853,
            "q": 0.0944444463
        },
        "GOGL": {
            "close": 8.54,
            "loss": 1.62431574,
            "max_close": 11.68,
            "min_close": 5.69950962,
            "p": 0.677777767,
            "profit": 1.41768456,
            "q": 0.316666663
        },
        "INTC": {
            "close": 50.39,
            "loss": 1.44874954,
            "max_close": 67.41304,
            "min_close": 47.89,
            "p": 0.95,
            "profit": 6.508003,
            "q": 0.0444444455
        },
        "KGC": {
            "close": 6.03,
            "loss": 0.311407566,
            "max_close": 8.151266,
            "min_close": 5.24,
            "p": 0.73888886,
            "profit": 0.809421539,
            "q": 0.25555557
        },
        "NMM": {
            "close": 29.74,
            "loss": 4.610716,
            "max_close": 34.7979736,
            "min_close": 16.91582,
            "p": 0.2777778,
            "profit": 1.750042,
            "q": 0.716666639
        },
        "SB": {
            "close": 4.39,
            "loss": 1.0145061,
            "max_close": 5.28,
            "min_close": 2.12,
            "p": 0.205555558,
            "profit": 0.408918858,
            "q": 0.7888889
        },
        "SID": {
            "close": 3.94,
            "loss": 0.0,
            "max_close": 9.618398,
            "min_close": 3.94,
            "p": 0.99444443,
            "profit": 3.24117136,
            "q": 0.0
        },
        "T": {
            "close": 25.18,
            "loss": 0.120000839,
            "max_close": 31.4353828,
            "min_close": 25.06,
            "p": 0.98888886,
            "profit": 2.64067078,
            "q": 0.00555555569
        },
        "TDS": {
            "close": 20.02,
            "loss": 0.7488251,
            "max_close": 25.9372444,
            "min_close": 17.4705029,
            "p": 0.6166667,
            "profit": 3.0677433,
            "q": 0.377777785
        },
        "THO": {
            "close": 112.1,
            "loss": 4.4116745,
            "max_close": 150.598877,
            "min_close": 101.76,
            "p": 0.7222222,
            "profit": 13.161705,
            "q": 0.272222221
        },
        "TX": {
            "close": 39.67,
            "loss": 3.72575,
            "max_close": 56.19,
            "min_close": 28.6754589,
            "p": 0.49444443,
            "profit": 7.797077,
            "q": 0.5
        }
    },
    "hold_stock_list": [
        "T",
        "INTC",
        "KGC",
        "DAC",
        "GGB",
        "TDS",
        "THO",
        "GOGL",
        "CPLP",
        "SID",
        "EDRY",
        "CNNE",
        "ET",
        "SB",
        "NMM",
        "TX"
    ],
    "portfolio": {
        "CNNE": {
            "cost_p": 31,
            "position_%": 3.101968683812486,
            "profit_%": 11.93548387096775
        },
        "CPLP": {
            "cost_p": 12.99,
            "position_%": 4.468148238205304,
            "profit_%": 4.618937644341798
        },
        "DAC": {
            "cost_p": 76.97,
            "position_%": 11.191806074674082,
            "profit_%": -0.8444848642328254
        },
        "EDRY": {
            "cost_p": 22.24,
            "position_%": 3.129486147943081,
            "profit_%": 19.604316546762604
        },
        "ET": {
            "cost_p": 9.35,
            "position_%": 6.519919157442766,
            "profit_%": 3.529411764705883
        },
        "GGB": {
            "cost_p": 4.59,
            "position_%": 2.2175167358558907,
            "profit_%": -0.43572984749454413
        },
        "GOGL": {
            "cost_p": 10.75,
            "position_%": 4.706111763243741,
            "profit_%": -20.55813953488373
        },
        "INTC": {
            "cost_p": 49.94,
            "position_%": 9.104221801267562,
            "profit_%": 0.9010812975570742
        },
        "KGC": {
            "cost_p": 7.61,
            "position_%": 10.898729446760447,
            "profit_%": -20.76215505913272
        },
        "NMM": {
            "cost_p": 30.04,
            "position_%": 5.025501966232257,
            "profit_%": -0.9986684420772327
        },
        "SB": {
            "cost_p": 4.05,
            "position_%": 5.262011443450158,
            "profit_%": 8.39506172839506
        },
        "SID": {
            "cost_p": 4.85,
            "position_%": 13.376301853573258,
            "profit_%": -18.762886597938138
        },
        "T": {
            "cost_p": 25.22,
            "position_%": 8.651221801986768,
            "profit_%": -0.15860428231561913
        },
        "TDS": {
            "cost_p": 19.46,
            "position_%": 5.324472960042047,
            "profit_%": 2.877697841726612
        },
        "THO": {
            "cost_p": 104.58,
            "position_%": 3.270200453156349,
            "profit_%": 7.190667431631283
        },
        "TX": {
            "cost_p": 40.0,
            "position_%": 3.752381472353814,
            "profit_%": -0.8249999999999957
        }
    }
}