{"hold_stock_list":["SEE","EL","KSS","TGT","NKE","VFC","MPW","CVS","ILPT","AAP","DIS","PYPL","EPAM","EW","CMA","DAC","ZIM","VALE","SID","HAL","ALB"],"watch_stock_list":["ABM","ABNB","ACLS","ADBE","ADSK","AEP","ALB","ALGM","ALGN","ANSS","APD","APTV","ASML","AZO","BAC","BBY","BF-B","BIO","BK","C","CE","CNMD","CRM","CSCO","CVS","DE","DEO","DG","DELL","DHI","DIS","DOX","EL","EPAM","EQNR","EW","EXLS","EXR","F","FDX","FFIV","FSLR","FTNT","G","GIS","GLOB","GM","GOOG","GPC","HAL","HAS","HI","HPE","HPQ","INTC","IPG","ISRG","JBT","JKHY","JPM","K","KMB","KSS","LMAT","LNTH","LQDT","LTHM","LVS","M","MA","MCHP","MKC","MMM","MPW","MS","MSFT","MU","MWA","NDAQ","NFLX","NICE","NKE","NOW","NSSC","ORCL","ORLY","OSIS","PAGS","PAYC","PCTY","PDCO","PEP","PFE","PHG","PODD","PVH","PYPL","QCOM","RTX","SBUX","SEE","SIG","SIMO","SMP","SONY","SQM","TEAM","TECH","TEX","TGT","TITN","TM","TNP","TRI","TX","UAL","UPS","VALE","VEEV","VFC","VMI","WDAY","WFC","WNS","X","ZTS"],"portfolio":{"AAP":{"cost_p":91.35,"position_%":13.947705646590505,"profit_%":-59.18992884510126},"ALB":{"cost_p":173.45,"position_%":7.566594868718815,"profit_%":-45.14269241856442},"CMA":{"cost_p":62.35,"position_%":2.719960738337378,"profit_%":0},"CVS":{"cost_p":73,"position_%":3.1845570793685414,"profit_%":-23.12328767123288},"DAC":{"cost_p":73.24,"position_%":4.7925402841017535,"profit_%":12.069907154560354},"DIS":{"cost_p":89.37,"position_%":5.8480246475993125,"profit_%":6.747230614300101},"EL":{"cost_p":143.25,"position_%":6.249147967391008,"profit_%":-38.12914485165794},"EPAM":{"cost_p":250,"position_%":2.7265043487744363,"profit_%":-23.608000000000004},"EW":{"cost_p":87.5,"position_%":2.862829566213158,"profit_%":-19.600000000000005},"HAL":{"cost_p":35,"position_%":2.6719742617989475,"profit_%":-20.428571428571423},"ILPT":{"cost_p":17.24,"position_%":3.7603947978297025,"profit_%":-76.39211136890951},"KSS":{"cost_p":22.03,"position_%":6.246748643564087,"profit_%":-13.34543803903768},"MPW":{"cost_p":6.18,"position_%":4.717943125119285,"profit_%":-20.22653721682848},"NKE":{"cost_p":75.5,"position_%":3.293617253319519,"profit_%":4.688741721854313},"PYPL":{"cost_p":68.34,"position_%":4.47190337268588,"profit_%":19.095697980684808},"SEE":{"cost_p":37.16,"position_%":5.67374648962565,"profit_%":-2.287405812701815},"SID":{"cost_p":4.54,"position_%":3.4659323281620633,"profit_%":-54.18502202643172},"TGT":{"cost_p":135.71,"position_%":1.480055620688715,"profit_%":10.662441971851742},"VALE":{"cost_p":12.22,"position_%":2.665430651361889,"profit_%":-14.157119476268415},"VFC":{"cost_p":18.8,"position_%":1.4352318891948632,"profit_%":-11.861702127659576},"ZIM":{"cost_p":40.74,"position_%":10.21915641955449,"profit_%":-44.37898870888562}},"KellyFormula_Range_v1":{"CMA":{"profit":2.0000038,"loss":10.602592,"p":0.0055555557,"q":0.98888886,"max_close":64.94,"min_close":36.15531,"close":62.94},"HAL":{"profit":6.135973,"loss":0.040000916,"p":0.98333335,"q":0.011111111,"max_close":40.79932,"min_close":27.81,"close":27.85},"SEE":{"profit":1.0837555,"loss":1.9677773,"p":0.2611111,"q":0.73333335,"max_close":39.609436,"min_close":29.747847,"close":36.31},"VFC":{"profit":1.7713795,"loss":2.5506258,"p":0.31666666,"q":0.67777777,"max_close":21.31,"min_close":11.829798,"close":16.57},"TGT":{"profit":9.433365,"loss":5.577423,"p":0.56666666,"q":0.42777777,"max_close":175.23389,"min_close":103.39224,"close":150.18},"NKE":{"profit":12.392899,"loss":4.9924545,"p":0.7888889,"q":0.20555556,"max_close":121.18714,"min_close":70.77431,"close":79.04},"KSS":{"profit":3.3455505,"loss":0.23902893,"p":0.90555555,"q":0.08888889,"max_close":27.98382,"min_close":18.483139,"close":19.09},"PYPL":{"profit":0.26000214,"loss":15.650879,"p":0.0055555557,"q":0.98888886,"max_close":81.65,"min_close":50.39,"close":81.39},"ZIM":{"profit":1.3650017,"loss":6.9321823,"p":0.055555556,"q":0.9388889,"max_close":25.66,"min_close":6.203722,"close":22.66},"ALB":{"profit":21.121948,"loss":7.2409744,"p":0.6388889,"q":0.35555556,"max_close":150.6514,"min_close":72.51662,"close":95.15},"CVS":{"profit":7.6968613,"loss":1.3275642,"p":0.85,"q":0.14444445,"max_close":78.15086,"min_close":52.446857,"close":56.12},"EPAM":{"profit":44.841278,"loss":8.991669,"p":0.76111114,"q":0.23333333,"max_close":314.63,"min_close":170.25,"close":190.98},"VALE":{"profit":1.0139294,"loss":0.24895859,"p":0.81666666,"q":0.17777778,"max_close":14.774527,"min_close":9.91,"close":10.49},"AAP":{"profit":24.417957,"loss":0.24423218,"p":0.98333335,"q":0.011111111,"max_close":85.25006,"min_close":36.921535,"close":37.28},"EL":{"profit":30.899635,"loss":2.2142334,"p":0.90555555,"q":0.08888889,"max_close":155.9366,"min_close":84.2,"close":88.63},"DAC":{"profit":5.1751633,"loss":7.370331,"p":0.45555556,"q":0.5388889,"max_close":95.34127,"min_close":60.600388,"close":82.08},"DIS":{"profit":11.289604,"loss":4.4656067,"p":0.6666667,"q":0.32777777,"max_close":122.255974,"min_close":78.709175,"close":95.4},"ILPT":{"profit":0.61899996,"loss":0.25874782,"p":0.46666667,"q":0.5222222,"max_close":5.16,"min_close":2.2729115,"close":4.07},"MPW":{"profit":0.5812311,"loss":0.6029978,"p":0.21111111,"q":0.78333336,"max_close":6.37,"min_close":2.847569,"close":4.93},"SID":{"profit":0.48593163,"loss":0.051428556,"p":0.89444447,"q":0.07777778,"max_close":3.799283,"min_close":1.9748983,"close":2.08},"EW":{"profit":18.227188,"loss":3.718193,"p":0.65555555,"q":0.33888888,"max_close":95.56,"min_close":59.7,"close":70.35}},"Factor_Intersectional_v1":[],"stock_info":{"CMA":["Comerica, Inc.","Banks - Regional","Financial"],"HAL":["Halliburton Co.","Oil & Gas Equipment & Services","Energy"],"SEE":["Sealed Air Corp.","Packaging & Containers","Consumer Cyclical"],"VFC":["VF Corp.","Apparel Manufacturing","Consumer Cyclical"],"TGT":["Target Corp","Discount Stores","Consumer Defensive"],"NKE":["Nike, Inc.","Footwear & Accessories","Consumer Cyclical"],"KSS":["Kohl's Corp.","Department Stores","Consumer Cyclical"],"PYPL":["PayPal Holdings Inc","Credit Services","Financial"],"ZIM":["Zim Integrated Shipping Services Ltd","Marine Shipping","Industrials"],"ALB":["Albemarle Corp.","Specialty Chemicals","Basic Materials"],"CVS":["CVS Health Corp","Healthcare Plans","Healthcare"],"EPAM":["EPAM Systems Inc","Information Technology Services","Technology"],"VALE":["Vale S.A. ADR","Other Industrial Metals & Mining","Basic Materials"],"AAP":["Advance Auto Parts Inc","Specialty Retail","Consumer Cyclical"],"EL":["Estee Lauder Cos., Inc.","Household & Personal Products","Consumer Defensive"],"DAC":["Danaos Corporation","Marine Shipping","Industrials"],"DIS":["Walt Disney Co","Entertainment","Communication Services"],"ILPT":["Industrial Logistics Properties Trust","REIT - Industrial","Real Estate"],"MPW":["Medical Properties Trust Inc","REIT - Healthcare Facilities","Real Estate"],"SID":["Companhia Siderurgica Nacional ADR","Steel","Basic Materials"],"EW":["Edwards Lifesciences Corp","Medical Devices","Healthcare"]}}