{"hold_stock_list":["SEE","GIS","EL","KSS","TGT","NKE","VFC","MPW","CVS","ILPT","AAP","PYPL","EPAM","EW","DAC","ZIM","VALE","SID","HAL","ALB"],"watch_stock_list":["ABNB","ACLS","ACMR","ADBE","ADSK","AEO","ALB","ALGM","ALGN","AMAT","ANSS","APD","APTV","ARTNA","ASML","AZN","BAC","BBY","BF-B","BIO","BLD","BUD","CAMT","CE","CNMD","CRM","CSCO","CVS","DE","DELL","DEO","DG","DHI","DIS","EL","EPAM","EW","EXLS","EXR","F","FDX","FFIV","FSLR","FTNT","G","GIS","GLOB","GM","GOOG","GSK","HAL","HAS","HMC","HOV","HPE","HPQ","INTC","ISRG","K","KSS","LMAT","LNTH","LQDT","LRCX","M","MA","MCHP","MKC","MMM","MMS","MOH","MPW","MS","MSFT","MU","NDAQ","NFLX","NICE","NKE","NOW","NVO","NXPI","ORCL","OXM","PAGS","PAYC","PCTY","PEP","PFE","PHG","PODD","PVH","PYPL","QCOM","SAIC","SBUX","SEE","SMP","SONY","SQM","STM","TDC","TEAM","TECH","TEX","TGT","TITN","TM","TEN","TRI","TX","UAL","UPS","VALE","VEEV","VFC","VMI","WDAY","WFC","WNS","X","ZTS"],"portfolio":{"AAP":{"cost_p":91.35,"position_%":14.410286977558082,"profit_%":-51.330049261083744},"ALB":{"cost_p":173.45,"position_%":7.817544065235592,"profit_%":-43.75900835975785},"CVS":{"cost_p":65.41,"position_%":5.896172468227847,"profit_%":-32.670845436477606},"DAC":{"cost_p":73.24,"position_%":4.951486831979142,"profit_%":0},"EL":{"cost_p":143.25,"position_%":6.456403501556636,"profit_%":-45.424083769633505},"EPAM":{"cost_p":250,"position_%":2.81692997450115,"profit_%":-0.832000000000005},"EW":{"cost_p":87.5,"position_%":2.9577764732262075,"profit_%":-15.291428571428566},"GIS":{"cost_p":65,"position_%":2.929607173481196,"profit_%":1.4307692307692412},"HAL":{"cost_p":35,"position_%":2.760591375011127,"profit_%":-22.314285714285713},"ILPT":{"cost_p":17.24,"position_%":3.8851098208319863,"profit_%":-78.77030162412993},"KSS":{"cost_p":22.03,"position_%":6.4539246031790745,"profit_%":-35.315478892419435},"MPW":{"cost_p":6.18,"position_%":4.87441562787679,"profit_%":-35.76051779935274},"NKE":{"cost_p":75.5,"position_%":3.402851409197389,"profit_%":3.3112582781456954},"PYPL":{"cost_p":68.34,"position_%":4.620215866977806,"profit_%":32.952882645595544},"SEE":{"cost_p":37.16,"position_%":5.861918599737912,"profit_%":-4.359526372443481},"SID":{"cost_p":4.54,"position_%":3.580881383585862,"profit_%":-62.11453744493392},"TGT":{"cost_p":135.71,"position_%":1.5291422673582042,"profit_%":-3.0285166900007465},"VALE":{"cost_p":12.22,"position_%":2.753830743072324,"profit_%":-24.795417348608844},"VFC":{"cost_p":18.8,"position_%":1.4828319385774054,"profit_%":20.1595744680851},"ZIM":{"cost_p":40.74,"position_%":10.55807889882827,"profit_%":-54.78645066273932}},"KellyFormula_Range_v1":{"TGT":{"profit":18.404037,"loss":3.565155,"p":0.93333334,"q":0.06111111,"max_close":173.9758,"min_close":121.59,"close":131.6},"ALB":{"profit":15.195915,"loss":8.099091,"p":0.53333336,"q":0.4611111,"max_close":150.06075,"min_close":72.23231,"close":97.55},"EW":{"profit":14.376572,"loss":6.2922134,"p":0.43888888,"q":0.5555556,"max_close":95.56,"min_close":59.7,"close":74.12},"CVS":{"profit":14.70821,"loss":0.0,"p":0.99444443,"q":0.0,"max_close":78.15087,"min_close":44.04,"close":44.04},"ILPT":{"profit":0.66986156,"loss":0.09542394,"p":0.78333336,"q":0.2,"max_close":5.146735,"min_close":3.4139497,"close":3.66},"SID":{"profit":0.55122185,"loss":0.00999999,"p":0.98888886,"q":0.0055555557,"max_close":3.799283,"min_close":1.71,"close":1.72},"PYPL":{"profit":0.30000305,"loss":20.31997,"p":0.011111111,"q":0.98333335,"max_close":91.3,"min_close":56.13,"close":90.86},"ZIM":{"profit":3.0953007,"loss":3.0817308,"p":0.54444444,"q":0.44444445,"max_close":27.01,"min_close":8.707805,"close":18.42},"EL":{"profit":28.270454,"loss":10.300491,"p":0.8611111,"q":0.13333334,"max_close":155.19865,"min_close":62.443096,"close":78.18},"VFC":{"profit":0.0,"loss":6.230627,"p":0.0,"q":0.99444443,"max_close":22.59,"min_close":11.779906,"close":22.59},"EPAM":{"profit":9.279465,"loss":43.856873,"p":0.10555556,"q":0.8888889,"max_close":314.63,"min_close":170.25,"close":247.92},"AAP":{"profit":20.122505,"loss":4.680313,"p":0.60555553,"q":0.3888889,"max_close":85.25006,"min_close":35.69,"close":44.46},"HAL":{"profit":5.2633953,"loss":0.0,"p":0.99444443,"q":0.0,"max_close":40.58066,"min_close":27.19,"close":27.19},"GIS":{"profit":3.5940857,"loss":1.743721,"p":0.6888889,"q":0.30555555,"max_close":74.52436,"min_close":60.71325,"close":65.93},"KSS":{"profit":5.4631367,"loss":0.10000038,"p":0.98888886,"q":0.0055555557,"max_close":27.064507,"min_close":14.15,"close":14.25},"SEE":{"profit":1.2023506,"loss":1.7513123,"p":0.44444445,"q":0.55,"max_close":39.39198,"min_close":30.610888,"close":35.54},"VALE":{"profit":1.6908875,"loss":0.0899992,"p":0.98888886,"q":0.0055555557,"max_close":14.774527,"min_close":9.1,"close":9.19},"NKE":{"profit":8.903542,"loss":3.4757462,"p":0.6666667,"q":0.32777777,"max_close":120.57175,"min_close":70.41491,"close":78.0},"MPW":{"profit":0.69475865,"loss":0.1579814,"p":0.92777777,"q":0.06666667,"max_close":6.2460093,"min_close":2.7921417,"close":3.97}},"Factor_Intersectional_v1":[],"stock_info":{"TGT":["Target Corp","Discount Stores","Consumer Defensive"],"ALB":["Albemarle Corp.","Specialty Chemicals","Basic Materials"],"EW":["Edwards Lifesciences Corp","Medical Devices","Healthcare"],"CVS":["CVS Health Corp","Healthcare Plans","Healthcare"],"ILPT":["Industrial Logistics Properties Trust","REIT - Industrial","Real Estate"],"DAC":["Danaos Corporation","Marine Shipping","Industrials"],"SID":["Companhia Siderurgica Nacional ADR","Steel","Basic Materials"],"PYPL":["PayPal Holdings Inc","Credit Services","Financial"],"ZIM":["Zim Integrated Shipping Services Ltd","Marine Shipping","Industrials"],"EL":["Estee Lauder Cos., Inc.","Household & Personal Products","Consumer Defensive"],"VFC":["VF Corp.","Apparel Manufacturing","Consumer Cyclical"],"EPAM":["EPAM Systems Inc","Information Technology Services","Technology"],"AAP":["Advance Auto Parts Inc","Specialty Retail","Consumer Cyclical"],"HAL":["Halliburton Co.","Oil & Gas Equipment & Services","Energy"],"GIS":["General Mills, Inc.","Packaged Foods","Consumer Defensive"],"KSS":["Kohl's Corp.","Department Stores","Consumer Cyclical"],"SEE":["Sealed Air Corp.","Packaging & Containers","Consumer Cyclical"],"VALE":["Vale S.A. ADR","Other Industrial Metals & Mining","Basic Materials"],"NKE":["Nike, Inc.","Footwear & Accessories","Consumer Cyclical"],"MPW":["Medical Properties Trust Inc","REIT - Healthcare Facilities","Real Estate"]}}