{
    "KellyFormula_Range_v1": {
        "BAC": {
            "close": 27.39,
            "loss": 3.5115757,
            "max_close": 28.3411922,
            "min_close": 17.8341846,
            "p": 0.03888889,
            "profit": 0.442684174,
            "q": 0.955555558
        },
        "BIO": {
            "close": 554.98,
            "loss": 90.81082,
            "max_close": 643.45,
            "min_close": 320.01,
            "p": 0.161111116,
            "profit": 28.2849121,
            "q": 0.8333333
        },
        "DHI": {
            "close": 77.28,
            "loss": 18.6487961,
            "max_close": 78.82,
            "min_close": 28.6062851,
            "p": 0.0444444455,
            "profit": 0.784996033,
            "q": 0.95
        },
        "FBP": {
            "close": 8.11,
            "loss": 2.52124166,
            "max_close": 8.33,
            "min_close": 3.666915,
            "p": 0.027777778,
            "profit": 0.118000031,
            "q": 0.9611111
        },
        "FHN": {
            "close": 12.28,
            "loss": 2.94128323,
            "max_close": 12.46,
            "min_close": 6.59697628,
            "p": 0.0111111114,
            "profit": 0.154999733,
            "q": 0.983333349
        },
        "INTC": {
            "close": 46.06,
            "loss": 1.12835693,
            "max_close": 63.44745,
            "min_close": 43.7472076,
            "p": 0.877777755,
            "profit": 8.340233,
            "q": 0.116666667
        },
        "PBCT": {
            "close": 12.99,
            "loss": 2.056055,
            "max_close": 13.3429022,
            "min_close": 9.070121,
            "p": 0.03888889,
            "profit": 0.212690353,
            "q": 0.955555558
        },
        "PFC": {
            "close": 21.27,
            "loss": 4.583418,
            "max_close": 21.84,
            "min_close": 11.0733128,
            "p": 0.0111111114,
            "profit": 0.340000153,
            "q": 0.983333349
        },
        "PSX": {
            "close": 65.84,
            "loss": 10.3591881,
            "max_close": 87.2001343,
            "min_close": 40.3908043,
            "p": 0.25555557,
            "profit": 7.652237,
            "q": 0.73888886
        },
        "SFM": {
            "close": 20.83,
            "loss": 1.59186745,
            "max_close": 27.41,
            "min_close": 13.32,
            "p": 0.6666667,
            "profit": 3.00221062,
            "q": 0.327777773
        },
        "SNV": {
            "close": 31.94,
            "loss": 11.1312332,
            "max_close": 31.94,
            "min_close": 12.3679667,
            "p": 0.0,
            "profit": 0.0,
            "q": 0.99444443
        },
        "STL": {
            "close": 16.25,
            "loss": 4.63536739,
            "max_close": 16.25,
            "min_close": 7.3472147,
            "p": 0.0,
            "profit": 0.0,
            "q": 0.99444443
        },
        "T": {
            "close": 28.62,
            "loss": 0.880643845,
            "max_close": 32.7475777,
            "min_close": 25.3954983,
            "p": 0.594444454,
            "profit": 0.895181656,
            "q": 0.394444436
        },
        "WFC": {
            "close": 26.3,
            "loss": 1.96577644,
            "max_close": 33.0351639,
            "min_close": 21.0457516,
            "p": 0.266666681,
            "profit": 2.11067,
            "q": 0.7277778
        }
    },
    "hold_stock_list": [
        "INTC",
        "T",
        "DHI",
        "BAC",
        "PFC",
        "SNV",
        "FHN",
        "STL",
        "SFM",
        "BIO",
        "PBCT",
        "FBP",
        "WFC",
        "PSX"
    ],
    "portfolio": {
        "BAC": {
            "cost_p": 25.9,
            "position_%": 4.061499156132699,
            "profit_%": 5.7528957528957605
        },
        "BIO": {
            "cost_p": 597.32,
            "position_%": 7.737834286198171,
            "profit_%": -7.088327864461265
        },
        "DHI": {
            "cost_p": 72.88,
            "position_%": 4.968978655345832,
            "profit_%": 6.0373216245883725
        },
        "FBP": {
            "cost_p": 6.92,
            "position_%": 7.9263663907229,
            "profit_%": 17.196531791907507
        },
        "FHN": {
            "cost_p": 10.96,
            "position_%": 10.013228337523467,
            "profit_%": 12.043795620437942
        },
        "INTC": {
            "cost_p": 45.18,
            "position_%": 4.928615930812835,
            "profit_%": 1.9477644975653001
        },
        "PBCT": {
            "cost_p": 14.03,
            "position_%": 6.887298955109969,
            "profit_%": -7.412687099073409
        },
        "PFC": {
            "cost_p": 17.29,
            "position_%": 4.715348021456061,
            "profit_%": 23.01908617698092
        },
        "PSX": {
            "cost_p": 74.12,
            "position_%": 8.590987739958784,
            "profit_%": -11.171073934160821
        },
        "SFM": {
            "cost_p": 20.61,
            "position_%": 12.084681541512447,
            "profit_%": 1.0674429888403634
        },
        "SNV": {
            "cost_p": 15.59,
            "position_%": 8.503444263100056,
            "profit_%": 104.8749198203977
        },
        "STL": {
            "cost_p": 16.83,
            "position_%": 6.884844465104583,
            "profit_%": -3.4462269756387305
        },
        "T": {
            "cost_p": 28.25,
            "position_%": 4.815232128619639,
            "profit_%": 1.3097345132743399
        },
        "WFC": {
            "cost_p": 34,
            "position_%": 7.8816401284025535,
            "profit_%": -22.64705882352941
        }
    }
}