{"hold_stock_list":["QDEL","BIO","KGC","STC","CNNE","LAKE","LDI","TX"],"portfolio":{"BIO":{"cost_p":580.11,"position_%":15.234179185289454,"profit":0,"profit_%":0.9705055937666986},"CNNE":{"cost_p":40.66,"position_%":4.253841908777192,"profit":0,"profit_%":-11.559272011805206},"KGC":{"cost_p":7.61,"position_%":14.762746177956284,"profit":0,"profit_%":6.044678055190538},"LAKE":{"cost_p":28.88,"position_%":9.663652359263788,"profit":0,"profit_%":-12.707756232686975},"LDI":{"cost_p":13.57,"position_%":14.254387033105989,"profit":0,"profit_%":-1.768607221812824},"QDEL":{"cost_p":112.07,"position_%":14.572859085615143,"profit":0,"profit_%":3.729811724814854},"STC":{"cost_p":53.5,"position_%":12.0101012766456,"profit":0,"profit_%":11.308411214953265},"TX":{"cost_p":40.0,"position_%":15.248232973346553,"profit":0,"profit_%":-4.474999999999998}},"KellyFormula_Range_v1":{"LDI":{"profit":6.5169363,"loss":0.700000763,"p":0.338888884,"q":0.027777778,"max_close":30.538002,"min_close":12.1,"close":13.47},"QDEL":{"profit":74.34133,"loss":4.844612,"p":0.9222222,"q":0.0722222254,"max_close":283.45,"min_close":104.79,"close":116.99},"KGC":{"profit":0.6231022,"loss":1.00846338,"p":0.23888889,"q":0.75555557,"max_close":9.875889,"min_close":6.16129827,"close":8.22},"LAKE":{"profit":4.027363,"loss":4.10047531,"p":0.5277778,"q":0.466666669,"max_close":44.43,"min_close":18.3,"close":25.88},"BIO":{"profit":25.7650146,"loss":35.1956177,"p":0.394444436,"q":0.6,"max_close":662.35,"min_close":478.82,"close":588.15},"CNNE":{"profit":3.9141655,"loss":0.7506256,"p":0.905555546,"q":0.08888889,"max_close":45.6,"min_close":34.48,"close":36.33},"TX":{"profit":0.283329,"loss":12.8457432,"p":0.0166666675,"q":0.9777778,"max_close":40.88,"min_close":16.9325352,"close":40.33},"STC":{"profit":1.04181671,"loss":11.2498245,"p":0.06111111,"q":0.933333337,"max_close":61.6,"min_close":40.5055351,"close":59.47}}}