{
    "KellyFormula_Range_v1": {
        "ASML": {
            "close": 520.07,
            "loss": 44.5473938,
            "max_close": 811.43,
            "min_close": 428.88,
            "p": 0.844444454,
            "profit": 119.6272,
            "q": 0.15
        },
        "BAC": {
            "close": 34.72,
            "loss": 2.1084137,
            "max_close": 49.38,
            "min_close": 30.13,
            "p": 0.75,
            "profit": 7.13725662,
            "q": 0.244444445
        },
        "BIO": {
            "close": 500.1,
            "loss": 15.08963,
            "max_close": 770.22,
            "min_close": 463.67,
            "p": 0.872222245,
            "profit": 87.73709,
            "q": 0.122222222
        },
        "C": {
            "close": 51.25,
            "loss": 2.89500427,
            "max_close": 67.84,
            "min_close": 44.14,
            "p": 0.705555558,
            "profit": 7.07353973,
            "q": 0.2888889
        },
        "CCS": {
            "close": 48.3,
            "loss": 3.773529,
            "max_close": 84.95,
            "min_close": 40.36,
            "p": 0.9,
            "profit": 11.74778,
            "q": 0.0944444463
        },
        "DAC": {
            "close": 69.95,
            "loss": 5.41542053,
            "max_close": 106.64,
            "min_close": 57.38,
            "p": 0.8,
            "profit": 14.4457855,
            "q": 0.194444448
        },
        "EDRY": {
            "close": 15.15,
            "loss": 0.0,
            "max_close": 42.75,
            "min_close": 15.15,
            "p": 0.99444443,
            "profit": 8.988127,
            "q": 0.0
        },
        "GGB": {
            "close": 4.51,
            "loss": 0.188695431,
            "max_close": 6.51,
            "min_close": 4.06,
            "p": 0.8666667,
            "profit": 0.8903847,
            "q": 0.127777785
        },
        "HIMX": {
            "close": 6.57,
            "loss": 0.100000381,
            "max_close": 15.99,
            "min_close": 6.35,
            "p": 0.9611111,
            "profit": 3.40867376,
            "q": 0.027777778
        },
        "ILPT": {
            "close": 8.4,
            "loss": 0.0,
            "max_close": 25.55,
            "min_close": 8.4,
            "p": 0.99444443,
            "profit": 9.917908,
            "q": 0.0
        },
        "INTC": {
            "close": 33.84,
            "loss": 0.0,
            "max_close": 55.91,
            "min_close": 33.84,
            "p": 0.99444443,
            "profit": 11.2963219,
            "q": 0.0
        },
        "NFLX": {
            "close": 226.54,
            "loss": 34.3349762,
            "max_close": 628.08,
            "min_close": 166.37,
            "p": 0.6,
            "profit": 195.664108,
            "q": 0.394444436
        },
        "NKE": {
            "close": 110.34,
            "loss": 3.87177277,
            "max_close": 171.29,
            "min_close": 101.18,
            "p": 0.8055556,
            "profit": 24.926712,
            "q": 0.188888893
        },
        "NMM": {
            "close": 27.55,
            "loss": 3.30396652,
            "max_close": 36.49,
            "min_close": 20.36,
            "p": 0.6166667,
            "profit": 3.41676521,
            "q": 0.377777785
        },
        "SID": {
            "close": 2.92,
            "loss": 0.196249962,
            "max_close": 5.71,
            "min_close": 2.45,
            "p": 0.8611111,
            "profit": 1.53045082,
            "q": 0.13333334
        },
        "STC": {
            "close": 53.66,
            "loss": 2.93215561,
            "max_close": 80.18,
            "min_close": 45.91,
            "p": 0.7111111,
            "profit": 12.037426,
            "q": 0.283333331
        },
        "THO": {
            "close": 86.55,
            "loss": 7.11930847,
            "max_close": 109.92,
            "min_close": 69.02,
            "p": 0.433333337,
            "profit": 9.509613,
            "q": 0.5611111
        },
        "TX": {
            "close": 31.91,
            "loss": 0.876667,
            "max_close": 49.66,
            "min_close": 30.76,
            "p": 0.9777778,
            "profit": 9.118172,
            "q": 0.0166666675
        },
        "VALE": {
            "close": 12.77,
            "loss": 0.170000076,
            "max_close": 21.23,
            "min_close": 12.43,
            "p": 0.95,
            "profit": 3.44075775,
            "q": 0.0444444455
        },
        "WGO": {
            "close": 63.7,
            "loss": 8.906414,
            "max_close": 77.45,
            "min_close": 44.28,
            "p": 0.327777773,
            "profit": 5.742199,
            "q": 0.6666667
        },
        "ZIM": {
            "close": 50.92,
            "loss": 3.28136444,
            "max_close": 88.62,
            "min_close": 42.05,
            "p": 0.75,
            "profit": 12.6780128,
            "q": 0.244444445
        }
    },
    "hold_stock_list": [
        "BIO",
        "ILPT",
        "ASML",
        "NFLX",
        "NKE",
        "INTC",
        "HIMX",
        "STC",
        "VALE",
        "CCS",
        "BAC",
        "C",
        "THO",
        "WGO",
        "DAC",
        "EDRY",
        "NMM",
        "ZIM",
        "GGB",
        "SID",
        "TX"
    ],
    "portfolio": {
        "ASML": {
            "cost_p": 569.13,
            "position_%": 3.8882999699118423,
            "profit_%": -8.620174652539832
        },
        "BAC": {
            "cost_p": 35.99,
            "position_%": 5.901214102245626,
            "profit_%": -3.5287579883301
        },
        "BIO": {
            "cost_p": 522.14,
            "position_%": 5.3508959630219,
            "profit_%": -4.221090129084147
        },
        "C": {
            "cost_p": 49.1,
            "position_%": 12.747158090175384,
            "profit_%": 4.378818737270873
        },
        "CCS": {
            "cost_p": 44.7,
            "position_%": 1.221562796936091,
            "profit_%": 8.053691275167772
        },
        "DAC": {
            "cost_p": 73.49,
            "position_%": 6.02501006354586,
            "profit_%": -4.816981902299622
        },
        "EDRY": {
            "cost_p": 22.24,
            "position_%": 0.9116629732838475,
            "profit_%": -31.879496402877695
        },
        "GGB": {
            "cost_p": 4.57,
            "position_%": 2.747559812169006,
            "profit_%": -1.3129102844639058
        },
        "HIMX": {
            "cost_p": 7.32,
            "position_%": 5.2010700562164836,
            "profit_%": -10.245901639344263
        },
        "ILPT": {
            "cost_p": 17.42,
            "position_%": 4.760542264569732,
            "profit_%": -51.77956371986223
        },
        "INTC": {
            "cost_p": 43.58,
            "position_%": 6.550254738201603,
            "profit_%": -22.349701698026607
        },
        "NFLX": {
            "cost_p": 248.68,
            "position_%": 3.3979668494638378,
            "profit_%": -8.903007881614933
        },
        "NKE": {
            "cost_p": 115.53,
            "position_%": 3.1572069335576414,
            "profit_%": -4.49233965203843
        },
        "NMM": {
            "cost_p": 30.04,
            "position_%": 2.195998247726923,
            "profit_%": -8.288948069241007
        },
        "SID": {
            "cost_p": 4.82,
            "position_%": 4.610238117295717,
            "profit_%": -39.41908713692946
        },
        "STC": {
            "cost_p": 52.86,
            "position_%": 8.667356972623056,
            "profit_%": 1.5134317063942435
        },
        "THO": {
            "cost_p": 72.81,
            "position_%": 2.9846304444602945,
            "profit_%": 18.871034198599084
        },
        "TX": {
            "cost_p": 39.96,
            "position_%": 3.2760838500379994,