{"hold_stock_list":["CEIX","INTC","KGC","DAC","ARLP","GOGL","CPLP","SID","EDRY","CNNE","ET","SB","NMM","X","TX"],"portfolio":{"ARLP":{"cost_p":7.06,"position_%":7.279541486487864,"profit_%":73.79603399433428},"CEIX":{"cost_p":18.18,"position_%":7.052397974509949,"profit_%":56.43564356435644},"CNNE":{"cost_p":31,"position_%":3.331751646933203,"profit_%":7.064516129032252},"CPLP":{"cost_p":12.99,"position_%":4.7991329922407795,"profit_%":4.464973056197075},"DAC":{"cost_p":76.97,"position_%":12.02085582489603,"profit_%":-7.5354034039236035},"EDRY":{"cost_p":22.24,"position_%":3.361307508317288,"profit_%":33.723021582733814},"ET":{"cost_p":9.35,"position_%":7.002891906691608,"profit_%":4.064171122994661},"GOGL":{"cost_p":10.75,"position_%":5.054724020800878,"profit_%":-17.395348837209294},"INTC":{"cost_p":49.94,"position_%":9.778630628577938,"profit_%":-4.104925911093306},"KGC":{"cost_p":7.61,"position_%":11.706069108052468,"profit_%":-15.900131406044677},"NMM":{"cost_p":30.04,"position_%":5.397773530092971,"profit_%":-6.657789613848203},"SB":{"cost_p":4.05,"position_%":5.65180280006857,"profit_%":8.641975308641989},"SID":{"cost_p":5.46,"position_%":8.747258693856626,"profit_%":-19.413919413919405},"TX":{"cost_p":40.0,"position_%":4.03034473419339,"profit_%":10.675000000000008},"X":{"cost_p":21.82,"position_%":4.78551714428043,"profit_%":6.8744271310724105}},"KellyFormula_Range_v1":{"TX":{"profit":7.002075,"loss":6.86685944,"p":0.266666681,"q":0.7222222,"max_close":56.19,"min_close":26.3268738,"close":44.27},"DAC":{"profit":6.610489,"loss":15.1425285,"p":0.377777785,"q":0.6166667,"max_close":87.73,"min_close":33.7719345,"close":71.17},"SID":{"profit":2.84564877,"loss":0.0100002289,"p":0.98888886,"q":0.00555555569,"max_close":9.618398,"min_close":4.39,"close":4.4},"NMM":{"profit":2.64810371,"loss":4.183407,"p":0.394444436,"q":0.6,"max_close":34.7979736,"min_close":16.91582,"close":28.04},"ET":{"profit":0.496239662,"loss":1.20005035,"p":0.355555564,"q":0.6388889,"max_close":11.163332,"min_close":6.56621027,"close":9.73},"SB":{"profit":0.451874733,"loss":1.04917765,"p":0.177777782,"q":0.8111111,"max_close":5.28,"min_close":2.12,"close":4.4},"INTC":{"profit":8.988674,"loss":0.0,"p":0.99444443,"q":0.0,"max_close":67.41304,"min_close":47.89,"close":47.89},"GOGL":{"profit":1.1747036,"loss":1.9138937,"p":0.622222245,"q":0.372222215,"max_close":11.68,"min_close":5.23700857,"close":8.88},"X":{"profit":2.445284,"loss":2.05310822,"p":0.5277778,"q":0.466666669,"max_close":29.45,"min_close":16.4877148,"close":23.32},"KGC":{"profit":0.736014843,"loss":0.4475689,"p":0.5222222,"q":0.4722222,"max_close":8.151266,"min_close":5.24,"close":6.4},"EDRY":{"profit":1.45185471,"loss":11.2020226,"p":0.15,"q":0.8388889,"max_close":33.81,"min_close":6.62,"close":29.74},"CNNE":{"profit":4.29027939,"loss":1.443676,"p":0.6166667,"q":0.377777785,"max_close":42.07,"min_close":29.78,"close":33.19},"ARLP":{"profit":0.295000076,"loss":4.9100256,"p":0.0111111114,"q":0.983333349,"max_close":12.57,"min_close":5.29967546,"close":12.27},"CPLP":{"profit":0.346427917,"loss":1.73947525,"p":0.03888889,"q":0.955555558,"max_close":14.27,"min_close":9.434888,"close":13.57},"CEIX":{"profit":3.85882,"loss":12.115984,"p":0.0944444463,"q":0.9,"max_close":35.7,"min_close":8.78,"close":28.44}}}