{
    "KellyFormula_Range_v1": {
        "BGFV": {
            "close": 14.39,
            "loss": 6.69509268,
            "max_close": 16.16,
            "min_close": 1.76140082,
            "p": 0.0833333358,
            "profit": 0.9026661,
            "q": 0.9111111
        },
        "BIO": {
            "close": 554.11,
            "loss": 48.22519,
            "max_close": 662.35,
            "min_close": 432.34,
            "p": 0.51111114,
            "profit": 36.4154663,
            "q": 0.483333319
        },
        "C": {
            "close": 72.22,
            "loss": 19.2666969,
            "max_close": 72.22,
            "min_close": 40.2755241,
            "p": 0.0,
            "profit": 0.0,
            "q": 0.99444443
        },
        "DHI": {
            "close": 80.51,
            "loss": 10.0450974,
            "max_close": 83.23916,
            "min_close": 52.616806,
            "p": 0.027777778,
            "profit": 1.87133026,
            "q": 0.966666639
        },
        "ELP": {
            "close": 10.38,
            "loss": 0.0482397079,
            "max_close": 14.32,
            "min_close": 10.3125925,
            "p": 0.983333349,
            "profit": 1.38845539,
            "q": 0.0111111114
        },
        "HTH": {
            "close": 36.14,
            "loss": 12.41452,
            "max_close": 36.14,
            "min_close": 16.4422626,
            "p": 0.0,
            "profit": 0.0,
            "q": 0.99444443
        },
        "LAKE": {
            "close": 29.11,
            "loss": 6.42779732,
            "max_close": 44.43,
            "min_close": 18.3,
            "p": 0.172222227,
            "profit": 4.65290833,
            "q": 0.822222233
        },
        "MDC": {
            "close": 57.56,
            "loss": 14.4092216,
            "max_close": 57.56,
            "min_close": 29.5942955,
            "p": 0.0,
            "profit": 0.0,
            "q": 0.99444443
        },
        "PBFX": {
            "close": 12.91,
            "loss": 3.76509476,
            "max_close": 13.01,
            "min_close": 6.8425045,
            "p": 0.0111111114,
            "profit": 0.0650005341,
            "q": 0.983333349
        },
        "PHM": {
            "close": 47.41,
            "loss": 4.545719,
            "max_close": 49.51,
            "min_close": 31.7402878,
            "p": 0.1,
            "profit": 1.15512466,
            "q": 0.894444466
        },
        "PSX": {
            "close": 88.47,
            "loss": 25.5101585,
            "max_close": 88.47,
            "min_close": 43.12195,
            "p": 0.0,
            "profit": 0.0,
            "q": 0.99444443
        },
        "SMP": {
            "close": 44.43,
            "loss": 3.21178436,
            "max_close": 53.85105,
            "min_close": 37.67527,
            "p": 0.5,
            "profit": 2.49513626,
            "q": 0.49444443
        },
        "SNX": {
            "close": 94.24,
            "loss": 21.1105652,
            "max_close": 94.5,
            "min_close": 50.7289238,
            "p": 0.00555555569,
            "profit": 0.260002136,
            "q": 0.98888886
        },
        "T": {
            "close": 29.99,
            "loss": 1.6379509,
            "max_close": 30.9062023,
            "min_close": 26.033514,
            "p": 0.0333333351,
            "profit": 0.3169384,
            "q": 0.9611111
        },
        "TDS": {
            "close": 21.41,
            "loss": 2.41923714,
            "max_close": 23.91577,
            "min_close": 16.5031128,
            "p": 0.127777785,
            "profit": 1.49330711,
            "q": 0.8666667
        },
        "WFC": {
            "close": 38.67,
            "loss": 11.4444828,
            "max_close": 38.67,
            "min_close": 20.9815083,
            "p": 0.0,
            "profit": 0.0,
            "q": 0.99444443
        }
    },
    "hold_stock_list": [
        "SMP",
        "T",
        "DHI",
        "C",
        "TDS",
        "BGFV",
        "BIO",
        "WFC",
        "PSX",
        "SNX",
        "LAKE",
        "HTH",
        "MDC",
        "PBFX",
        "PHM",
        "ELP"
    ],
    "portfolio": {
        "BGFV": {
            "cost_p": 12.23,
            "position_%": 4.36286099922818,
            "profit_%": 17.66148814390842
        },
        "BIO": {
            "cost_p": 597.32,
            "position_%": 5.78372368988676,
            "profit_%": -7.233978437018688
        },
        "C": {
            "cost_p": 62.71,
            "position_%": 5.017453227668621,
            "profit_%": 15.165045447297079
        },
        "DHI": {
            "cost_p": 72.88,
            "position_%": 3.7141141177870542,
            "profit_%": 10.469264544456655
        },
        "ELP": {
            "cost_p": 10.54,
            "position_%": 9.695376901298486,
            "profit_%": -1.5180265654648801
        },
        "HTH": {
            "cost_p": 29.44,
            "position_%": 6.751452227283602,
            "profit_%": 22.75815217391304
        },
        "LAKE": {
            "cost_p": 29.74,
            "position_%": 4.546833995457752,
            "profit_%": -2.1183591123066545
        },
        "MDC": {
            "cost_p": 59.95,
            "position_%": 5.193797205190281,
            "profit_%": -3.9866555462885747
        },
        "PBFX": {
            "cost_p": 11.39,
            "position_%": 9.78071285204265,
            "profit_%": 13.345039508340644
        },
        "PHM": {
            "cost_p": 49.31,
            "position_%": 4.648936460262725,
            "profit_%": -3.853173798418182
        },
        "PSX": {
            "cost_p": 70.43,
            "position_%": 3.5892570981852674,
            "profit_%": 25.614084906999846
        },
        "SMP": {
            "cost_p": 41.45,
            "position_%": 13.455841002484656,
            "profit_%": 7.189384800965009
        },
        "SNX": {
            "cost_p": 86.45,
            "position_%": 6.388220224340034,
            "profit_%": 9.010989010989
        },
        "T": {
            "cost_p": 28.54,
            "position_%": 6.10871886760289,
            "profit_%": 5.080588647512261
        },
        "TDS": {
            "cost_p": 20.77,
            "position_%": 5.292408769651284,
            "profit_%": 3.081367356764567
        },
        "WFC": {
            "cost_p": 31.79,
            "position_%": 5.670292361629755,
            "profit_%": 21.64202579427494
        }
    }
}