{
    "KellyFormula_Range_v1": {
        "ARLP": {
            "close": 7.15,
            "loss": 1.98363352,
            "max_close": 7.2,
            "min_close": 2.58579826,
            "p": 0.00555555569,
            "profit": 0.0499997139,
            "q": 0.98888886
        },
        "BIO": {
            "close": 625.85,
            "loss": 43.72406,
            "max_close": 662.35,
            "min_close": 516.56,
            "p": 0.127777785,
            "profit": 13.9603882,
            "q": 0.8666667
        },
        "CEIX": {
            "close": 17.74,
            "loss": 8.682055,
            "max_close": 18.66,
            "min_close": 3.76,
            "p": 0.0222222228,
            "profit": 0.40250206,
            "q": 0.9722222
        },
        "CPLP": {
            "close": 12.76,
            "loss": 3.26811886,
            "max_close": 13.45,
            "min_close": 6.73989248,
            "p": 0.0833333358,
            "profit": 0.2806673,
            "q": 0.9111111
        },
        "EDRY": {
            "close": 29.61,
            "loss": 20.4977684,
            "max_close": 32.89,
            "min_close": 3.7,
            "p": 0.027777778,
            "profit": 1.98199844,
            "q": 0.966666639
        },
        "GOGL": {
            "close": 10.42,
            "loss": 4.501342,
            "max_close": 11.29,
            "min_close": 3.11279774,
            "p": 0.055555556,
            "profit": 0.3609829,
            "q": 0.9388889
        },
        "GSL": {
            "close": 20.39,
            "loss": 7.75386143,
            "max_close": 21.39,
            "min_close": 6.65200329,
            "p": 0.0166666675,
            "profit": 0.5100002,
            "q": 0.9777778
        },
        "KGC": {
            "close": 6.36,
            "loss": 0.135386944,
            "max_close": 9.232914,
            "min_close": 6.13875675,
            "p": 0.9722222,
            "profit": 1.082972,
            "q": 0.0166666675
        },
        "LDI": {
            "close": 13.2,
            "loss": 0.332221985,
            "max_close": 30.538002,
            "min_close": 12.1,
            "p": 0.455555558,
            "profit": 5.38040638,
            "q": 0.05
        },
        "TX": {
            "close": 34.65,
            "loss": 7.98077,
            "max_close": 40.88,
            "min_close": 17.8606052,
            "p": 0.338888884,
            "profit": 2.83041,
            "q": 0.655555546
        }
    },
    "hold_stock_list": [
        "CEIX",
        "BIO",
        "KGC",
        "GSL",
        "ARLP",
        "GOGL",
        "CPLP",
        "LDI",
        "EDRY",
        "TX"
    ],
    "portfolio": {
        "ARLP": {
            "cost_p": 7.06,
            "position_%": 8.532702143336419,
            "profit": 0,
            "profit_%": 1.2747875354107756
        },
        "BIO": {
            "cost_p": 580.11,
            "position_%": 14.159422820819003,
            "profit": 0,
            "profit_%": 7.884711520228923
        },
        "CEIX": {
            "cost_p": 18.18,
            "position_%": 8.266456263002272,
            "profit": 0,
            "profit_%": -2.4202420242024276
        },
        "CPLP": {
            "cost_p": 12.99,
            "position_%": 5.6252955553669395,
            "profit": 0,
            "profit_%": -1.7705927636643606
        },
        "EDRY": {
            "cost_p": 22.24,
            "position_%": 3.9399508655687825,
            "profit": 0,
            "profit_%": 33.138489208633096
        },
        "GOGL": {
            "cost_p": 10.75,
            "position_%": 5.924886143766004,
            "profit": 0,
            "profit_%": -3.069767441860466
        },
        "GSL": {
            "cost_p": 15.76,
            "position_%": 12.40879808980096,
            "profit": 0,
            "profit_%": 29.37817258883249
        },
        "KGC": {
            "cost_p": 7.61,
            "position_%": 13.72124894867718,
            "profit": 0,
            "profit_%": -16.4257555847569
        },
        "LDI": {
            "cost_p": 13.57,
            "position_%": 13.248754041717184,
            "profit": 0,
            "profit_%": -2.726602800294775
        },
        "TX": {
            "cost_p": 40.0,
            "position_%": 14.172485127945261,
            "profit": 0,
            "profit_%": -13.375000000000004
        }
    }
}