{"hold_stock_list":["T","INTC","KGC","DAC","GGB","TDS","THO","GOGL","CPLP","SID","EDRY","CNNE","ET","SB","NMM","TX"],"portfolio":{"CNNE":{"cost_p":31,"position_%":3.101968683812486,"profit_%":14.645161290322578},"CPLP":{"cost_p":12.99,"position_%":4.468148238205304,"profit_%":3.5411855273287074},"DAC":{"cost_p":76.97,"position_%":11.191806074674082,"profit_%":-5.222814083409116},"EDRY":{"cost_p":22.24,"position_%":3.129486147943081,"profit_%":13.264388489208647},"ET":{"cost_p":9.35,"position_%":6.519919157442766,"profit_%":-1.28342245989304},"GGB":{"cost_p":4.59,"position_%":2.2175167358558907,"profit_%":-1.960784313725487},"GOGL":{"cost_p":10.75,"position_%":4.706111763243741,"profit_%":-19.8139534883721},"INTC":{"cost_p":49.94,"position_%":9.104221801267562,"profit_%":0.7408890668802655},"KGC":{"cost_p":7.61,"position_%":10.898729446760447,"profit_%":-21.024967148488837},"NMM":{"cost_p":30.04,"position_%":5.025501966232257,"profit_%":-1.1984021304926746},"SB":{"cost_p":4.05,"position_%":5.262011443450158,"profit_%":2.7160493827160574},"SID":{"cost_p":4.85,"position_%":13.376301853573258,"profit_%":-21.23711340206185},"T":{"cost_p":25.22,"position_%":8.651221801986768,"profit_%":-1.6653449643140292},"TDS":{"cost_p":19.46,"position_%":5.324472960042047,"profit_%":1.6443987667009263},"THO":{"cost_p":104.58,"position_%":3.270200453156349,"profit_%":5.220883534136554},"TX":{"cost_p":40.0,"position_%":3.752381472353814,"profit_%":-2.9250000000000043}},"KellyFormula_Range_v1":{"INTC":{"profit":6.51876831,"loss":1.36875153,"p":0.95,"q":0.0444444455,"max_close":67.41304,"min_close":47.89,"close":50.31},"EDRY":{"profit":3.67691422,"loss":11.4468765,"p":0.4888889,"q":0.50555557,"max_close":33.81,"min_close":6.62,"close":25.19},"NMM":{"profit":1.7417202,"loss":4.529619,"p":0.2888889,"q":0.705555558,"max_close":34.7979736,"min_close":16.91582,"close":29.68},"KGC":{"profit":0.8203659,"loss":0.3119712,"p":0.74444443,"q":0.23888889,"max_close":8.151266,"min_close":5.24,"close":6.01},"T":{"profit":2.9924984,"loss":0.0,"p":0.99444443,"q":0.0,"max_close":31.4353828,"min_close":24.8,"close":24.8},"SB":{"profit":0.520638466,"loss":0.83810544,"p":0.2611111,"q":0.733333349,"max_close":5.28,"min_close":2.12,"close":4.16},"THO":{"profit":14.0772858,"loss":3.343727,"p":0.783333361,"q":0.211111113,"max_close":150.598877,"min_close":101.76,"close":110.04},"SID":{"profit":3.348502,"loss":0.0,"p":0.99444443,"q":0.0,"max_close":9.618398,"min_close":3.82,"close":3.82},"TX":{"profit":7.80783463,"loss":3.16251373,"p":0.55,"q":0.444444448,"max_close":56.19,"min_close":29.0826721,"close":38.83},"CPLP":{"profit":0.263541222,"loss":1.61524963,"p":0.055555556,"q":0.9388889,"max_close":14.1647253,"min_close":9.365284,"close":13.455},"GOGL":{"profit":1.34932423,"loss":1.63329887,"p":0.6722222,"q":0.322222233,"max_close":11.68,"min_close":5.69950962,"close":8.62},"TDS":{"profit":2.95137978,"loss":0.655820847,"p":0.6944444,"q":0.3,"max_close":25.9372444,"min_close":17.4705029,"close":19.78},"CNNE":{"profit":3.66327667,"loss":2.81098557,"p":0.372222215,"q":0.622222245,"max_close":42.07,"min_close":29.78,"close":35.54},"GGB":{"profit":0.9318824,"loss":0.0683865547,"p":0.9444444,"q":0.05,"max_close":6.94107,"min_close":4.31954,"close":4.5},"DAC":{"profit":5.62282562,"loss":14.3222008,"p":0.344444454,"q":0.65,"max_close":87.73,"min_close":36.0371857,"close":72.95},"ET":{"profit":0.602108,"loss":1.08112049,"p":0.5555556,"q":0.438888878,"max_close":10.9818878,"min_close":7.11686659,"close":9.23}}}