{"hold_stock_list":["SMP","T","DHI","TDS","BGFV","BIO","WFC","STC","SNX","LAKE","HTH","MDC","PBFX","PHM","ELP"],"portfolio":{"BGFV":{"cost_p":12.23,"position_%":4.15795831570293,"profit_%":17.743254292722813},"BIO":{"cost_p":580.11,"position_%":17.468582911854977,"profit_%":-3.6286221578666233},"DHI":{"cost_p":72.88,"position_%":3.53967996785924,"profit_%":18.070801317233812},"ELP":{"cost_p":1.05,"position_%":9.208193949221785,"profit_%":14.285714285714276},"HTH":{"cost_p":29.44,"position_%":2.8597194910476404,"profit_%":16.610054347826075},"LAKE":{"cost_p":29.74,"position_%":4.333290981509349,"profit_%":-9.784801613987897},"MDC":{"cost_p":59.95,"position_%":4.94986942816101,"profit_%":-5.721434528773978},"PBFX":{"cost_p":11.39,"position_%":5.531964164917226,"profit_%":17.822651448639153},"PHM":{"cost_p":49.31,"position_%":4.4305981826016385,"profit_%":1.6832285540458287},"SMP":{"cost_p":41.45,"position_%":12.823884602547562,"profit_%":3.2328106151990257},"SNX":{"cost_p":86.45,"position_%":2.9391291610181383,"profit_%":29.103528050896465},"STC":{"cost_p":53.5,"position_%":13.771628085709214,"profit_%":-3.214953271028035},"T":{"cost_p":28.54,"position_%":5.821821602460913,"profit_%":5.395935529081988},"TDS":{"cost_p":20.77,"position_%":5.043849679777471,"profit_%":6.355320173326915},"WFC":{"cost_p":31.79,"position_%":3.087991936834392,"profit_%":23.623781063227426}},"KellyFormula_Range_v1":{"HTH":{"profit":2.62714,"loss":10.2595215,"p":0.07777778,"q":0.9111111,"max_close":39.37,"min_close":16.4422626,"close":34.33},"LAKE":{"profit":4.420677,"loss":4.79611969,"p":0.327777773,"q":0.6666667,"max_close":44.43,"min_close":18.3,"close":26.83},"PBFX":{"profit":0.868572235,"loss":4.10201836,"p":0.03888889,"q":0.955555558,"max_close":14.86,"min_close":6.8425045,"close":13.42},"DHI":{"profit":0.9399948,"loss":13.2968292,"p":0.00555555569,"q":0.98888886,"max_close":86.99,"min_close":56.4665756,"close":86.05},"BGFV":{"profit":0.9454756,"loss":6.20587635,"p":0.144444451,"q":0.85,"max_close":17.1,"min_close":2.457139,"close":14.4},"ELP":{"profit":0.08166778,"loss":0.09028101,"p":0.411111116,"q":0.5777778,"max_close":1.432,"min_close":1.0312593,"close":1.2},"BIO":{"profit":30.9754639,"loss":39.58612,"p":0.5388889,"q":0.455555558,"max_close":662.35,"min_close":467.91,"close":559.06},"SNX":{"profit":0.0,"loss":34.92353,"p":0.0,"q":0.99444443,"max_close":111.61,"min_close":58.9658852,"close":111.61},"PHM":{"profit":0.8500023,"loss":5.770279,"p":0.00555555569,"q":0.98888886,"max_close":50.99,"min_close":33.5812645,"close":50.14},"STC":{"profit":1.77285,"loss":7.395382,"p":0.08888889,"q":0.905555546,"max_close":54.8160629,"min_close":30.60827,"close":51.78},"T":{"profit":0.307546616,"loss":1.61133385,"p":0.027777778,"q":0.966666639,"max_close":30.9062023,"min_close":26.033514,"close":30.08},"WFC":{"profit":0.5400009,"loss":11.5613995,"p":0.03888889,"q":0.955555558,"max_close":40.81,"min_close":20.9815083,"close":39.3},"SMP":{"profit":3.3756218,"loss":1.87159729,"p":0.655555546,"q":0.338888884,"max_close":53.85105,"min_close":37.67527,"close":42.79},"TDS":{"profit":0.788784,"loss":3.13665,"p":0.155555561,"q":0.8388889,"max_close":23.7356415,"min_close":16.3788166,"close":22.09},"MDC":{"profit":1.65434265,"loss":12.3394012,"p":0.06111111,"q":0.933333337,"max_close":60.27,"min_close":32.758976,"close":56.52}}}