{
    "KellyFormula_Range_v1": {
        "ARLP": {
            "close": 8.23,
            "loss": 2.27463579,
            "max_close": 8.27,
            "min_close": 4.173737,
            "p": 0.00555555569,
            "profit": 0.0400009155,
            "q": 0.983333349
        },
        "BIO": {
            "close": 781.98,
            "loss": 167.780212,
            "max_close": 781.98,
            "min_close": 535.07,
            "p": 0.0,
            "profit": 0.0,
            "q": 0.99444443
        },
        "BXS": {
            "close": 28.8,
            "loss": 1.64254,
            "max_close": 34.72739,
            "min_close": 24.8817959,
            "p": 0.5888889,
            "profit": 1.92962265,
            "q": 0.405555546
        },
        "CEIX": {
            "close": 22.67,
            "loss": 10.4652243,
            "max_close": 23.23,
            "min_close": 5.22,
            "p": 0.0166666675,
            "profit": 0.463331223,
            "q": 0.9777778
        },
        "CPLP": {
            "close": 11.71,
            "loss": 2.02621651,
            "max_close": 13.3364019,
            "min_close": 7.289191,
            "p": 0.355555564,
            "profit": 0.6787691,
            "q": 0.6388889
        },
        "EDRY": {
            "close": 25.43,
            "loss": 14.52834,
            "max_close": 32.89,
            "min_close": 5.0,
            "p": 0.177777782,
            "profit": 2.73109627,
            "q": 0.816666663
        },
        "GOGL": {
            "close": 10.1,
            "loss": 3.21749878,
            "max_close": 11.29,
            "min_close": 4.05932236,
            "p": 0.172222227,
            "profit": 0.468798637,
            "q": 0.822222233
        },
        "GSL": {
            "close": 19.38,
            "loss": 4.950845,
            "max_close": 21.39,
            "min_close": 9.312805,
            "p": 0.0833333358,
            "profit": 0.920002,
            "q": 0.9111111
        },
        "KGC": {
            "close": 6.0,
            "loss": 0.08500004,
            "max_close": 8.19350052,
            "min_close": 5.9,
            "p": 0.983333349,
            "profit": 1.00952578,
            "q": 0.0111111114
        },
        "TDS": {
            "close": 19.78,
            "loss": 1.2126236,
            "max_close": 26.17267,
            "min_close": 17.54039,
            "p": 0.7,
            "profit": 3.1355114,
            "q": 0.294444442
        },
        "TX": {
            "close": 55.09,
            "loss": 20.13441,
            "max_close": 56.19,
            "min_close": 25.04841,
            "p": 0.0222222228,
            "profit": 0.909999847,
            "q": 0.9722222
        }
    },
    "hold_stock_list": [
        "CEIX",
        "BIO",
        "KGC",
        "GSL",
        "ARLP",
        "GOGL",
        "CPLP",
        "TDS",
        "BXS",
        "EDRY",
        "TX"
    ],
    "portfolio": {
        "ARLP": {
            "cost_p": 7.06,
            "position_%": 8.875298659192824,
            "profit_%": 16.572237960339955
        },
        "BIO": {
            "cost_p": 580.11,
            "position_%": 14.727937793387053,
            "profit_%": 34.79857268449088
        },
        "BXS": {
            "cost_p": 26.04,
            "position_%": 4.798366245970855,
            "profit_%": 10.599078341013831
        },
        "CEIX": {
            "cost_p": 18.18,
            "position_%": 8.598362740763903,
            "profit_%": 24.69746974697471
        },
        "CPLP": {
            "cost_p": 12.99,
            "position_%": 5.85115679200184,
            "profit_%": -9.853733641262505
        },
        "EDRY": {
            "cost_p": 22.24,
            "position_%": 4.09814382912411,
            "profit_%": 14.343525179856123
        },
        "GOGL": {
            "cost_p": 10.75,
            "position_%": 6.162776241838315,
            "profit_%": -6.04651162790698
        },
        "GSL": {
            "cost_p": 15.76,
            "position_%": 12.907023730414863,
            "profit_%": 22.969543147208118
        },
        "KGC": {
            "cost_p": 7.61,
            "position_%": 14.272170802510583,
            "profit_%": -21.15637319316689
        },
        "TDS": {
            "cost_p": 20.56,
            "position_%": 4.967238599601029,
            "profit_%": -3.7937743190661366
        },
        "TX": {
            "cost_p": 40.0,
            "position_%": 14.741524565194641,
            "profit_%": 37.72500000000001
        }
    }
}