{"hold_stock_list":["VALE","INTC","BIO","DAC","GGB","THO","GOGL","CPLP","SID","EDRY","ET","SB","NMM","PKX","TX"],"portfolio":{"BIO":{"cost_p":596.71,"position_%":7.058549372347322,"profit_%":3.358415310619893},"CPLP":{"cost_p":12.99,"position_%":3.841504095238546,"profit_%":13.086989992301765},"DAC":{"cost_p":76.97,"position_%":9.62218945677707,"profit_%":17.409380278030408},"EDRY":{"cost_p":22.24,"position_%":2.690585274347216,"profit_%":10.116906474820144},"ET":{"cost_p":9.35,"position_%":5.605520409949703,"profit_%":11.443850267379682},"GGB":{"cost_p":4.45,"position_%":3.947966102496889,"profit_%":11.235955056179774},"GOGL":{"cost_p":10.75,"position_%":4.046093962722383,"profit_%":15.34883720930233},"INTC":{"cost_p":47.28,"position_%":15.303945804601138,"profit_%":-0.9729272419627767},"NMM":{"cost_p":30.04,"position_%":4.320690665282158,"profit_%":5.259653794940086},"PKX":{"cost_p":58.54,"position_%":6.074904947708873,"profit_%":0.40997608472839425},"SB":{"cost_p":4.05,"position_%":4.524030410711068,"profit_%":1.7283950617284023},"SID":{"cost_p":4.82,"position_%":12.49175725974106,"profit_%":2.4896265560165993},"THO":{"cost_p":98.9,"position_%":8.269060032958057,"profit_%":-7.745197168857443},"TX":{"cost_p":39.41,"position_%":8.772759749016355,"profit_%":-1.3448363359553261},"VALE":{"cost_p":12.76,"position_%":3.430442456102166,"profit_%":47.80564263322884}},"KellyFormula_Range_v1":{"SID":{"profit":2.1737752,"loss":0.6072836,"p":0.544444442,"q":0.45,"max_close":9.49,"min_close":3.57,"close":4.94},"EDRY":{"profit":3.85267067,"loss":3.74872017,"p":0.516666651,"q":0.477777779,"max_close":33.81,"min_close":17.0,"close":24.49},"NMM":{"profit":0.8881817,"loss":4.565773,"p":0.06111111,"q":0.933333337,"max_close":33.67,"min_close":21.47,"close":31.62},"ET":{"profit":0.344118118,"loss":1.03950882,"p":0.0944444463,"q":0.9,"max_close":11.35,"min_close":8.15,"close":10.42},"BIO":{"profit":110.861267,"loss":25.7247314,"p":0.8888889,"q":0.105555557,"max_close":825.77,"min_close":564.67,"close":616.75},"DAC":{"profit":5.276657,"loss":16.1442184,"p":0.116666667,"q":0.877777755,"max_close":100.3,"min_close":62.14,"close":90.37},"CPLP":{"profit":1.05625057,"loss":2.03224373,"p":0.4,"q":0.594444454,"max_close":16.73,"min_close":10.98,"close":14.69},"THO":{"profit":17.47052,"loss":3.10375214,"p":0.95,"q":0.0444444455,"max_close":127.44,"min_close":84.34,"close":91.24},"SB":{"profit":0.505555153,"loss":0.486531973,"p":0.3,"q":0.6888889,"max_close":5.28,"min_close":3.1,"close":4.12},"GGB":{"profit":0.5245614,"loss":0.248592854,"p":0.6333333,"q":0.355555564,"max_close":6.31,"min_close":4.26,"close":4.95},"GOGL":{"profit":0.350000381,"loss":2.52636337,"p":0.0166666675,"q":0.9777778,"max_close":12.9,"min_close":7.68,"close":12.4},"INTC":{"profit":5.758404,"loss":1.54499817,"p":0.9722222,"q":0.0222222228,"max_close":57.99,"min_close":44.65,"close":46.82},"PKX":{"profit":9.636116,"loss":1.81413651,"p":0.8277778,"q":0.161111116,"max_close":79.75,"min_close":54.58,"close":58.78},"VALE":{"profit":2.55555344,"loss":4.109041,"p":0.3,"q":0.6944444,"max_close":22.94,"min_close":11.27,"close":18.86},"TX":{"profit":6.693859,"loss":2.01240921,"p":0.8333333,"q":0.161111116,"max_close":56.19,"min_close":32.74,"close":38.88}}}