{
    "KellyFormula_Range_v1": {
        "ARLP": {
            "close": 17.34,
            "loss": 5.46960258,
            "max_close": 17.5,
            "min_close": 7.59,
            "p": 0.0111111114,
            "profit": 0.130001068,
            "q": 0.983333349
        },
        "BAC": {
            "close": 38.85,
            "loss": 0.549999237,
            "max_close": 49.38,
            "min_close": 37.57,
            "p": 0.955555558,
            "profit": 5.343357,
            "q": 0.03888889
        },
        "BIO": {
            "close": 542.34,
            "loss": 8.125,
            "max_close": 825.77,
            "min_close": 524.57,
            "p": 0.9722222,
            "profit": 158.0346,
            "q": 0.0222222228
        },
        "CPLP": {
            "close": 16.81,
            "loss": 2.353921,
            "max_close": 18.76,
            "min_close": 11.22,
            "p": 0.06666667,
            "profit": 1.1158371,
            "q": 0.927777767
        },
        "DAC": {
            "close": 92.14,
            "loss": 15.5711517,
            "max_close": 106.64,
            "min_close": 65.69,
            "p": 0.222222224,
            "profit": 6.33575439,
            "q": 0.7722222
        },
        "EDRY": {
            "close": 36.0,
            "loss": 10.6037426,
            "max_close": 37.98,
            "min_close": 17.0,
            "p": 0.00555555569,
            "profit": 1.97999954,
            "q": 0.98888886
        },
        "ET": {
            "close": 11.62,
            "loss": 2.059332,
            "max_close": 11.62,
            "min_close": 8.15,
            "p": 0.0,
            "profit": 0.0,
            "q": 0.99444443
        },
        "GOGL": {
            "close": 13.96,
            "loss": 3.71659279,
            "max_close": 13.96,
            "min_close": 7.68,
            "p": 0.0,
            "profit": 0.0,
            "q": 0.99444443
        },
        "HIMX": {
            "close": 9.11,
            "loss": 0.0,
            "max_close": 15.99,
            "min_close": 9.11,
            "p": 0.99444443,
            "profit": 2.22553349,
            "q": 0.0
        },
        "INTC": {
            "close": 46.64,
            "loss": 1.16100311,
            "max_close": 56.0,
            "min_close": 44.4,
            "p": 0.9388889,
            "profit": 4.679222,
            "q": 0.055555556
        },
        "NC": {
            "close": 46.1,
            "loss": 14.6323452,
            "max_close": 48.5,
            "min_close": 24.67,
            "p": 0.0222222228,
            "profit": 1.31750107,
            "q": 0.9722222
        },
        "NMM": {
            "close": 33.01,
            "loss": 4.85930443,
            "max_close": 36.49,
            "min_close": 21.69,
            "p": 0.1,
            "profit": 1.31499863,
            "q": 0.894444466
        },
        "PKX": {
            "close": 57.69,
            "loss": 1.40679169,
            "max_close": 79.19,
            "min_close": 54.58,
            "p": 0.855555534,
            "profit": 6.9038353,
            "q": 0.1388889
        },
        "SB": {
            "close": 4.42,
            "loss": 0.628064156,
            "max_close": 5.28,
            "min_close": 3.23,
            "p": 0.3,
            "profit": 0.326295853,
            "q": 0.6888889
        },
        "SID": {
            "close": 5.25,
            "loss": 0.7485056,
            "max_close": 8.98,
            "min_close": 3.57,
            "p": 0.394444436,
            "profit": 1.07309723,
            "q": 0.594444454
        },
        "THO": {
            "close": 80.76,
            "loss": 1.07624817,
            "max_close": 127.44,
            "min_close": 78.69,
            "p": 0.9444444,
            "profit": 23.31083,
            "q": 0.0444444455
        },
        "TX": {
            "close": 49.08,
            "loss": 6.28959656,
            "max_close": 56.19,
            "min_close": 36.57,
            "p": 0.183333337,
            "profit": 4.412422,
            "q": 0.8111111
        },
        "WGO": {
            "close": 56.45,
            "loss": 2.00235367,
            "max_close": 78.55,
            "min_close": 52.44,
            "p": 0.9,
            "profit": 13.2229195,
            "q": 0.0944444463
        },
        "ZIM": {
            "close": 56.83,
            "loss": 6.6598053,
            "max_close": 88.62,
            "min_close": 40.15,
            "p": 0.433333337,
            "profit": 10.6235962,
            "q": 0.5611111
        }
    },
    "hold_stock_list": [
        "ARLP",
        "BIO",
        "BAC",
        "DAC",
        "HIMX",
        "THO",
        "WGO",
        "GOGL",
        "CPLP",
        "SID",
        "EDRY",
        "ET",
        "SB",
        "NMM",
        "PKX",
        "NC",
        "INTC",
        "ZIM",
        "TX"
    ],
    "portfolio": {
        "ARLP": {
            "cost_p": 14.01,
            "position_%": 7.615659195587218,
            "profit_%": 23.768736616702355
        },
        "BAC": {
            "cost_p": 37.59,
            "position_%": 4.904027908558863,
            "profit_%": 3.351955307262564
        },
        "BIO": {
            "cost_p": 596.71,
            "position_%": 5.708806850488205,
            "profit_%": -9.111628764391414
        },
        "CPLP": {
            "cost_p": 12.99,
            "position_%": 2.259584021714272,
            "profit_%": 29.40723633564279
        },
        "DAC": {
            "cost_p": 76.97,
            "position_%": 5.020790477810263,
            "profit_%": 19.708977523710537
        },
        "EDRY": {
            "cost_p": 22.24,
            "position_%": 1.4507260000844517,
            "profit_%": 61.870503597122315
        },
        "ET": {
            "cost_p": 9.35,
            "position_%": 4.5336274677399375,
            "profit_%": 24.278074866310156
        },
        "GOGL": {
            "cost_p": 10.75,
            "position_%": 3.2723960283679556,
            "profit_%": 29.860465116279077
        },
        "HIMX": {
            "cost_p": 9.18,
            "position_%": 8.58302729726224,
            "profit_%": -0.7625272331154715
        },
        "INTC": {
            "cost_p": 47.41,
            "position_%": 5.154295538369594,
            "profit_%": -1.6241299303944232
        },
        "NC": {
            "cost_p": 29.95,
            "position_%": 3.9073060883569544,
            "profit_%": 53.92320534223707
        },
        "NMM": {
            "cost_p": 30.04,
            "position_%": 3.4944840883928747,
            "profit_%": 9.886817576564578
        },
        "PKX": {
            "cost_p": 58.54,
            "position_%": 4.9132558479239075,
            "profit_%": -1.4519986334130535
        },
        "SB": {
            "cost_p": 4.05,
            "position_%": 3.6589410143766687,
            "profit_%": 9.135802469135806
        },
        "SID": {
            "cost_p": 4.82,
            "position_%": 7.336255282201649,
            "profit_%": 8.921161825726134
        },
        "THO": {
            "cost_p": 89.53,
            "position_%": 8.974264529536212,
            "profit_%": -9.795599240478047
        },
        "TX": {
            "cost_p": 39.96,
            "position_%": 5.213220410375422,
            "profit_%": 22.822822822822815
        },
        "WGO": {
            "cost_p": 56.56,
            "position_%": 7.993778577203956,
            "profit_%": -0.19448373408769348
        },
        "ZIM": {
            "cost_p": 55.24,
            "position_%": 6.005553375649365,
            "profit_%": 2.878349022447495
        }
    }
}