{"hold_stock_list":["SMP","T","DHI","C","REGI","TDS","BGFV","BIO","WFC","PSX","SNX","LAKE","HTH"],"portfolio":{"BGFV":{"cost_p":12.23,"position_%":9.612785307630746,"profit_%":25.511038430089933},"BIO":{"cost_p":597.32,"position_%":6.371701289517928,"profit_%":3.2076608852876123},"C":{"cost_p":62.71,"position_%":5.527531209129732,"profit_%":-0.2073034603731503},"DHI":{"cost_p":72.88,"position_%":4.0916936877708725,"profit_%":9.796926454445666},"HTH":{"cost_p":29.44,"position_%":7.437809821019281,"profit_%":3.5665760869565117},"LAKE":{"cost_p":29.73,"position_%":7.010337870707982,"profit_%":22.771611167171205},"PSX":{"cost_p":70.43,"position_%":9.88535902955895,"profit_%":2.2859576884850195},"REGI":{"cost_p":80.92,"position_%":6.3603155118027805,"profit_%":21.947602570439948},"SMP":{"cost_p":41.45,"position_%":14.823771684839654,"profit_%":4.342581423401681},"SNX":{"cost_p":86.45,"position_%":7.037651385788944,"profit_%":1.3649508386350406},"T":{"cost_p":28.54,"position_%":6.729735715775506,"profit_%":1.3665031534688177},"TDS":{"cost_p":20.77,"position_%":5.830438933520926,"profit_%":-1.2518054886855947},"WFC":{"cost_p":31.79,"position_%":9.280868552936708,"profit_%":2.422145328719733}},"KellyFormula_Range_v1":{"HTH":{"profit":1.42363739,"loss":8.8997345,"p":0.06111111,"q":0.933333337,"max_close":33.22,"min_close":16.5046616,"close":30.49},"WFC":{"profit":0.7640953,"loss":6.60092545,"p":0.05,"q":0.9444444,"max_close":34.6439247,"min_close":20.9815083,"close":32.56},"REGI":{"profit":1.24000549,"loss":49.2288055,"p":0.0166666675,"q":0.9777778,"max_close":100.53,"min_close":22.31,"close":98.68},"LAKE":{"profit":0.0,"loss":13.9894085,"p":0.0,"q":0.99444443,"max_close":36.5,"min_close":13.5,"close":36.5},"BIO":{"profit":13.3800049,"loss":86.27301,"p":0.027777778,"q":0.966666639,"max_close":643.45,"min_close":432.34,"close":616.48},"TDS":{"profit":1.76760674,"loss":1.57186127,"p":0.188888893,"q":0.8055556,"max_close":23.91577,"min_close":16.5031128,"close":20.51},"C":{"profit":2.52640533,"loss":12.1657257,"p":0.055555556,"q":0.9388889,"max_close":68.40837,"min_close":40.2755241,"close":62.58},"SNX":{"profit":1.31348419,"loss":28.8719788,"p":0.05,"q":0.9444444,"max_close":91.34,"min_close":39.68084,"close":87.63},"BGFV":{"profit":0.0,"loss":8.447868,"p":0.0,"q":0.99444443,"max_close":15.35,"min_close":1.508382,"close":15.35},"SMP":{"profit":3.68732071,"loss":2.404747,"p":0.544444442,"q":0.444444448,"max_close":54.17,"min_close":37.89841,"close":43.25},"T":{"profit":0.589662552,"loss":0.8201294,"p":0.266666681,"q":0.7222222,"max_close":31.50766,"min_close":26.033514,"close":28.93},"DHI":{"profit":0.0,"loss":11.7124329,"p":0.0,"q":0.99444443,"max_close":80.02,"min_close":50.8004265,"close":80.02},"PSX":{"profit":4.26528931,"loss":11.4684563,"p":0.166666672,"q":0.8277778,"max_close":87.2001343,"min_close":43.5934563,"close":72.04}}}