{"hold_stock_list":["ARLP","BIO","DAC","GGB","THO","WGO","GOGL","CPLP","SID","EDRY","ET","SB","NMM","PKX","NC","TX"],"portfolio":{"ARLP":{"cost_p":14.01,"position_%":8.360422853837084,"profit_%":9.921484653818705},"BIO":{"cost_p":596.71,"position_%":6.267092320598931,"profit_%":-3.7924619999664815},"CPLP":{"cost_p":12.99,"position_%":3.410766085895163,"profit_%":43.80292532717475},"DAC":{"cost_p":76.97,"position_%":5.511792266037176,"profit_%":36.87150837988826},"EDRY":{"cost_p":22.24,"position_%":1.5925978952405713,"profit_%":51.97841726618705},"ET":{"cost_p":9.35,"position_%":4.97698777198944,"profit_%":16.363636363636378},"GGB":{"cost_p":4.45,"position_%":2.124418655221986,"profit_%":43.146067415730336},"GOGL":{"cost_p":10.75,"position_%":3.5924158158529083,"profit_%":13.581395348837216},"NC":{"cost_p":29.95,"position_%":8.57883218749193,"profit_%":32.25375626043406},"NMM":{"cost_p":30.04,"position_%":3.8362226938802944,"profit_%":13.448735019973364},"PKX":{"cost_p":58.54,"position_%":5.393741424449919,"profit_%":4.287666552784417},"SB":{"cost_p":4.05,"position_%":4.016762474765367,"profit_%":17.530864197530864},"SID":{"cost_p":4.82,"position_%":11.091088531590845,"profit_%":13.278008298755179},"THO":{"cost_p":89.53,"position_%":9.851891260127331,"profit_%":-8.745671841840721},"TX":{"cost_p":39.81,"position_%":12.619447825877108,"profit_%":15.071590052750564},"WGO":{"cost_p":56.56,"position_%":8.775519937143942,"profit_%":-6.665487977369171}},"KellyFormula_Range_v1":{"THO":{"profit":23.8145218,"loss":0.199996948,"p":0.983333349,"q":0.0111111114,"max_close":127.44,"min_close":81.43,"close":81.7},"CPLP":{"profit":0.0,"loss":4.45650768,"p":0.0,"q":0.99444443,"max_close":18.68,"min_close":10.98,"close":18.68},"NC":{"profit":0.705001831,"loss":9.307129,"p":0.0111111114,"q":0.983333349,"max_close":40.97,"min_close":23.67,"close":39.61},"NMM":{"profit":1.10749817,"loss":6.261137,"p":0.0222222228,"q":0.9722222,"max_close":36.49,"min_close":21.47,"close":34.08},"SID":{"profit":1.939475,"loss":0.8538532,"p":0.316666663,"q":0.677777767,"max_close":9.49,"min_close":3.57,"close":5.46},"SB":{"profit":0.208095551,"loss":0.896667,"p":0.116666667,"q":0.8666667,"max_close":5.28,"min_close":3.1,"close":4.76},"GGB":{"profit":0.03999996,"loss":1.19471741,"p":0.00555555569,"q":0.98888886,"max_close":6.41,"min_close":4.26,"close":6.37},"EDRY":{"profit":0.0100021362,"loss":9.141102,"p":0.00555555569,"q":0.98888886,"max_close":33.81,"min_close":17.0,"close":33.8},"GOGL":{"profit":0.3959999,"loss":2.23514366,"p":0.027777778,"q":0.966666639,"max_close":12.9,"min_close":7.68,"close":12.21},"TX":{"profit":5.08696365,"loss":4.04179764,"p":0.311111122,"q":0.683333337,"max_close":56.19,"min_close":36.57,"close":45.81},"PKX":{"profit":8.845722,"loss":2.59099579,"p":0.544444442,"q":0.45,"max_close":79.75,"min_close":54.58,"close":61.05},"ET":{"profit":0.0,"loss":1.42709923,"p":0.0,"q":0.99444443,"max_close":10.88,"min_close":8.15,"close":10.88},"WGO":{"profit":16.4670486,"loss":0.0,"p":0.99444443,"q":0.0,"max_close":78.55,"min_close":52.79,"close":52.79},"ARLP":{"profit":0.245000839,"loss":4.22297,"p":0.0222222228,"q":0.9722222,"max_close":15.92,"min_close":6.83,"close":15.4},"BIO":{"profit":143.89679,"loss":19.8393555,"p":0.9166667,"q":0.07777778,"max_close":825.77,"min_close":524.57,"close":574.08},"DAC":{"profit":0.885002136,"loss":26.4192657,"p":0.0111111114,"q":0.983333349,"max_close":106.64,"min_close":62.14,"close":105.35}}}