{"hold_stock_list":["CEIX","BIO","KGC","GSL","ARLP","GOGL","CPLP","LDI","EDRY","TX"],"portfolio":{"ARLP":{"cost_p":7.06,"position_%":8.532702143336419,"profit":0,"profit_%":11.33144475920681},"BIO":{"cost_p":580.11,"position_%":14.159422820819003,"profit":0,"profit_%":21.697609074141113},"CEIX":{"cost_p":18.18,"position_%":8.266456263002272,"profit":0,"profit_%":9.075907590759067},"CPLP":{"cost_p":12.99,"position_%":5.6252955553669395,"profit":0,"profit_%":-8.468052347959967},"EDRY":{"cost_p":22.24,"position_%":3.9399508655687825,"profit":0,"profit_%":-3.327338129496396},"GOGL":{"cost_p":10.75,"position_%":5.924886143766004,"profit":0,"profit_%":-10.790697674418606},"GSL":{"cost_p":15.76,"position_%":12.40879808980096,"profit":0,"profit_%":6.47208121827412},"KGC":{"cost_p":7.61,"position_%":13.72124894867718,"profit":0,"profit_%":-17.608409986859407},"LDI":{"cost_p":13.57,"position_%":13.248754041717184,"profit":0,"profit_%":-19.675755342667646},"TX":{"cost_p":40.0,"position_%":14.172485127945261,"profit":0,"profit_%":20.500000000000007}},"KellyFormula_Range_v1":{"GSL":{"profit":1.73199654,"loss":3.740656,"p":0.216666669,"q":0.7777778,"max_close":21.39,"min_close":7.607921,"close":16.78},"TX":{"profit":0.0,"loss":14.8485184,"p":0.0,"q":0.99444443,"max_close":48.2,"min_close":21.0804386,"close":48.2},"BIO":{"profit":0.0,"loss":104.620605,"p":0.0,"q":0.99444443,"max_close":705.98,"min_close":516.56,"close":705.98},"GOGL":{"profit":0.8110857,"loss":3.45676661,"p":0.216666669,"q":0.7722222,"max_close":11.29,"min_close":3.542149,"close":9.59},"ARLP":{"profit":0.0,"loss":2.10682154,"p":0.0,"q":0.99444443,"max_close":7.86,"min_close":3.25436974,"close":7.86},"KGC":{"profit":0.9103174,"loss":0.121068,"p":0.927777767,"q":0.06666667,"max_close":8.22978,"min_close":6.08,"close":6.27},"EDRY":{"profit":5.322626,"loss":12.9867325,"p":0.222222224,"q":0.7722222,"max_close":32.89,"min_close":4.43,"close":21.5},"LDI":{"profit":5.863039,"loss":0.199999809,"p":0.6333333,"q":0.00555555569,"max_close":30.3490582,"min_close":10.7,"close":10.9},"CPLP":{"profit":0.670923233,"loss":2.4538908,"p":0.316666663,"q":0.677777767,"max_close":13.45,"min_close":7.35127926,"close":11.89},"CEIX":{"profit":0.950000763,"loss":8.710673,"p":0.00555555569,"q":0.98888886,"max_close":20.78,"min_close":4.35,"close":19.83}}}