{"hold_stock_list":["SMP","T","DHI","TDS","BGFV","BIO","WFC","STC","SNX","LAKE","HTH","MDC","PBFX","PHM","ELP"],"portfolio":{"BGFV":{"cost_p":12.23,"position_%":4.15795831570293,"profit_%":24.77514309076042},"BIO":{"cost_p":580.11,"position_%":17.468582911854977,"profit_%":-1.570391822240612},"DHI":{"cost_p":72.88,"position_%":3.53967996785924,"profit_%":14.48957189901208},"ELP":{"cost_p":1.05,"position_%":9.208193949221785,"profit_%":22.857142857142858},"HTH":{"cost_p":29.44,"position_%":2.8597194910476404,"profit_%":17.289402173913043},"LAKE":{"cost_p":29.74,"position_%":4.333290981509349,"profit_%":-7.363819771351708},"MDC":{"cost_p":59.95,"position_%":4.94986942816101,"profit_%":-8.17347789824855},"PBFX":{"cost_p":11.39,"position_%":5.531964164917226,"profit_%":15.715539947322204},"PHM":{"cost_p":49.31,"position_%":4.4305981826016385,"profit_%":-1.9671466234029586},"SMP":{"cost_p":41.45,"position_%":12.823884602547562,"profit_%":1.3751507840772021},"SNX":{"cost_p":86.45,"position_%":2.9391291610181383,"profit_%":26.003470213996533},"STC":{"cost_p":53.5,"position_%":13.771628085709214,"profit_%":-5.2336448598130785},"T":{"cost_p":28.54,"position_%":5.821821602460913,"profit_%":5.115627189908903},"TDS":{"cost_p":20.77,"position_%":5.043849679777471,"profit_%":4.0442946557534905},"WFC":{"cost_p":31.79,"position_%":3.087991936834392,"profit_%":20.289399182132755}},"KellyFormula_Range_v1":{"BGFV":{"profit":0.6308918,"loss":6.65925026,"p":0.06666667,"q":0.927777767,"max_close":17.1,"min_close":1.78263032,"close":15.26},"MDC":{"profit":2.65812683,"loss":11.3384361,"p":0.07777778,"q":0.9166667,"max_close":60.27,"min_close":32.758976,"close":55.05},"HTH":{"profit":2.84583282,"loss":10.4771423,"p":0.06666667,"q":0.927777767,"max_close":39.37,"min_close":16.4422626,"close":34.53},"SMP":{"profit":3.65808868,"loss":1.76552963,"p":0.75,"q":0.244444445,"max_close":53.85105,"min_close":37.67527,"close":42.02},"BIO":{"profit":29.2449341,"loss":41.73767,"p":0.383333325,"q":0.6111111,"max_close":662.35,"min_close":467.49,"close":571.0},"PBFX":{"profit":0.902222633,"loss":3.96917725,"p":0.05,"q":0.9444444,"max_close":14.86,"min_close":6.8425045,"close":13.18},"PHM":{"profit":0.7845421,"loss":4.56798935,"p":0.08888889,"q":0.905555546,"max_close":50.99,"min_close":33.5812645,"close":48.34},"STC":{"profit":2.07516479,"loss":6.91640472,"p":0.13333334,"q":0.8611111,"max_close":54.8160629,"min_close":30.60827,"close":50.7},"SNX":{"profit":0.9300003,"loss":33.0019073,"p":0.00555555569,"q":0.98888886,"max_close":109.86,"min_close":57.7834778,"close":108.93},"LAKE":{"profit":4.33470345,"loss":5.22456169,"p":0.283333331,"q":0.7111111,"max_close":44.43,"min_close":18.3,"close":27.55},"ELP":{"profit":0.0640628338,"loss":0.142591834,"p":0.155555561,"q":0.8388889,"max_close":1.432,"min_close":1.0312593,"close":1.29},"T":{"profit":0.2502041,"loss":1.57237625,"p":0.0444444455,"q":0.95,"max_close":30.9062023,"min_close":26.033514,"close":30.0},"WFC":{"profit":1.18636322,"loss":10.9286175,"p":0.06111111,"q":0.933333337,"max_close":40.81,"min_close":20.9815083,"close":38.24},"DHI":{"profit":1.2674942,"loss":11.1787109,"p":0.0222222228,"q":0.9722222,"max_close":86.99,"min_close":56.1093826,"close":83.44},"TDS":{"profit":1.13289261,"loss":2.763607,"p":0.177777782,"q":0.816666663,"max_close":23.7356415,"min_close":16.3788166,"close":21.61}}}