{"hold_stock_list":["SEE","GIS","EL","KSS","TGT","NKE","VFC","MPW","NVO","CVS","ILPT","AAP","PYPL","EPAM","PAGS","EW","DAC","ZIM","VALE","GGB","SID","HAL","ALB"],"watch_stock_list":["ABNB","ACLS","ACMR","ADBE","ADSK","AEO","ALB","ALGM","ALGN","AMAT","ANSS","APD","APTV","ARTNA","ASML","AZN","BAC","BBY","BF-B","BIO","BLD","BUD","CAMT","CE","CNMD","CRM","CSCO","CVS","DE","DELL","DEO","DG","DHI","DIS","EL","EPAM","EW","EXLS","EXR","F","FDX","FFIV","FSLR","FTNT","G","GIS","GLOB","GM","GOOG","GSK","HAL","HAS","HMC","HOV","HPE","HPQ","INTC","ISRG","K","KSS","LMAT","LNTH","LQDT","LRCX","M","MA","MCHP","MKC","MMM","MMS","MOH","MPW","MS","MSFT","MU","NDAQ","NFLX","NICE","NKE","NOW","NVO","NXPI","ORCL","OXM","PAGS","PAYC","PCTY","PEP","PFE","PHG","PODD","PVH","PYPL","QCOM","SAIC","SBUX","SEE","SMP","SONY","SQM","STM","TDC","TEAM","TECH","TEX","TGT","TITN","TM","TEN","TRI","TX","UAL","UPS","VALE","VEEV","VFC","VMI","WDAY","WFC","WNS","X","ZTS"],"portfolio":{"AAP":{"cost_p":91.35,"position_%":13.830087496471915,"profit_%":-47.3015873015873},"ALB":{"cost_p":173.45,"position_%":7.5027873211761795,"profit_%":-50.86191986163159},"CVS":{"cost_p":65.41,"position_%":5.658775654979924,"profit_%":-32.39565815624522},"DAC":{"cost_p":73.24,"position_%":4.752125771717584,"profit_%":13.189513926815962},"EL":{"cost_p":143.25,"position_%":6.19645018021613,"profit_%":-48.35602094240837},"EPAM":{"cost_p":250,"position_%":2.7035122950332156,"profit_%":-8.336000000000002},"EW":{"cost_p":87.5,"position_%":2.838687909784876,"profit_%":-17.039999999999996},"GGB":{"cost_p":2.9,"position_%":2.508859409790824,"profit_%":-0.6896551724137937},"GIS":{"cost_p":65,"position_%":2.811652786834544,"profit_%":-2.2461538461538475},"HAL":{"cost_p":35,"position_%":2.649442049132551,"profit_%":-20.771428571428572},"ILPT":{"cost_p":17.24,"position_%":3.7286841573098104,"profit_%":-79.00232018561483},"KSS":{"cost_p":22.03,"position_%":6.1940710893965,"profit_%":-36.31411711302769},"MPW":{"cost_p":6.18,"position_%":4.678157675325475,"profit_%":-34.95145631067961},"NKE":{"cost_p":75.5,"position_%":3.265842852400124,"profit_%":-2.4238410596026467},"NVO":{"cost_p":90,"position_%":2.919793278635873,"profit_%":-2.75555555555556},"PAGS":{"cost_p":7,"position_%":0.07569834426093003,"profit_%":-8.428571428571427},"PYPL":{"cost_p":68.34,"position_%":2.9561284838811193,"profit_%":26.104770266315487},"SEE":{"cost_p":37.16,"position_%":5.625900945472319,"profit_%":-10.414424111948325},"SID":{"cost_p":4.54,"position_%":3.4367048294462235,"profit_%":-68.72246696035242},"TGT":{"cost_p":135.71,"position_%":1.4675746142358306,"profit_%":1.0905607545501361},"VALE":{"cost_p":12.22,"position_%":2.6429536196244716,"profit_%":-27.332242225859243},"VFC":{"cost_p":18.8,"position_%":1.4231288721054847,"profit_%":14.574468085106373},"ZIM":{"cost_p":40.74,"position_%":10.132980362768093,"profit_%":-42.78350515463918}},"KellyFormula_Range_v1":{"MPW":{"profit":0.66225195,"loss":0.14374733,"p":0.9,"q":0.094444446,"max_close":6.2460093,"min_close":2.792142,"close":4.02},"ZIM":{"profit":1.3553848,"loss":4.9159546,"p":0.14444445,"q":0.85,"max_close":27.01,"min_close":8.707805,"close":23.31},"VALE":{"profit":1.7903051,"loss":0.067500114,"p":0.9722222,"q":0.022222223,"max_close":14.287046,"min_close":8.74,"close":8.88},"CVS":{"profit":13.427437,"loss":0.24500275,"p":0.9722222,"q":0.022222223,"max_close":78.15086,"min_close":43.78,"close":44.22},"PAGS":{"profit":4.1036263,"loss":0.10874939,"p":0.95,"q":0.044444446,"max_close":14.6,"min_close":6.19,"close":6.41},"TGT":{"profit":14.495789,"loss":5.229889,"p":0.79444444,"q":0.2,"max_close":175.23389,"min_close":121.59,"close":137.19},"GGB":{"profit":0.45175195,"loss":0.0,"p":0.98888886,"q":0.0,"max_close":3.9173353,"min_close":2.88,"close":2.88},"KSS":{"profit":5.2918863,"loss":0.16666603,"p":0.9777778,"q":0.016666668,"max_close":27.064508,"min_close":13.86,"close":14.03},"EW":{"profit":13.012032,"loss":5.0702057,"p":0.46666667,"q":0.5277778,"max_close":95.56,"min_close":59.7,"close":72.59},"VFC":{"profit":0.4976101,"loss":4.9892044,"p":0.055555556,"q":0.9388889,"max_close":22.59,"min_close":11.779906,"close":21.54},"EL":{"profit":28.193108,"loss":7.1333466,"p":0.87777776,"q":0.11666667,"max_close":155.9366,"min_close":62.74,"close":73.98},"ALB":{"profit":17.117462,"loss":5.766754,"p":0.89444447,"q":0.1,"max_close":140.61734,"min_close":72.23231,"close":85.23},"EPAM":{"profit":13.892883,"loss":34.866455,"p":0.2888889,"q":0.70555556,"max_close":314.63,"min_close":170.25,"close":229.16},"PYPL":{"profit":2.0762024,"loss":16.822372,"p":0.1388889,"q":0.85555553,"max_close":91.3,"min_close":56.13,"close":86.18},"NVO":{"profit":37.914673,"loss":1.2220001,"p":0.96666664,"q":0.027777778,"max_close":146.36218,"min_close":85.0,"close":87.52},"ILPT":{"profit":0.67679167,"loss":0.10726142,"p":0.8,"q":0.18333334,"max_close":5.146735,"min_close":3.25,"close":3.62},"DAC":{"profit":4.495369,"loss":3.4426727,"p":0.4722222,"q":0.5222222,"max_close":95.34127,"min_close":68.38013,"close":82.9},"AAP":{"profit":16.888596,"loss":7.2726707,"p":0.50555557,"q":0.4888889,"max_close":85.25006,"min_close":35.69,"close":48.14},"SID":{"profit":0.7787212,"loss":0.0,"p":0.99444443,"q":0.0,"max_close":3.7422938,"min_close":1.42,"close":1.42},"NKE":{"profit":10.017906,"loss":1.3902893,"p":0.85555553,"q":0.1388889,"max_close":105.37247,"min_close":70.41491,"close":73.67},"GIS":{"profit":4.7881546,"loss":1.10186,"p":0.8888889,"q":0.10555556,"max_close":74.52436,"min_close":60.71325,"close":63.54},"HAL":{"profit":4.5116463,"loss":0.69109154,"p":0.89444447,"q":0.1,"max_close":40.580658,"min_close":25.77,"close":27.73},"SEE":{"profit":2.40625,"loss":1.4216251,"p":0.8666667,"q":0.12777779,"max_close":39.39198,"min_close":30.61089,"close":33.29}},"Factor_Intersectional_v1":[],"stock_info":{"MPW":["Medical Properties Trust Inc","REIT - Healthcare Facilities","Real Estate"],"ZIM":["Zim Integrated Shipping Services Ltd","Marine Shipping","Industrials"],"VALE":["Vale S.A. ADR","Other Industrial Metals & Mining","Basic Materials"],"CVS":["CVS Health Corp","Healthcare Plans","Healthcare"],"PAGS":["PagSeguro Digital Ltd","Software - Infrastructure","Technology"],"TGT":["Target Corp","Discount Stores","Consumer Defensive"],"GGB":["Gerdau S.A. ADR","Steel","Basic Materials"],"KSS":["Kohl's Corp.","Department Stores","Consumer Cyclical"],"EW":["Edwards Lifesciences Corp","Medical Devices","Healthcare"],"VFC":["VF Corp.","Apparel Manufacturing","Consumer Cyclical"],"EL":["Estee Lauder Cos., Inc.","Household & Personal Products","Consumer Defensive"],"ALB":["Albemarle Corp.","Specialty Chemicals","Basic Materials"],"EPAM":["EPAM Systems Inc","Information Technology Services","Technology"],"PYPL":["PayPal Holdings Inc","Credit Services","Financial"],"NVO":["Novo Nordisk ADR","Biotechnology","Healthcare"],"ILPT":["Industrial Logistics Properties Trust","REIT - Industrial","Real Estate"],"DAC":["Danaos Corporation","Marine Shipping","Industrials"],"AAP":["Advance Auto Parts Inc","Specialty Retail","Consumer Cyclical"],"SID":["Companhia Siderurgica Nacional ADR","Steel","Basic Materials"],"NKE":["Nike, Inc.","Footwear & Accessories","Consumer Cyclical"],"GIS":["General Mills, Inc.","Packaged Foods","Consumer Defensive"],"HAL":["Halliburton Co.","Oil & Gas Equipment & Services","Energy"],"SEE":["Sealed Air Corp.","Packaging & Containers","Consumer Cyclical"]}}