{
    "KellyFormula_Range_v1": {
        "BGFV": {
            "close": 16.68,
            "loss": 6.99589443,
            "max_close": 17.1,
            "min_close": 3.43999457,
            "p": 0.0166666675,
            "profit": 0.2666645,
            "q": 0.9777778
        },
        "BIO": {
            "close": 576.64,
            "loss": 38.72345,
            "max_close": 662.35,
            "min_close": 478.82,
            "p": 0.3611111,
            "profit": 25.6846924,
            "q": 0.6333333
        },
        "DHI": {
            "close": 92.17,
            "loss": 18.2057877,
            "max_close": 93.38,
            "min_close": 62.221386,
            "p": 0.0111111114,
            "profit": 0.839996338,
            "q": 0.983333349
        },
        "ELP": {
            "close": 1.14,
            "loss": 0.0521464348,
            "max_close": 1.42010415,
            "min_close": 1.02269232,
            "p": 0.544444442,
            "profit": 0.108511209,
            "q": 0.45
        },
        "HTH": {
            "close": 32.81,
            "loss": 8.935244,
            "max_close": 39.37,
            "min_close": 17.91427,
            "p": 0.177777782,
            "profit": 2.35359573,
            "q": 0.816666663
        },
        "LAKE": {
            "close": 28.09,
            "loss": 5.30215645,
            "max_close": 44.43,
            "min_close": 18.3,
            "p": 0.2611111,
            "profit": 4.15723038,
            "q": 0.733333349
        },
        "MDC": {
            "close": 59.99,
            "loss": 14.3527451,
            "max_close": 61.33,
            "min_close": 35.9327,
            "p": 0.0333333351,
            "profit": 0.521659851,
            "q": 0.9611111
        },
        "PBFX": {
            "close": 14.36,
            "loss": 4.81317043,
            "max_close": 14.86,
            "min_close": 6.8425045,
            "p": 0.0444444455,
            "profit": 0.267500877,
            "q": 0.95
        },
        "PHM": {
            "close": 53.53,
            "loss": 8.45472,
            "max_close": 53.99,
            "min_close": 37.36758,
            "p": 0.0111111114,
            "profit": 0.380004883,
            "q": 0.983333349
        },
        "SMP": {
            "close": 42.1,
            "loss": 1.376545,
            "max_close": 53.85105,
            "min_close": 38.40702,
            "p": 0.783333361,
            "profit": 3.46730423,
            "q": 0.211111113
        },
        "SNX": {
            "close": 120.49,
            "loss": 41.54274,
            "max_close": 120.66,
            "min_close": 60.5623932,
            "p": 0.00555555569,
            "profit": 0.1700058,
            "q": 0.98888886
        },
        "STC": {
            "close": 54.86,
            "loss": 8.772766,
            "max_close": 54.86,
            "min_close": 36.0824432,
            "p": 0.0,
            "profit": 0.0,
            "q": 0.99444443
        },
        "TDS": {
            "close": 23.72,
            "loss": 4.045038,
            "max_close": 23.88,
            "min_close": 16.3788166,
            "p": 0.0111111114,
            "profit": 0.08782005,
            "q": 0.983333349
        },
        "WFC": {
            "close": 39.99,
            "loss": 11.18755,
            "max_close": 40.81,
            "min_close": 20.9815083,
            "p": 0.00555555569,
            "profit": 0.8199997,
            "q": 0.98888886
        }
    },
    "hold_stock_list": [
        "SMP",
        "DHI",
        "TDS",
        "BGFV",
        "BIO",
        "WFC",
        "STC",
        "SNX",
        "LAKE",
        "HTH",
        "MDC",
        "PBFX",
        "PHM",
        "ELP"
    ],
    "portfolio": {
        "BGFV": {
            "cost_p": 12.23,
            "position": 700,
            "position_%": 4.121244401105828,
            "profit": 0,
            "profit_%": 36.38593622240392
        },
        "BIO": {
            "cost_p": 580.11,
            "position": 62,
            "position_%": 17.314338926595152,
            "profit": 0,
            "profit_%": -0.5981624174725529
        },
        "DHI": {
            "cost_p": 72.88,
            "position": 100,
            "position_%": 3.5084253235906173,
            "profit": 0,
            "profit_%": 26.468166849615816
        },
        "ELP": {
            "cost_p": 1.05,
            "position": 18050,
            "position_%": 9.12368701226004,
            "profit": 0,
            "profit_%": 8.571428571428557
        },
        "HTH": {
            "cost_p": 29.44,
            "position": 200,
            "position_%": 2.8344687575880285,
            "profit": 0,
            "profit_%": 11.44701086956522
        },
        "LAKE": {
            "cost_p": 28.88,
            "position": 790,
            "position_%": 10.983181317615895,
            "profit": 0,
            "profit_%": -2.7354570637119084
        },
        "MDC": {
            "cost_p": 59.95,
            "position": 170,
            "position_%": 4.906163101725271,
            "profit": 0,
            "profit_%": 0.06672226855712951
        },
        "PBFX": {
            "cost_p": 11.39,
            "position": 1000,
            "position_%": 5.4831180619782005,
            "profit": 0,
            "profit_%": 26.07550482879718
        },
        "PHM": {
            "cost_p": 49.31,
            "position": 185,
            "position_%": 4.391476914195509,
            "profit": 0,
            "profit_%": 8.558101804907723
        },
        "SMP": {
            "cost_p": 41.45,
            "position": 637,
            "position_%": 12.710652345667317,
            "profit": 0,
            "profit_%": 1.5681544028950507
        },
        "SNX": {
            "cost_p": 86.45,
            "position": 70,
            "position_%": 2.913177256546188,
            "profit": 0,
            "profit_%": 39.375361480624626
        },
        "STC": {
            "cost_p": 53.5,
            "position": 530,
            "position_%": 13.650027449288139,
            "profit": 0,
            "profit_%": 2.542056074766354
        },
        "TDS": {
            "cost_p": 20.77,
            "position": 500,
            "position_%": 4.9993135270977715,
            "profit": 0,
            "profit_%": 14.203177660086661
        },
        "WFC": {
            "cost_p": 31.79,
            "position": 200,
            "position_%": 3.0607256047460405,
            "profit": 0,
            "profit_%": 25.794274929223036
        }
    }
}