{
    "KellyFormula_Range_v1": {
        "CPLP": {
            "close": 15.72,
            "loss": 2.73022652,
            "max_close": 16.73,
            "min_close": 10.98,
            "p": 0.25555557,
            "profit": 0.3185873,
            "q": 0.73888886
        },
        "DAC": {
            "close": 100.3,
            "loss": 24.9516525,
            "max_close": 100.3,
            "min_close": 62.14,
            "p": 0.0,
            "profit": 0.0,
            "q": 0.99444443
        },
        "EDRY": {
            "close": 24.24,
            "loss": 3.89987,
            "max_close": 33.81,
            "min_close": 17.0,
            "p": 0.566666663,
            "profit": 4.17626,
            "q": 0.427777767
        },
        "ET": {
            "close": 10.17,
            "loss": 0.869249344,
            "max_close": 11.35,
            "min_close": 8.15,
            "p": 0.183333337,
            "profit": 0.5230293,
            "q": 0.8111111
        },
        "GGB": {
            "close": 5.34,
            "loss": 0.448181152,
            "max_close": 6.59,
            "min_close": 4.26,
            "p": 0.383333325,
            "profit": 0.518260956,
            "q": 0.6111111
        },
        "GOGL": {
            "close": 11.54,
            "loss": 1.80078983,
            "max_close": 12.08,
            "min_close": 7.68,
            "p": 0.0444444455,
            "profit": 0.2618761,
            "q": 0.95
        },
        "INTC": {
            "close": 48.44,
            "loss": 0.468997955,
            "max_close": 58.19,
            "min_close": 47.58,
            "p": 0.9388889,
            "profit": 4.79941559,
            "q": 0.055555556
        },
        "KGC": {
            "close": 5.72,
            "loss": 0.229507923,
            "max_close": 8.17,
            "min_close": 5.04,
            "p": 0.65,
            "profit": 0.6238451,
            "q": 0.338888884
        },
        "NMM": {
            "close": 31.73,
            "loss": 4.767975,
            "max_close": 33.55,
            "min_close": 21.47,
            "p": 0.0333333351,
            "profit": 0.824996948,
            "q": 0.9611111
        },
        "PKX": {
            "close": 59.2,
            "loss": 2.02724075,
            "max_close": 79.75,
            "min_close": 54.58,
            "p": 0.8333333,
            "profit": 10.2268715,
            "q": 0.161111116
        },
        "SB": {
            "close": 4.29,
            "loss": 0.6146424,
            "max_close": 5.28,
            "min_close": 3.1,
            "p": 0.216666669,
            "profit": 0.483589649,
            "q": 0.7777778
        },
        "SID": {
            "close": 5.08,
            "loss": 0.7244439,
            "max_close": 9.49,
            "min_close": 3.57,
            "p": 0.544444442,
            "profit": 2.38826513,
            "q": 0.45
        },
        "THO": {
            "close": 97.1,
            "loss": 3.404007,
            "max_close": 127.44,
            "min_close": 87.32,
            "p": 0.8833333,
            "profit": 13.8740845,
            "q": 0.111111112
        },
        "TX": {
            "close": 43.32,
            "loss": 3.226532,
            "max_close": 56.19,
            "min_close": 32.74,
            "p": 0.466666669,
            "profit": 5.324524,
            "q": 0.5277778
        },
        "VALE": {
            "close": 17.14,
            "loss": 3.16070938,
            "max_close": 22.94,
            "min_close": 11.27,
            "p": 0.444444448,
            "profit": 3.6312542,
            "q": 0.55
        }
    },
    "hold_stock_list": [
        "VALE",
        "INTC",
        "KGC",
        "DAC",
        "GGB",
        "THO",
        "GOGL",
        "CPLP",
        "SID",
        "EDRY",
        "ET",
        "SB",
        "NMM",
        "PKX",
        "TX"
    ],
    "portfolio": {
        "CPLP": {
            "cost_p": 12.99,
            "position_%": 4.2296879515078665,
            "profit_%": 21.0161662817552
        },
        "DAC": {
            "cost_p": 76.97,
            "position_%": 10.59451136936214,
            "profit_%": 30.31051058854099
        },
        "EDRY": {
            "cost_p": 22.24,
            "position_%": 2.9624688234789507,
            "profit_%": 8.992805755395684
        },
        "ET": {
            "cost_p": 9.35,
            "position_%": 6.171958053951625,
            "profit_%": 8.770053475935832
        },
        "GGB": {
            "cost_p": 4.45,
            "position_%": 4.346907940926098,
            "profit_%": 19.999999999999993
        },
        "GOGL": {
            "cost_p": 10.75,
            "position_%": 4.454951618041387,
            "profit_%": 7.348837209302318
        },
        "INTC": {
            "cost_p": 49.9,
            "position_%": 8.921625235024598,
            "profit_%": -2.9258517034068157
        },
        "KGC": {
            "cost_p": 7.61,
            "position_%": 10.317075927235276,
            "profit_%": -24.835742444152437
        },
        "NMM": {
            "cost_p": 30.04,
            "position_%": 4.757296307919625,
            "profit_%": 5.625832223701735
        },
        "PKX": {
            "cost_p": 58.54,
            "position_%": 6.688773883054826,
            "profit_%": 1.127434233003081
        },
        "SB": {
            "cost_p": 4.05,
            "position_%": 4.981183527607705,
            "profit_%": 5.925925925925932
        },
        "SID": {
            "cost_p": 4.82,
            "position_%": 13.754048899798635,
            "profit_%": 5.39419087136929
        },
        "THO": {
            "cost_p": 98.99,
            "position_%": 8.790611176144523,
            "profit_%": -1.909283766036974
        },
        "TX": {
            "cost_p": 40.0,
            "position_%": 3.5521208914615716,
            "profit_%": 8.3
        },
        "VALE": {
            "cost_p": 12.76,
            "position_%": 5.476778394485167,
            "profit_%": 34.326018808777434
        }
    }
}