{"hold_stock_list":["SEE","EL","TGT","NKE","PVH","VFC","MPW","NVO","ILPT","AAP","PYPL","EPAM","EW","ZIM","VALE","SID","HAL","ALB"],"watch_stock_list":["ABNB","ACLS","ACMR","ADBE","ADSK","AEO","ALB","AMAT","APD","APTV","ARTNA","ASML","AZN","BAC","BBY","BIO","BLD","BUD","CAMT","CE","CNMD","CRM","CSCO","CVS","DE","DELL","DEO","DG","DHI","DIS","EL","EPAM","EW","EXLS","EXR","F","FDX","FFIV","FSLR","FTNT","G","GGB","GIS","GLOB","GM","GOOG","HAL","HAS","HMC","HOV","HPE","HPQ","INTC","ISRG","K","KSS","LMAT","LNTH","LQDT","LRCX","M","MA","MATX","MCHP","MMM","MMS","MOH","MPW","MS","MSFT","MU","NDAQ","NFLX","NICE","NKE","NOW","NVO","NXPI","ORCL","OXM","PAGS","PAYC","PCTY","PEP","PFE","PHG","PODD","PVH","PYPL","QCOM","SAIC","SBUX","SEE","SMP","SONY","SQM","STM","STNG","TDC","TEAM","TECH","TEX","TGT","TITN","TM","TEN","TRMD","TRI","TX","UAL","UPS","VALE","VFC","VMI","WDAY","WFC","WNS","X","ZTS"],"portfolio":{"AAP":{"cost_p":91.35,"position_%":13.144722479746909,"profit_%":-37.77777777777777},"ALB":{"cost_p":173.45,"position_%":7.130978541284234,"profit_%":-47.80628423176708},"EL":{"cost_p":143.03,"position_%":5.880333587546175,"profit_%":-35.202405089841285},"EPAM":{"cost_p":248.63,"position_%":2.555455743325885,"profit_%":-39.72167477778225},"EW":{"cost_p":80.31,"position_%":5.778066022706483,"profit_%":-4.470178060017436},"HAL":{"cost_p":26.94,"position_%":5.260972436064786,"profit_%":-9.873793615441723},"ILPT":{"cost_p":17.2,"position_%":3.5356826437039155,"profit_%":-67.61627906976744},"MPW":{"cost_p":6.18,"position_%":4.446326487402075,"profit_%":-12.297734627831712},"NKE":{"cost_p":73.71,"position_%":6.060817852730595,"profit_%":-6.512006512006509},"NVO":{"cost_p":74.48,"position_%":5.358614834655446,"profit_%":-20.757250268528463},"PVH":{"cost_p":87.3,"position_%":5.383693513872415,"profit_%":-4.421534936998854},"PYPL":{"cost_p":68.03,"position_%":2.796889421525318,"profit_%":9.672203439658972},"SEE":{"cost_p":34.36,"position_%":8.122614185076541,"profit_%":2.968568102444712},"SID":{"cost_p":4.54,"position_%":3.2663951865380936,"profit_%":-64.75770925110133},"TGT":{"cost_p":107.3,"position_%":4.411380786853838,"profit_%":-16.803355079217148},"VALE":{"cost_p":12.22,"position_%":2.511979180584991,"profit_%":-9.65630114566286},"VFC":{"cost_p":18.8,"position_%":1.352604174161149,"profit_%":-22.765957446808514},"ZIM":{"cost_p":29.42,"position_%":13.00247292222115,"profit_%":-54.11284840244732}},"KellyFormula_Range_v1":{"TGT":{"profit":14.309761,"loss":1.1426163,"p":0.9166667,"q":0.07777778,"max_close":154.7214,"min_close":86.56,"close":89.27},"PYPL":{"profit":5.318344,"loss":5.899231,"p":0.21666667,"q":0.7722222,"max_close":91.81,"min_close":57.41,"close":74.61},"PVH":{"profit":3.9569092,"loss":10.583717,"p":0.21111111,"q":0.78333336,"max_close":112.69704,"min_close":60.445415,"close":83.44},"NVO":{"profit":13.520191,"loss":5.0540924,"p":0.75,"q":0.24444444,"max_close":118.13634,"min_close":45.38,"close":59.02},"VALE":{"profit":0.25,"loss":1.5677109,"p":0.0055555557,"q":0.98888886,"max_close":11.29,"min_close":7.91076,"close":11.04},"EL":{"profit":1.0476837,"loss":17.712868,"p":0.016666668,"q":0.9777778,"max_close":94.89654,"min_close":49.614822,"close":92.68},"MPW":{"profit":0.2947712,"loss":0.8635459,"p":0.1388889,"q":0.85555553,"max_close":5.9922843,"min_close":3.5418787,"close":5.42},"VFC":{"profit":4.769293,"loss":2.2058382,"p":0.42777777,"q":0.56666666,"max_close":26.460835,"min_close":9.61555,"close":14.52},"SID":{"profit":0.08837843,"loss":0.13144958,"p":0.20555556,"q":0.76666665,"max_close":2.12742,"min_close":1.25,"close":1.6},"NKE":{"profit":5.3115463,"loss":9.113464,"p":0.6166667,"q":0.37777779,"max_close":82.117874,"min_close":52.644737,"close":68.91},"AAP":{"profit":3.7772713,"loss":14.66748,"p":0.29444444,"q":0.6944444,"max_close":66.5,"min_close":29.948305,"close":56.84},"EW":{"profit":2.0128708,"loss":3.6852722,"p":0.35,"q":0.64444447,"max_close":81.83,"min_close":65.75,"close":76.72},"SEE":{"profit":0.7524986,"loss":4.4118977,"p":0.022222223,"q":0.9722222,"max_close":36.64,"min_close":23.64138,"close":35.38},"ZIM":{"profit":1.9965439,"loss":0.6052151,"p":0.85555553,"q":0.1388889,"max_close":18.54858,"min_close":11.213416,"close":13.5},"ALB":{"profit":1.6931229,"loss":19.725403,"p":0.011111111,"q":0.98333335,"max_close":108.93781,"min_close":50.15882,"close":90.53},"ILPT":{"profit":0.4151373,"loss":1.8259304,"p":0.2611111,"q":0.73333335,"max_close":6.45,"min_close":2.4764423,"close":5.57},"EPAM":{"profit":32.016922,"loss":3.4929962,"p":0.9388889,"q":0.055555556,"max_close":267.63,"min_close":143.33,"close":149.87},"HAL":{"profit":1.0957756,"loss":3.0115852,"p":0.30555555,"q":0.6888889,"max_close":31.096922,"min_close":18.956635,"close":24.28}},"Factor_Intersectional_v1":[],"stock_info":{"TGT":["Target Corp","Discount Stores","Consumer Defensive"],"PYPL":["PayPal Holdings Inc","Credit Services","Financial"],"PVH":["PVH Corp","Apparel Manufacturing","Consumer Cyclical"],"NVO":["Novo Nordisk ADR","Drug Manufacturers - General","Healthcare"],"VALE":["Vale S.A. ADR","Other Industrial Metals & Mining","Basic Materials"],"EL":["Estee Lauder Cos., Inc","Household & Personal Products","Consumer Defensive"],"MPW":["Medical Properties Trust Inc","REIT - Healthcare Facilities","Real Estate"],"VFC":["VF Corp","Apparel Manufacturing","Consumer Cyclical"],"SID":["Companhia Siderurgica Nacional ADR","Steel","Basic Materials"],"NKE":["Nike, Inc","Footwear & Accessories","Consumer Cyclical"],"AAP":["Advance Auto Parts Inc","Auto Parts","Consumer Cyclical"],"EW":["Edwards Lifesciences Corp","Medical Devices","Healthcare"],"SEE":["Sealed Air Corp","Packaging & Containers","Consumer Cyclical"],"ZIM":["Zim Integrated Shipping Services Ltd","Marine Shipping","Industrials"],"ALB":["Albemarle Corp","Specialty Chemicals","Basic Materials"],"ILPT":["Industrial Logistics Properties Trust","REIT - Industrial","Real Estate"],"EPAM":["EPAM Systems Inc","Information Technology Services","Technology"],"HAL":["Halliburton Co","Oil & Gas Equipment & Services","Energy"]}}