{"hold_stock_list":["SMP","T","DHI","C","TDS","BGFV","BIO","WFC","PSX","SNX","LAKE","HTH","MDC","PBFX","PHM","ELP"],"portfolio":{"BGFV":{"cost_p":12.23,"position_%":4.36286099922818,"profit_%":21.177432542927228},"BIO":{"cost_p":597.32,"position_%":5.78372368988676,"profit_%":-0.0033482890243245653},"C":{"cost_p":62.71,"position_%":5.017453227668621,"profit_%":10.891404879604536},"DHI":{"cost_p":72.88,"position_%":3.7141141177870542,"profit_%":6.531284302963783},"ELP":{"cost_p":10.54,"position_%":9.695376901298486,"profit_%":0.7590132827324485},"HTH":{"cost_p":29.44,"position_%":6.751452227283602,"profit_%":16.270380434782595},"LAKE":{"cost_p":29.74,"position_%":4.546833995457752,"profit_%":11.600537995965029},"MDC":{"cost_p":59.95,"position_%":5.193797205190281,"profit_%":-11.843202668890743},"PBFX":{"cost_p":11.39,"position_%":9.78071285204265,"profit_%":9.39420544337138},"PHM":{"cost_p":49.31,"position_%":4.648936460262725,"profit_%":-7.787467045224099},"PSX":{"cost_p":70.43,"position_%":3.5892570981852674,"profit_%":20.261252307255422},"SMP":{"cost_p":41.45,"position_%":13.455841002484656,"profit_%":3.6911942098914206},"SNX":{"cost_p":86.45,"position_%":6.388220224340034,"profit_%":9.311740890688256},"T":{"cost_p":28.54,"position_%":6.10871886760289,"profit_%":-1.576734407848631},"TDS":{"cost_p":20.77,"position_%":5.292408769651284,"profit_%":-13.047664901299957},"WFC":{"cost_p":31.79,"position_%":5.670292361629755,"profit_%":16.671909405473436}},"KellyFormula_Range_v1":{"SNX":{"profit":0.0,"loss":22.4155273,"p":0.0,"q":0.99444443,"max_close":94.5,"min_close":49.8009529,"close":94.5},"PBFX":{"profit":0.325183868,"loss":3.396675,"p":0.0166666675,"q":0.9777778,"max_close":13.01,"min_close":6.8425045,"close":12.46},"PSX":{"profit":1.69000244,"loss":22.3338242,"p":0.0111111114,"q":0.983333349,"max_close":87.25,"min_close":43.12195,"close":84.7},"MDC":{"profit":2.096714,"loss":11.8310776,"p":0.05,"q":0.9444444,"max_close":61.05,"min_close":31.96184,"close":57.08},"ELP":{"profit":1.27407551,"loss":0.139316559,"p":0.9166667,"q":0.0722222254,"max_close":14.32,"min_close":10.3125925,"close":10.62},"LAKE":{"profit":4.48384476,"loss":9.929478,"p":0.0722222254,"q":0.9222222,"max_close":44.43,"min_close":18.3,"close":33.19},"SMP":{"profit":3.57479858,"loss":2.29673,"p":0.5611111,"q":0.433333337,"max_close":53.85105,"min_close":37.67527,"close":42.98},"C":{"profit":0.0,"loss":17.0967331,"p":0.0,"q":0.99444443,"max_close":69.54,"min_close":40.2755241,"close":69.54},"BIO":{"profit":25.44043,"loss":65.60657,"p":0.155555561,"q":0.8388889,"max_close":662.35,"min_close":432.34,"close":597.3},"BGFV":{"profit":0.6627283,"loss":7.30981827,"p":0.06111111,"q":0.933333337,"max_close":16.16,"min_close":1.76140082,"close":14.82},"WFC":{"profit":0.526001,"loss":10.4413738,"p":0.027777778,"q":0.966666639,"max_close":38.29,"min_close":20.9815083,"close":37.09},"PHM":{"profit":1.70228577,"loss":3.92900467,"p":0.283333331,"q":0.705555558,"max_close":49.51,"min_close":31.7402878,"close":45.47},"T":{"profit":0.7432556,"loss":0.7564316,"p":0.7222222,"q":0.272222221,"max_close":30.9062023,"min_close":26.033514,"close":28.09},"DHI":{"profit":2.07296,"loss":8.424454,"p":0.0944444463,"q":0.9,"max_close":83.23916,"min_close":52.616806,"close":77.64},"HTH":{"profit":0.0,"loss":10.9568233,"p":0.0,"q":0.99444443,"max_close":34.23,"min_close":16.4422626,"close":34.23},"TDS":{"profit":1.77715111,"loss":0.6601162,"p":0.8666667,"q":0.127777785,"max_close":23.91577,"min_close":16.5031128,"close":18.06}}}