{"hold_stock_list":["SMP","INTC","T","DHI","BAC","PFC","REGI","FHN","SFM","BIO","PBCT","WFC","PSX"],"portfolio":{"BAC":{"cost_p":25.9,"position_%":3.605539129783733,"profit_%":15.75289575289576},"BIO":{"cost_p":597.32,"position_%":6.869154276824907,"profit_%":-3.765151007834998},"DHI":{"cost_p":72.88,"position_%":4.411141376173216,"profit_%":-3.7870472008781437},"FHN":{"cost_p":10.96,"position_%":8.88910355475169,"profit_%":16.60583941605838},"INTC":{"cost_p":46.15,"position_%":7.2625254353323845,"profit_%":5.633802816901412},"PBCT":{"cost_p":14.03,"position_%":6.1141034200811415,"profit_%":-7.697790449037776},"PFC":{"cost_p":17.29,"position_%":4.1859843245902795,"profit_%":31.694621168305382},"PSX":{"cost_p":70.43,"position_%":10.657131144479951,"profit_%":0.24137441431206513},"REGI":{"cost_p":77.53,"position_%":4.035625413960622,"profit_%":-5.933187153359983},"SFM":{"cost_p":20.61,"position_%":10.728007194857268,"profit_%":-2.377486656962632},"SMP":{"cost_p":41.45,"position_%":15.981096733945655,"profit_%":-2.171290711700858},"T":{"cost_p":28.54,"position_%":7.255141252457889,"profit_%":-0.17519271198318398},"WFC":{"cost_p":31.79,"position_%":10.005446742761277,"profit_%":-6.417112299465239}},"KellyFormula_Range_v1":{"INTC":{"profit":6.479061,"loss":2.06524277,"p":0.716666639,"q":0.2777778,"max_close":63.44745,"min_close":43.79363,"close":48.75},"PSX":{"profit":5.589813,"loss":10.9383659,"p":0.166666672,"q":0.8277778,"max_close":87.2001343,"min_close":43.5934563,"close":70.6},"DHI":{"profit":3.41953278,"loss":13.1407814,"p":0.45,"q":0.544444442,"max_close":78.602684,"min_close":37.68632,"close":70.12},"PFC":{"profit":0.183332443,"loss":5.106285,"p":0.0333333351,"q":0.955555558,"max_close":23.15,"min_close":13.3553782,"close":22.77},"T":{"profit":0.9026203,"loss":0.7074013,"p":0.6888889,"q":0.305555552,"max_close":32.0722351,"min_close":26.5,"close":28.49},"WFC":{"profit":1.08089638,"loss":4.44210052,"p":0.0444444455,"q":0.95,"max_close":33.0351639,"min_close":21.0457516,"close":29.75},"FHN":{"profit":0.1471262,"loss":3.02457333,"p":0.055555556,"q":0.9388889,"max_close":13.0291986,"min_close":6.89497328,"close":12.78},"SFM":{"profit":2.89974213,"loss":0.3670025,"p":0.8833333,"q":0.111111112,"max_close":27.41,"min_close":18.59,"close":20.12},"REGI":{"profit":3.19332886,"loss":32.8236961,"p":0.0333333351,"q":0.9611111,"max_close":79.01,"min_close":20.93,"close":72.925},"SMP":{"profit":5.09948349,"loss":1.44674683,"p":0.7277778,"q":0.266666681,"max_close":54.17,"min_close":35.6404228,"close":40.55},"PBCT":{"profit":0.193305969,"loss":1.88831615,"p":0.111111112,"q":0.8833333,"max_close":13.52,"min_close":9.716092,"close":12.95},"BAC":{"profit":0.08333397,"loss":5.10248,"p":0.0166666675,"q":0.9777778,"max_close":30.13,"min_close":20.45887,"close":29.98},"BIO":{"profit":17.8403931,"loss":76.30292,"p":0.144444451,"q":0.85,"max_close":643.45,"min_close":414.54,"close":574.83}}}