{"hold_stock_list":["BIO","ILPT","ASML","NFLX","NKE","INTC","HIMX","STC","VALE","CCS","BAC","C","THO","WGO","DAC","EDRY","NMM","ZIM","GGB","SID","TX"],"portfolio":{"ASML":{"cost_p":569.13,"position_%":3.8882999699118423,"profit_%":-7.62216013915977},"BAC":{"cost_p":35.99,"position_%":5.901214102245626,"profit_%":-4.390108363434302},"BIO":{"cost_p":522.14,"position_%":5.3508959630219,"profit_%":-5.270617075880029},"C":{"cost_p":49.1,"position_%":12.747158090175384,"profit_%":3.7678207739307563},"CCS":{"cost_p":44.7,"position_%":1.221562796936091,"profit_%":8.523489932885894},"DAC":{"cost_p":73.49,"position_%":6.02501006354586,"profit_%":-7.647298952238388},"EDRY":{"cost_p":22.24,"position_%":0.9116629732838475,"profit_%":-31.564748201438842},"GGB":{"cost_p":4.57,"position_%":2.747559812169006,"profit_%":6.3457330415754925},"HIMX":{"cost_p":7.32,"position_%":5.2010700562164836,"profit_%":-9.699453551912567},"ILPT":{"cost_p":17.42,"position_%":4.760542264569732,"profit_%":-52.46842709529278},"INTC":{"cost_p":43.58,"position_%":6.550254738201603,"profit_%":-22.097292335933904},"NFLX":{"cost_p":248.68,"position_%":3.3979668494638378,"profit_%":-9.703233070612834},"NKE":{"cost_p":115.53,"position_%":3.1572069335576414,"profit_%":-4.198043798147663},"NMM":{"cost_p":30.04,"position_%":2.195998247726923,"profit_%":-10.918774966711045},"SID":{"cost_p":4.82,"position_%":4.610238117295717,"profit_%":-32.780082987551864},"STC":{"cost_p":52.86,"position_%":8.667356972623056,"profit_%":1.8539538403329625},"THO":{"cost_p":72.81,"position_%":2.9846304444602945,"profit_%":19.40667490729295},"TX":{"cost_p":39.96,"position_%":3.2760838500379994,"profit_%":-18.068068068068065},"VALE":{"cost_p":13.29,"position_%":3.6318947586757604,"profit_%":3.5364936042136996},"WGO":{"cost_p":48.65,"position_%":2.6590170054112225,"profit_%":30.99691675231243},"ZIM":{"cost_p":56.94,"position_%":10.11437599047017,"profit_%":-14.524060414471368}},"KellyFormula_Range_v1":{"HIMX":{"profit":3.38585138,"loss":0.100000381,"p":0.95,"q":0.0444444455,"max_close":15.99,"min_close":6.35,"close":6.61},"EDRY":{"profit":8.946149,"loss":0.07000065,"p":0.98888886,"q":0.00555555569,"max_close":42.75,"min_close":15.15,"close":15.22},"TX":{"profit":8.342056,"loss":1.288002,"p":0.966666639,"q":0.027777778,"max_close":49.66,"min_close":30.76,"close":32.74},"CCS":{"profit":11.5755386,"loss":3.57579041,"p":0.8833333,"q":0.105555557,"max_close":84.95,"min_close":40.36,"close":48.51},"ZIM":{"profit":13.2926178,"loss":2.58846283,"p":0.85,"q":0.144444451,"max_close":88.62,"min_close":42.05,"close":48.67},"VALE":null,"ASML":null,"DAC":null,"BIO":null,"NFLX":null,"ILPT":null,"NKE":null,"THO":null,"INTC":null,"WGO":null,"BAC":null,"GGB":{"profit":0.707519531,"loss":0.324807644,"p":0.6944444,"q":0.2888889,"max_close":6.51,"min_close":4.06,"close":4.86},"C":{"profit":7.119156,"loss":2.76531219,"p":0.7222222,"q":0.272222221,"max_close":67.84,"min_close":44.14,"close":50.95},"SID":{"profit":1.40207362,"loss":0.345682144,"p":0.75,"q":0.244444445,"max_close":5.71,"min_close":2.45,"close":3.24},"NMM":{"profit":4.01881027,"loss":2.787096,"p":0.65,"q":0.344444454,"max_close":36.49,"min_close":20.36,"close":26.76},"STC":{"profit":12.1829262,"loss":2.84267426,"p":0.683333337,"q":0.311111122,"max_close":80.18,"min_close":45.91,"close":53.84}}}