{
    "Factor_Intersectional_v1": [],
    "KellyFormula_Range_v1": {
        "AAP": {
            "close": 49.34,
            "loss": 5.892132,
            "max_close": 65.77928,
            "min_close": 29.623728,
            "p": 0.6111111,
            "profit": 6.8726006,
            "q": 0.38333333
        },
        "ADBE": {
            "close": 297.42,
            "loss": 3.8466797,
            "max_close": 464.11,
            "min_close": 290.37,
            "p": 0.9777778,
            "profit": 60.391968,
            "q": 0.016666668
        },
        "ALB": {
            "close": 194.18,
            "loss": 99.61363,
            "max_close": 194.18,
            "min_close": 50.007885,
            "p": 0.0,
            "profit": 0.0,
            "q": 0.99444443
        },
        "EL": {
            "close": 116.44,
            "loss": 27.208183,
            "max_close": 119.49,
            "min_close": 49.429493,
            "p": 0.022222223,
            "profit": 1.5499954,
            "q": 0.9722222
        },
        "EPAM": {
            "close": 218.04,
            "loss": 43.725388,
            "max_close": 267.63,
            "min_close": 142.2,
            "p": 0.03888889,
            "profit": 1.3114319,
            "q": 0.95555556
        },
        "FLO": {
            "close": 11.13,
            "loss": 0.3470211,
            "max_close": 18.565104,
            "min_close": 10.08,
            "p": 0.7222222,
            "profit": 3.2163868,
            "q": 0.27222222
        },
        "HOG": {
            "close": 19.97,
            "loss": 0.0,
            "max_close": 30.603024,
            "min_close": 19.97,
            "p": 0.99444443,
            "profit": 4.776331,
            "q": 0.0
        },
        "ILPT": {
            "close": 5.34,
            "loss": 1.1330738,
            "max_close": "NaN",
            "min_close": "NaN",
            "p": 0.65555555,
            "profit": 0.3602972,
            "q": 0.33888888
        },
        "MOH": {
            "close": 184.12,
            "loss": 21.140884,
            "max_close": 353.24,
            "min_close": 134.51,
            "p": 0.43888888,
            "profit": 64.2283,
            "q": 0.5555556
        },
        "MPW": {
            "close": 5.11,
            "loss": 0.58464956,
            "max_close": 5.894407,
            "min_close": 3.8470519,
            "p": 0.20555556,
            "profit": 0.22053385,
            "q": 0.78333336
        },
        "NICE": {
            "close": 113.76,
            "loss": 5.3799973,
            "max_close": 178.5,
            "min_close": 99.6,
            "p": 0.8,
            "profit": 33.709785,
            "q": 0.19444445
        },
        "NKE": {
            "close": 63.09,
            "loss": 2.3139725,
            "max_close": 79.84435,
            "min_close": 52.310772,
            "p": 0.70555556,
            "profit": 6.998684,
            "q": 0.2888889
        },
        "NVO": {
            "close": 62.89,
            "loss": 9.771511,
            "max_close": 88.510284,
            "min_close": 44.874336,
            "p": 0.30555555,
            "profit": 6.3384705,
            "q": 0.6888889
        },
        "PVH": {
            "close": 62.36,
            "loss": 0.49200058,
            "max_close": 92.81271,
            "min_close": 60.41741,
            "p": 0.96666664,
            "profit": 14.424889,
            "q": 0.027777778
        },
        "PYPL": {
            "close": 55.51,
            "loss": 0.4299965,
            "max_close": 89.36342,
            "min_close": 55.08,
            "p": 0.98888886,
            "profit": 12.08559,
            "q": 0.0055555557
        },
        "SID": {
            "close": 2.06,
            "loss": 0.50368714,
            "max_close": 2.06,
            "min_close": 1.25,
            "p": 0.0,
            "profit": 0.0,
            "q": 0.99444443
        },
        "SM": {
            "close": 19.28,
            "loss": 0.807497,
            "max_close": 39.159084,
            "min_close": 17.57,
            "p": 0.73333335,
            "profit": 5.3450184,
            "q": 0.2611111
        },
        "TGT": {
            "close": 104.1,
            "loss": 9.759796,
            "max_close": 135.09976,
            "min_close": 83.68,
            "p": 0.072222225,
            "profit": 3.4449615,
            "q": 0.9222222
        },
        "VALE": {
            "close": 16.44,
            "loss": 5.399869,
            "max_close": 16.44,
            "min_close": 7.9883733,
            "p": 0.0,
            "profit": 0.0,
            "q": 0.99444443
        },
        "VFC": {
            "close": 20.28,
            "loss": 5.553832,
            "max_close": 26.32977,
            "min_close": 9.567923,
            "p": 0.0,
            "profit": 0.0,
            "q": 0.99444443
        },
        "ZIM": {
            "close": 22.72,
            "loss": 6.129568,
            "max_close": 23.27,
            "min_close": 11.213416,
            "p": 0.016666668,
            "profit": 0.2666664,
            "q": 0.9777778
        }
    },
    "hold_stock_list": [
        "EL",
        "FLO",
        "TGT",
        "NKE",
        "PVH",
        "VFC",
        "MPW",
        "MOH",
        "NVO",
        "ILPT",
        "AAP",
        "HOG",
        "PYPL",
        "EPAM",
        "ADBE",
        "NICE",
        "ZIM",
        "VALE",
        "SID",
        "SM",
        "ALB"
    ],
    "portfolio": {
        "AAP": {
            "cost_p": 91.35,
            "position_%": 12.502003996261813,
            "profit_%": -45.9879584017515
        },
        "ADBE": {
            "cost_p": 299.55,
            "position_%": 2.9282784401284125,
            "profit_%": -0.7110665998998482
        },
        "ALB": {
            "cost_p": 173.45,
            "position_%": 3.391152698649795,
            "profit_%": 11.951571057941782
        },
        "EL": {
            "cost_p": 143.03,
            "position_%": 5.592811421019086,
            "profit_%": -18.59050548835909
        },
        "EPAM": {
            "cost_p": 248.63,
            "position_%": 2.4305053198769055,
            "profit_%": -12.303422756706754
        },
        "FLO": {
            "cost_p": 10.95,
            "position_%": 3.2112818146626054,
            "profit_%": 1.6438356164383698
        },
        "HOG": {
            "cost_p": 21.9,
            "position_%": 3.2112818146626054,
            "profit_%": -8.812785388127853
        },
        "ILPT": {
            "cost_p": 17.2,
            "position_%": 3.3628034832387708,
            "profit_%": -68.95348837209302
        },
        "MOH": {
            "cost_p": 199,
            "position_%": 3.8906854253750893,
            "profit_%": -7.477386934673365
        },
        "MPW": {
            "cost_p": 6.18,
            "position_%": 4.228920892003176,
            "profit_%": -17.31391585760517
        },
        "NICE": {
            "cost_p": 119.55,
            "position_%": 3.50601589902205,
            "profit_%": -4.843161856963607
        },
        "NKE": {
            "cost_p": 70.07,
            "position_%": 8.904684072433222,
            "profit_%": -9.961467104324234
        },
        "NVO": {
            "cost_p": 64.24,
            "position_%": 8.16379199105338,
            "profit_%": -2.1014943960149353
        },
        "PVH": {
            "cost_p": 87.3,
            "position_%": 5.120454838722291,
            "profit_%": -28.568155784650628
        },
        "PYPL": {
            "cost_p": 68.03,
            "position_%": 2.6601339647062043,
            "profit_%": -18.403645450536533
        },
        "SID": {
            "cost_p": 4.54,
            "position_%": 3.1066829853874456,
            "profit_%": -54.62555066079295
        },
        "SM": {
            "cost_p": 18.16,
            "position_%": 3.550494840442795,
            "profit_%": 6.167400881057274
        },