{"hold_stock_list":["ARLP","BIO","DAC","GGB","THO","WGO","GOGL","CPLP","SID","EDRY","ET","SB","NMM","PKX","NC","INTC","TX"],"portfolio":{"ARLP":{"cost_p":14.01,"position_%":8.323903536925833,"profit_%":10.992148465381876},"BIO":{"cost_p":596.71,"position_%":6.239716919310111,"profit_%":-3.6634210923229062},"CPLP":{"cost_p":12.99,"position_%":2.469721786030928,"profit_%":37.1824480369515},"DAC":{"cost_p":76.97,"position_%":5.4877161048152585,"profit_%":20.826295959464726},"EDRY":{"cost_p":22.24,"position_%":1.5856412390683556,"profit_%":55.39568345323743},"ET":{"cost_p":9.35,"position_%":4.955247700119117,"profit_%":19.67914438502674},"GGB":{"cost_p":4.45,"position_%":2.1151389430018535,"profit_%":43.82022471910113},"GOGL":{"cost_p":10.75,"position_%":3.576723718222236,"profit_%":8.651162790697672},"INTC":{"cost_p":47.41,"position_%":5.633636926276285,"profit_%":1.5186669479012993},"NC":{"cost_p":29.95,"position_%":4.2706794163756525,"profit_%":38.79799666110184},"NMM":{"cost_p":30.04,"position_%":3.8194656189393243,"profit_%":6.924101198402124},"PKX":{"cost_p":58.54,"position_%":5.370180923281438,"profit_%":-0.2903997266826131},"SB":{"cost_p":4.05,"position_%":3.9992167806853307,"profit_%":1.9753086419753103},"SID":{"cost_p":4.82,"position_%":11.042641343684554,"profit_%":13.278008298755179},"THO":{"cost_p":89.53,"position_%":9.808857032625472,"profit_%":-10.0301574891098},"TX":{"cost_p":39.81,"position_%":12.564324583613509,"profit_%":17.558402411454395},"WGO":{"cost_p":56.56,"position_%":8.737187427024736,"profit_%":-5.427864214992928}},"KellyFormula_Range_v1":{"WGO":{"profit":15.5957222,"loss":0.5600014,"p":0.983333349,"q":0.0111111114,"max_close":78.55,"min_close":52.79,"close":53.49},"PKX":{"profit":7.671665,"loss":1.63528824,"p":0.8055556,"q":0.188888893,"max_close":79.75,"min_close":54.58,"close":58.37},"SID":{"profit":1.6888895,"loss":0.8405652,"p":0.3,"q":0.6888889,"max_close":9.49,"min_close":3.57,"close":5.46},"TX":{"profit":4.910202,"loss":4.643364,"p":0.266666681,"q":0.7277778,"max_close":56.19,"min_close":36.57,"close":46.8},"INTC":{"profit":4.01540756,"loss":1.12655258,"p":0.8333333,"q":0.161111116,"max_close":56.23,"min_close":44.4,"close":48.13},"ARLP":{"profit":0.220000267,"loss":4.06829453,"p":0.0111111114,"q":0.9777778,"max_close":15.92,"min_close":7.13,"close":15.55},"ET":{"profit":0.31000042,"loss":1.73234844,"p":0.0166666675,"q":0.9722222,"max_close":11.53,"min_close":8.15,"close":11.19},"THO":{"profit":24.11586,"loss":1.85500336,"p":0.983333349,"q":0.0111111114,"max_close":127.44,"min_close":78.69,"close":80.55},"SB":{"profit":0.483421326,"loss":0.496960163,"p":0.422222227,"q":0.566666663,"max_close":5.28,"min_close":3.17,"close":4.13},"DAC":{"profit":6.11611938,"loss":17.1904755,"p":0.2,"q":0.794444442,"max_close":106.64,"min_close":64.2,"close":93.0},"EDRY":{"profit":3.41999817,"loss":9.58082,"p":0.00555555569,"q":0.98888886,"max_close":37.98,"min_close":17.0,"close":34.56},"GGB":{"profit":0.0574998856,"loss":1.22377014,"p":0.0222222228,"q":0.9722222,"max_close":6.51,"min_close":4.26,"close":6.4},"NC":{"profit":0.0,"loss":10.643692,"p":0.0,"q":0.99444443,"max_close":41.57,"min_close":24.47,"close":41.57},"CPLP":{"profit":0.5600014,"loss":3.52078533,"p":0.03888889,"q":0.955555558,"max_close":18.76,"min_close":11.22,"close":17.82},"NMM":{"profit":1.52963638,"loss":4.713711,"p":0.155555561,"q":0.8388889,"max_close":36.49,"min_close":21.69,"close":32.12},"GOGL":{"profit":0.4733858,"loss":1.97884464,"p":0.172222227,"q":0.816666663,"max_close":12.9,"min_close":7.68,"close":11.68},"BIO":{"profit":144.19104,"loss":16.3257446,"p":0.8888889,"q":0.105555557,"max_close":825.77,"min_close":524.57,"close":574.85}}}