{"hold_stock_list":["ARLP","INTC","BIO","DAC","GGB","THO","GOGL","CPLP","SID","EDRY","ET","SB","NMM","PKX","TX"],"portfolio":{"ARLP":{"cost_p":14.01,"position_%":9.071557376998229,"profit_%":6.423982869379017},"BIO":{"cost_p":596.71,"position_%":6.800168910973847,"profit_%":2.0160546999379885},"CPLP":{"cost_p":12.99,"position_%":3.7008846069929393,"profit_%":17.321016166281755},"DAC":{"cost_p":76.97,"position_%":9.269966128708422,"profit_%":21.345978952838777},"EDRY":{"cost_p":22.24,"position_%":2.592095538301164,"profit_%":17.0863309352518},"ET":{"cost_p":9.35,"position_%":5.4003285393034,"profit_%":10.909090909090905},"GGB":{"cost_p":4.45,"position_%":3.803449538364568,"profit_%":26.29213483146067},"GOGL":{"cost_p":10.75,"position_%":3.897985396825791,"profit_%":8.744186046511624},"INTC":{"cost_p":47.28,"position_%":7.396361244877192,"profit_%":1.3747884940778312},"NMM":{"cost_p":30.04,"position_%":4.162530399106048,"profit_%":7.090545938748344},"PKX":{"cost_p":58.54,"position_%":5.852531105664464,"profit_%":2.5452681926887633},"SB":{"cost_p":4.05,"position_%":4.358426828002339,"profit_%":4.938271604938276},"SID":{"cost_p":4.82,"position_%":12.034492482819338,"profit_%":16.390041493775932},"THO":{"cost_p":98.9,"position_%":7.966368440998539,"profit_%":-6.855409504550051},"TX":{"cost_p":39.81,"position_%":13.692853462063717,"profit_%":6.229590555136892}},"KellyFormula_Range_v1":{"GGB":{"profit":0.2882061,"loss":0.637713432,"p":0.216666669,"q":0.7777778,"max_close":6.22,"min_close":4.26,"close":5.62},"ARLP":{"profit":0.0,"loss":4.37173,"p":0.0,"q":0.99444443,"max_close":14.91,"min_close":6.64,"close":14.91},"EDRY":{"profit":3.01349258,"loss":4.48695,"p":0.411111116,"q":0.5833333,"max_close":33.81,"min_close":17.0,"close":26.04},"INTC":{"profit":4.77103043,"loss":1.11916351,"p":0.927777767,"q":0.06666667,"max_close":57.48,"min_close":44.65,"close":47.93},"TX":{"profit":4.885803,"loss":3.01925278,"p":0.622222245,"q":0.372222215,"max_close":56.19,"min_close":32.74,"close":42.29},"BIO":{"profit":116.071045,"loss":23.0479736,"p":0.9111111,"q":0.0833333358,"max_close":825.77,"min_close":564.67,"close":608.74},"ET":{"profit":0.2964697,"loss":1.00187778,"p":0.0944444463,"q":0.8888889,"max_close":11.01,"min_close":8.15,"close":10.37},"SB":{"profit":0.458260536,"loss":0.5771427,"p":0.25555557,"q":0.73888886,"max_close":5.28,"min_close":3.1,"close":4.25},"DAC":{"profit":3.09882355,"loss":18.512207,"p":0.0944444463,"q":0.9,"max_close":100.3,"min_close":62.14,"close":93.4},"NMM":{"profit":0.567779541,"loss":5.03123474,"p":0.05,"q":0.9444444,"max_close":33.67,"min_close":21.47,"close":32.17},"THO":{"profit":16.8032837,"loss":2.81500244,"p":0.927777767,"q":0.06666667,"max_close":127.44,"min_close":84.34,"close":92.12},"SID":{"profit":2.32818222,"loss":1.03274441,"p":0.366666675,"q":0.627777755,"max_close":9.49,"min_close":3.57,"close":5.61},"CPLP":{"profit":0.679826736,"loss":2.29136562,"p":0.322222233,"q":0.6722222,"max_close":16.73,"min_close":10.98,"close":15.245},"PKX":{"profit":9.607437,"loss":2.08039856,"p":0.7111111,"q":0.2777778,"max_close":79.75,"min_close":54.58,"close":60.03},"GOGL":{"profit":0.5160723,"loss":1.94839478,"p":0.07777778,"q":0.9166667,"max_close":12.9,"min_close":7.68,"close":11.69}}}