{"hold_stock_list":["SMP","T","DHI","C","REGI","TDS","BGFV","BIO","WFC","PSX","SNX","LAKE","HTH"],"portfolio":{"BGFV":{"cost_p":12.23,"position_%":9.612785307630746,"profit_%":6.459525756336869},"BIO":{"cost_p":597.32,"position_%":6.371701289517928,"profit_%":-3.9426103261233623},"C":{"cost_p":62.71,"position_%":5.527531209129732,"profit_%":-7.526710253548076},"DHI":{"cost_p":72.88,"position_%":4.0916936877708725,"profit_%":5.378704720087818},"HTH":{"cost_p":29.44,"position_%":7.437809821019281,"profit_%":2.0380434782608625},"LAKE":{"cost_p":29.73,"position_%":7.010337870707982,"profit_%":-6.491759165825764},"PSX":{"cost_p":70.43,"position_%":9.88535902955895,"profit_%":-3.734204174357531},"REGI":{"cost_p":80.92,"position_%":6.3603155118027805,"profit_%":10.726643598615908},"SMP":{"cost_p":41.45,"position_%":14.823771684839654,"profit_%":-5.35585042219543},"SNX":{"cost_p":86.45,"position_%":7.037651385788944,"profit_%":-5.587044534412954},"T":{"cost_p":28.54,"position_%":6.729735715775506,"profit_%":0.31534688156972623},"TDS":{"cost_p":20.77,"position_%":5.830438933520926,"profit_%":-9.725565719788154},"WFC":{"cost_p":31.79,"position_%":9.280868552936708,"profit_%":-6.008178672538535}},"KellyFormula_Range_v1":{"LAKE":{"profit":1.70077133,"loss":6.35514069,"p":0.0722222254,"q":0.9222222,"max_close":31.25,"min_close":13.5,"close":27.8},"SNX":{"profit":4.49993134,"loss":26.6317825,"p":0.127777785,"q":0.8666667,"max_close":91.34,"min_close":35.98071,"close":81.62},"T":{"profit":0.577125549,"loss":0.8308506,"p":0.466666669,"q":0.5277778,"max_close":31.50766,"min_close":26.033514,"close":28.63},"C":{"profit":3.23803329,"loss":9.876862,"p":0.2,"q":0.794444442,"max_close":68.40837,"min_close":40.2755241,"close":57.99},"REGI":{"profit":7.105713,"loss":43.2386475,"p":0.03888889,"q":0.955555558,"max_close":100.53,"min_close":22.31,"close":89.6},"BIO":{"profit":20.5557861,"loss":66.04819,"p":0.25,"q":0.74444443,"max_close":643.45,"min_close":432.34,"close":573.77},"TDS":{"profit":1.503622,"loss":0.7779598,"p":0.677777767,"q":0.316666663,"max_close":23.91577,"min_close":16.5031128,"close":18.75},"BGFV":{"profit":0.0,"loss":6.476203,"p":0.0,"q":0.99444443,"max_close":13.02,"min_close":1.13858509,"close":13.02},"SMP":{"profit":5.359703,"loss":0.9415169,"p":0.9166667,"q":0.07777778,"max_close":54.17,"min_close":36.0383072,"close":39.23},"WFC":{"profit":2.1369648,"loss":4.562811,"p":0.13333334,"q":0.8611111,"max_close":34.75,"min_close":21.0457516,"close":29.88},"PSX":{"profit":5.58272552,"loss":9.603786,"p":0.333333343,"q":0.6611111,"max_close":87.2001343,"min_close":43.5934563,"close":67.8},"HTH":{"profit":2.29624939,"loss":8.731501,"p":0.0444444455,"q":0.95,"max_close":33.22,"min_close":13.8662968,"close":30.04},"DHI":{"profit":0.9855728,"loss":10.1185226,"p":0.0722222254,"q":0.9166667,"max_close":78.97,"min_close":45.9163437,"close":76.8}}}