{
    "KellyFormula_Range_v1": {
        "ARLP": {
            "close": 13.75,
            "loss": 3.367999,
            "max_close": 15.92,
            "min_close": 6.83,
            "p": 0.13333334,
            "profit": 0.808334351,
            "q": 0.8611111
        },
        "BIO": {
            "close": 562.81,
            "loss": 21.3771362,
            "max_close": 825.77,
            "min_close": 524.57,
            "p": 0.955555558,
            "profit": 153.319031,
            "q": 0.03888889
        },
        "CPLP": {
            "close": 15.15,
            "loss": 2.21945763,
            "max_close": 16.73,
            "min_close": 10.98,
            "p": 0.383333325,
            "profit": 0.6787691,
            "q": 0.6111111
        },
        "DAC": {
            "close": 105.83,
            "loss": 27.974411,
            "max_close": 105.83,
            "min_close": 62.14,
            "p": 0.0,
            "profit": 0.0,
            "q": 0.99444443
        },
        "EDRY": {
            "close": 25.53,
            "loss": 4.11244774,
            "max_close": 33.81,
            "min_close": 17.0,
            "p": 0.427777767,
            "profit": 3.32465935,
            "q": 0.566666663
        },
        "ET": {
            "close": 9.84,
            "loss": 0.6732521,
            "max_close": 10.71,
            "min_close": 8.15,
            "p": 0.311111122,
            "profit": 0.3137493,
            "q": 0.683333337
        },
        "GGB": {
            "close": 5.49,
            "loss": 0.542347431,
            "max_close": 6.13,
            "min_close": 4.26,
            "p": 0.25555557,
            "profit": 0.303043842,
            "q": 0.733333349
        },
        "GOGL": {
            "close": 11.6,
            "loss": 1.92035389,
            "max_close": 12.9,
            "min_close": 7.68,
            "p": 0.127777785,
            "profit": 0.432389259,
            "q": 0.8666667
        },
        "INTC": {
            "close": 46.63,
            "loss": 1.7266655,
            "max_close": 56.87,
            "min_close": 44.4,
            "p": 0.9611111,
            "profit": 5.43837357,
            "q": 0.0333333351
        },
        "NC": {
            "close": 31.15,
            "loss": 3.16371918,
            "max_close": 40.97,
            "min_close": 23.67,
            "p": 0.338888884,
            "profit": 2.52358055,
            "q": 0.655555546
        },
        "NMM": {
            "close": 31.68,
            "loss": 4.590811,
            "max_close": 36.49,
            "min_close": 21.47,
            "p": 0.1,
            "profit": 1.36388779,
            "q": 0.894444466
        },
        "PKX": {
            "close": 59.0,
            "loss": 1.916336,
            "max_close": 79.75,
            "min_close": 54.58,
            "p": 0.766666651,
            "profit": 8.837898,
            "q": 0.227777779
        },
        "SB": {
            "close": 4.69,
            "loss": 0.888692141,
            "max_close": 5.28,
            "min_close": 3.1,
            "p": 0.1388889,
            "profit": 0.242400169,
            "q": 0.85
        },
        "SID": {
            "close": 4.65,
            "loss": 0.452741146,
            "max_close": 9.49,
            "min_close": 3.57,
            "p": 0.644444466,
            "profit": 1.786551,
            "q": 0.344444454
        },
        "THO": {
            "close": 83.94,
            "loss": 0.9666672,
            "max_close": 127.44,
            "min_close": 82.38,
            "p": 0.9777778,
            "profit": 22.9241028,
            "q": 0.0166666675
        },
        "TX": {
            "close": 41.86,
            "loss": 2.23033524,
            "max_close": 56.19,
            "min_close": 36.57,
            "p": 0.6666667,
            "profit": 4.9782486,
            "q": 0.327777773
        }
    },
    "hold_stock_list": [
        "ARLP",
        "INTC",
        "BIO",
        "DAC",
        "GGB",
        "THO",
        "GOGL",
        "CPLP",
        "SID",
        "EDRY",
        "ET",
        "SB",
        "NMM",
        "PKX",
        "NC",
        "TX"
    ],
    "portfolio": {
        "ARLP": {
            "cost_p": 14.01,
            "position_%": 8.299037752340507,
            "profit_%": -1.8558172733761584
        },
        "BIO": {
            "cost_p": 596.71,
            "position_%": 6.221077172213007,
            "profit_%": -5.6811516482043345
        },
        "CPLP": {
            "cost_p": 12.99,
            "position_%": 3.3857230676143755,
            "profit_%": 16.628175519630485
        },
        "DAC": {
            "cost_p": 76.97,
            "position_%": 8.48055032536493,
            "profit_%": 37.49512797193712
        },
        "EDRY": {
            "cost_p": 22.24,
            "position_%": 2.3713567401976814,
            "profit_%": 14.793165467625913
        },
        "ET": {
            "cost_p": 9.35,
            "position_%": 4.940445015137065,
            "profit_%": 5.24064171122995
        },
        "GGB": {
            "cost_p": 4.45,
            "position_%": 3.4795537299962978,
            "profit_%": 23.370786516853933
        },
        "GOGL": {
            "cost_p": 10.75,
            "position_%": 3.566039062747312,
            "profit_%": 7.906976744186044
        },
        "INTC": {
            "cost_p": 47.28,
            "position_%": 6.766498700303158,
            "profit_%": -1.3747884940778312
        },
        "NC": {
            "cost_p": 29.95,
            "position_%": 8.515843449510859,
            "profit_%": 4.00667779632721
        },
        "NMM": {
            "cost_p": 30.04,
            "position_%": 3.808055826779878,
            "profit_%": 5.4593874833555285
        },
        "PKX": {
            "cost_p": 58.54,
            "position_%": 5.354138718872151,
            "profit_%": 0.7857874957294172
        },
        "SB": {
            "cost_p": 4.05,
            "position_%": 3.9872700224681785,
            "profit_%": 15.802469135802482
        },
        "SID": {
            "cost_p": 4.82,
            "position_%": 11.009653943039291,
            "profit_%": -3.526970954356845
        },
        "THO": {
            "cost_p": 98.9,
            "position_%": 7.287964975951865,
            "profit_%": -15.126390293225485
        },
        "TX": {
            "cost_p": 39.81,
            "position_%": 12.526791497463444,
            "profit_%": 5.149459934689769
        }
    }
}