{
    "KellyFormula_Range_v1": {
        "BAC": {
            "close": 25.28,
            "loss": 2.36926651,
            "max_close": 34.9207,
            "min_close": 17.8342,
            "p": 0.438888878,
            "profit": 4.68218231,
            "q": 0.5555556
        },
        "DHI": {
            "close": 71.77,
            "loss": 18.3440857,
            "max_close": 76.97,
            "min_close": 28.6063,
            "p": 0.0722222254,
            "profit": 2.19154358,
            "q": 0.9222222
        },
        "EWBC": {
            "close": 34.02,
            "loss": 3.97028351,
            "max_close": 49.8306,
            "min_close": 22.422,
            "p": 0.683333337,
            "profit": 5.763748,
            "q": 0.311111122
        },
        "FBP": {
            "close": 5.51,
            "loss": 0.432994843,
            "max_close": 10.3571,
            "min_close": 3.6669,
            "p": 0.5833333,
            "profit": 1.83293343,
            "q": 0.411111116
        },
        "FHN": {
            "close": 9.65,
            "loss": 0.998288155,
            "max_close": 16.4509,
            "min_close": 6.597,
            "p": 0.4,
            "profit": 3.77895641,
            "q": 0.594444454
        },
        "PBCT": {
            "close": 10.32,
            "loss": 0.288722038,
            "max_close": 16.207,
            "min_close": 9.2231,
            "p": 0.9444444,
            "profit": 2.136447,
            "q": 0.05
        },
        "PFC": {
            "close": 16.99,
            "loss": 1.87251186,
            "max_close": 30.8615,
            "min_close": 11.194,
            "p": 0.5611111,
            "profit": 6.135107,
            "q": 0.433333337
        },
        "PNC": {
            "close": 111.29,
            "loss": 9.80143,
            "max_close": 155.9379,
            "min_close": 78.786,
            "p": 0.3888889,
            "profit": 24.46595,
            "q": 0.605555534
        },
        "PSX": {
            "close": 58.05,
            "loss": 6.570183,
            "max_close": 108.1302,
            "min_close": 40.9713,
            "p": 0.8277778,
            "profit": 16.6777763,
            "q": 0.166666672
        },
        "SLM": {
            "close": 7.82,
            "loss": 0.6827831,
            "max_close": 12.1515,
            "min_close": 6.0536,
            "p": 0.377777785,
            "profit": 1.84436083,
            "q": 0.6166667
        },
        "SNV": {
            "close": 22.29,
            "loss": 3.11962128,
            "max_close": 38.4164,
            "min_close": 12.5526,
            "p": 0.327777773,
            "profit": 9.805401,
            "q": 0.6611111
        },
        "STL": {
            "close": 11.22,
            "loss": 0.950739861,
            "max_close": 20.8498,
            "min_close": 7.3857,
            "p": 0.6611111,
            "profit": 3.81870556,
            "q": 0.327777773
        },
        "WFC": {
            "close": 24.88,
            "loss": 0.660991669,
            "max_close": 51.965,
            "min_close": 22.4374,
            "p": 0.75555557,
            "profit": 9.026701,
            "q": 0.23888889
        }
    },
    "hold_stock_list": [
        "DHI",
        "BAC",
        "PNC",
        "PFC",
        "SNV",
        "FHN",
        "STL",
        "EWBC",
        "PBCT",
        "FBP",
        "WFC",
        "SLM",
        "PSX"
    ]
}