{"hold_stock_list":["SEE","EL","TGT","NKE","PVH","VFC","MPW","NVO","ILPT","AAP","PYPL","EPAM","EW","ZIM","VALE","GGB","SID","HAL","ALB"],"watch_stock_list":["ABNB","ACLS","ACMR","ADBE","ADSK","AEO","ALB","AMAT","APD","APTV","ARTNA","ASML","AZN","BAC","BBY","BIO","BLD","BUD","CAMT","CE","CNMD","CRM","CSCO","CVS","DE","DELL","DEO","DG","DHI","DIS","EL","EPAM","EW","EXLS","EXR","F","FDX","FFIV","FSLR","FTNT","G","GIS","GLOB","GM","GOOG","HAL","HAS","HMC","HOV","HPE","HPQ","INTC","ISRG","K","KSS","LMAT","LNTH","LQDT","LRCX","M","MA","MATX","MCHP","MMM","MMS","MOH","MPW","MS","MSFT","MU","NDAQ","NFLX","NICE","NKE","NOW","NVO","NXPI","ORCL","OXM","PAGS","PAYC","PCTY","PEP","PFE","PHG","PODD","PVH","PYPL","QCOM","SAIC","SBUX","SEE","SMP","SONY","SQM","STM","STNG","TDC","TEAM","TECH","TEX","TGT","TITN","TM","TEN","TRMD","TRI","TX","UAL","UPS","VALE","VFC","VMI","WDAY","WFC","WNS","X","ZTS"],"portfolio":{"AAP":{"cost_p":91.35,"position_%":13.237198297142964,"profit_%":-34.25287356321839},"ALB":{"cost_p":173.45,"position_%":7.181146437217755,"profit_%":-54.298068607667915},"EL":{"cost_p":143.03,"position_%":5.921702939840044,"profit_%":-38.85198909319724},"EPAM":{"cost_p":248.63,"position_%":2.5734338983647316,"profit_%":-32.393516470257005},"EW":{"cost_p":87.4,"position_%":2.713889587544675,"profit_%":-7.368421052631592},"GGB":{"cost_p":2.9,"position_%":2.4013058135406737,"profit_%":6.206896551724143},"HAL":{"cost_p":26.94,"position_%":5.2979844556850395,"profit_%":-16.59242761692651},"ILPT":{"cost_p":17.2,"position_%":3.56055689593962,"profit_%":-64.18604651162791},"MPW":{"cost_p":6.18,"position_%":4.477607305765929,"profit_%":-27.993527508090608},"NKE":{"cost_p":73.71,"position_%":6.10345694883045,"profit_%":2.2249355582688928},"NVO":{"cost_p":74.48,"position_%":5.3963137885670935,"profit_%":-24.624060150375943},"PVH":{"cost_p":87.3,"position_%":5.421568901433642,"profit_%":2.3253150057273784},"PYPL":{"cost_p":68.03,"position_%":2.8165661119857246,"profit_%":0.6320740849625057},"SEE":{"cost_p":34.36,"position_%":8.179758441055705,"profit_%":-5.9662398137368955},"SID":{"cost_p":4.54,"position_%":3.2893749463070088,"profit_%":-68.50220264317181},"TGT":{"cost_p":107.3,"position_%":4.442415755050246,"profit_%":-13.597390493942221},"VALE":{"cost_p":12.22,"position_%":2.5296514690919856,"profit_%":-16.03927986906711},"VFC":{"cost_p":18.8,"position_%":1.3621200218187615,"profit_%":-20.372340425531917},"ZIM":{"cost_p":29.42,"position_%":13.093947984817952,"profit_%":-54.69068660774984}},"KellyFormula_Range_v1":{"VALE":{"profit":0.019999504,"loss":1.113637,"p":0.0055555557,"q":0.98888886,"max_close":10.880331,"min_close":7.91076,"close":10.26},"EPAM":{"profit":34.81517,"loss":11.070801,"p":0.71666664,"q":0.2777778,"max_close":267.63,"min_close":143.33,"close":168.09},"ILPT":{"profit":0.010000229,"loss":2.1838884,"p":0.0055555557,"q":0.98333335,"max_close":6.17,"min_close":2.4764423,"close":6.16},"ALB":{"profit":6.711792,"loss":13.174042,"p":0.31666666,"q":0.67777777,"max_close":109.52887,"min_close":50.43097,"close":79.27},"EW":{"profit":0.41444397,"loss":6.730942,"p":0.05,"q":0.9444444,"max_close":81.83,"min_close":64.54,"close":80.96},"ZIM":{"profit":2.3592234,"loss":0.54944897,"p":0.87777776,"q":0.11666667,"max_close":18.54858,"min_close":10.628198,"close":13.33},"NKE":{"profit":1.4540329,"loss":9.334625,"p":0.2611111,"q":0.73333335,"max_close":87.498474,"min_close":52.644737,"close":75.35},"SID":{"profit":0.13689888,"loss":0.07186043,"p":0.71666664,"q":0.23888889,"max_close":2.35638,"min_close":1.25,"close":1.43},"PYPL":{"profit":7.842613,"loss":3.6486282,"p":0.7722222,"q":0.22222222,"max_close":91.81,"min_close":57.41,"close":68.46},"VFC":{"profit":6.652379,"loss":2.5194044,"p":0.41666666,"q":0.5777778,"max_close":26.618027,"min_close":9.672672,"close":14.97},"HAL":{"profit":3.0521698,"loss":1.6248016,"p":0.45555556,"q":0.5388889,"max_close":"NaN","min_close":"NaN","close":22.47},"SEE":{"profit":1.3263206,"loss":2.3054924,"p":0.32777777,"q":0.6666667,"max_close":36.748856,"min_close":23.781643,"close":32.31},"TGT":{"profit":16.945602,"loss":1.4444885,"p":0.8888889,"q":0.10555556,"max_close":154.7214,"min_close":86.81527,"close":92.71},"AAP":{"profit":2.014,"loss":15.996819,"p":0.083333336,"q":0.9111111,"max_close":66.5,"min_close":29.948305,"close":60.06},"MPW":{"profit":0.65810394,"loss":0.32155275,"p":0.5222222,"q":0.46666667,"max_close":6.0981083,"min_close":3.6044285,"close":4.45},"EL":{"profit":3.1936874,"loss":17.740242,"p":0.18333334,"q":0.8111111,"max_close":98.934265,"min_close":49.61482,"close":87.46},"PVH":{"profit":11.524788,"loss":15.81897,"p":0.17777778,"q":0.81666666,"max_close":"NaN","min_close":"NaN","close":89.33},"GGB":{"profit":0.07756567,"loss":0.24613357,"p":0.03888889,"q":0.95,"max_close":3.4845805,"min_close":2.264944,"close":3.08},"NVO":{"profit":18.452072,"loss":4.933998,"p":0.8833333,"q":0.11111111,"max_close":134.82738,"min_close":45.38,"close":56.14}},"Factor_Intersectional_v1":[],"stock_info":{"VALE":["Vale S.A. ADR","Other Industrial Metals & Mining","Basic Materials"],"EPAM":["EPAM Systems Inc","Information Technology Services","Technology"],"ILPT":["Industrial Logistics Properties Trust","REIT - Industrial","Real Estate"],"ALB":["Albemarle Corp","Specialty Chemicals","Basic Materials"],"EW":["Edwards Lifesciences Corp","Medical Devices","Healthcare"],"ZIM":["Zim Integrated Shipping Services Ltd","Marine Shipping","Industrials"],"NKE":["Nike, Inc","Footwear & Accessories","Consumer Cyclical"],"SID":["Companhia Siderurgica Nacional ADR","Steel","Basic Materials"],"PYPL":["PayPal Holdings Inc","Credit Services","Financial"],"VFC":["VF Corp","Apparel Manufacturing","Consumer Cyclical"],"HAL":["Halliburton Co","Oil & Gas Equipment & Services","Energy"],"SEE":["Sealed Air Corp","Packaging & Containers","Consumer Cyclical"],"TGT":["Target Corp","Discount Stores","Consumer Defensive"],"AAP":["Advance Auto Parts Inc","Auto Parts","Consumer Cyclical"],"MPW":["Medical Properties Trust Inc","REIT - Healthcare Facilities","Real Estate"],"EL":["Estee Lauder Cos., Inc","Household & Personal Products","Consumer Defensive"],"PVH":["PVH Corp","Apparel Manufacturing","Consumer Cyclical"],"GGB":["Gerdau S.A. ADR","Steel","Basic Materials"],"NVO":["Novo Nordisk ADR","Drug Manufacturers - General","Healthcare"]}}