{
    "Factor_Intersectional_v1": [],
    "KellyFormula_Range_v1": {
        "AAP": {
            "close": 47.17,
            "loss": 4.451294,
            "max_close": 65.48838,
            "min_close": 30.704363,
            "p": 0.8055556,
            "profit": 7.0696373,
            "q": 0.18888889
        },
        "ADBE": {
            "close": 247.6,
            "loss": 6.7325897,
            "max_close": 420.68,
            "min_close": 225.35,
            "p": 0.82222223,
            "profit": 69.44672,
            "q": 0.17222223
        },
        "ADSK": {
            "close": 236.62,
            "loss": 6.8044434,
            "max_close": 326.79,
            "min_close": 218.45,
            "p": 0.84444445,
            "profit": 47.825623,
            "q": 0.15
        },
        "CRM": {
            "close": 173.51,
            "loss": 3.7637482,
            "max_close": 288.99332,
            "min_close": 164.96,
            "p": 0.95,
            "profit": 50.43216,
            "q": 0.044444446
        },
        "EL": {
            "close": 80.28,
            "loss": 6.2199936,
            "max_close": 119.235886,
            "min_close": 62.661594,
            "p": 0.8333333,
            "profit": 17.4572,
            "q": 0.16111112
        },
        "EPAM": {
            "close": 93.02,
            "loss": 2.9799957,
            "max_close": 221.4,
            "min_close": 89.69,
            "p": 0.98333335,
            "profit": 70.85723,
            "q": 0.011111111
        },
        "FLO": {
            "close": 7.18,
            "loss": 0.0,
            "max_close": 15.939208,
            "min_close": 7.18,
            "p": 0.99444443,
            "profit": 3.2928185,
            "q": 0.0
        },
        "GLOB": {
            "close": 38.91,
            "loss": 3.9724998,
            "max_close": 106.53,
            "min_close": 32.75,
            "p": 0.9722222,
            "profit": 18.051731,
            "q": 0.022222223
        },
        "ILPT": {
            "close": 7.86,
            "loss": 2.0590014,
            "max_close": 8.15,
            "min_close": 2.974555,
            "p": 0.016666668,
            "profit": 0.14333296,
            "q": 0.9722222
        },
        "MOH": {
            "close": 184.99,
            "loss": 28.772324,
            "max_close": 326.15,
            "min_close": 122.65,
            "p": 0.24444444,
            "profit": 8.724548,
            "q": 0.75
        },
        "MPT": {
            "close": 5.05,
            "loss": 0.23774624,
            "max_close": 5.9101014,
            "min_close": 3.7768216,
            "p": 0.4,
            "profit": 0.26222897,
            "q": 0.5888889
        },
        "NICE": {
            "close": 89.76,
            "loss": 2.7533264,
            "max_close": 178.32,
            "min_close": 86.38,
            "p": 0.9777778,
            "profit": 29.334404,
            "q": 0.016666668
        },
        "NKE": {
            "close": 41.88,
            "loss": 0.0,
            "max_close": 77.81375,
            "min_close": 41.88,
            "p": 0.99444443,
            "profit": 18.625069,
            "q": 0.0
        },
        "NOW": {
            "close": 95.07,
            "loss": 5.3585587,
            "max_close": 208.938,
            "min_close": 83.0,
            "p": 0.87777776,
            "profit": 53.289207,
            "q": 0.11666667
        },
        "NVO": {
            "close": 44.74,
            "loss": 6.3076096,
            "max_close": 77.311485,
            "min_close": 34.765,
            "p": 0.6888889,
            "profit": 6.65131,
            "q": 0.30555555
        },
        "PAYC": {
            "close": 136.24,
            "loss": 10.949455,
            "max_close": 263.95126,
            "min_close": 113.59,
            "p": 0.62222224,
            "profit": 42.46219,
            "q": 0.37222221
        },
        "PODD": {
            "close": 147.46,
            "loss": 0.0,
            "max_close": 352.82,
            "min_close": 147.46,
            "p": 0.99444443,
            "profit": 124.69954,
            "q": 0.0
        },
        "PYPL": {
            "close": 44.41,
            "loss": 2.629284,
            "max_close": 77.80403,
            "min_close": 38.962036,
            "p": 0.8888889,
            "profit": 13.8467865,
            "q": 0.10555556
        },
        "SID": {
            "close": 1.26,
            "loss": 0.06214285,
            "max_close": 2.12,
            "min_close": 1.11,
            "p": 0.9,
            "profit": 0.33179033,
            "q": 0.07777778
        },
        "TASK": {
            "close": 5.49,
            "loss": 0.0,
            "max_close": 11.867776,
            "min_close": 5.49,
            "p": 0.99444443,
            "profit": 2.5049572,
            "q": 0.0
        },
        "ZIM": {
            "close": 25.57,
            "loss": 8.588802,
            "max_close": 28.55,
            "min_close": 12.033946,
            "p": 0.34444445,
            "profit": 1.1563339,
            "q": 0.65
        }
    },
    "hold_stock_list": [
        "EL",
        "FLO",
        "NKE",
        "MPT",
        "MOH",
        "NVO",
        "ILPT",
        "AAP",
        "PYPL",
        "TASK",
        "EPAM",
        "PAYC",
        "PODD",
        "ADSK",
        "GLOB",
        "CRM",
        "NOW",
        "ADBE",
        "NICE",
        "ZIM",
        "SID"
    ],
    "portfolio": {
        "AAP": {
            "cost_p": 91.35,
            "position_%": 9.855105521062985,
            "profit_%": -48.36343732895457
        },
        "ADBE": {
            "cost_p": 281.04,
            "position_%": 4.331345461943141,
            "profit_%": -11.898662112154861
        },
        "ADSK": {
            "cost_p": 228.33,
            "position_%": 3.5189870101248126,
            "profit_%": 3.630709937371345
        },
        "CRM": {
            "cost_p": 234.16,
            "position_%": 3.608838077741979,
            "profit_%": -25.90109326955928
        },
        "EL": {
            "cost_p": 112.06,
            "position_%": 6.908206269076977,
            "profit_%": -28.35980724611815
        },
        "EPAM": {
            "cost_p": 152.61,
            "position_%": 7.05600588116079,
            "profit_%": -39.047244610444935
        },
        "FLO": {
            "cost_p": 10.95,
            "position_%": 2.5313958586826106,
            "profit_%": -34.42922374429224
        },
        "GLOB": {
            "cost_p": 49.15,
            "position_%": 2.2724768302146177,
            "profit_%": -20.834181078331643
        },
        "ILPT": {
            "cost_p": 17.2,
            "position_%": 2.6508376724104052,
            "profit_%": -54.30232558139535
        },
        "MOH": {
            "cost_p": 199,
            "position_%": 3.066957539591108,
            "profit_%": -7.0402010050251205
        },
        "MPT": {
            "cost_p": 6.18,
            "position_%": 3.333582491525411,
            "profit_%": -18.284789644012946
        },
        "NICE": {
            "cost_p": 119.55,
            "position_%": 2.7637294511918364,
            "profit_%": -24.91844416562107
        },
        "NKE": {
            "cost_p": 64.33,
            "position_%": 9.418719075165889,
            "profit_%": -34.898181252914654
        },
        "NOW": {
            "cost_p": 102.91,
            "position_%": 2.3790497517536755,
            "profit_%": -7.618307258769802
        },
        "NVO": {
            "cost_p": 51.55,
            "position_%": 9.931008867206133,
            "profit_%": -13.21047526673132
        },
        "PAYC": {
            "cost_p": 133.03,
            "position_%": 2.0502379974462572,
            "profit_%": 2.4129895512290522
        },
        "PODD": {
            "cost_p": 247.35,
            "position_%": 1.9060601693916095,
            "profit_%": -40.38407115423489
        },