{
    "Factor_Intersectional_v1": [],
    "KellyFormula_Range_v1": {
        "AAP": {
            "close": 37.64,
            "loss": 1.2848701,
            "max_close": 84.78196,
            "min_close": 33.63,
            "p": 0.85555553,
            "profit": 9.352928,
            "q": 0.1388889
        },
        "ALB": {
            "close": 77.03,
            "loss": 2.6863937,
            "max_close": 133.06651,
            "min_close": 69.5587,
            "p": 0.8888889,
            "profit": 14.668358,
            "q": 0.10555556
        },
        "CVS": {
            "close": 68.64,
            "loss": 11.88097,
            "max_close": 76.2834,
            "min_close": 43.23058,
            "p": 0.0,
            "profit": 0.0,
            "q": 0.99444443
        },
        "DAC": {
            "close": 83.67,
            "loss": 3.376915,
            "max_close": 95.34127,
            "min_close": 70.275764,
            "p": 0.28333333,
            "profit": 2.3706665,
            "q": 0.7111111
        },
        "EL": {
            "close": 68.02,
            "loss": 3.3314896,
            "max_close": 150.74786,
            "min_close": 62.143585,
            "p": 0.87222224,
            "profit": 16.438812,
            "q": 0.12222222
        },
        "EPAM": {
            "close": 172.28,
            "loss": 0.0,
            "max_close": 283.71,
            "min_close": 170.25,
            "p": 0.99444443,
            "profit": 44.011917,
            "q": 0.0
        },
        "EW": {
            "close": 70.95,
            "loss": 3.332611,
            "max_close": 95.56,
            "min_close": 59.7,
            "p": 0.4,
            "profit": 5.8391647,
            "q": 0.59444445
        },
        "GGB": {
            "close": 3.03,
            "loss": 0.12410736,
            "max_close": 3.8891463,
            "min_close": 2.72,
            "p": 0.67777777,
            "profit": 0.27039552,
            "q": 0.31111112
        },
        "GIS": {
            "close": 58.31,
            "loss": 0.43333435,
            "max_close": 73.79097,
            "min_close": 57.56,
            "p": 0.9722222,
            "profit": 7.028408,
            "q": 0.016666668
        },
        "HAL": {
            "close": 24.99,
            "loss": 0.4832554,
            "max_close": 40.295,
            "min_close": 23.98,
            "p": 0.95,
            "profit": 4.0972347,
            "q": 0.044444446
        },
        "ILPT": {
            "close": 3.52,
            "loss": 0.08870578,
            "max_close": 5.13347,
            "min_close": 3.2416239,
            "p": 0.8888889,
            "profit": 0.6831484,
            "q": 0.10555556
        },
        "KSS": {
            "close": 8.54,
            "loss": 0.34000015,
            "max_close": 27.064507,
            "min_close": 8.06,
            "p": 0.9777778,
            "profit": 7.884507,
            "q": 0.016666668
        },
        "MPW": {
            "close": 5.94,
            "loss": 1.3792067,
            "max_close": 6.163006,
            "min_close": 3.5537286,
            "p": 0.03888889,
            "profit": 0.11198521,
            "q": 0.95
        },
        "NKE": {
            "close": 71.86,
            "loss": 0.867363,
            "max_close": 98.972916,
            "min_close": 68.33414,
            "p": 0.85,
            "profit": 5.8340683,
            "q": 0.14444445
        },
        "NVO": {
            "close": 78.79,
            "loss": 1.706665,
            "max_close": 146.36218,
            "min_close": 74.79,
            "p": 0.9611111,
            "profit": 32.207664,
            "q": 0.033333335
        },
        "PAGS": {
            "close": 8.43,
            "loss": 0.9274335,
            "max_close": 14.6,
            "min_close": 6.19,
            "p": 0.36666667,
            "profit": 2.9927273,
            "q": 0.62777776
        },
        "PEP": {
            "close": 147.15,
            "loss": 2.2784271,
            "max_close": 178.78221,
            "min_close": 142.64,
            "p": 0.8888889,
            "profit": 15.958435,
            "q": 0.10555556
        },
        "PVH": {
            "close": 64.83,
            "loss": 0.63666534,
            "max_close": 140.38417,
            "min_close": 63.81,
            "p": 0.9777778,
            "profit": 31.358894,
            "q": 0.016666668
        },
        "PYPL": {
            "close": 69.67,
            "loss": 5.8329163,
            "max_close": 91.81,
            "min_close": 57.22,
            "p": 0.7277778,
            "profit": 11.721283,
            "q": 0.26666668
        },
        "SEE": {
            "close": 29.55,
            "loss": 0.19000053,
            "max_close": 39.125454,
            "min_close": 29.359999,
            "p": 0.98888886,
            "profit": 4.789135,
            "q": 0.0055555557
        },
        "SID": {
            "close": 1.79,
            "loss": 0.2858063,
            "max_close": 3.0869174,
            "min_close": 1.3,
            "p": 0.64444447,
            "profit": 0.33991408,
            "q": 0.34444445
        },
        "TGT": {
            "close": 104.2,
            "loss": 0.0,
            "max_close": 172.50465,
            "min_close": 104.2,
            "p": 0.99444443,
            "profit": 34.804092,
            "q": 0.0
        },
        "VALE": {
            "close": 10.14,
            "loss": 0.6644983,
            "max_close": 12.415653,
            "min_close": 8.5,
            "p": 0.44444445,
            "profit": 0.54588795,
            "q": 0.55
        },
        "VFC": {
            "close": 16.25,
            "loss": 1.5352983,
            "max_close": 26.803305,
            "min_close": 11.724485,
            "p": 0.8666667,
            "profit": 4.2251015,
            "q": 0.12777779
        },
        "ZIM": {
            "close": 17.97,
            "loss": 2.2779264,
            "max_close": 23.31,
            "min_close": 7.517076,
            "p": 0.54444444,
            "profit": 1.996191,
            "q": 0.44444445
        }
    },
    "hold_stock_list": [
        "SEE",
        "GIS",
        "PEP",
        "EL",
        "KSS",
        "TGT",
        "NKE",
        "PVH",
        "VFC",
        "MPW",
        "NVO",
        "CVS",
        "ILPT",
        "AAP",
        "PYPL",
        "EPAM",
        "PAGS",
        "EW",
        "DAC",
        "ZIM",
        "VALE",
        "GGB",
        "SID",
        "HAL",
        "ALB"
    ],
    "portfolio": {
        "AAP": {
            "cost_p": 91.35,
            "position_%": 11.7659938948209,
            "profit_%": -58.795840175150516
        },
        "ALB": {
            "cost_p": 173.45,
            "position_%": 6.383021787650904,
            "profit_%": -55.58950706255404
        },
        "CVS": {
            "cost_p": 65.41,
            "position_%": 4.814222601674785,
            "profit_%": 4.938082861947721
        },
        "DAC": {
            "cost_p": 73.24,
            "position_%": 4.042887135147468,
            "profit_%": 14.240851993446215
        },
        "EL": {
            "cost_p": 143.03,
            "position_%": 5.263554951211927,
            "profit_%": -52.443543312591764
        },
        "EPAM": {
            "cost_p": 248.63,
            "position_%": 2.2874181422076165,
            "profit_%": -30.70828138197321
        },
        "EW": {
            "cost_p": 87.4,
            "position_%": 2.412263350709235,
            "profit_%": -18.821510297482842
        },
        "GGB": {
            "cost_p": 2.9,
            "position_%": 2.1344206611920002,
            "profit_%": 4.482758620689651
        },
        "GIS": {
            "cost_p": 62.3,
            "position_%": 4.585324385940056,
            "profit_%": -6.404494382022465
        },
        "HAL": {
            "cost_p": 34.9,
            "position_%": 2.2475817565914036,