{
    "KellyFormula_Range_v1": {
        "BAC": {
            "close": 32.53,
            "loss": 7.297058,
            "max_close": 32.86,
            "min_close": 20.45887,
            "p": 0.00555555569,
            "profit": 0.330001831,
            "q": 0.98888886
        },
        "BGFV": {
            "close": 12.23,
            "loss": 6.53851032,
            "max_close": 12.23,
            "min_close": 0.914760649,
            "p": 0.0,
            "profit": 0.0,
            "q": 0.99444443
        },
        "BIO": {
            "close": 621.37,
            "loss": 106.024658,
            "max_close": 643.45,
            "min_close": 430.68,
            "p": 0.0222222228,
            "profit": 10.6125488,
            "q": 0.9722222
        },
        "DHI": {
            "close": 66.96,
            "loss": 11.5992928,
            "max_close": 78.602684,
            "min_close": 40.5806923,
            "p": 0.5888889,
            "profit": 5.45270538,
            "q": 0.405555546
        },
        "FHN": {
            "close": 14.81,
            "loss": 4.70255852,
            "max_close": 14.95,
            "min_close": 7.067348,
            "p": 0.00555555569,
            "profit": 0.13999939,
            "q": 0.98888886
        },
        "INTC": {
            "close": 51.65,
            "loss": 3.35977173,
            "max_close": 63.44745,
            "min_close": 43.79363,
            "p": 0.438888878,
            "profit": 6.36210632,
            "q": 0.5555556
        },
        "PBCT": {
            "close": 14.04,
            "loss": 2.670638,
            "max_close": 14.16,
            "min_close": 9.716092,
            "p": 0.00555555569,
            "profit": 0.119999886,
            "q": 0.98888886
        },
        "PFC": {
            "close": 24.61,
            "loss": 6.48862076,
            "max_close": 25.25,
            "min_close": 13.422781,
            "p": 0.0111111114,
            "profit": 0.5999985,
            "q": 0.983333349
        },
        "PSX": {
            "close": 70.71,
            "loss": 10.6562614,
            "max_close": 87.2001343,
            "min_close": 43.5934563,
            "p": 0.183333337,
            "profit": 5.0634613,
            "q": 0.8111111
        },
        "REGI": {
            "close": 84.29,
            "loss": 41.63316,
            "max_close": 88.04,
            "min_close": 22.31,
            "p": 0.0111111114,
            "profit": 2.159996,
            "q": 0.983333349
        },
        "SMP": {
            "close": 42.07,
            "loss": 2.36014175,
            "max_close": 54.17,
            "min_close": 35.6404228,
            "p": 0.627777755,
            "profit": 4.297371,
            "q": 0.366666675
        },
        "T": {
            "close": 29.02,
            "loss": 0.9452553,
            "max_close": 31.50766,
            "min_close": 26.033514,
            "p": 0.188888893,
            "profit": 0.7055702,
            "q": 0.8
        },
        "WFC": {
            "close": 33.19,
            "loss": 7.52355766,
            "max_close": 33.43,
            "min_close": 21.0457516,
            "p": 0.00555555569,
            "profit": 0.240001678,
            "q": 0.98888886
        }
    },
    "hold_stock_list": [
        "SMP",
        "INTC",
        "T",
        "DHI",
        "BAC",
        "PFC",
        "REGI",
        "FHN",
        "BGFV",
        "BIO",
        "PBCT",
        "WFC",
        "PSX"
    ],
    "portfolio": {
        "BAC": {
            "cost_p": 25.9,
            "position_%": 3.6187377597273556,
            "profit_%": 25.59845559845561
        },
        "BGFV": {
            "cost_p": 12.23,
            "position_%": 10.401213349345607,
            "profit_%": 0.0
        },
        "BIO": {
            "cost_p": 597.32,
            "position_%": 6.894299871439742,
            "profit_%": 4.026317551731058
        },
        "DHI": {
            "cost_p": 72.88,
            "position_%": 4.427289036913374,
            "profit_%": -8.12294182217344
        },
        "FHN": {
            "cost_p": 10.96,
            "position_%": 8.921643484045633,
            "profit_%": 35.12773722627737
        },
        "INTC": {
            "cost_p": 46.15,
            "position_%": 7.289111025510918,
            "profit_%": 11.91765980498375
        },
        "PBCT": {
            "cost_p": 14.03,
            "position_%": 6.136485035028009,
            "profit_%": 0.07127583749108901
        },
        "PFC": {
            "cost_p": 17.29,
            "position_%": 4.201307763349738,
            "profit_%": 42.336610757663394
        },
        "PSX": {
            "cost_p": 70.43,
            "position_%": 10.696143210407824,
            "profit_%": 0.3975578588669415
        },
        "REGI": {
            "cost_p": 77.53,
            "position_%": 4.050398440826409,
            "profit_%": 8.719205468850774
        },
        "SMP": {
            "cost_p": 41.45,
            "position_%": 16.03959799389377,
            "profit_%": 1.4957780458383532
        },
        "T": {
            "cost_p": 28.54,
            "position_%": 7.281699811700497,
            "profit_%": 1.681850035038544
        },
        "WFC": {
            "cost_p": 31.79,
            "position_%": 10.04207321781114,
            "profit_%": 4.403900597672219
        }
    }
}