{"hold_stock_list":["CEIX","BIO","KGC","GSL","ARLP","GOGL","CPLP","LDI","EDRY","TX"],"portfolio":{"ARLP":{"cost_p":7.06,"position_%":8.532702143336419,"profit":0,"profit_%":2.8328611898017027},"BIO":{"cost_p":580.11,"position_%":14.159422820819003,"profit":0,"profit_%":13.376773370567655},"CEIX":{"cost_p":18.18,"position_%":8.266456263002272,"profit":0,"profit_%":0.16501650165017126},"CPLP":{"cost_p":12.99,"position_%":5.6252955553669395,"profit":0,"profit_%":-4.849884526558897},"EDRY":{"cost_p":22.24,"position_%":3.9399508655687825,"profit":0,"profit_%":14.253597122302168},"GOGL":{"cost_p":10.75,"position_%":5.924886143766004,"profit":0,"profit_%":-0.9302325581395315},"GSL":{"cost_p":15.76,"position_%":12.40879808980096,"profit":0,"profit_%":15.609137055837557},"KGC":{"cost_p":7.61,"position_%":13.72124894867718,"profit":0,"profit_%":-16.4257555847569},"LDI":{"cost_p":13.57,"position_%":13.248754041717184,"profit":0,"profit_%":-6.484893146647021},"TX":{"cost_p":40.0,"position_%":14.172485127945261,"profit":0,"profit_%":-2.9499999999999993}},"KellyFormula_Range_v1":{"GSL":{"profit":1.97062683,"loss":5.69918442,"p":0.08888889,"q":0.905555546,"max_close":21.39,"min_close":6.65200329,"close":18.22},"CPLP":{"profit":0.394234657,"loss":3.155161,"p":0.205555558,"q":0.7777778,"max_close":13.45,"min_close":6.99167,"close":12.36},"BIO":{"profit":4.63995361,"loss":65.8021851,"p":0.00555555569,"q":0.98888886,"max_close":662.35,"min_close":516.56,"close":657.71},"GOGL":{"profit":0.311000824,"loss":4.499373,"p":0.055555556,"q":0.9388889,"max_close":11.29,"min_close":3.11279774,"close":10.655},"EDRY":{"profit":3.587,"loss":17.2219582,"p":0.111111112,"q":0.8833333,"max_close":32.89,"min_close":3.7,"close":25.41},"ARLP":{"profit":0.0,"loss":1.937016,"p":0.0,"q":0.99444443,"max_close":7.26,"min_close":2.58579826,"close":7.26},"TX":{"profit":0.8931198,"loss":8.491068,"p":0.06666667,"q":0.927777767,"max_close":40.88,"min_close":17.8606052,"close":38.82},"CEIX":{"profit":0.3125,"loss":8.692854,"p":0.0222222228,"q":0.9722222,"max_close":18.67,"min_close":3.76,"close":18.21},"LDI":{"profit":5.020089,"loss":0.481009483,"p":0.5277778,"q":0.0111111114,"max_close":30.3490582,"min_close":12.025135,"close":12.69},"KGC":{"profit":1.02610826,"loss":0.08936024,"p":0.95,"q":0.0333333351,"max_close":9.232914,"min_close":6.13875675,"close":6.36}}}