{"hold_stock_list":["BIO","ILPT","INTC","HIMX","STC","DHI","CCS","BAC","C","THO","WGO","DAC","EDRY","NMM","ZIM","X","GGB","SID","TX"],"portfolio":{"BAC":{"cost_p":35.99,"position_%":5.348246869616792,"profit_%":-16.282300639066417},"BIO":{"cost_p":550.38,"position_%":7.088336659682498,"profit_%":-11.343072059304482},"C":{"cost_p":49.1,"position_%":11.552698677098975,"profit_%":-10.10183299389002},"CCS":{"cost_p":45,"position_%":2.786319222153789,"profit_%":9.799999999999992},"DAC":{"cost_p":73.49,"position_%":5.460442656962185,"profit_%":-21.36345080963396},"DHI":{"cost_p":65,"position_%":3.2197466567110444,"profit_%":11.753846153846155},"EDRY":{"cost_p":22.24,"position_%":0.8262365266760033,"profit_%":-30.08093525179855},"GGB":{"cost_p":4.57,"position_%":2.4901025297363724,"profit_%":-10.940919037199125},"HIMX":{"cost_p":7.32,"position_%":4.71370910542497,"profit_%":-10.245901639344263},"ILPT":{"cost_p":17.42,"position_%":4.3144605199928,"profit_%":-39.26521239954076},"INTC":{"cost_p":43.58,"position_%":5.936469816515926,"profit_%":-13.469481413492424},"NMM":{"cost_p":30.04,"position_%":1.9902244776409954,"profit_%":-31.6577896138482},"SID":{"cost_p":4.82,"position_%":4.178240469131947,"profit_%":-49.1701244813278},"STC":{"cost_p":52.86,"position_%":7.855191151095961,"profit_%":-7.037457434733256},"THO":{"cost_p":80.73,"position_%":7.607955473875812,"profit_%":-1.0405053883314794},"TX":{"cost_p":39.96,"position_%":2.9691017631270773,"profit_%":-23.023023023023022},"WGO":{"cost_p":53.71,"position_%":7.648941610451645,"profit_%":-4.449823124185441},"X":{"cost_p":19.57,"position_%":4.846957082448857,"profit_%":-11.394992335206952},"ZIM":{"cost_p":56.94,"position_%":9.166618731656344,"profit_%":-21.61924833157709}},"KellyFormula_Range_v1":{"DHI":{"profit":16.55867,"loss":4.34921265,"p":0.7111111,"q":0.283333331,"max_close":109.65,"min_close":60.56,"close":73.31},"ILPT":{"profit":10.0909805,"loss":0.0,"p":0.99444443,"q":0.0,"max_close":28.34,"min_close":10.58,"close":10.58},"DAC":{"profit":23.0797958,"loss":0.409999847,"p":0.98888886,"q":0.00555555569,"max_close":106.64,"min_close":57.38,"close":57.79},"HIMX":{"profit":3.86142588,"loss":0.130000114,"p":0.9777778,"q":0.0166666675,"max_close":15.99,"min_close":6.35,"close":6.57},"WGO":{"profit":12.907547,"loss":3.116558,"p":0.816666663,"q":0.177777782,"max_close":77.45,"min_close":44.28,"close":51.32},"X":{"profit":8.729595,"loss":0.3050003,"p":0.983333349,"q":0.0111111114,"max_close":38.45,"min_close":17.02,"close":17.34},"GGB":{"profit":1.18713427,"loss":0.0100002289,"p":0.98888886,"q":0.00555555569,"max_close":6.51,"min_close":4.06,"close":4.07},"BIO":{"profit":129.975769,"loss":12.1370239,"p":0.9388889,"q":0.055555556,"max_close":794.68,"min_close":463.67,"close":487.95},"TX":{"profit":11.1563053,"loss":0.0,"p":0.99444443,"q":0.0,"max_close":49.66,"min_close":30.76,"close":30.76},"CCS":{"profit":14.7018089,"loss":3.6075058,"p":0.85,"q":0.13333334,"max_close":84.95,"min_close":40.36,"close":49.41},"NMM":{"profit":8.134298,"loss":0.09000015,"p":0.983333349,"q":0.0111111114,"max_close":36.49,"min_close":20.36,"close":20.53},"INTC":{"profit":10.016758,"loss":0.590000153,"p":0.927777767,"q":0.06666667,"max_close":55.91,"min_close":36.34,"close":37.71},"THO":{"profit":15.0426788,"loss":4.355118,"p":0.74444443,"q":0.25,"max_close":114.76,"min_close":69.02,"close":79.89},"C":{"profit":13.63855,"loss":0.0,"p":0.99444443,"q":0.0,"max_close":70.88,"min_close":44.14,"close":44.14},"EDRY":{"profit":9.741181,"loss":0.0,"p":0.99444443,"q":0.0,"max_close":42.75,"min_close":15.55,"close":15.55},"SID":{"profit":1.93608785,"loss":0.0,"p":0.99444443,"q":0.0,"max_close":5.71,"min_close":2.45,"close":2.45},"STC":{"profit":16.3721085,"loss":1.43624878,"p":0.95,"q":0.0444444455,"max_close":80.18,"min_close":45.91,"close":49.14},"ZIM":{"profit":16.1981277,"loss":1.115715,"p":0.955555558,"q":0.03888889,"max_close":88.62,"min_close":42.05,"close":44.63},"BAC":{"profit":11.3746929,"loss":0.0,"p":0.99444443,"q":0.0,"max_close":49.38,"min_close":30.13,"close":30.13}}}