{
    "Factor_Intersectional_v1": [],
    "KellyFormula_Range_v1": {
        "AAP": {
            "close": 50.81,
            "loss": 11.022251,
            "max_close": 64.56685,
            "min_close": 30.074455,
            "p": 0.044444446,
            "profit": 1.4462471,
            "q": 0.95
        },
        "ALB": {
            "close": 62.48,
            "loss": 4.775112,
            "max_close": 110.24348,
            "min_close": 50.76,
            "p": 0.74444443,
            "profit": 26.896366,
            "q": 0.25
        },
        "EL": {
            "close": 69.99,
            "loss": 6.6553764,
            "max_close": 112.62757,
            "min_close": 49.80485,
            "p": 0.4888889,
            "profit": 10.375717,
            "q": 0.50555557
        },
        "EPAM": {
            "close": 175.84,
            "loss": 15.663696,
            "max_close": 267.63,
            "min_close": 143.33,
            "p": 0.78333336,
            "profit": 41.79959,
            "q": 0.21111111
        },
        "EW": {
            "close": 75.89,
            "loss": 4.997093,
            "max_close": 93.78,
            "min_close": 59.7,
            "p": 0.11666667,
            "profit": 1.1661911,
            "q": 0.87777776
        },
        "GGB": {
            "close": 3.01,
            "loss": 0.22389913,
            "max_close": 3.5385132,
            "min_close": 2.3,
            "p": 0.41666666,
            "profit": 0.24805689,
            "q": 0.57222223
        },
        "HAL": {
            "close": 21.98,
            "loss": 1.6204739,
            "max_close": 35.486828,
            "min_close": 19.099735,
            "p": 0.74444443,
            "profit": 5.2664013,
            "q": 0.25
        },
        "ILPT": {
            "close": 3.58,
            "loss": 0.33623672,
            "max_close": 5.113726,
            "min_close": 2.5003462,
            "p": 0.49444443,
            "profit": 0.3807068,
            "q": 0.5
        },
        "KSS": {
            "close": 8.72,
            "loss": 1.2231688,
            "max_close": "NaN",
            "min_close": "NaN",
            "p": 0.6722222,
            "profit": 5.770876,
            "q": 0.32222223
        },
        "MPW": {
            "close": 4.49,
            "loss": 0.39148664,
            "max_close": 6.21,
            "min_close": 3.670565,
            "p": 0.65555555,
            "profit": 0.6863251,
            "q": 0.33888888
        },
        "NKE": {
            "close": 62.8,
            "loss": 4.2771645,
            "max_close": 95.14015,
            "min_close": 52.918324,
            "p": 0.73888886,
            "profit": 12.509663,
            "q": 0.25
        },
        "NVO": {
            "close": 81.05,
            "loss": 11.073509,
            "max_close": 144.04109,
            "min_close": 58.08,
            "p": 0.5777778,
            "profit": 18.871864,
            "q": 0.41666666
        },
        "PFE": {
            "close": 24.84,
            "loss": 1.5466232,
            "max_close": 29.837969,
            "min_close": 21.185833,
            "p": 0.6166667,
            "profit": 1.2528763,
            "q": 0.37777779
        },
        "PVH": {
            "close": 64.19,
            "loss": 1.4555664,
            "max_close": 114.23,
            "min_close": 60.472145,
            "p": 0.9777778,
            "profit": 23.412552,
            "q": 0.016666668
        },
        "PYPL": {
            "close": 74.81,
            "loss": 6.648735,
            "max_close": 91.81,
            "min_close": 57.22,
            "p": 0.5777778,
            "profit": 8.967384,
            "q": 0.41666666
        },
        "SBUX": {
            "close": 94.32,
            "loss": 7.018608,
            "max_close": 115.00041,
            "min_close": 70.746605,
            "p": 0.54444444,
            "profit": 6.563957,
            "q": 0.45
        },
        "SEE": {
            "close": 32.26,
            "loss": 3.1271477,
            "max_close": 37.35866,
            "min_close": 23.93,
            "p": 0.65555555,
            "profit": 2.3589401,
            "q": 0.33888888
        },
        "SID": {
            "close": 1.51,
            "loss": 0.07782602,
            "max_close": 2.35638,
            "min_close": 1.3,
            "p": 0.71666664,
            "profit": 0.28391242,
            "q": 0.25555557
        },
        "TGT": {
            "close": 99.29,
            "loss": 4.7451324,
            "max_close": 156.39934,
            "min_close": 87.75676,
            "p": 0.73888886,
            "profit": 32.307182,
            "q": 0.25555557
        },
        "VALE": {
            "close": 9.54,
            "loss": 0.50607014,
            "max_close": 11.250293,
            "min_close": 8.179748,
            "p": 0.41666666,
            "profit": 0.58671284,
            "q": 0.57222223
        },
        "VFC": {
            "close": 12.63,
            "loss": 1.0678978,
            "max_close": 26.618027,
            "min_close": 9.672672,
            "p": 0.82222223,
            "profit": 7.3546934,
            "q": 0.17222223
        },
        "ZIM": {
            "close": 16.57,
            "loss": 1.714962,
            "max_close": 19.37,
            "min_close": 11.051109,
            "p": 0.35555556,
            "profit": 0.8766613,
            "q": 0.6388889
        }
    },
    "hold_stock_list": [
        "SEE",
        "EL",
        "KSS",
        "TGT",
        "NKE",
        "PVH",
        "VFC",
        "SBUX",
        "MPW",
        "NVO",
        "PFE",
        "ILPT",
        "AAP",
        "PYPL",
        "EPAM",
        "EW",
        "ZIM",
        "VALE",
        "GGB",
        "SID",
        "HAL",
        "ALB"
    ],
    "portfolio": {
        "AAP": {
            "cost_p": 91.35,
            "position_%": 12.256656632481434,
            "profit_%": -44.37876299945265
        },
        "ALB": {
            "cost_p": 173.45,
            "position_%": 6.649205075936836,
            "profit_%": -63.9780916690689
        },
        "EL": {
            "cost_p": 143.03,
            "position_%": 5.4830544941553505,
            "profit_%": -51.066209886037896
        },
        "EPAM": {
            "cost_p": 248.63,
            "position_%": 2.3828075209428876,
            "profit_%": -29.27643486304951
        },
        "EW": {
            "cost_p": 87.4,
            "position_%": 2.5128589952589193,
            "profit_%": -13.169336384439365
        },
        "GGB": {
            "cost_p": 2.9,
            "position_%": 2.2234297745998064,
            "profit_%": 3.7931034482758577
        },
        "HAL": {
            "cost_p": 34.9,
            "position_%": 2.34130988764971,
            "profit_%": -37.02005730659025
        },
        "ILPT": {
            "cost_p": 17.2,
            "position_%": 3.29680966578592,
            "profit_%": -79.18604651162791
        },
        "KSS": {
            "cost_p": 11.63,
            "position_%": 10.700064115281002,
            "profit_%": -25.021496130696473
        },
        "MPW": {
            "cost_p": 6.18,
            "position_%": 4.145929829706364,
            "profit_%": -27.346278317152095
        },
        "NKE": {
            "cost_p": 73.71,
            "position_%": 5.651345127094888,
            "profit_%": -14.801248134581465
        },
        "NVO": {
            "cost_p": 89.89,
            "position_%": 2.5844496005014217,
            "profit_%": -9.834241851151411
        },
        "PFE": {
            "cost_p": 24,
            "position_%": 2.3000997668273864,
            "profit_%": 3.4999999999999996
        },
        "PVH": {
            "cost_p": 87.3,
            "position_%": 5.01996774110077,
            "profit_%": -26.471935853379154
        },
        "PYPL": {
            "cost_p": 68.03,
            "position_%": 2.607929785621118,
            "profit_%": 9.96619138615317
        },