{
    "KellyFormula_Range_v1": {
        "BGFV": {
            "close": 16.94,
            "loss": 7.03468037,
            "max_close": 17.1,
            "min_close": 4.24940538,
            "p": 0.0166666675,
            "profit": 0.0966663361,
            "q": 0.9777778
        },
        "BIO": {
            "close": 603.99,
            "loss": 50.7392578,
            "max_close": 662.35,
            "min_close": 478.82,
            "p": 0.122222222,
            "profit": 24.4214478,
            "q": 0.872222245
        },
        "DHI": {
            "close": 93.75,
            "loss": 19.1914215,
            "max_close": 93.93,
            "min_close": 63.25328,
            "p": 0.00555555569,
            "profit": 0.1800003,
            "q": 0.98888886
        },
        "ELP": {
            "close": 1.09,
            "loss": 0.0310387611,
            "max_close": 1.42010415,
            "min_close": 1.02269232,
            "p": 0.766666651,
            "profit": 0.120008707,
            "q": 0.227777779
        },
        "HTH": {
            "close": 33.17,
            "loss": 8.765814,
            "max_close": 39.37,
            "min_close": 17.91427,
            "p": 0.155555561,
            "profit": 2.30893326,
            "q": 0.8388889
        },
        "LAKE": {
            "close": 27.92,
            "loss": 5.178709,
            "max_close": 44.43,
            "min_close": 18.3,
            "p": 0.283333331,
            "profit": 4.001173,
            "q": 0.7111111
        },
        "MDC": {
            "close": 61.67,
            "loss": 15.1413116,
            "max_close": 61.67,
            "min_close": 36.4300079,
            "p": 0.0,
            "profit": 0.0,
            "q": 0.99444443
        },
        "PBFX": {
            "close": 14.4,
            "loss": 4.810424,
            "max_close": 14.86,
            "min_close": 6.8425045,
            "p": 0.055555556,
            "profit": 0.197999954,
            "q": 0.9388889
        },
        "PHM": {
            "close": 54.1,
            "loss": 8.732368,
            "max_close": 54.56,
            "min_close": 40.3891258,
            "p": 0.00555555569,
            "profit": 0.4600029,
            "q": 0.98888886
        },
        "SMP": {
            "close": 42.62,
            "loss": 1.20571518,
            "max_close": 53.85105,
            "min_close": 38.40702,
            "p": 0.677777767,
            "profit": 3.44667053,
            "q": 0.316666663
        },
        "SNX": {
            "close": 119.96,
            "loss": 40.94757,
            "max_close": 120.66,
            "min_close": 60.5623932,
            "p": 0.027777778,
            "profit": 0.330001831,
            "q": 0.966666639
        },
        "STC": {
            "close": 57.23,
            "loss": 10.8773766,
            "max_close": 58.3,
            "min_close": 36.91632,
            "p": 0.00555555569,
            "profit": 1.06999969,
            "q": 0.98888886
        },
        "TDS": {
            "close": 23.69,
            "loss": 3.96741486,
            "max_close": 23.88,
            "min_close": 16.3788166,
            "p": 0.0166666675,
            "profit": 0.08854675,
            "q": 0.9777778
        },
        "WFC": {
            "close": 40.77,
            "loss": 11.7281017,
            "max_close": 40.81,
            "min_close": 20.9815083,
            "p": 0.00555555569,
            "profit": 0.0400009155,
            "q": 0.98888886
        }
    },
    "hold_stock_list": [
        "SMP",
        "DHI",
        "TDS",
        "BGFV",
        "BIO",
        "WFC",
        "STC",
        "SNX",
        "LAKE",
        "HTH",
        "MDC",
        "PBFX",
        "PHM",
        "ELP"
    ],
    "portfolio": {
        "BGFV": {
            "cost_p": 12.23,
            "position": 700,
            "position_%": 4.121244401105828,
            "profit": 0,
            "profit_%": 38.511856091578096
        },
        "BIO": {
            "cost_p": 580.11,
            "position": 62,
            "position_%": 17.314338926595152,
            "profit": 0,
            "profit_%": 4.116460671252002
        },
        "DHI": {
            "cost_p": 72.88,
            "position": 100,
            "position_%": 3.5084253235906173,
            "profit": 0,
            "profit_%": 28.636114160263453
        },
        "ELP": {
            "cost_p": 1.05,
            "position": 18050,
            "position_%": 9.12368701226004,
            "profit": 0,
            "profit_%": 3.809523809523813
        },
        "HTH": {
            "cost_p": 29.44,
            "position": 200,
            "position_%": 2.8344687575880285,
            "profit": 0,
            "profit_%": 12.66983695652174
        },
        "LAKE": {
            "cost_p": 28.88,
            "position": 790,
            "position_%": 10.983181317615895,
            "profit": 0,
            "profit_%": -3.32409972299168
        },
        "MDC": {
            "cost_p": 59.95,
            "position": 170,
            "position_%": 4.906163101725271,
            "profit": 0,
            "profit_%": 2.8690575479566287
        },
        "PBFX": {
            "cost_p": 11.39,
            "position": 1000,
            "position_%": 5.4831180619782005,
            "profit": 0,
            "profit_%": 26.42669007901668
        },
        "PHM": {
            "cost_p": 49.31,
            "position": 185,
            "position_%": 4.391476914195509,
            "profit": 0,
            "profit_%": 9.714053944433175
        },
        "SMP": {
            "cost_p": 41.45,
            "position": 637,
            "position_%": 12.710652345667317,
            "profit": 0,
            "profit_%": 2.8226779252110847
        },
        "SNX": {
            "cost_p": 86.45,
            "position": 70,
            "position_%": 2.913177256546188,
            "profit": 0,
            "profit_%": 38.7622903412377
        },
        "STC": {
            "cost_p": 53.5,
            "position": 530,
            "position_%": 13.650027449288139,
            "profit": 0,
            "profit_%": 6.971962616822425
        },
        "TDS": {
            "cost_p": 20.77,
            "position": 500,
            "position_%": 4.9993135270977715,
            "profit": 0,
            "profit_%": 14.058738565238333
        },
        "WFC": {
            "cost_p": 31.79,
            "position": 200,
            "position_%": 3.0607256047460405,
            "profit": 0,
            "profit_%": 28.24787669078328
        }
    }
}