{"hold_stock_list":["SEE","GIS","EL","KSS","TGT","NKE","VFC","MPW","CVS","ILPT","AAP","DIS","PYPL","EPAM","EW","DAC","ZIM","VALE","SID","HAL","ALB"],"watch_stock_list":["ABM","ABNB","ACLS","ADBE","ADSK","AEP","ALB","ALGM","ALGN","ANSS","APD","APTV","ASML","AZO","BAC","BBY","BF-B","BIO","BK","C","CE","CNMD","CRM","CSCO","CVS","DE","DEO","DG","DELL","DHI","DIS","DOX","EL","EPAM","EQNR","EW","EXLS","EXR","F","FDX","FFIV","FSLR","FTNT","G","GIS","GLOB","GM","GOOG","GPC","HAL","HAS","HI","HPE","HPQ","INTC","IPG","ISRG","JBT","JKHY","JPM","K","KMB","KSS","LMAT","LNTH","LQDT","LTHM","LVS","M","MA","MCHP","MKC","MMM","MPW","MS","MSFT","MU","MWA","NDAQ","NFLX","NICE","NKE","NOW","NSSC","ORCL","ORLY","OSIS","PAGS","PAYC","PCTY","PDCO","PEP","PFE","PHG","PODD","PVH","PYPL","QCOM","RTX","SBUX","SEE","SIG","SIMO","SMP","SONY","SQM","TEAM","TECH","TEX","TGT","TITN","TM","TNP","TRI","TX","UAL","UPS","VALE","VEEV","VFC","VMI","WDAY","WFC","WNS","X","ZTS"],"portfolio":{"AAP":{"cost_p":91.35,"position_%":13.86860126551393,"profit_%":-51.78981937602627},"ALB":{"cost_p":173.45,"position_%":7.523680943008497,"profit_%":-40.443931968867105},"CVS":{"cost_p":65.41,"position_%":5.674534107606639,"profit_%":-24.201192478214338},"DAC":{"cost_p":73.24,"position_%":4.76535940270345,"profit_%":7.7962861824139935},"DIS":{"cost_p":86.66,"position_%":3.75902098887931,"profit_%":32.587122086314345},"EL":{"cost_p":143.25,"position_%":6.213705938806383,"profit_%":-43.441535776614316},"EPAM":{"cost_p":250,"position_%":2.711040985517619,"profit_%":0.02799999999999727},"EW":{"cost_p":87.5,"position_%":2.8465930347935,"profit_%":-15.462857142857144},"GIS":{"cost_p":65,"position_%":2.819482624938324,"profit_%":1.6615384615384587},"HAL":{"cost_p":35,"position_%":2.6568201658072663,"profit_%":-17.457142857142856},"ILPT":{"cost_p":17.24,"position_%":3.7390677272259003,"profit_%":-78.88631090487237},"KSS":{"cost_p":22.03,"position_%":6.211320222739127,"profit_%":-35.76940535633227},"MPW":{"cost_p":6.18,"position_%":4.691185321339688,"profit_%":-34.62783171521035},"NKE":{"cost_p":75.5,"position_%":3.274937510505284,"profit_%":3.2582781456953556},"PYPL":{"cost_p":68.34,"position_%":4.446540982806578,"profit_%":30.816505706760317},"SEE":{"cost_p":37.16,"position_%":5.641567849222744,"profit_%":-2.179763186221731},"SID":{"cost_p":4.54,"position_%":3.4462753007899973,"profit_%":-59.03083700440528},"TGT":{"cost_p":135.71,"position_%":1.4716614885783843,"profit_%":-0.3094834573723498},"VALE":{"cost_p":12.22,"position_%":2.6503136674420245,"profit_%":-22.50409165302782},"VFC":{"cost_p":18.8,"position_%":1.4270919747764745,"profit_%":11.808510638297866},"ZIM":{"cost_p":40.74,"position_%":10.161198496998876,"profit_%":-51.399116347569965}},"KellyFormula_Range_v1":{"NKE":{"profit":9.049835,"loss":3.5935516,"p":0.68333334,"q":0.31111112,"max_close":120.57174,"min_close":70.41491,"close":77.96},"AAP":{"profit":20.870102,"loss":4.520935,"p":0.62777776,"q":0.36666667,"max_close":85.25006,"min_close":35.69,"close":44.04},"GIS":{"profit":3.5539246,"loss":1.8223343,"p":0.67777777,"q":0.31666666,"max_close":74.52436,"min_close":60.713245,"close":66.08},"ALB":{"profit":14.970627,"loss":11.155663,"p":0.40555555,"q":0.5888889,"max_close":150.6514,"min_close":72.51662,"close":103.3},"VFC":{"profit":0.43912697,"loss":5.0133266,"p":0.044444446,"q":0.95,"max_close":22.16612,"min_close":11.779906,"close":21.02},"EPAM":{"profit":14.069305,"loss":44.848328,"p":0.083333336,"q":0.9111111,"max_close":314.63,"min_close":170.25,"close":250.07},"SID":{"profit":0.434965,"loss":0.01999998,"p":0.9777778,"q":0.016666668,"max_close":3.799283,"min_close":1.83,"close":1.86},"KSS":{"profit":5.736395,"loss":0.0,"p":0.99444443,"q":0.0,"max_close":27.064508,"min_close":14.15,"close":14.15},"EW":{"profit":14.753777,"loss":6.3248444,"p":0.45555556,"q":0.5388889,"max_close":95.56,"min_close":59.7,"close":73.97},"DIS":{"profit":2.480278,"loss":16.546295,"p":0.12222222,"q":0.87222224,"max_close":122.255974,"min_close":85.6,"close":114.9},"ZIM":{"profit":2.72431,"loss":3.745329,"p":0.38333333,"q":0.60555553,"max_close":27.01,"min_close":7.098037,"close":19.8},"DAC":{"profit":5.9172974,"loss":4.956093,"p":0.8,"q":0.19444445,"max_close":95.34127,"min_close":65.78255,"close":78.95},"CVS":{"profit":9.6166,"loss":0.0,"p":0.99444443,"q":0.0,"max_close":78.15086,"min_close":49.58,"close":49.58},"PYPL":{"profit":0.80999756,"loss":19.387283,"p":0.016666668,"q":0.9777778,"max_close":90.75,"min_close":56.13,"close":89.4},"MPW":{"profit":0.71953917,"loss":0.1506164,"p":0.92777777,"q":0.06666667,"max_close":6.37,"min_close":2.8475688,"close":4.04},"ILPT":{"profit":0.66092706,"loss":0.09656596,"p":0.8277778,"q":0.15555556,"max_close":5.146735,"min_close":3.4139497,"close":3.64},"HAL":{"profit":4.485798,"loss":0.84212875,"p":0.85555553,"q":0.1388889,"max_close":40.58066,"min_close":27.372509,"close":28.89},"EL":{"profit":27.160149,"loss":12.261604,"p":0.85,"q":0.14444445,"max_close":155.19865,"min_close":62.443096,"close":81.02},"SEE":{"profit":0.8882141,"loss":2.0448914,"p":0.27222222,"q":0.7222222,"max_close":39.391975,"min_close":30.610888,"close":36.35},"VALE":{"profit":1.4511976,"loss":0.11000061,"p":0.98888886,"q":0.0055555557,"max_close":14.774527,"min_close":9.36,"close":9.47},"TGT":{"profit":16.637375,"loss":4.875519,"p":0.87222224,"q":0.11666667,"max_close":173.9758,"min_close":121.59,"close":135.29}},"Factor_Intersectional_v1":[],"stock_info":{"NKE":["Nike, Inc.","Footwear & Accessories","Consumer Cyclical"],"AAP":["Advance Auto Parts Inc","Specialty Retail","Consumer Cyclical"],"GIS":["General Mills, Inc.","Packaged Foods","Consumer Defensive"],"ALB":["Albemarle Corp.","Specialty Chemicals","Basic Materials"],"VFC":["VF Corp.","Apparel Manufacturing","Consumer Cyclical"],"EPAM":["EPAM Systems Inc","Information Technology Services","Technology"],"SID":["Companhia Siderurgica Nacional ADR","Steel","Basic Materials"],"KSS":["Kohl's Corp.","Department Stores","Consumer Cyclical"],"EW":["Edwards Lifesciences Corp","Medical Devices","Healthcare"],"DIS":["Walt Disney Co","Entertainment","Communication Services"],"ZIM":["Zim Integrated Shipping Services Ltd","Marine Shipping","Industrials"],"DAC":["Danaos Corporation","Marine Shipping","Industrials"],"CVS":["CVS Health Corp","Healthcare Plans","Healthcare"],"PYPL":["PayPal Holdings Inc","Credit Services","Financial"],"MPW":["Medical Properties Trust Inc","REIT - Healthcare Facilities","Real Estate"],"ILPT":["Industrial Logistics Properties Trust","REIT - Industrial","Real Estate"],"HAL":["Halliburton Co.","Oil & Gas Equipment & Services","Energy"],"EL":["Estee Lauder Cos., Inc.","Household & Personal Products","Consumer Defensive"],"SEE":["Sealed Air Corp.","Packaging & Containers","Consumer Cyclical"],"VALE":["Vale S.A. ADR","Other Industrial Metals & Mining","Basic Materials"],"TGT":["Target Corp","Discount Stores","Consumer Defensive"]}}