{"hold_stock_list":["SEE","GIS","PEP","EL","KSS","TGT","NKE","PVH","VFC","MPW","NVO","CVS","ILPT","AAP","PYPL","EPAM","PAGS","EW","DAC","ZIM","VALE","GGB","SID","HAL","ALB"],"watch_stock_list":["ABNB","ACLS","ACMR","ADBE","ADSK","AEO","ALB","ALGM","ALGN","AMAT","ANSS","APD","APTV","ARTNA","ASML","AZN","BAC","BBY","BF-B","BIO","BLD","BUD","CAMT","CE","CNMD","CRM","CSCO","CVS","DE","DELL","DEO","DG","DHI","DIS","EL","EPAM","EW","EXLS","EXR","F","FDX","FFIV","FSLR","FTNT","G","GIS","GLOB","GM","GOOG","GSK","HAL","HAS","HMC","HOV","HPE","HPQ","INTC","ISRG","K","KSS","LMAT","LNTH","LQDT","LRCX","M","MA","MCHP","MKC","MMM","MMS","MOH","MPW","MS","MSFT","MU","NDAQ","NFLX","NICE","NKE","NOW","NVO","NXPI","ORCL","OXM","PAGS","PAYC","PCTY","PEP","PFE","PHG","PODD","PVH","PYPL","QCOM","SAIC","SBUX","SEE","SMP","SONY","SQM","STM","TDC","TEAM","TECH","TEX","TGT","TITN","TM","TEN","TRI","TX","UAL","UPS","VALE","VEEV","VFC","VMI","WDAY","WFC","WNS","X","ZTS"],"portfolio":{"AAP":{"cost_p":91.35,"position_%":12.647062022916803,"profit_%":-46.97318007662835},"ALB":{"cost_p":173.45,"position_%":6.860999008131738,"profit_%":-48.826751225136924},"CVS":{"cost_p":65.41,"position_%":5.174724071742831,"profit_%":-16.602965907353614},"DAC":{"cost_p":73.24,"position_%":4.345629005669373,"profit_%":5.761878754778809},"EL":{"cost_p":143.25,"position_%":5.666405926289256,"profit_%":-42.42233856893542},"EPAM":{"cost_p":250,"position_%":2.47225389454156,"profit_%":0.9720000000000028},"EW":{"cost_p":87.5,"position_%":2.5958665892686383,"profit_%":-21.15428571428572},"GGB":{"cost_p":2.9,"position_%":2.2942516141345677,"profit_%":1.0344827586206984},"GIS":{"cost_p":65,"position_%":2.5711440503232224,"profit_%":0},"HAL":{"cost_p":35,"position_%":2.422808816650729,"profit_%":-20.57142857142857},"ILPT":{"cost_p":17.24,"position_%":3.4097325713517193,"profit_%":-77.49419953596288},"KSS":{"cost_p":22.03,"position_%":5.664230342862059,"profit_%":-38.266000907852934},"MPW":{"cost_p":6.18,"position_%":4.277988139114716,"profit_%":-24.11003236245954},"NKE":{"cost_p":75.5,"position_%":2.9864827046062046,"profit_%":0},"NVO":{"cost_p":90,"position_%":2.670034206104885,"profit_%":-2.255555555555557},"PAGS":{"cost_p":7,"position_%":0.06922310904716368,"profit_%":-4.285714285714283},"PEP":{"cost_p":145,"position_%":5.735629035336419,"profit_%":2.841379310344831},"PVH":{"cost_p":95,"position_%":2.8183694397773786,"profit_%":-4.9473684210526345},"PYPL":{"cost_p":68.34,"position_%":2.7032612984475235,"profit_%":30.39215686274509},"SEE":{"cost_p":37.16,"position_%":5.144661464385204,"profit_%":-4.6286329386437},"SID":{"cost_p":4.54,"position_%":3.142729150741231,"profit_%":-67.62114537444934},"TGT":{"cost_p":135.71,"position_%":1.3420383041129404,"profit_%":1.6063665168373578},"VALE":{"cost_p":12.22,"position_%":2.416875407303829,"profit_%":-26.5139116202946},"VFC":{"cost_p":18.8,"position_%":1.3013944500866772,"profit_%":40.05319148936169},"ZIM":{"cost_p":40.74,"position_%":9.26620537705333,"profit_%":-58.591065292096225}},"KellyFormula_Range_v1":{"NVO":{"profit":37.7268,"loss":3.581993,"p":0.8833333,"q":0.11111111,"max_close":146.36218,"min_close":78.69,"close":87.97},"NKE":{"profit":8.9409485,"loss":1.5383911,"p":0.8055556,"q":0.18888889,"max_close":105.37246,"min_close":70.41491,"close":73.57},"PAGS":{"profit":3.6460142,"loss":0.27857113,"p":0.87777776,"q":0.11666667,"max_close":14.6,"min_close":6.19,"close":6.7},"SID":{"profit":0.7139909,"loss":0.08352935,"p":0.8888889,"q":0.094444446,"max_close":3.5998206,"min_close":1.3,"close":1.47},"GIS":{"profit":6.462063,"loss":0.9881096,"p":0.93333334,"q":0.06111111,"max_close":73.79097,"min_close":58.31,"close":60.38},"EPAM":{"profit":0.5700073,"loss":45.13138,"p":0.0055555557,"q":0.98888886,"max_close":314.63,"min_close":170.25,"close":252.43},"VFC":{"profit":0.0,"loss":8.647625,"p":0.0,"q":0.99444443,"max_close":26.33,"min_close":11.779906,"close":26.33},"ALB":{"profit":13.234909,"loss":5.163231,"p":0.7777778,"q":0.21666667,"max_close":140.61734,"min_close":72.23231,"close":88.76},"MPW":{"profit":0.5143199,"loss":0.37917662,"p":0.30555555,"q":0.6888889,"max_close":6.2460093,"min_close":2.8194265,"close":4.69},"PEP":{"profit":17.479584,"loss":2.8591614,"p":0.92777777,"q":0.06666667,"max_close":178.78223,"min_close":142.64,"close":149.12},"AAP":{"profit":14.470711,"loss":7.059082,"p":0.42777777,"q":0.56666666,"max_close":84.78196,"min_close":35.49403,"close":48.44},"GGB":{"profit":0.38802767,"loss":0.079333305,"p":0.9,"q":0.083333336,"max_close":3.8891463,"min_close":2.72,"close":2.93},"VALE":{"profit":1.6524315,"loss":0.20909023,"p":0.8666667,"q":0.12222222,"max_close":12.960784,"min_close":8.5,"close":8.98},"EW":{"profit":10.895927,"loss":2.757103,"p":0.62777776,"q":0.36666667,"max_close":95.56,"min_close":59.7,"close":68.99},"DAC":{"profit":6.581978,"loss":0.6855545,"p":0.9388889,"q":0.05,"max_close":95.34127,"min_close":68.38013,"close":77.46},"PYPL":{"profit":1.0949936,"loss":16.694572,"p":0.07777778,"q":0.9166667,"max_close":91.81,"min_close":56.13,"close":89.11},"CVS":{"profit":3.113678,"loss":4.6637115,"p":0.7277778,"q":0.26666668,"max_close":76.283394,"min_close":43.23058,"close":54.55},"EL":{"profit":18.989243,"loss":9.7344055,"p":0.6888889,"q":0.30555555,"max_close":155.19865,"min_close":62.443096,"close":82.48},"ILPT":{"profit":0.71599436,"loss":0.24886775,"p":0.51111114,"q":0.47777778,"max_close":5.146735,"min_close":3.25,"close":3.88},"ZIM":{"profit":3.4678764,"loss":0.80980873,"p":0.89444447,"q":0.1,"max_close":27.01,"min_close":8.707805,"close":16.87},"SEE":{"profit":1.2296143,"loss":1.2054214,"p":0.4722222,"q":0.5222222,"max_close":39.39198,"min_close":30.61089,"close":35.44},"TGT":{"profit":11.445374,"loss":5.255615,"p":0.73888886,"q":0.25555557,"max_close":173.97578,"min_close":121.59,"close":137.89},"PVH":{"profit":13.413742,"loss":0.0,"p":0.99444443,"q":0.0,"max_close":140.4603,"min_close":90.3,"close":90.3},"KSS":{"profit":5.201027,"loss":0.5412512,"p":0.95,"q":0.044444446,"max_close":27.064507,"min_close":12.7,"close":13.6},"HAL":{"profit":3.8460293,"loss":0.6295624,"p":0.85,"q":0.1388889,"max_close":40.58066,"min_close":25.77,"close":27.8}},"Factor_Intersectional_v1":[],"stock_info":{"NVO":["Novo Nordisk ADR","Biotechnology","Healthcare"],"NKE":["Nike, Inc.","Footwear & Accessories","Consumer Cyclical"],"PAGS":["PagSeguro Digital Ltd","Software - Infrastructure","Technology"],"SID":["Companhia Siderurgica Nacional ADR","Steel","Basic Materials"],"GIS":["General Mills, Inc.","Packaged Foods","Consumer Defensive"],"EPAM":["EPAM Systems Inc","Information Technology Services","Technology"],"VFC":["VF Corp.","Apparel Manufacturing","Consumer Cyclical"],"ALB":["Albemarle Corp.","Specialty Chemicals","Basic Materials"],"MPW":["Medical Properties Trust Inc","REIT - Healthcare Facilities","Real Estate"],"PEP":["PepsiCo Inc","Beverages - Non-Alcoholic","Consumer Defensive"],"AAP":["Advance Auto Parts Inc","Specialty Retail","Consumer Cyclical"],"GGB":["Gerdau S.A. ADR","Steel","Basic Materials"],"VALE":["Vale S.A. ADR","Other Industrial Metals & Mining","Basic Materials"],"EW":["Edwards Lifesciences Corp","Medical Devices","Healthcare"],"DAC":["Danaos Corporation","Marine Shipping","Industrials"],"PYPL":["PayPal Holdings Inc","Credit Services","Financial"],"CVS":["CVS Health Corp","Healthcare Plans","Healthcare"],"EL":["Estee Lauder Cos., Inc.","Household & Personal Products","Consumer Defensive"],"ILPT":["Industrial Logistics Properties Trust","REIT - Industrial","Real Estate"],"ZIM":["Zim Integrated Shipping Services Ltd","Marine Shipping","Industrials"],"SEE":["Sealed Air Corp.","Packaging & Containers","Consumer Cyclical"],"TGT":["Target Corp","Discount Stores","Consumer Defensive"],"PVH":["PVH Corp","Apparel Manufacturing","Consumer Cyclical"],"KSS":["Kohl's Corp.","Department Stores","Consumer Cyclical"],"HAL":["Halliburton Co.","Oil & Gas Equipment & Services","Energy"]}}