{"hold_stock_list":["SEE","EL","TGT","NKE","PVH","VFC","MPW","NVO","ILPT","AAP","PYPL","EPAM","EW","ZIM","VALE","GGB","SID","HAL","ALB"],"watch_stock_list":["ABNB","ACLS","ACMR","ADBE","ADSK","AEO","ALB","AMAT","ANSS","APD","APTV","ARTNA","ASML","AZN","BAC","BBY","BIO","BLD","BUD","CAMT","CE","CNMD","CRM","CSCO","CVS","DE","DELL","DEO","DG","DHI","DIS","EL","EPAM","EW","EXLS","EXR","F","FDX","FFIV","FSLR","FTNT","G","GIS","GLOB","GM","GOOG","HAL","HAS","HMC","HOV","HPE","HPQ","INTC","ISRG","K","KSS","LMAT","LNTH","LQDT","LRCX","M","MA","MCHP","MMM","MMS","MOH","MPW","MS","MSFT","MU","NDAQ","NFLX","NICE","NKE","NOW","NVO","NXPI","ORCL","OXM","PAGS","PAYC","PCTY","PEP","PFE","PHG","PODD","PVH","PYPL","QCOM","SAIC","SBUX","SEE","SMP","SONY","SQM","STM","TDC","TEAM","TECH","TEX","TGT","TITN","TM","TEN","TRI","TX","UAL","UPS","VALE","VFC","VMI","WDAY","WFC","WNS","X","ZTS"],"portfolio":{"AAP":{"cost_p":91.35,"position_%":13.237198297142964,"profit_%":-37.77777777777777},"ALB":{"cost_p":173.45,"position_%":7.181146437217755,"profit_%":-52.61458633611992},"EL":{"cost_p":143.03,"position_%":5.921702939840044,"profit_%":-36.397958470251},"EPAM":{"cost_p":248.63,"position_%":2.5734338983647316,"profit_%":-36.568394803523304},"EW":{"cost_p":87.4,"position_%":2.713889587544675,"profit_%":-10.457665903890161},"GGB":{"cost_p":2.9,"position_%":2.4013058135406737,"profit_%":2.413793103448286},"HAL":{"cost_p":26.94,"position_%":5.2979844556850395,"profit_%":-21.603563474387528},"ILPT":{"cost_p":17.2,"position_%":3.56055689593962,"profit_%":-66.33720930232559},"MPW":{"cost_p":6.18,"position_%":4.477607305765929,"profit_%":-34.46601941747573},"NKE":{"cost_p":73.71,"position_%":6.10345694883045,"profit_%":4.422737756071097},"NVO":{"cost_p":74.48,"position_%":5.3963137885670935,"profit_%":-29.632116004296467},"PVH":{"cost_p":87.3,"position_%":5.421568901433642,"profit_%":-11.92439862542955},"PYPL":{"cost_p":68.03,"position_%":2.8165661119857246,"profit_%":1.7639276789651666},"SEE":{"cost_p":34.36,"position_%":8.179758441055705,"profit_%":-8.090803259604193},"SID":{"cost_p":4.54,"position_%":3.2893749463070088,"profit_%":-71.80616740088105},"TGT":{"cost_p":107.3,"position_%":4.442415755050246,"profit_%":-3.9888164026095074},"VALE":{"cost_p":12.22,"position_%":2.5296514690919856,"profit_%":-18.82160392798691},"VFC":{"cost_p":18.8,"position_%":1.3621200218187615,"profit_%":-30.425531914893618},"ZIM":{"cost_p":29.42,"position_%":13.093947984817952,"profit_%":-44.56152277362339}},"KellyFormula_Range_v1":{"SEE":{"profit":1.974741,"loss":2.3661213,"p":0.5222222,"q":0.4722222,"max_close":36.74885,"min_close":23.781643,"close":31.58},"SID":{"profit":0.27146387,"loss":0.0,"p":0.99444443,"q":0.0,"max_close":2.35638,"min_close":1.28,"close":1.28},"GGB":{"profit":0.16261935,"loss":0.1859982,"p":0.25555557,"q":0.73888886,"max_close":3.4845805,"min_close":2.264944,"close":2.97},"NKE":{"profit":1.1275711,"loss":9.124802,"p":0.13333334,"q":0.8611111,"max_close":87.95319,"min_close":52.918324,"close":76.97},"PVH":{"profit":16.29699,"loss":7.1258163,"p":0.45555556,"q":0.5388889,"max_close":112.74688,"min_close":60.472145,"close":76.89},"PYPL":{"profit":9.2430725,"loss":3.867073,"p":0.73888886,"q":0.25555557,"max_close":91.81,"min_close":57.41,"close":69.23},"ALB":{"profit":10.354454,"loss":15.263657,"p":0.2777778,"q":0.71666664,"max_close":109.52887,"min_close":50.43097,"close":82.19},"ZIM":{"profit":0.7152653,"loss":1.6675434,"p":0.31666666,"q":0.67777777,"max_close":18.54858,"min_close":10.628198,"close":16.31},"NVO":{"profit":25.212688,"loss":3.406662,"p":0.92777777,"q":0.06666667,"max_close":136.95312,"min_close":45.38,"close":52.41},"VFC":{"profit":7.534256,"loss":1.0941782,"p":0.55,"q":0.43888888,"max_close":26.618027,"min_close":9.672672,"close":13.08},"HAL":{"profit":3.995285,"loss":0.8070526,"p":0.7111111,"q":0.28333333,"max_close":31.33167,"min_close":19.099735,"close":21.12},"EPAM":{"profit":43.948227,"loss":8.076004,"p":0.87777776,"q":0.11111111,"max_close":267.63,"min_close":143.33,"close":157.71},"VALE":{"profit":0.113386154,"loss":0.8713894,"p":0.027777778,"q":0.96666664,"max_close":10.8848,"min_close":7.91076,"close":9.92},"MPW":{"profit":0.76362944,"loss":0.1881032,"p":0.79444444,"q":0.2,"max_close":6.0981083,"min_close":3.6044285,"close":4.05},"TGT":{"profit":19.057556,"loss":6.6708527,"p":0.5222222,"q":0.4722222,"max_close":154.72142,"min_close":86.81527,"close":103.02},"AAP":{"profit":3.69524,"loss":14.60836,"p":0.12222222,"q":0.87222224,"max_close":66.5,"min_close":29.948305,"close":56.84},"EW":{"profit":1.0841599,"loss":4.679657,"p":0.06666667,"q":0.92777777,"max_close":81.16,"min_close":64.54,"close":78.26},"ILPT":{"profit":0.16435671,"loss":2.0300004,"p":0.033333335,"q":0.9611111,"max_close":6.17,"min_close":2.4764423,"close":5.79},"EL":{"profit":1.3772736,"loss":19.373955,"p":0.06111111,"q":0.93333334,"max_close":99.313194,"min_close":49.80485,"close":90.97}},"Factor_Intersectional_v1":[],"stock_info":{"SEE":["Sealed Air Corp","Packaging & Containers","Consumer Cyclical"],"SID":["Companhia Siderurgica Nacional ADR","Steel","Basic Materials"],"GGB":["Gerdau S.A. ADR","Steel","Basic Materials"],"NKE":["Nike, Inc","Footwear & Accessories","Consumer Cyclical"],"PVH":["PVH Corp","Apparel Manufacturing","Consumer Cyclical"],"PYPL":["PayPal Holdings Inc","Credit Services","Financial"],"ALB":["Albemarle Corp","Specialty Chemicals","Basic Materials"],"ZIM":["Zim Integrated Shipping Services Ltd","Marine Shipping","Industrials"],"NVO":["Novo Nordisk ADR","Drug Manufacturers - General","Healthcare"],"VFC":["VF Corp","Apparel Manufacturing","Consumer Cyclical"],"HAL":["Halliburton Co","Oil & Gas Equipment & Services","Energy"],"EPAM":["EPAM Systems Inc","Information Technology Services","Technology"],"VALE":["Vale S.A. ADR","Other Industrial Metals & Mining","Basic Materials"],"MPW":["Medical Properties Trust Inc","REIT - Healthcare Facilities","Real Estate"],"TGT":["Target Corp","Discount Stores","Consumer Defensive"],"AAP":["Advance Auto Parts Inc","Auto Parts","Consumer Cyclical"],"EW":["Edwards Lifesciences Corp","Medical Devices","Healthcare"],"ILPT":["Industrial Logistics Properties Trust","REIT - Industrial","Real Estate"],"EL":["Estee Lauder Cos., Inc","Household & Personal Products","Consumer Defensive"]}}