{"hold_stock_list":["VALE","INTC","KGC","DAC","GGB","LDI","THO","GOGL","CPLP","SID","EDRY","ET","SB","NMM","TX"],"portfolio":{"CPLP":{"cost_p":12.99,"position_%":4.447238367370211,"profit_%":21.86297151655119},"DAC":{"cost_p":76.97,"position_%":11.139431084643125,"profit_%":-7.145641158893075},"EDRY":{"cost_p":22.24,"position_%":3.11484089723851,"profit_%":-8.13848920863309},"ET":{"cost_p":9.35,"position_%":6.489407486797718,"profit_%":-4.278074866310164},"GGB":{"cost_p":4.45,"position_%":4.570487467620656,"profit_%":1.7977528089887655},"GOGL":{"cost_p":10.75,"position_%":4.684088279720182,"profit_%":-25.674418604651162},"INTC":{"cost_p":49.94,"position_%":9.061616209024498,"profit_%":-1.6820184221065206},"KGC":{"cost_p":7.61,"position_%":10.847725985628658,"profit_%":-16.55716162943496},"LDI":{"cost_p":7.03,"position_%":6.563948293641106,"profit_%":-19.772403982930307},"NMM":{"cost_p":30.04,"position_%":5.001983812537869,"profit_%":-14.846870838881495},"SB":{"cost_p":4.05,"position_%":5.237386481665203,"profit_%":-14.32098765432098},"SID":{"cost_p":4.85,"position_%":13.313703942962807,"profit_%":-16.701030927835046},"THO":{"cost_p":104.58,"position_%":3.2548966929776517,"profit_%":4.2646777586536695},"TX":{"cost_p":40.0,"position_%":3.7348212197104442,"profit_%":-1.8249999999999922},"VALE":{"cost_p":12.76,"position_%":8.53842377846136,"profit_%":-2.115987460815044}},"KellyFormula_Range_v1":{"DAC":{"profit":5.34277344,"loss":11.37582,"p":0.438888878,"q":0.5555556,"max_close":87.12521,"min_close":46.4305077,"close":71.47},"NMM":{"profit":3.50584984,"loss":2.10599518,"p":0.73888886,"q":0.25555557,"max_close":34.7383652,"min_close":20.8947334,"close":25.58},"SB":{"profit":0.7145221,"loss":0.5282538,"p":0.6388889,"q":0.35,"max_close":5.28,"min_close":2.12,"close":3.47},"GOGL":{"profit":1.77060509,"loss":1.0079689,"p":0.783333361,"q":0.205555558,"max_close":11.68,"min_close":6.264789,"close":7.99},"SID":{"profit":3.20536375,"loss":0.188333511,"p":0.927777767,"q":0.06666667,"max_close":9.618398,"min_close":3.57,"close":4.04},"KGC":{"profit":0.787637234,"loss":0.41263628,"p":0.516666651,"q":0.477777779,"max_close":8.151266,"min_close":5.24,"close":6.35},"CPLP":{"profit":0.329999924,"loss":3.5850544,"p":0.0222222228,"q":0.9722222,"max_close":16.3,"min_close":9.931693,"close":15.83},"ET":{"profit":0.711622238,"loss":1.0525589,"p":0.733333349,"q":0.2611111,"max_close":10.9818878,"min_close":7.269303,"close":8.95},"LDI":{"profit":6.243259,"loss":0.0,"p":0.99444443,"q":0.0,"max_close":21.31603,"min_close":5.64,"close":5.64},"TX":{"profit":6.780262,"loss":3.03478622,"p":0.5388889,"q":0.455555558,"max_close":55.1230164,"min_close":32.1183052,"close":39.27},"EDRY":{"profit":7.03643227,"loss":8.678966,"p":0.6722222,"q":0.322222233,"max_close":33.81,"min_close":7.72,"close":20.43},"GGB":{"profit":0.669889,"loss":0.177951336,"p":0.822222233,"q":0.172222227,"max_close":6.49767637,"min_close":4.14701271,"close":4.53},"THO":{"profit":13.6466522,"loss":2.97123718,"p":0.816666663,"q":0.177777782,"max_close":150.598877,"min_close":101.76,"close":109.04},"INTC":{"profit":6.50832748,"loss":0.900920868,"p":0.966666639,"q":0.027777778,"max_close":66.9506,"min_close":47.5614853,"close":49.1},"VALE":{"profit":4.835293,"loss":0.544615746,"p":0.9222222,"q":0.0722222254,"max_close":20.7570267,"min_close":11.27,"close":12.49}}}