{"hold_stock_list":["SEE","GIS","PEP","EL","KSS","TGT","NKE","PVH","VFC","MPW","NVO","CVS","ILPT","AAP","PYPL","EPAM","PAGS","EW","DAC","ZIM","VALE","GGB","SID","HAL","ALB"],"watch_stock_list":["ABNB","ACLS","ACMR","ADBE","ADSK","AEO","ALB","ALGM","ALGN","AMAT","ANSS","APD","APTV","ARTNA","ASML","AZN","BAC","BBY","BF-B","BIO","BLD","BUD","CAMT","CE","CNMD","CRM","CSCO","CVS","DE","DELL","DEO","DG","DHI","DIS","EL","EPAM","EW","EXLS","EXR","F","FDX","FFIV","FSLR","FTNT","G","GIS","GLOB","GM","GOOG","GSK","HAL","HAS","HMC","HOV","HPE","HPQ","INTC","ISRG","K","KSS","LMAT","LNTH","LQDT","LRCX","M","MA","MCHP","MKC","MMM","MMS","MOH","MPW","MS","MSFT","MU","NDAQ","NFLX","NICE","NKE","NOW","NVO","NXPI","ORCL","OXM","PAGS","PAYC","PCTY","PEP","PFE","PHG","PODD","PVH","PYPL","QCOM","SAIC","SBUX","SEE","SMP","SONY","SQM","STM","TDC","TEAM","TECH","TEX","TGT","TITN","TM","TEN","TRI","TX","UAL","UPS","VALE","VEEV","VFC","VMI","WDAY","WFC","WNS","X","ZTS"],"portfolio":{"AAP":{"cost_p":91.35,"position_%":12.031655418055102,"profit_%":-51.20963327859879},"ALB":{"cost_p":173.45,"position_%":6.527142488894073,"profit_%":-51.81320265206111},"CVS":{"cost_p":65.41,"position_%":4.922921766486726,"profit_%":0.2446109157621107},"DAC":{"cost_p":73.24,"position_%":4.134170503487477,"profit_%":15.701802293828509},"EL":{"cost_p":143.03,"position_%":5.3823994821938275,"profit_%":-49.52807103404881},"EPAM":{"cost_p":248.63,"position_%":2.3390652018070535,"profit_%":4.939066082130085},"EW":{"cost_p":87.4,"position_%":2.4667292600000374,"profit_%":-13.42105263157895},"GGB":{"cost_p":2.9,"position_%":2.182613227765098,"profit_%":6.206896551724143},"GIS":{"cost_p":62.3,"position_%":4.688855313440193,"profit_%":-7.608346709470297},"HAL":{"cost_p":34.9,"position_%":2.298329360099196,"profit_%":-23.409742120343836},"ILPT":{"cost_p":17.2,"position_%":3.2362885790999734,"profit_%":-76.91860465116278},"KSS":{"cost_p":21.98,"position_%":5.376378480186199,"profit_%":-46.26933575978162},"MPW":{"cost_p":6.18,"position_%":4.069821044530954,"profit_%":-18.770226537216832},"NKE":{"cost_p":73.71,"position_%":5.547600724778116,"profit_%":5.263871930538611},"NVO":{"cost_p":89.89,"position_%":2.537005642807819,"profit_%":-8.410279230170211},"PAGS":{"cost_p":6.91,"position_%":0.06500800605110701,"profit_%":19.5369030390738},"PEP":{"cost_p":144.84,"position_%":5.450512067405118,"profit_%":-0.510908588787634},"PVH":{"cost_p":94.6,"position_%":2.669938077757478,"profit_%":-15.644820295983083},"PYPL":{"cost_p":68.03,"position_%":2.560054791118269,"profit_%":15.566661766867561},"SEE":{"cost_p":37.16,"position_%":4.894322006950493,"profit_%":-9.445640473627552},"SID":{"cost_p":4.54,"position_%":2.9898038094127077,"profit_%":-64.97797356828194},"TGT":{"cost_p":135.71,"position_%":1.276734660086213,"profit_%":-4.126446098297837},"VALE":{"cost_p":12.22,"position_%":2.299270141662888,"profit_%":-19.72176759410802},"VFC":{"cost_p":18.8,"position_%":1.2380685378184781,"profit_%":39.52127659574467},"ZIM":{"cost_p":40.74,"position_%":8.815311408105398,"profit_%":-51.27638684339715}},"KellyFormula_Range_v1":{"AAP":{"profit":10.769955,"loss":4.5645103,"p":0.5555556,"q":0.43888888,"max_close":84.78196,"min_close":35.49403,"close":44.57},"PEP":{"profit":19.131973,"loss":0.72250366,"p":0.9722222,"q":0.022222223,"max_close":178.7822,"min_close":142.64,"close":144.1},"MPW":{"profit":0.5488,"loss":0.6086087,"p":0.15,"q":0.84444445,"max_close":6.2460093,"min_close":3.2741725,"close":5.02},"ALB":{"profit":12.951897,"loss":4.565666,"p":0.84444445,"q":0.15,"max_close":140.61736,"min_close":72.23231,"close":83.58},"NVO":{"profit":36.20308,"loss":2.1975021,"p":0.95,"q":0.044444446,"max_close":146.36218,"min_close":77.87,"close":82.33},"TGT":{"profit":13.438156,"loss":3.063858,"p":0.9166667,"q":0.07777778,"max_close":172.50467,"min_close":120.56183,"close":130.11},"SID":{"profit":0.5512496,"loss":0.13787878,"p":0.8,"q":0.18333334,"max_close":3.4478495,"min_close":1.3,"close":1.59},"EL":{"profit":19.578758,"loss":5.687149,"p":0.8388889,"q":0.15555556,"max_close":155.19865,"min_close":62.443096,"close":72.19},"KSS":{"profit":5.8917894,"loss":0.10333443,"p":0.9722222,"q":0.016666668,"max_close":27.064508,"min_close":11.62,"close":11.81},"GIS":{"profit":8.078556,"loss":0.0,"p":0.99444443,"q":0.0,"max_close":73.79097,"min_close":57.56,"close":57.56},"PVH":{"profit":22.238647,"loss":1.5237579,"p":0.95,"q":0.044444446,"max_close":140.4603,"min_close":77.4,"close":79.8},"NKE":{"profit":6.4826355,"loss":3.6109543,"p":0.49444443,"q":0.5,"max_close":103.848595,"min_close":68.68,"close":77.59},"ILPT":{"profit":0.691098,"loss":0.3121419,"p":0.45,"q":0.53333336,"max_close":5.1334705,"min_close":3.2416239,"close":3.97},"DAC":{"profit":3.8851776,"loss":4.107689,"p":0.33333334,"q":0.6611111,"max_close":95.34127,"min_close":68.38013,"close":84.74},"CVS":{"profit":0.45642853,"loss":9.867146,"p":0.016666668,"q":0.9777778,"max_close":76.28339,"min_close":43.23058,"close":65.57},"EW":{"profit":12.258804,"loss":6.6648254,"p":0.23333333,"q":0.76111114,"max_close":95.56,"min_close":59.7,"close":75.67},"SEE":{"profit":1.7900009,"loss":0.71784973,"p":0.8833333,"q":0.11111111,"max_close":39.39198,"min_close":30.610888,"close":33.65},"PAGS":{"profit":2.8143578,"loss":0.9585891,"p":0.5611111,"q":0.43333334,"max_close":14.6,"min_close":6.19,"close":8.26},"VALE":{"profit":0.78504276,"loss":0.61735725,"p":0.68333334,"q":0.31111112,"max_close":12.457719,"min_close":8.5,"close":9.81},"GGB":{"profit":0.22101617,"loss":0.15127134,"p":0.75555557,"q":0.22222222,"max_close":3.8891463,"min_close":2.72,"close":3.08},"VFC":{"profit":0.38666725,"loss":7.526142,"p":0.016666668,"q":0.9777778,"max_close":26.93,"min_close":11.779906,"close":26.23},"HAL":{"profit":3.8070831,"loss":0.6511116,"p":0.89444447,"q":0.1,"max_close":40.580658,"min_close":25.19,"close":26.73},"PYPL":{"profit":6.956833,"loss":11.414703,"p":0.45,"q":0.54444444,"max_close":91.81,"min_close":57.22,"close":78.62},"EPAM":{"profit":4.473999,"loss":49.10884,"p":0.027777778,"q":0.96666664,"max_close":314.63,"min_close":170.25,"close":260.91},"ZIM":{"profit":1.1251469,"loss":3.2092514,"p":0.21666667,"q":0.7777778,"max_close":23.31,"min_close":7.2657223,"close":19.85}},"Factor_Intersectional_v1":[],"stock_info":{"AAP":["Advance Auto Parts Inc","Specialty Retail","Consumer Cyclical"],"PEP":["PepsiCo Inc","Beverages - Non-Alcoholic","Consumer Defensive"],"MPW":["Medical Properties Trust Inc","REIT - Healthcare Facilities","Real Estate"],"ALB":["Albemarle Corp.","Specialty Chemicals","Basic Materials"],"NVO":["Novo Nordisk ADR","Biotechnology","Healthcare"],"TGT":["Target Corp","Discount Stores","Consumer Defensive"],"SID":["Companhia Siderurgica Nacional ADR","Steel","Basic Materials"],"EL":["Estee Lauder Cos., Inc.","Household & Personal Products","Consumer Defensive"],"KSS":["Kohl's Corp.","Department Stores","Consumer Cyclical"],"GIS":["General Mills, Inc.","Packaged Foods","Consumer Defensive"],"PVH":["PVH Corp","Apparel Manufacturing","Consumer Cyclical"],"NKE":["Nike, Inc.","Footwear & Accessories","Consumer Cyclical"],"ILPT":["Industrial Logistics Properties Trust","REIT - Industrial","Real Estate"],"DAC":["Danaos Corporation","Marine Shipping","Industrials"],"CVS":["CVS Health Corp","Healthcare Plans","Healthcare"],"EW":["Edwards Lifesciences Corp","Medical Devices","Healthcare"],"SEE":["Sealed Air Corp.","Packaging & Containers","Consumer Cyclical"],"PAGS":["PagSeguro Digital Ltd","Software - Infrastructure","Technology"],"VALE":["Vale S.A. ADR","Other Industrial Metals & Mining","Basic Materials"],"GGB":["Gerdau S.A. ADR","Steel","Basic Materials"],"VFC":["VF Corp.","Apparel Manufacturing","Consumer Cyclical"],"HAL":["Halliburton Co.","Oil & Gas Equipment & Services","Energy"],"PYPL":["PayPal Holdings Inc","Credit Services","Financial"],"EPAM":["EPAM Systems Inc","Information Technology Services","Technology"],"ZIM":["Zim Integrated Shipping Services Ltd","Marine Shipping","Industrials"]}}