{"hold_stock_list":["SEE","EL","TGT","NKE","PVH","VFC","MPW","NVO","ILPT","AAP","PYPL","EPAM","EW","ZIM","VALE","GGB","SID","HAL","ALB"],"watch_stock_list":["ABNB","ACLS","ACMR","ADBE","ADSK","AEO","ALB","AMAT","APD","APTV","ARTNA","ASML","AZN","BAC","BBY","BIO","BLD","BUD","CAMT","CE","CNMD","CRM","CSCO","CVS","DE","DELL","DEO","DG","DHI","DIS","EL","EPAM","EW","EXLS","EXR","F","FDX","FFIV","FSLR","FTNT","G","GIS","GLOB","GM","GOOG","HAL","HAS","HMC","HOV","HPE","HPQ","INTC","ISRG","K","KSS","LMAT","LNTH","LQDT","LRCX","M","MA","MATX","MCHP","MMM","MMS","MOH","MPW","MS","MSFT","MU","NDAQ","NFLX","NICE","NKE","NOW","NVO","NXPI","ORCL","OXM","PAGS","PAYC","PCTY","PEP","PFE","PHG","PODD","PVH","PYPL","QCOM","SAIC","SBUX","SEE","SMP","SONY","SQM","STM","STNG","TDC","TEAM","TECH","TEX","TGT","TITN","TM","TEN","TRMD","TRI","TX","UAL","UPS","VALE","VFC","VMI","WDAY","WFC","WNS","X","ZTS"],"portfolio":{"AAP":{"cost_p":91.35,"position_%":13.237198297142964,"profit_%":-35.74165298303228},"ALB":{"cost_p":173.45,"position_%":7.181146437217755,"profit_%":-52.816373594695875},"EL":{"cost_p":143.03,"position_%":5.921702939840044,"profit_%":-38.614276725162554},"EPAM":{"cost_p":248.63,"position_%":2.5734338983647316,"profit_%":-37.175722961830836},"EW":{"cost_p":87.4,"position_%":2.713889587544675,"profit_%":-14.862700228832962},"GGB":{"cost_p":2.9,"position_%":2.4013058135406737,"profit_%":7.2413793103448265},"HAL":{"cost_p":26.94,"position_%":5.2979844556850395,"profit_%":-16.443949517446175},"ILPT":{"cost_p":17.2,"position_%":3.56055689593962,"profit_%":-63.8953488372093},"MPW":{"cost_p":6.18,"position_%":4.477607305765929,"profit_%":-18.932038834951456},"NKE":{"cost_p":73.71,"position_%":6.10345694883045,"profit_%":-3.825803825803817},"NVO":{"cost_p":74.48,"position_%":5.3963137885670935,"profit_%":-17.561761546723957},"PVH":{"cost_p":87.3,"position_%":5.421568901433642,"profit_%":-0.8820160366552074},"PYPL":{"cost_p":68.03,"position_%":2.8165661119857246,"profit_%":0.2792885491694807},"SEE":{"cost_p":34.36,"position_%":8.179758441055705,"profit_%":-0.7566938300349185},"SID":{"cost_p":4.54,"position_%":3.2893749463070088,"profit_%":-66.96035242290749},"TGT":{"cost_p":107.3,"position_%":4.442415755050246,"profit_%":-17.865796831314075},"VALE":{"cost_p":12.22,"position_%":2.5296514690919856,"profit_%":-11.129296235679224},"VFC":{"cost_p":18.8,"position_%":1.3621200218187615,"profit_%":-23.191489361702132},"ZIM":{"cost_p":29.42,"position_%":13.093947984817952,"profit_%":-51.15567641060503}},"KellyFormula_Range_v1":{"ALB":{"profit":4.7679825,"loss":13.605614,"p":0.16666667,"q":0.8277778,"max_close":108.93781,"min_close":50.15882,"close":81.84},"HAL":{"profit":2.8627033,"loss":1.5433273,"p":0.4,"q":0.59444445,"max_close":31.096924,"min_close":18.956635,"close":22.51},"ILPT":{"profit":0.12857199,"loss":2.1245584,"p":0.03888889,"q":0.95555556,"max_close":6.45,"min_close":2.4764423,"close":6.21},"VALE":{"profit":0.0350008,"loss":1.5859509,"p":0.011111111,"q":0.98333335,"max_close":10.91,"min_close":7.91076,"close":10.86},"VFC":{"profit":5.539481,"loss":2.2576609,"p":0.4611111,"q":0.53333336,"max_close":26.460835,"min_close":9.61555,"close":14.44},"EPAM":{"profit":34.346283,"loss":5.6635895,"p":0.85555553,"q":0.1388889,"max_close":267.63,"min_close":143.33,"close":156.2},"TGT":{"profit":17.325035,"loss":1.3147278,"p":0.98888886,"q":0.0055555557,"max_close":154.72142,"min_close":86.81527,"close":88.13},"GGB":{"profit":0.040544987,"loss":0.2712953,"p":0.03888889,"q":0.9444444,"max_close":3.4845803,"min_close":2.2649443,"close":3.11},"AAP":{"profit":2.4603004,"loss":15.407047,"p":0.18888889,"q":0.8055556,"max_close":66.5,"min_close":29.948305,"close":58.7},"PVH":{"profit":8.987495,"loss":12.706062,"p":0.14444445,"q":0.85,"max_close":112.69704,"min_close":60.445415,"close":86.53},"EL":{"profit":2.5336227,"loss":17.88723,"p":0.21666667,"q":0.7777778,"max_close":98.93426,"min_close":49.61482,"close":87.8},"SEE":{"profit":0.53139496,"loss":3.3070393,"p":0.05,"q":0.9444444,"max_close":36.532112,"min_close":23.64138,"close":34.1},"PYPL":{"profit":6.8191376,"loss":3.2050018,"p":0.73888886,"q":0.25,"max_close":91.81,"min_close":57.41,"close":68.22},"NVO":{"profit":12.848541,"loss":7.331707,"p":0.76666665,"q":0.22777778,"max_close":125.48788,"min_close":45.38,"close":61.4},"ZIM":{"profit":1.7392092,"loss":0.92483044,"p":0.6666667,"q":0.32222223,"max_close":18.54858,"min_close":11.213416,"close":14.37},"NKE":{"profit":3.8684158,"loss":9.302143,"p":0.5388889,"q":0.45555556,"max_close":87.498474,"min_close":52.644737,"close":70.89},"SID":{"profit":0.1087054,"loss":0.08857119,"p":0.4722222,"q":0.50555557,"max_close":2.35638,"min_close":1.25,"close":1.5},"MPW":{"profit":0.44661522,"loss":0.6665149,"p":0.25555557,"q":0.73888886,"max_close":5.9922843,"min_close":3.5418787,"close":5.01},"EW":{"profit":3.0454865,"loss":3.2940063,"p":0.5777778,"q":0.41666666,"max_close":81.83,"min_close":64.54,"close":74.41}},"Factor_Intersectional_v1":[],"stock_info":{"ALB":["Albemarle Corp","Specialty Chemicals","Basic Materials"],"HAL":["Halliburton Co","Oil & Gas Equipment & Services","Energy"],"ILPT":["Industrial Logistics Properties Trust","REIT - Industrial","Real Estate"],"VALE":["Vale S.A. ADR","Other Industrial Metals & Mining","Basic Materials"],"VFC":["VF Corp","Apparel Manufacturing","Consumer Cyclical"],"EPAM":["EPAM Systems Inc","Information Technology Services","Technology"],"TGT":["Target Corp","Discount Stores","Consumer Defensive"],"GGB":["Gerdau S.A. ADR","Steel","Basic Materials"],"AAP":["Advance Auto Parts Inc","Auto Parts","Consumer Cyclical"],"PVH":["PVH Corp","Apparel Manufacturing","Consumer Cyclical"],"EL":["Estee Lauder Cos., Inc","Household & Personal Products","Consumer Defensive"],"SEE":["Sealed Air Corp","Packaging & Containers","Consumer Cyclical"],"PYPL":["PayPal Holdings Inc","Credit Services","Financial"],"NVO":["Novo Nordisk ADR","Drug Manufacturers - General","Healthcare"],"ZIM":["Zim Integrated Shipping Services Ltd","Marine Shipping","Industrials"],"NKE":["Nike, Inc","Footwear & Accessories","Consumer Cyclical"],"SID":["Companhia Siderurgica Nacional ADR","Steel","Basic Materials"],"MPW":["Medical Properties Trust Inc","REIT - Healthcare Facilities","Real Estate"],"EW":["Edwards Lifesciences Corp","Medical Devices","Healthcare"]}}