{"hold_stock_list":["VALE","INTC","KGC","DAC","GGB","LDI","THO","GOGL","CPLP","SID","EDRY","ET","SB","NMM","TX"],"portfolio":{"CPLP":{"cost_p":12.99,"position_%":4.256500300627063,"profit_%":15.704387990762116},"DAC":{"cost_p":76.97,"position_%":10.661670871632602,"profit_%":4.690139015200727},"EDRY":{"cost_p":22.24,"position_%":2.9812481635296835,"profit_%":-23.561151079136685},"ET":{"cost_p":9.35,"position_%":6.211082617273747,"profit_%":3.636363636363635},"GGB":{"cost_p":4.45,"position_%":4.374463357457374,"profit_%":15.280898876404486},"GOGL":{"cost_p":10.75,"position_%":4.48319193256612,"profit_%":-22.97674418604652},"INTC":{"cost_p":49.94,"position_%":8.672971613322343,"profit_%":0},"KGC":{"cost_p":7.61,"position_%":10.38247674280884,"profit_%":-28.25229960578187},"LDI":{"cost_p":6.36,"position_%":9.472790927282567,"profit_%":-26.88679245283019},"NMM":{"cost_p":30.04,"position_%":4.787453210966322,"profit_%":-15.912117177097196},"SB":{"cost_p":4.05,"position_%":5.012759670647146,"profit_%":-19.99999999999999},"SID":{"cost_p":4.82,"position_%":13.841236977295567,"profit_%":-1.4522821576763543},"THO":{"cost_p":104.58,"position_%":3.115297091745946,"profit_%":-11.95257219353605},"TX":{"cost_p":40.0,"position_%":3.574638085767006,"profit_%":5.2250000000000085},"VALE":{"cost_p":12.76,"position_%":8.172218437077671,"profit_%":21.708463949843257}},"KellyFormula_Range_v1":{"LDI":{"profit":4.19464159,"loss":0.111000061,"p":0.933333337,"q":0.055555556,"max_close":16.95,"min_close":4.3,"close":4.65},"GOGL":{"profit":1.6829567,"loss":0.2753334,"p":0.9111111,"q":0.0833333358,"max_close":12.08,"min_close":7.68,"close":8.28},"ET":{"profit":0.5749979,"loss":0.633202553,"p":0.422222227,"q":0.572222233,"max_close":11.35,"min_close":8.15,"close":9.69},"CPLP":{"profit":0.8526068,"loss":2.34564018,"p":0.25555557,"q":0.73888886,"max_close":16.7,"min_close":10.98,"close":15.03},"SID":{"profit":2.84451342,"loss":0.5174236,"p":0.627777755,"q":0.366666675,"max_close":9.49,"min_close":3.57,"close":4.75},"GGB":{"profit":0.7480202,"loss":0.329185963,"p":0.50555557,"q":0.477777779,"max_close":6.92,"min_close":4.26,"close":5.13},"THO":{"profit":19.5303879,"loss":3.89500427,"p":0.983333349,"q":0.0111111114,"max_close":131.8,"min_close":87.32,"close":92.08},"INTC":{"profit":2.95653152,"loss":1.66931915,"p":0.75,"q":0.244444445,"max_close":58.19,"min_close":47.89,"close":51.69},"NMM":{"profit":3.2311,"loss":1.42538452,"p":0.705555558,"q":0.2888889,"max_close":33.55,"min_close":21.47,"close":25.26},"VALE":{"profit":5.061963,"loss":1.96231747,"p":0.5388889,"q":0.455555558,"max_close":22.94,"min_close":11.27,"close":15.53},"KGC":{"profit":0.893499851,"loss":0.15823555,"p":0.8888889,"q":0.0944444463,"max_close":8.26,"min_close":5.04,"close":5.46},"DAC":{"profit":3.14154816,"loss":9.678215,"p":0.144444451,"q":0.85,"max_close":87.73,"min_close":55.47,"close":80.58},"SB":{"profit":0.708563566,"loss":0.06799984,"p":0.966666639,"q":0.027777778,"max_close":5.28,"min_close":3.1,"close":3.24},"TX":{"profit":5.11782074,"loss":3.61391068,"p":0.6111111,"q":0.383333325,"max_close":56.19,"min_close":32.74,"close":42.09},"EDRY":{"profit":7.967493,"loss":3.13142872,"p":0.955555558,"q":0.03888889,"max_close":33.81,"min_close":12.77,"close":17.0}}}