{
    "KellyFormula_Range_v1": {
        "BGFV": {
            "close": 14.86,
            "loss": 6.88663435,
            "max_close": 16.16,
            "min_close": 1.76140082,
            "p": 0.06111111,
            "profit": 0.629091263,
            "q": 0.927777767
        },
        "BIO": {
            "close": 559.22,
            "loss": 47.9429932,
            "max_close": 662.35,
            "min_close": 432.34,
            "p": 0.477777779,
            "profit": 33.793457,
            "q": 0.516666651
        },
        "C": {
            "close": 73.75,
            "loss": 20.565136,
            "max_close": 73.75,
            "min_close": 40.2755241,
            "p": 0.0,
            "profit": 0.0,
            "q": 0.99444443
        },
        "DHI": {
            "close": 82.09,
            "loss": 11.2202377,
            "max_close": 83.23916,
            "min_close": 52.616806,
            "p": 0.0166666675,
            "profit": 0.6903305,
            "q": 0.9777778
        },
        "ELP": {
            "close": 10.81,
            "loss": 0.2154789,
            "max_close": 14.32,
            "min_close": 10.3125925,
            "p": 0.816666663,
            "profit": 1.17522621,
            "q": 0.177777782
        },
        "HTH": {
            "close": 37.55,
            "loss": 13.6198616,
            "max_close": 37.55,
            "min_close": 16.4422626,
            "p": 0.0,
            "profit": 0.0,
            "q": 0.99444443
        },
        "LAKE": {
            "close": 30.69,
            "loss": 7.478752,
            "max_close": 44.43,
            "min_close": 18.3,
            "p": 0.122222222,
            "profit": 4.6045475,
            "q": 0.872222245
        },
        "MDC": {
            "close": 60.27,
            "loss": 16.8256454,
            "max_close": 60.27,
            "min_close": 29.5942955,
            "p": 0.0,
            "profit": 0.0,
            "q": 0.99444443
        },
        "PBFX": {
            "close": 13.34,
            "loss": 4.12974072,
            "max_close": 13.34,
            "min_close": 6.8425045,
            "p": 0.0,
            "profit": 0.0,
            "q": 0.99444443
        },
        "PHM": {
            "close": 48.83,
            "loss": 5.4798317,
            "max_close": 49.51,
            "min_close": 31.7402878,
            "p": 0.03888889,
            "profit": 0.386741638,
            "q": 0.955555558
        },
        "PSX": {
            "close": 88.44,
            "loss": 25.4518967,
            "max_close": 88.47,
            "min_close": 43.12195,
            "p": 0.00555555569,
            "profit": 0.02999878,
            "q": 0.98888886
        },
        "SMP": {
            "close": 44.27,
            "loss": 2.990368,
            "max_close": 53.85105,
            "min_close": 37.67527,
            "p": 0.50555557,
            "profit": 2.62771225,
            "q": 0.4888889
        },
        "SNX": {
            "close": 96.88,
            "loss": 23.1375122,
            "max_close": 96.88,
            "min_close": 50.7289238,
            "p": 0.0,
            "profit": 0.0,
            "q": 0.99444443
        },
        "T": {
            "close": 29.99,
            "loss": 1.63385773,
            "max_close": 30.9062023,
            "min_close": 26.033514,
            "p": 0.0333333351,
            "profit": 0.3169384,
            "q": 0.955555558
        },
        "TDS": {
            "close": 23.13,
            "loss": 3.79931831,
            "max_close": 23.91577,
            "min_close": 16.5031128,
            "p": 0.0444444455,
            "profit": 0.339746475,
            "q": 0.95
        },
        "WFC": {
            "close": 39.58,
            "loss": 12.22887,
            "max_close": 39.58,
            "min_close": 20.9815083,
            "p": 0.0,
            "profit": 0.0,
            "q": 0.99444443
        }
    },
    "hold_stock_list": [
        "SMP",
        "T",
        "DHI",
        "C",
        "TDS",
        "BGFV",
        "BIO",
        "WFC",
        "PSX",
        "SNX",
        "LAKE",
        "HTH",
        "MDC",
        "PBFX",
        "PHM",
        "ELP"
    ],
    "portfolio": {
        "BGFV": {
            "cost_p": 12.23,
            "position_%": 4.36286099922818,
            "profit_%": 21.50449713818478
        },
        "BIO": {
            "cost_p": 597.32,
            "position_%": 5.78372368988676,
            "profit_%": -6.378490591307845
        },
        "C": {
            "cost_p": 62.71,
            "position_%": 5.017453227668621,
            "profit_%": 17.604847711688723
        },
        "DHI": {
            "cost_p": 72.88,
            "position_%": 3.7141141177870542,
            "profit_%": 12.637211855104294
        },
        "ELP": {
            "cost_p": 10.54,
            "position_%": 9.695376901298486,
            "profit_%": 2.5616698292220246
        },
        "HTH": {
            "cost_p": 29.44,
            "position_%": 6.751452227283602,
            "profit_%": 27.54755434782607
        },
        "LAKE": {
            "cost_p": 29.74,
            "position_%": 4.546833995457752,
            "profit_%": 3.1943510423671917
        },
        "MDC": {
            "cost_p": 59.95,
            "position_%": 5.193797205190281,
            "profit_%": 0.533778148457048
        },
        "PBFX": {
            "cost_p": 11.39,
            "position_%": 9.78071285204265,
            "profit_%": 17.12028094820017
        },
        "PHM": {
            "cost_p": 49.31,
            "position_%": 4.648936460262725,
            "profit_%": -0.9734333806530197
        },
        "PSX": {
            "cost_p": 70.43,
            "position_%": 3.5892570981852674,
            "profit_%": 25.57148942212124
        },
        "SMP": {
            "cost_p": 41.45,
            "position_%": 13.455841002484656,
            "profit_%": 6.803377563329313
        },
        "SNX": {
            "cost_p": 86.45,
            "position_%": 6.388220224340034,
            "profit_%": 12.064777327935214
        },
        "T": {
            "cost_p": 28.54,
            "position_%": 6.10871886760289,
            "profit_%": 5.080588647512261
        },
        "TDS": {
            "cost_p": 20.77,
            "position_%": 5.292408769651284,
            "profit_%": 11.362542128069327
        },
        "WFC": {
            "cost_p": 31.79,
            "position_%": 5.670292361629755,
            "profit_%": 24.504561182761872
        }
    }
}