{"hold_stock_list":["DHI","BAC","PNC","PFC","SNV","FHN","STL","EWBC","BIO","PBCT","FBP","WFC","PSX"],"portfolio":{"BAC":{"cost_p":25.9,"position_%":4.291546194312739,"profit_%":6.486486486486485},"BIO":{"cost_p":597.32,"position_%":8.176112318776369,"profit_%":-0.01841558963369946},"DHI":{"cost_p":72.88,"position_%":5.250426164873467,"profit_%":1.7151481888035127},"EWBC":{"cost_p":32.92,"position_%":9.486499964195088,"profit_%":36.05710814094774},"FBP":{"cost_p":6.92,"position_%":8.37532305465875,"profit_%":20.3757225433526},"FHN":{"cost_p":10.96,"position_%":10.58038677659134,"profit_%":13.229927007299263},"PBCT":{"cost_p":14.03,"position_%":7.277401886263146,"profit_%":-5.203136136849599},"PFC":{"cost_p":17.29,"position_%":4.982429659202099,"profit_%":26.315789473684216},"PNC":{"cost_p":99.87,"position_%":7.9143258396611476,"profit_%":26.454390707920293},"PSX":{"cost_p":74.12,"position_%":9.077589166832002,"profit_%":-15.515380464112258},"SNV":{"cost_p":15.59,"position_%":8.98508714713253,"profit_%":98.46055163566389},"STL":{"cost_p":16.83,"position_%":7.2748083716921315,"profit_%":-3.6838978015448456},"WFC":{"cost_p":34,"position_%":8.328063455809176,"profit_%":-26.764705882352946}},"KellyFormula_Range_v1":{"STL":{"profit":0.4735012,"loss":4.67262268,"p":0.0111111114,"q":0.983333349,"max_close":17.0813,"min_close":7.3472,"close":16.21},"SNV":{"profit":0.0,"loss":10.3127823,"p":0.0,"q":0.99444443,"max_close":30.94,"min_close":12.368,"close":30.94},"PBCT":{"profit":0.274780273,"loss":2.339507,"p":0.027777778,"q":0.966666639,"max_close":14.1536,"min_close":9.0701,"close":13.3},"WFC":{"profit":2.60049057,"loss":1.23080063,"p":0.533333361,"q":0.4611111,"max_close":40.2328,"min_close":21.0458,"close":24.9},"EWBC":{"profit":0.5950012,"loss":10.6994057,"p":0.0111111114,"q":0.983333349,"max_close":45.52,"min_close":22.2542,"close":44.79},"BIO":{"profit":20.28833,"loss":124.452423,"p":0.0333333351,"q":0.9611111,"max_close":643.45,"min_close":320.01,"close":597.21},"FBP":{"profit":0.0,"loss":2.684267,"p":0.0,"q":0.99444443,"max_close":8.33,"min_close":3.6669,"close":8.33},"PNC":{"profit":1.40396881,"loss":21.2163239,"p":0.0166666675,"q":0.9777778,"max_close":128.3619,"min_close":77.9677,"close":126.29},"BAC":{"profit":0.339298248,"loss":3.74753761,"p":0.0333333351,"q":0.9611111,"max_close":28.3412,"min_close":17.8342,"close":27.58},"DHI":{"profit":2.32478333,"loss":17.794693,"p":0.127777785,"q":0.8666667,"max_close":78.82,"min_close":28.6063,"close":74.13},"PFC":{"profit":2.18106651,"loss":5.175829,"p":0.0166666675,"q":0.9777778,"max_close":24.4768,"min_close":11.0733,"close":21.84},"FHN":{"profit":0.4831009,"loss":3.09665775,"p":0.0111111114,"q":0.983333349,"max_close":13.2503,"min_close":6.597,"close":12.41},"PSX":{"profit":8.547718,"loss":8.226646,"p":0.344444454,"q":0.65,"max_close":87.2001,"min_close":40.3908,"close":62.62}}}