{"hold_stock_list":["SEE","EL","KSS","TGT","NKE","PVH","VFC","SBUX","MPW","NVO","PFE","ILPT","AAP","PYPL","QCOM","EPAM","EW","ZIM","VALE","GGB","SID","HAL","ALB"],"watch_stock_list":["ABNB","ACLS","ACMR","ADBE","ADSK","AEO","ALB","ALGM","ALGN","AMAT","ANSS","APD","APTV","ARTNA","ASML","AZN","BAC","BBY","BF-B","BIO","BLD","BUD","CAMT","CE","CNMD","CRM","CSCO","CVS","DE","DELL","DEO","DG","DHI","DIS","EL","EPAM","EW","EXLS","EXR","F","FDX","FFIV","FSLR","FTNT","G","GIS","GLOB","GM","GOOG","GSK","HAL","HAS","HMC","HOV","HPE","HPQ","INTC","ISRG","K","KSS","LMAT","LNTH","LQDT","LRCX","M","MA","MCHP","MKC","MMM","MMS","MOH","MPW","MS","MSFT","MU","NDAQ","NFLX","NICE","NKE","NOW","NVO","NXPI","ORCL","OXM","PAGS","PAYC","PCTY","PEP","PFE","PHG","PODD","PVH","PYPL","QCOM","SAIC","SBUX","SEE","SMP","SONY","SQM","STM","TDC","TEAM","TECH","TEX","TGT","TITN","TM","TEN","TRI","TX","UAL","UPS","VALE","VEEV","VFC","VMI","WDAY","WFC","WNS","X","ZTS"],"portfolio":{"AAP":{"cost_p":91.35,"position_%":11.925798759955649,"profit_%":-45.56102900930487},"ALB":{"cost_p":173.45,"position_%":6.4697155208829695,"profit_%":-68.23868550014413},"EL":{"cost_p":143.03,"position_%":5.335044168070863,"profit_%":-53.401384324966784},"EPAM":{"cost_p":248.63,"position_%":2.3184856874562305,"profit_%":-31.39202831516711},"EW":{"cost_p":87.4,"position_%":2.4450265344126763,"profit_%":-10.640732265446237},"GGB":{"cost_p":2.9,"position_%":2.1634102058876463,"profit_%":-3.7931034482758577},"HAL":{"cost_p":34.9,"position_%":2.278108246975655,"profit_%":-42.6647564469914},"ILPT":{"cost_p":17.2,"position_%":3.2078151328678897,"profit_%":-81.1046511627907},"KSS":{"cost_p":11.63,"position_%":10.411225114954481,"profit_%":-29.836629406706795},"MPW":{"cost_p":6.18,"position_%":4.034014030461189,"profit_%":-27.508090614886722},"NKE":{"cost_p":73.71,"position_%":5.498791940550979,"profit_%":-16.46994980328313},"NVO":{"cost_p":89.89,"position_%":2.514684613024662,"profit_%":-18.97875180776505},"PFE":{"cost_p":24,"position_%":2.2380105578148064,"profit_%":-2.2499999999999964},"PVH":{"cost_p":87.3,"position_%":4.884458042430815,"profit_%":-5.922107674684996},"PYPL":{"cost_p":68.03,"position_%":2.537530970802355,"profit_%":4.262825224165818},"QCOM":{"cost_p":144.74,"position_%":2.6994137344842923,"profit_%":1.305789691861259},"SBUX":{"cost_p":87.91,"position_%":2.4592938517187455,"profit_%":-3.09407348424525},"SEE":{"cost_p":34.36,"position_%":7.369395765124522,"profit_%":-7.62514551804424},"SID":{"cost_p":4.54,"position_%":2.9634989803064395,"profit_%":-68.28193832599119},"TGT":{"cost_p":107.3,"position_%":4.002308880892145,"profit_%":-13.028890959925446},"VALE":{"cost_p":12.22,"position_%":2.279040751374745,"profit_%":-24.14075286415713},"VFC":{"cost_p":18.8,"position_%":1.2271757892017854,"profit_%":-34.9468085106383},"ZIM":{"cost_p":40.74,"position_%":8.737752720348459,"profit_%":-58.44378988708886}},"KellyFormula_Range_v1":{"PVH":{"profit":15.597778,"loss":11.388565,"p":0.5888889,"q":0.40555555,"max_close":123.590614,"min_close":60.5,"close":83.77},"ALB":{"profit":28.731052,"loss":1.8400002,"p":0.95555556,"q":0.03888889,"max_close":118.753944,"min_close":50.76,"close":55.09},"PFE":{"profit":2.4002342,"loss":1.0350494,"p":0.8111111,"q":0.18333334,"max_close":29.837969,"min_close":21.185833,"close":23.46},"VFC":{"profit":7.7878265,"loss":0.88608646,"p":0.8666667,"q":0.12777779,"max_close":26.803305,"min_close":9.74,"close":12.23},"ZIM":{"profit":0.77303314,"loss":2.0056,"p":0.25,"q":0.74444443,"max_close":19.37,"min_close":11.051109,"close":16.93},"MPW":{"profit":0.7633014,"loss":0.40001202,"p":0.6722222,"q":0.32222223,"max_close":6.21,"min_close":3.670565,"close":4.48},"VALE":{"profit":0.65481853,"loss":0.45423698,"p":0.62777776,"q":0.35555556,"max_close":11.254913,"min_close":8.179748,"close":9.27},"EL":{"profit":11.983276,"loss":5.364479,"p":0.6388889,"q":0.35555556,"max_close":121.52,"min_close":49.80485,"close":66.65},"ILPT":{"profit":0.6070144,"loss":0.380764,"p":0.8055556,"q":0.18333334,"max_close":5.113726,"min_close":2.5003462,"close":3.25},"EW":{"profit":0.12000275,"loss":6.9389343,"p":0.0055555557,"q":0.98888886,"max_close":93.78,"min_close":59.7,"close":78.1},"PYPL":{"profit":10.997437,"loss":4.5597153,"p":0.6944444,"q":0.29444444,"max_close":91.81,"min_close":57.22,"close":70.93},"QCOM":{"profit":14.607773,"loss":8.214813,"p":0.8666667,"q":0.12777779,"max_close":223.54146,"min_close":124.66,"close":146.63},"TGT":{"profit":33.87857,"loss":1.4888687,"p":0.9166667,"q":0.07777778,"max_close":156.39932,"min_close":87.75676,"close":93.32},"SEE":{"profit":2.7255077,"loss":3.3791618,"p":0.7277778,"q":0.26666668,"max_close":39.125458,"min_close":23.93,"close":31.74},"NKE":{"profit":13.850609,"loss":4.2729034,"p":0.82222223,"q":0.17222223,"max_close":95.772415,"min_close":53.27,"close":61.57},"SID":{"profit":0.32401216,"loss":0.062105417,"p":0.87777776,"q":0.10555556,"max_close":2.35638,"min_close":1.3,"close":1.44},"GGB":{"profit":0.31846428,"loss":0.16204381,"p":0.76666665,"q":0.22777778,"max_close":3.5385134,"min_close":2.3,"close":2.79},"SBUX":{"profit":12.434181,"loss":2.721939,"p":0.82222223,"q":0.17222223,"max_close":115.00041,"min_close":70.7466,"close":85.19},"NVO":{"profit":25.579903,"loss":6.9297028,"p":0.73333335,"q":0.2611111,"max_close":144.04109,"min_close":58.08,"close":72.83},"HAL":{"profit":6.599476,"loss":0.2364273,"p":0.9166667,"q":0.07777778,"max_close":35.784595,"min_close":19.26,"close":20.01},"EPAM":{"profit":45.453674,"loss":15.319626,"p":0.8388889,"q":0.15555556,"max_close":267.63,"min_close":143.33,"close":170.58},"AAP":{"profit":2.9799995,"loss":9.972202,"p":0.0055555557,"q":0.98888886,"max_close":65.81641,"min_close":30.074455,"close":49.73},"KSS":{"profit":6.171747,"loss":0.98863554,"p":0.78333336,"q":0.21111111,"max_close":22.761082,"min_close":6.13,"close":8.16}},"Factor_Intersectional_v1":[],"stock_info":{"PVH":["PVH Corp","Apparel Manufacturing","Consumer Cyclical"],"ALB":["Albemarle Corp","Specialty Chemicals","Basic Materials"],"PFE":["Pfizer Inc","Drug Manufacturers - General","Healthcare"],"VFC":["VF Corp","Apparel Manufacturing","Consumer Cyclical"],"ZIM":["Zim Integrated Shipping Services Ltd","Marine Shipping","Industrials"],"MPW":["Medical Properties Trust Inc","REIT - Healthcare Facilities","Real Estate"],"VALE":["Vale S.A. ADR","Other Industrial Metals & Mining","Basic Materials"],"EL":["Estee Lauder Cos., Inc","Household & Personal Products","Consumer Defensive"],"ILPT":["Industrial Logistics Properties Trust","REIT - Industrial","Real Estate"],"EW":["Edwards Lifesciences Corp","Medical Devices","Healthcare"],"PYPL":["PayPal Holdings Inc","Credit Services","Financial"],"QCOM":["Qualcomm, Inc","Semiconductors","Technology"],"TGT":["Target Corp","Discount Stores","Consumer Defensive"],"SEE":["Sealed Air Corp","Packaging & Containers","Consumer Cyclical"],"NKE":["Nike, Inc","Footwear & Accessories","Consumer Cyclical"],"SID":["Companhia Siderurgica Nacional ADR","Steel","Basic Materials"],"GGB":["Gerdau S.A. ADR","Steel","Basic Materials"],"SBUX":["Starbucks Corp","Restaurants","Consumer Cyclical"],"NVO":["Novo Nordisk ADR","Drug Manufacturers - General","Healthcare"],"HAL":["Halliburton Co","Oil & Gas Equipment & Services","Energy"],"EPAM":["EPAM Systems Inc","Information Technology Services","Technology"],"AAP":["Advance Auto Parts Inc","Auto Parts","Consumer Cyclical"],"KSS":["Kohl's Corp","Department Stores","Consumer Cyclical"]}}