{"hold_stock_list":["CEIX","BIO","KGC","GSL","ARLP","GOGL","CPLP","TDS","BXS","EDRY","CNNE","PBFX","ET","TX"],"portfolio":{"ARLP":{"cost_p":7.06,"position_%":8.156744738470247,"profit_%":22.662889518413607},"BIO":{"cost_p":580.11,"position_%":8.732611473981002,"profit_%":40.48197755598077},"BXS":{"cost_p":26.04,"position_%":4.409885248147307,"profit_%":13.479262672811066},"CEIX":{"cost_p":18.18,"position_%":7.902229855954287,"profit_%":27.44774477447746},"CNNE":{"cost_p":31,"position_%":3.7332361889077728,"profit_%":5.806451612903216},"CPLP":{"cost_p":12.99,"position_%":5.377440716058787,"profit_%":-1.0777521170130913},"EDRY":{"cost_p":22.24,"position_%":3.7663536067126,"profit_%":30.350719424460433},"ET":{"cost_p":9.35,"position_%":7.846758181131203,"profit_%":0.9625668449197846},"GOGL":{"cost_p":10.75,"position_%":5.663831113211894,"profit_%":5.02325581395348},"GSL":{"cost_p":15.75,"position_%":8.890897677716344,"profit_%":38.666666666666664},"KGC":{"cost_p":7.61,"position_%":13.116680189612273,"profit_%":-21.28777923784494},"PBFX":{"cost_p":11.7,"position_%":8.806222461738095,"profit_%":2.820512820512821},"TDS":{"cost_p":20.56,"position_%":4.56508551067811,"profit_%":-0.9727626459143934},"TX":{"cost_p":40.0,"position_%":9.032023037680096,"profit_%":35.29999999999999}},"KellyFormula_Range_v1":{"TDS":{"profit":3.04908943,"loss":1.164238,"p":0.594444454,"q":0.4,"max_close":26.17267,"min_close":17.54039,"close":20.36},"GOGL":{"profit":0.4725008,"loss":3.43692064,"p":0.0222222228,"q":0.966666639,"max_close":12.08,"min_close":4.39109373,"close":11.29},"CPLP":{"profit":0.193893433,"loss":2.03599548,"p":0.055555556,"q":0.9388889,"max_close":13.3364019,"min_close":7.435169,"close":12.85},"ET":{"profit":0.692543,"loss":1.9775362,"p":0.355555564,"q":0.6388889,"max_close":11.163332,"min_close":5.776562,"close":9.44},"BIO":{"profit":0.0,"loss":185.04248,"p":0.0,"q":0.99444443,"max_close":814.95,"min_close":547.01,"close":814.95},"GSL":{"profit":0.0,"loss":6.462102,"p":0.0,"q":0.99444443,"max_close":21.84,"min_close":10.2415123,"close":21.84},"TX":{"profit":1.19583893,"loss":18.2180786,"p":0.06666667,"q":0.927777767,"max_close":56.19,"min_close":25.04841,"close":54.12},"BXS":{"profit":1.51485825,"loss":1.70903587,"p":0.483333319,"q":0.51111114,"max_close":34.72739,"min_close":25.17,"close":29.55},"ARLP":{"profit":0.0,"loss":2.46227551,"p":0.0,"q":0.98888886,"max_close":8.66,"min_close":4.173737,"close":8.66},"CNNE":{"profit":5.79935455,"loss":1.20319748,"p":0.855555534,"q":0.1388889,"max_close":45.6,"min_close":29.78,"close":32.8},"EDRY":{"profit":1.60545349,"loss":14.5254717,"p":0.06111111,"q":0.933333337,"max_close":32.89,"min_close":5.48,"close":28.99},"KGC":{"profit":0.9640064,"loss":0.117203712,"p":0.9222222,"q":0.0722222254,"max_close":8.151266,"min_close":5.67,"close":5.99},"PBFX":{"profit":1.97440815,"loss":2.12833214,"p":0.6611111,"q":0.333333343,"max_close":15.8821535,"min_close":8.060749,"close":12.03},"CEIX":{"profit":0.0450000763,"loss":9.834458,"p":0.0111111114,"q":0.983333349,"max_close":23.23,"min_close":6.49,"close":23.17}}}