{
    "Factor_Intersectional_v1": [],
    "KellyFormula_Range_v1": {
        "AAP": {
            "close": 47.0,
            "loss": 5.8999863,
            "max_close": 84.78196,
            "min_close": 35.49403,
            "p": 0.45,
            "profit": 11.554855,
            "q": 0.54444444
        },
        "ALB": {
            "close": 75.7,
            "loss": 1.4573593,
            "max_close": 140.61736,
            "min_close": 72.23231,
            "p": 0.9777778,
            "profit": 19.563606,
            "q": 0.016666668
        },
        "CVS": {
            "close": 55.0,
            "loss": 4.5830956,
            "max_close": 76.283394,
            "min_close": 43.23058,
            "p": 0.7,
            "profit": 2.859089,
            "q": 0.29444444
        },
        "DAC": {
            "close": 84.15,
            "loss": 3.7873,
            "max_close": 95.34127,
            "min_close": 68.38013,
            "p": 0.38333333,
            "profit": 4.1276474,
            "q": 0.6111111
        },
        "EL": {
            "close": 70.71,
            "loss": 5.2690964,
            "max_close": 155.19865,
            "min_close": 62.443096,
            "p": 0.87222224,
            "profit": 21.598846,
            "q": 0.12222222
        },
        "EPAM": {
            "close": 263.92,
            "loss": 52.818268,
            "max_close": 314.63,
            "min_close": 170.25,
            "p": 0.0055555557,
            "profit": 0.33999634,
            "q": 0.98888886
        },
        "EW": {
            "close": 70.91,
            "loss": 3.4947433,
            "max_close": 95.56,
            "min_close": 59.7,
            "p": 0.45555556,
            "profit": 10.285492,
            "q": 0.5388889
        },
        "GGB": {
            "close": 3.08,
            "loss": 0.15607476,
            "max_close": 3.8891463,
            "min_close": 2.72,
            "p": 0.7777778,
            "profit": 0.22710562,
            "q": 0.21111111
        },
        "GIS": {
            "close": 59.35,
            "loss": 0.50499725,
            "max_close": 73.79097,
            "min_close": 58.08,
            "p": 0.9388889,
            "profit": 6.8500595,
            "q": 0.055555556
        },
        "HAL": {
            "close": 26.49,
            "loss": 0.5458374,
            "max_close": 40.580658,
            "min_close": 25.19,
            "p": 0.92777777,
            "profit": 4.119404,
            "q": 0.06666667
        },
        "ILPT": {
            "close": 4.04,
            "loss": 0.3595662,
            "max_close": 5.1334705,
            "min_close": 3.2416239,
            "p": 0.40555555,
            "profit": 0.69202614,
            "q": 0.5888889
        },
        "KSS": {
            "close": 11.78,
            "loss": 0.0,
            "max_close": 27.064507,
            "min_close": 11.78,
            "p": 0.99444443,
            "profit": 6.077365,
            "q": 0.0
        },
        "MPW": {
            "close": 4.75,
            "loss": 0.40815687,
            "max_close": 6.2460093,
            "min_close": 3.1923184,
            "p": 0.26666668,
            "profit": 0.49542618,
            "q": 0.7277778
        },
        "NKE": {
            "close": 71.34,
            "loss": 0.6048813,
            "max_close": 105.37247,
            "min_close": 68.68,
            "p": 0.92777777,
            "profit": 8.682945,
            "q": 0.06666667
        },
        "NVO": {
            "close": 83.74,
            "loss": 2.0230026,
            "max_close": 146.36218,
            "min_close": 78.69,
            "p": 0.9388889,
            "profit": 36.42083,
            "q": 0.055555556
        },
        "PAGS": {
            "close": 7.7,
            "loss": 0.79117537,
            "max_close": 14.6,
            "min_close": 6.19,
            "p": 0.7111111,
            "profit": 2.8692188,
            "q": 0.28333333
        },
        "PEP": {
            "close": 145.64,
            "loss": 1.1911011,
            "max_close": 178.78221,
            "min_close": 142.64,
            "p": 0.9444444,
            "profit": 18.752167,
            "q": 0.05
        },
        "PVH": {
            "close": 78.55,
            "loss": 1.1500015,
            "max_close": 140.4603,
            "min_close": 77.4,
            "p": 0.98888886,
            "profit": 23.376854,
            "q": 0.0055555557
        },
        "PYPL": {
            "close": 76.21,
            "loss": 11.960068,
            "max_close": 91.81,
            "min_close": 57.22,
            "p": 0.54444444,
            "profit": 8.004265,
            "q": 0.45
        },
        "SEE": {
            "close": 34.02,
            "loss": 0.68310165,
            "max_close": 39.39198,
            "min_close": 30.61089,
            "p": 0.79444444,
            "profit": 1.669632,
            "q": 0.2
        },
        "SID": {
            "close": 1.56,
            "loss": 0.12666643,
            "max_close": 3.5998206,
            "min_close": 1.3,
            "p": 0.8388889,
            "profit": 0.5811918,
            "q": 0.15
        },
        "TGT": {
            "close": 132.45,
            "loss": 2.4518738,
            "max_close": 173.97578,
            "min_close": 121.59,
            "p": 0.85555553,
            "profit": 13.556076,
            "q": 0.13333334
        },
        "VALE": {
            "close": 9.57,
            "loss": 0.5627327,
            "max_close": 12.466866,
            "min_close": 8.5,
            "p": 0.76666665,
            "profit": 0.99300194,
            "q": 0.22777778
        },
        "VFC": {
            "close": 24.35,
            "loss": 6.3512344,
            "max_close": 26.93,
            "min_close": 11.779905,
            "p": 0.072222225,
            "profit": 1.206152,
            "q": 0.9222222
        },
        "ZIM": {
            "close": 20.79,
            "loss": 3.7592297,
            "max_close": 23.31,
            "min_close": 7.2657223,
            "p": 0.1,
            "profit": 0.9417572,
            "q": 0.89444447
        }
    },
    "hold_stock_list": [
        "SEE",
        "GIS",
        "PEP",
        "EL",
        "KSS",
        "TGT",
        "NKE",
        "PVH",
        "VFC",
        "MPW",
        "NVO",
        "CVS",
        "ILPT",
        "AAP",
        "PYPL",
        "EPAM",
        "PAGS",
        "EW",
        "DAC",
        "ZIM",
        "VALE",
        "GGB",
        "SID",
        "HAL",
        "ALB"
    ],
    "portfolio": {
        "AAP": {
            "cost_p": 91.35,
            "position_%": 12.031655418055102,
            "profit_%": -48.54953475643131
        },
        "ALB": {
            "cost_p": 173.45,
            "position_%": 6.527142488894073,
            "profit_%": -56.35629864514269
        },
        "CVS": {
            "cost_p": 65.41,
            "position_%": 4.922921766486726,
            "profit_%": -15.91499770677266
        },
        "DAC": {
            "cost_p": 73.24,
            "position_%": 4.134170503487477,
            "profit_%": 14.896231567449497
        },
        "EL": {
            "cost_p": 143.03,
            "position_%": 5.3823994821938275,
            "profit_%": -50.562818989023285
        },
        "EPAM": {
            "cost_p": 248.63,
            "position_%": 2.3390652018070535,
            "profit_%": 6.149700357961638
        },
        "EW": {
            "cost_p": 87.4,
            "position_%": 2.4667292600000374,
            "profit_%": -18.86727688787186
        },
        "GGB": {
            "cost_p": 2.9,
            "position_%": 2.182613227765098,
            "profit_%": 6.206896551724143
        },
        "GIS": {
            "cost_p": 62.3,
            "position_%": 4.688855313440193,
            "profit_%": -4.73515248796147
        },
        "HAL": {
            "cost_p": 34.9,
            "position_%": 2.298329360099196,