{"hold_stock_list":["SEE","GIS","EL","KSS","TGT","NKE","VFC","MPW","CVS","ILPT","AAP","DIS","PYPL","EPAM","EW","CMA","DAC","ZIM","VALE","SID","HAL","ALB"],"watch_stock_list":["ABM","ABNB","ACLS","ADBE","ADSK","AEP","ALB","ALGM","ALGN","ANSS","APD","APTV","ASML","AZO","BAC","BBY","BF-B","BIO","BK","C","CE","CNMD","CRM","CSCO","CVS","DE","DEO","DG","DELL","DHI","DIS","DOX","EL","EPAM","EQNR","EW","EXLS","EXR","F","FDX","FFIV","FSLR","FTNT","G","GIS","GLOB","GM","GOOG","GPC","HAL","HAS","HI","HPE","HPQ","INTC","IPG","ISRG","JBT","JKHY","JPM","K","KMB","KSS","LMAT","LNTH","LQDT","LTHM","LVS","M","MA","MCHP","MKC","MMM","MPW","MS","MSFT","MU","MWA","NDAQ","NFLX","NICE","NKE","NOW","NSSC","ORCL","ORLY","OSIS","PAGS","PAYC","PCTY","PDCO","PEP","PFE","PHG","PODD","PVH","PYPL","QCOM","RTX","SBUX","SEE","SIG","SIMO","SMP","SONY","SQM","TEAM","TECH","TEX","TGT","TITN","TM","TNP","TRI","TX","UAL","UPS","VALE","VEEV","VFC","VMI","WDAY","WFC","WNS","X","ZTS"],"portfolio":{"AAP":{"cost_p":91.35,"position_%":13.411522646691477,"profit_%":-57.712096332785976},"ALB":{"cost_p":173.45,"position_%":7.275716953846702,"profit_%":-36.84058806572499},"CMA":{"cost_p":62.35,"position_%":1.3076994870923664,"profit_%":8.869286287089004},"CVS":{"cost_p":65.41,"position_%":5.487513934287839,"profit_%":-13.117260357743463},"DAC":{"cost_p":73.24,"position_%":4.608303629573933,"profit_%":16.561987984707823},"DIS":{"cost_p":89.37,"position_%":5.6232126621384815,"profit_%":27.850509119391294},"EL":{"cost_p":143.25,"position_%":6.00891584686388,"profit_%":-54.39441535776615},"EPAM":{"cost_p":250,"position_%":2.6216910326631244,"profit_%":-6.2},"EW":{"cost_p":87.5,"position_%":2.7527755842962804,"profit_%":-20.525714285714276},"GIS":{"cost_p":65,"position_%":2.7265586739696492,"profit_%":-1.8461538461538505},"HAL":{"cost_p":35,"position_%":2.569257212009862,"profit_%":-10.914285714285715},"ILPT":{"cost_p":17.24,"position_%":3.615836272248981,"profit_%":-78.77030162412993},"KSS":{"cost_p":22.03,"position_%":6.006608758755137,"profit_%":-25.964593735814805},"MPW":{"cost_p":6.18,"position_%":4.536574162920271,"profit_%":-31.067961165048548},"NKE":{"cost_p":75.5,"position_%":3.167002767457054,"profit_%":-2.834437086092716},"PYPL":{"cost_p":68.34,"position_%":4.29999276413275,"profit_%":23.997658764998523},"SEE":{"cost_p":37.16,"position_%":5.455634171330654,"profit_%":-5.651237890204506},"SID":{"cost_p":4.54,"position_%":3.3326936407213634,"profit_%":-55.947136563876654},"TGT":{"cost_p":135.71,"position_%":1.4231587601708502,"profit_%":-10.308746591997648},"VALE":{"cost_p":12.22,"position_%":2.5629651535314704,"profit_%":-17.921440261865804},"VFC":{"cost_p":18.8,"position_%":1.3800581595938686,"profit_%":-0.7978723404255433},"ZIM":{"cost_p":40.74,"position_%":9.826307725704003,"profit_%":-33.70152184585174}},"KellyFormula_Range_v1":{"DAC":{"profit":3.6061172,"loss":6.979149,"p":0.31666666,"q":0.67777777,"max_close":95.34127,"min_close":65.20942,"close":85.37},"CMA":{"profit":1.6666641,"loss":14.356789,"p":0.05,"q":0.9444444,"max_close":70.78,"min_close":40.974125,"close":67.88},"EW":{"profit":17.71521,"loss":3.1232758,"p":0.60555553,"q":0.3888889,"max_close":95.56,"min_close":59.7,"close":69.54},"SID":{"profit":0.40191936,"loss":0.064285874,"p":0.9388889,"q":0.03888889,"max_close":3.799283,"min_close":1.84,"close":2.0},"HAL":{"profit":4.5632973,"loss":1.6709843,"p":0.6111111,"q":0.38333333,"max_close":40.79932,"min_close":27.52,"close":31.18},"TGT":{"profit":30.57582,"loss":0.0,"p":0.99444443,"q":0.0,"max_close":173.9758,"min_close":121.72,"close":121.72},"EL":{"profit":45.890793,"loss":1.4066772,"p":0.9444444,"q":0.05,"max_close":155.9366,"min_close":62.74,"close":65.33},"VFC":{"profit":1.4765835,"loss":3.9745388,"p":0.20555556,"q":0.7777778,"max_close":22.26,"min_close":11.829798,"close":18.65},"SEE":{"profit":1.4230537,"loss":1.613205,"p":0.5888889,"q":0.40555555,"max_close":39.609432,"min_close":30.77987,"close":35.06},"CVS":{"profit":6.2650757,"loss":1.4195251,"p":0.67777777,"q":0.31666666,"max_close":78.15087,"min_close":52.446857,"close":56.83},"ALB":{"profit":12.470306,"loss":16.84459,"p":0.38333333,"q":0.6111111,"max_close":150.6514,"min_close":72.51662,"close":109.55},"PYPL":{"profit":1.7139969,"loss":16.951813,"p":0.027777778,"q":0.96666664,"max_close":87.31,"min_close":55.4,"close":84.74},"VALE":{"profit":1.1186838,"loss":0.0988884,"p":0.9388889,"q":0.05,"max_close":14.774527,"min_close":9.81,"close":10.03},"GIS":{"profit":4.8097725,"loss":1.3442802,"p":0.8833333,"q":0.11111111,"max_close":74.52436,"min_close":60.40034,"close":63.8},"KSS":{"profit":5.0113144,"loss":0.0,"p":0.99444443,"q":0.0,"max_close":27.98382,"min_close":16.31,"close":16.31},"DIS":{"profit":3.6516342,"loss":15.663101,"p":0.1,"q":0.89444447,"max_close":122.255974,"min_close":85.6,"close":114.26},"NKE":{"profit":13.189003,"loss":1.1443481,"p":0.89444447,"q":0.1,"max_close":121.18714,"min_close":70.77431,"close":73.36},"AAP":{"profit":23.290203,"loss":1.105072,"p":0.8611111,"q":0.13333334,"max_close":85.25006,"min_close":35.69,"close":38.63},"ILPT":{"profit":0.6659343,"loss":0.101509094,"p":0.8277778,"q":0.16666667,"max_close":5.146735,"min_close":2.88086,"close":3.66},"MPW":{"profit":0.5829797,"loss":0.28817248,"p":0.8055556,"q":0.18888889,"max_close":6.37,"min_close":2.8475688,"close":4.26},"ZIM":{"profit":0.0,"loss":9.449085,"p":0.0,"q":0.99444443,"max_close":27.01,"min_close":6.203722,"close":27.01},"EPAM":{"profit":29.954498,"loss":39.30728,"p":0.27222222,"q":0.7222222,"max_close":314.63,"min_close":170.25,"close":234.5}},"Factor_Intersectional_v1":[],"stock_info":{"DAC":["Danaos Corporation","Marine Shipping","Industrials"],"CMA":["Comerica, Inc.","Banks - Regional","Financial"],"EW":["Edwards Lifesciences Corp","Medical Devices","Healthcare"],"SID":["Companhia Siderurgica Nacional ADR","Steel","Basic Materials"],"HAL":["Halliburton Co.","Oil & Gas Equipment & Services","Energy"],"TGT":["Target Corp","Discount Stores","Consumer Defensive"],"EL":["Estee Lauder Cos., Inc.","Household & Personal Products","Consumer Defensive"],"VFC":["VF Corp.","Apparel Manufacturing","Consumer Cyclical"],"SEE":["Sealed Air Corp.","Packaging & Containers","Consumer Cyclical"],"CVS":["CVS Health Corp","Healthcare Plans","Healthcare"],"ALB":["Albemarle Corp.","Specialty Chemicals","Basic Materials"],"PYPL":["PayPal Holdings Inc","Credit Services","Financial"],"VALE":["Vale S.A. ADR","Other Industrial Metals & Mining","Basic Materials"],"GIS":["General Mills, Inc.","Packaged Foods","Consumer Defensive"],"KSS":["Kohl's Corp.","Department Stores","Consumer Cyclical"],"DIS":["Walt Disney Co","Entertainment","Communication Services"],"NKE":["Nike, Inc.","Footwear & Accessories","Consumer Cyclical"],"AAP":["Advance Auto Parts Inc","Specialty Retail","Consumer Cyclical"],"ILPT":["Industrial Logistics Properties Trust","REIT - Industrial","Real Estate"],"MPW":["Medical Properties Trust Inc","REIT - Healthcare Facilities","Real Estate"],"ZIM":["Zim Integrated Shipping Services Ltd","Marine Shipping","Industrials"],"EPAM":["EPAM Systems Inc","Information Technology Services","Technology"]}}