{"hold_stock_list":["SEE","EL","KSS","TGT","DIS","NKE","PVH","VFC","SBUX","MPW","NVO","PFE","ILPT","AAP","GM","PYPL","QCOM","EPAM","PAGS","EW","DAC","ZIM","VALE","GGB","SID","HAL","ALB"],"watch_stock_list":["ABNB","ACLS","ACMR","ADBE","ADSK","AEO","ALB","ALGM","ALGN","AMAT","ANSS","APD","APTV","ARTNA","ASML","AZN","BAC","BBY","BF-B","BIO","BLD","BUD","CAMT","CE","CNMD","CRM","CSCO","CVS","DE","DELL","DEO","DG","DHI","DIS","EL","EPAM","EW","EXLS","EXR","F","FDX","FFIV","FSLR","FTNT","G","GIS","GLOB","GM","GOOG","GSK","HAL","HAS","HMC","HOV","HPE","HPQ","INTC","ISRG","K","KSS","LMAT","LNTH","LQDT","LRCX","M","MA","MCHP","MKC","MMM","MMS","MOH","MPW","MS","MSFT","MU","NDAQ","NFLX","NICE","NKE","NOW","NVO","NXPI","ORCL","OXM","PAGS","PAYC","PCTY","PEP","PFE","PHG","PODD","PVH","PYPL","QCOM","SAIC","SBUX","SEE","SMP","SONY","SQM","STM","TDC","TEAM","TECH","TEX","TGT","TITN","TM","TEN","TRI","TX","UAL","UPS","VALE","VEEV","VFC","VMI","WDAY","WFC","WNS","X","ZTS"],"portfolio":{"AAP":{"cost_p":91.35,"position_%":11.442882221255896,"profit_%":-64.54296661193213},"ALB":{"cost_p":173.45,"position_%":6.207734525848262,"profit_%":-68.8613433266071},"DAC":{"cost_p":73.24,"position_%":3.9318634477353136,"profit_%":3.208629164391055},"DIS":{"cost_p":93.9,"position_%":2.520494113478604,"profit_%":-9.46751863684771},"EL":{"cost_p":143.03,"position_%":5.119009911975076,"profit_%":-61.95902957421521},"EPAM":{"cost_p":248.63,"position_%":2.224602241512905,"profit_%":-39.045971926155325},"EW":{"cost_p":87.4,"position_%":2.346019015101491,"profit_%":-19.038901601830663},"GGB":{"cost_p":2.9,"position_%":2.0758062986405257,"profit_%":-13.79310344827586},"GM":{"cost_p":44.92,"position_%":2.4115142827999767,"profit_%":-0.8459483526268978},"HAL":{"cost_p":34.9,"position_%":2.1858598222322434,"profit_%":-39.11174785100287},"ILPT":{"cost_p":17.2,"position_%":3.0779196841911243,"profit_%":-85.05813953488371},"KSS":{"cost_p":21.98,"position_%":5.11328354977193,"profit_%":-71.51956323930845},"MPW":{"cost_p":6.18,"position_%":3.8706629516891877,"profit_%":-11.974110032362448},"NKE":{"cost_p":73.71,"position_%":5.276126974923901,"profit_%":-25.613892280558943},"NVO":{"cost_p":89.89,"position_%":2.4128563989413387,"profit_%":-28.256758260095676},"PAGS":{"cost_p":6.91,"position_%":0.06182681691209497,"profit_%":23.299565846599123},"PFE":{"cost_p":24,"position_%":2.147385826179854,"profit_%":-6.499999999999995},"PVH":{"cost_p":87.3,"position_%":4.686669565637533,"profit_%":-21.523482245131724},"PYPL":{"cost_p":68.03,"position_%":2.434777629250258,"profit_%":-8.863736586799943},"QCOM":{"cost_p":144.74,"position_%":2.5901052040106007,"profit_%":-4.242089263506988},"SBUX":{"cost_p":87.91,"position_%":2.3597085997433878,"profit_%":-4.777613468319876},"SEE":{"cost_p":34.36,"position_%":7.070983627972563,"profit_%":-23.923166472642603},"SID":{"cost_p":4.54,"position_%":2.843496731499824,"profit_%":-67.40088105726872},"TGT":{"cost_p":107.3,"position_%":3.840241652484973,"profit_%":-14.184529356943148},"VALE":{"cost_p":12.22,"position_%":2.186754566326485,"profit_%":-25.286415711947622},"VFC":{"cost_p":18.8,"position_%":1.1774832280219534,"profit_%":-42.340425531914896},"ZIM":{"cost_p":40.74,"position_%":8.383931111862696,"profit_%":-66.02847324496808}},"KellyFormula_Range_v1":{"DAC":{"profit":5.7343063,"loss":5.2299957,"p":0.95555556,"q":0.03888889,"max_close":95.34127,"min_close":66.47,"close":75.59},"KSS":{"profit":8.605885,"loss":0.0800004,"p":0.98888886,"q":0.0055555557,"max_close":24.760235,"min_close":6.18,"close":6.26},"SEE":{"profit":7.692642,"loss":1.4039974,"p":0.96666664,"q":0.027777778,"max_close":39.125454,"min_close":23.93,"close":26.14},"PYPL":{"profit":16.043915,"loss":2.255001,"p":0.95,"q":0.044444446,"max_close":91.81,"min_close":57.22,"close":62.0},"ILPT":{"profit":1.4551971,"loss":0.059999943,"p":0.98888886,"q":0.0055555557,"max_close":5.13347,"min_close":2.51,"close":2.57},"SID":{"profit":0.45292544,"loss":0.07096779,"p":0.81666666,"q":0.17222223,"max_close":2.7259855,"min_close":1.3,"close":1.48},"AAP":{"profit":10.669388,"loss":0.78189087,"p":0.9722222,"q":0.022222223,"max_close":76.818344,"min_close":30.074455,"close":32.39},"QCOM":{"profit":23.934738,"loss":9.540009,"p":0.9722222,"q":0.022222223,"max_close":223.54147,"min_close":124.66,"close":138.6},"EPAM":{"profit":63.034607,"loss":6.150009,"p":0.96666664,"q":0.027777778,"max_close":267.63,"min_close":143.33,"close":151.55},"NKE":{"profit":21.191856,"loss":0.8100014,"p":0.9777778,"q":0.016666668,"max_close":95.772415,"min_close":53.27,"close":54.83},"TGT":{"profit":42.580566,"loss":3.3199997,"p":0.98888886,"q":0.0055555557,"max_close":163.26923,"min_close":88.76,"close":92.08},"EL":{"profit":24.285404,"loss":2.1000023,"p":0.9722222,"q":0.022222223,"max_close":145.69199,"min_close":50.06,"close":54.41},"VFC":{"profit":8.920275,"loss":1.1000004,"p":0.98888886,"q":0.0055555557,"max_close":26.803305,"min_close":9.74,"close":10.84},"PVH":{"profit":26.565056,"loss":3.156105,"p":0.89444447,"q":0.1,"max_close":123.590614,"min_close":60.5,"close":68.51},"MPW":{"profit":0.40306282,"loss":1.0053072,"p":0.22777778,"q":0.76666665,"max_close":6.21,"min_close":3.670565,"close":5.44},"SBUX":{"profit":14.161949,"loss":8.014801,"p":0.9166667,"q":0.07777778,"max_close":115.81,"min_close":70.69843,"close":83.71},"GGB":{"profit":0.63738847,"loss":0.08500004,"p":0.9722222,"q":0.022222223,"max_close":3.8891463,"min_close":2.3,"close":2.5},"ZIM":{"profit":2.1572294,"loss":1.1931925,"p":0.7111111,"q":0.28333333,"max_close":19.163383,"min_close":6.3671327,"close":13.84},"PAGS":{"profit":2.489334,"loss":0.9211283,"p":0.25,"q":0.73888886,"max_close":14.6,"min_close":6.19,"close":8.52},"ALB":{"profit":33.391323,"loss":3.25,"p":0.98888886,"q":0.0055555557,"max_close":133.06651,"min_close":50.76,"close":54.01},"NVO":{"profit":37.87256,"loss":2.2399979,"p":0.9722222,"q":0.022222223,"max_close":144.04109,"min_close":61.21,"close":64.49},"PFE":{"profit":4.276123,"loss":0.5750027,"p":0.9722222,"q":0.022222223,"max_close":30.407194,"min_close":21.59,"close":22.44},"HAL":{"profit":6.8730183,"loss":1.1360016,"p":0.9611111,"q":0.027777778,"max_close":38.184498,"min_close":19.26,"close":21.25},"VALE":{"profit":1.012105,"loss":0.31593704,"p":0.81666666,"q":0.17777778,"max_close":12.415653,"min_close":8.26,"close":9.13},"DIS":{"profit":16.49295,"loss":1.3899994,"p":0.96666664,"q":0.027777778,"max_close":117.08121,"min_close":81.72,"close":85.01},"EW":{"profit":1.9844208,"loss":3.0286255,"p":0.3888889,"q":0.60555553,"max_close":93.78,"min_close":59.7,"close":70.76},"GM":{"profit":5.359852,"loss":1.6854172,"p":0.8833333,"q":0.11111111,"max_close":59.911987,"min_close":39.659782,"close":44.54}},"Factor_Intersectional_v1":[],"stock_info":{"DAC":["Danaos Corporation","Marine Shipping","Industrials"],"KSS":["Kohl's Corp.","Department Stores","Consumer Cyclical"],"SEE":["Sealed Air Corp.","Packaging & Containers","Consumer Cyclical"],"PYPL":["PayPal Holdings Inc","Credit Services","Financial"],"ILPT":["Industrial Logistics Properties Trust","REIT - Industrial","Real Estate"],"SID":["Companhia Siderurgica Nacional ADR","Steel","Basic Materials"],"AAP":["Advance Auto Parts Inc","Specialty Retail","Consumer Cyclical"],"QCOM":["Qualcomm, Inc.","Semiconductors","Technology"],"EPAM":["EPAM Systems Inc","Information Technology Services","Technology"],"NKE":["Nike, Inc.","Footwear & Accessories","Consumer Cyclical"],"TGT":["Target Corp","Discount Stores","Consumer Defensive"],"EL":["Estee Lauder Cos., Inc.","Household & Personal Products","Consumer Defensive"],"VFC":["VF Corp.","Apparel Manufacturing","Consumer Cyclical"],"PVH":["PVH Corp","Apparel Manufacturing","Consumer Cyclical"],"MPW":["Medical Properties Trust Inc","REIT - Healthcare Facilities","Real Estate"],"SBUX":["Starbucks Corp.","Restaurants","Consumer Cyclical"],"GGB":["Gerdau S.A. ADR","Steel","Basic Materials"],"ZIM":["Zim Integrated Shipping Services Ltd","Marine Shipping","Industrials"],