{
    "KellyFormula_Range_v1": {
        "CPLP": {
            "close": 16.15,
            "loss": 2.68258762,
            "max_close": 16.73,
            "min_close": 10.98,
            "p": 0.05,
            "profit": 0.235555649,
            "q": 0.9444444
        },
        "DAC": {
            "close": 95.11,
            "loss": 21.40812,
            "max_close": 95.86,
            "min_close": 60.63,
            "p": 0.00555555569,
            "profit": 0.75,
            "q": 0.98888886
        },
        "EDRY": {
            "close": 20.83,
            "loss": 2.11346054,
            "max_close": 33.81,
            "min_close": 14.85,
            "p": 0.705555558,
            "profit": 6.345421,
            "q": 0.2888889
        },
        "ET": {
            "close": 10.24,
            "loss": 0.927906036,
            "max_close": 11.35,
            "min_close": 8.15,
            "p": 0.172222227,
            "profit": 0.4841938,
            "q": 0.822222233
        },
        "GGB": {
            "close": 5.38,
            "loss": 0.4917426,
            "max_close": 6.62,
            "min_close": 4.26,
            "p": 0.3888889,
            "profit": 0.569427967,
            "q": 0.605555534
        },
        "GOGL": {
            "close": 9.65,
            "loss": 0.762692451,
            "max_close": 12.08,
            "min_close": 7.68,
            "p": 0.55,
            "profit": 0.8757582,
            "q": 0.433333337
        },
        "INTC": {
            "close": 48.28,
            "loss": 0.342498779,
            "max_close": 58.19,
            "min_close": 47.73,
            "p": 0.966666639,
            "profit": 5.193573,
            "q": 0.0222222228
        },
        "KGC": {
            "close": 5.38,
            "loss": 0.117333412,
            "max_close": 8.17,
            "min_close": 5.04,
            "p": 0.9111111,
            "profit": 0.863657951,
            "q": 0.0833333358
        },
        "NMM": {
            "close": 29.8,
            "loss": 3.668005,
            "max_close": 33.55,
            "min_close": 21.47,
            "p": 0.188888893,
            "profit": 1.22323418,
            "q": 0.8055556
        },
        "SB": {
            "close": 3.56,
            "loss": 0.174999714,
            "max_close": 5.28,
            "min_close": 3.1,
            "p": 0.716666639,
            "profit": 0.555503368,
            "q": 0.266666681
        },
        "SID": {
            "close": 4.96,
            "loss": 0.666892052,
            "max_close": 9.49,
            "min_close": 3.57,
            "p": 0.5833333,
            "profit": 2.60533333,
            "q": 0.411111116
        },
        "THO": {
            "close": 94.27,
            "loss": 3.25857544,
            "max_close": 127.44,
            "min_close": 87.32,
            "p": 0.955555558,
            "profit": 16.6983566,
            "q": 0.03888889
        },
        "TX": {
            "close": 40.15,
            "loss": 2.70595551,
            "max_close": 56.19,
            "min_close": 32.74,
            "p": 0.733333349,
            "profit": 6.04348,
            "q": 0.2611111
        },
        "VALE": {
            "close": 16.15,
            "loss": 2.37978268,
            "max_close": 22.94,
            "min_close": 11.27,
            "p": 0.4888889,
            "profit": 4.562502,
            "q": 0.50555557
        },
        "X": {
            "close": 22.04,
            "loss": 1.0474987,
            "max_close": 29.45,
            "min_close": 18.59,
            "p": 0.8388889,
            "profit": 2.765562,
            "q": 0.155555561
        }
    },
    "hold_stock_list": [
        "VALE",
        "INTC",
        "KGC",
        "DAC",
        "GGB",
        "THO",
        "GOGL",
        "CPLP",
        "SID",
        "EDRY",
        "ET",
        "SB",
        "NMM",
        "X",
        "TX"
    ],
    "portfolio": {
        "CPLP": {
            "cost_p": 12.99,
            "position_%": 4.3059661844993045,
            "profit_%": 24.326404926866807
        },
        "DAC": {
            "cost_p": 76.97,
            "position_%": 10.785572888776251,
            "profit_%": 23.567623749512798
        },
        "EDRY": {
            "cost_p": 22.24,
            "position_%": 3.0158940145894775,
            "profit_%": -6.339928057553958
        },
        "ET": {
            "cost_p": 9.35,
            "position_%": 6.283263204556146,
            "profit_%": 9.518716577540113
        },
        "GGB": {
            "cost_p": 4.45,
            "position_%": 4.425300120328385,
            "profit_%": 20.898876404494374
        },
        "GOGL": {
            "cost_p": 10.75,
            "position_%": 4.535292258150643,
            "profit_%": -10.23255813953488
        },
        "INTC": {
            "cost_p": 49.9,
            "position_%": 9.082517909884194,
            "profit_%": -3.246492985971939
        },
        "KGC": {
            "cost_p": 7.61,
            "position_%": 10.50313417323129,
            "profit_%": -29.303547963206313
        },
        "NMM": {
            "cost_p": 30.04,
            "position_%": 4.8430894350592855,
            "profit_%": -0.7989347536617791
        },
        "SB": {
            "cost_p": 4.05,
            "position_%": 5.0710142390096005,
            "profit_%": -12.09876543209876
        },
        "SID": {
            "cost_p": 4.82,
            "position_%": 14.0020895492703,
            "profit_%": 2.9045643153526903
        },
        "THO": {
            "cost_p": 98.99,
            "position_%": 8.9491411422126,
            "profit_%": -4.7681583998383665
        },
        "TX": {
            "cost_p": 40.0,
            "position_%": 3.6161798736084863,
            "profit_%": 0.37499999999999645
        },
        "VALE": {
            "cost_p": 12.76,
            "position_%": 8.2671898877146,
            "profit_%": 26.56739811912225
        },
        "X": {
            "cost_p": 19.2,
            "position_%": 2.314355119109431,
            "profit_%": 14.791666666666666
        }
    }
}