{
    "KellyFormula_Range_v1": {
        "ARLP": {
            "close": 9.28,
            "loss": 2.86946249,
            "max_close": 9.94,
            "min_close": 4.51345968,
            "p": 0.03888889,
            "profit": 0.337142944,
            "q": 0.955555558
        },
        "BIO": {
            "close": 782.52,
            "loss": 156.323059,
            "max_close": 825.77,
            "min_close": 547.01,
            "p": 0.105555557,
            "profit": 20.0284424,
            "q": 0.8888889
        },
        "BXS": {
            "close": 28.0,
            "loss": 1.42649841,
            "max_close": 34.48437,
            "min_close": 24.9938622,
            "p": 0.794444442,
            "profit": 2.01173973,
            "q": 0.2
        },
        "CEIX": {
            "close": 23.77,
            "loss": 9.815472,
            "max_close": 27.74,
            "min_close": 6.78,
            "p": 0.06111111,
            "profit": 1.96272659,
            "q": 0.933333337
        },
        "CNNE": {
            "close": 30.86,
            "loss": 0.670002,
            "max_close": 45.6,
            "min_close": 29.78,
            "p": 0.9722222,
            "profit": 6.12251663,
            "q": 0.0222222228
        },
        "CPLP": {
            "close": 12.35,
            "loss": 1.570672,
            "max_close": 13.77,
            "min_close": 8.009351,
            "p": 0.25555557,
            "profit": 0.5194864,
            "q": 0.73888886
        },
        "EDRY": {
            "close": 27.85,
            "loss": 13.7016592,
            "max_close": 33.81,
            "min_close": 5.55,
            "p": 0.188888893,
            "profit": 1.83011246,
            "q": 0.8055556
        },
        "ET": {
            "close": 8.73,
            "loss": 1.45559072,
            "max_close": 11.163332,
            "min_close": 5.776562,
            "p": 0.5222222,
            "profit": 1.127697,
            "q": 0.4722222
        },
        "GOGL": {
            "close": 9.3,
            "loss": 2.55333614,
            "max_close": 11.68,
            "min_close": 4.382082,
            "p": 0.383333325,
            "profit": 0.933645248,
            "q": 0.6111111
        },
        "GSL": {
            "close": 22.64,
            "loss": 6.907813,
            "max_close": 25.22,
            "min_close": 11.4280882,
            "p": 0.06111111,
            "profit": 1.2118187,
            "q": 0.933333337
        },
        "KGC": {
            "close": 5.44,
            "loss": 0.0,
            "max_close": 8.151266,
            "min_close": 5.44,
            "p": 0.99444443,
            "profit": 1.34218836,
            "q": 0.0
        },
        "NMM": {
            "close": 26.3,
            "loss": 6.0844326,
            "max_close": 34.7979736,
            "min_close": 10.18159,
            "p": 0.422222227,
            "profit": 3.108879,
            "q": 0.572222233
        },
        "PBFX": {
            "close": 11.74,
            "loss": 1.68921566,
            "max_close": 15.8821535,
            "min_close": 8.669284,
            "p": 0.75555557,
            "profit": 2.02848625,
            "q": 0.23888889
        },
        "SB": {
            "close": 4.26,
            "loss": 1.15976667,
            "max_close": 5.2,
            "min_close": 1.35,
            "p": 0.0444444455,
            "profit": 0.487499237,
            "q": 0.95
        },
        "TDS": {
            "close": 19.35,
            "loss": 0.8079281,
            "max_close": 25.9372444,
            "min_close": 17.4705029,
            "p": 0.8388889,
            "profit": 2.87461662,
            "q": 0.155555561
        },
        "TX": {
            "close": 44.68,
            "loss": 9.933571,
            "max_close": 56.19,
            "min_close": 25.04841,
            "p": 0.233333334,
            "profit": 7.46690369,
            "q": 0.76111114
        }
    },
    "hold_stock_list": [
        "CEIX",
        "BIO",
        "KGC",
        "GSL",
        "ARLP",
        "GOGL",
        "CPLP",
        "TDS",
        "BXS",
        "EDRY",
        "CNNE",
        "PBFX",
        "ET",
        "SB",
        "NMM",
        "TX"
    ],
    "portfolio": {
        "ARLP": {
            "cost_p": 7.06,
            "position_%": 7.881007126256939,
            "profit_%": 31.444759206798867
        },
        "BIO": {
            "cost_p": 580.11,
            "position_%": 4.218703383758491,
            "profit_%": 34.8916584785644
        },
        "BXS": {
            "cost_p": 26.04,
            "position_%": 4.260809695650996,
            "profit_%": 7.526881720430111
        },
        "CEIX": {
            "cost_p": 18.18,
            "position_%": 7.63509608365848,
            "profit_%": 30.748074807480748
        },
        "CNNE": {
            "cost_p": 31,
            "position_%": 3.607034662984971,
            "profit_%": -0.4516129032258083
        },
        "CPLP": {
            "cost_p": 12.99,
            "position_%": 5.195657086632282,
            "profit_%": -4.926866820631259
        },
        "EDRY": {
            "cost_p": 22.24,
            "position_%": 3.6390325511243535,
            "profit_%": 25.22482014388491
        },
        "ET": {
            "cost_p": 9.35,
            "position_%": 7.581499621025014,
            "profit_%": -6.6310160427807405
        },
        "GOGL": {
            "cost_p": 10.75,
            "position_%": 5.4723660965649,
            "profit_%": -13.488372093023248
        },
        "GSL": {
            "cost_p": 15.75,
            "position_%": 8.590342128328622,
            "profit_%": 43.74603174603175
        },
        "KGC": {
            "cost_p": 7.61,
            "position_%": 12.67327265491387,
            "profit_%": -28.515111695137975
        },
        "NMM": {
            "cost_p": 30.04,
            "position_%": 5.843759766400872,
            "profit_%": -12.450066577896134
        },
        "PBFX": {
            "cost_p": 11.7,
            "position_%": 8.508529346154065,
            "profit_%": 0.3418803418803498
        },
        "SB": {
            "cost_p": 4.05,
            "position_%": 6.118777978835216,
            "profit_%": 5.185185185185184
        },
        "TDS": {
            "cost_p": 20.56,
            "position_%": 4.410763435067831,
            "profit_%": -5.885214007782088
        },
        "TX": {
            "cost_p": 40.0,
            "position_%": 4.363348382643109,
            "profit_%": 11.7
        }
    }
}