{"hold_stock_list":["SEE","GIS","PEP","EL","KSS","TGT","NKE","PVH","VFC","MPW","NVO","CVS","ILPT","AAP","PYPL","EPAM","PAGS","EW","DAC","ZIM","VALE","GGB","SID","HAL","ALB"],"watch_stock_list":["ABNB","ACLS","ACMR","ADBE","ADSK","AEO","ALB","ALGM","ALGN","AMAT","ANSS","APD","APTV","ARTNA","ASML","AZN","BAC","BBY","BF-B","BIO","BLD","BUD","CAMT","CE","CNMD","CRM","CSCO","CVS","DE","DELL","DEO","DG","DHI","DIS","EL","EPAM","EW","EXLS","EXR","F","FDX","FFIV","FSLR","FTNT","G","GIS","GLOB","GM","GOOG","GSK","HAL","HAS","HMC","HOV","HPE","HPQ","INTC","ISRG","K","KSS","LMAT","LNTH","LQDT","LRCX","M","MA","MCHP","MKC","MMM","MMS","MOH","MPW","MS","MSFT","MU","NDAQ","NFLX","NICE","NKE","NOW","NVO","NXPI","ORCL","OXM","PAGS","PAYC","PCTY","PEP","PFE","PHG","PODD","PVH","PYPL","QCOM","SAIC","SBUX","SEE","SMP","SONY","SQM","STM","TDC","TEAM","TECH","TEX","TGT","TITN","TM","TEN","TRI","TX","UAL","UPS","VALE","VEEV","VFC","VMI","WDAY","WFC","WNS","X","ZTS"],"portfolio":{"AAP":{"cost_p":91.35,"position_%":11.7659938948209,"profit_%":-58.57690202517788},"ALB":{"cost_p":173.45,"position_%":6.383021787650904,"profit_%":-54.25771115595271},"CVS":{"cost_p":65.41,"position_%":4.814222601674785,"profit_%":1.8957345971564121},"DAC":{"cost_p":73.24,"position_%":4.042887135147468,"profit_%":9.243582741671233},"EL":{"cost_p":143.03,"position_%":5.263554951211927,"profit_%":-51.83527931203245},"EPAM":{"cost_p":248.63,"position_%":2.2874181422076165,"profit_%":-25.10155652978321},"EW":{"cost_p":87.4,"position_%":2.412263350709235,"profit_%":-19.187643020594976},"GGB":{"cost_p":2.9,"position_%":2.1344206611920002,"profit_%":4.1379310344827624},"GIS":{"cost_p":62.3,"position_%":4.585324385940056,"profit_%":-2.1829855537720695},"HAL":{"cost_p":34.9,"position_%":2.2475817565914036,"profit_%":-27.736389684813755},"ILPT":{"cost_p":17.2,"position_%":3.1648306355605524,"profit_%":-79.12790697674419},"KSS":{"cost_p":21.98,"position_%":5.257666894215536,"profit_%":-61.1010009099181},"MPW":{"cost_p":6.18,"position_%":3.9799585259985317,"profit_%":-2.4271844660194093},"NKE":{"cost_p":73.71,"position_%":5.425108515050425,"profit_%":-0.013566680233334563},"NVO":{"cost_p":89.89,"position_%":2.4809880159639945,"profit_%":-10.835465569028807},"PAGS":{"cost_p":6.91,"position_%":0.0635726153829169,"profit_%":20.40520984081042},"PEP":{"cost_p":144.84,"position_%":5.330163595983609,"profit_%":4.487710577188621},"PVH":{"cost_p":87.3,"position_%":4.819006647984352,"profit_%":-25.12027491408934},"PYPL":{"cost_p":68.03,"position_%":2.5035282341533063,"profit_%":2.381302366602976},"SEE":{"cost_p":37.16,"position_%":4.786254330941922,"profit_%":-18.78363832077502},"SID":{"cost_p":4.54,"position_%":2.9237883022707662,"profit_%":-60.13215859030837},"TGT":{"cost_p":135.71,"position_%":1.2485440859067516,"profit_%":-22.135435855869137},"VALE":{"cost_p":12.22,"position_%":2.24850176549709,"profit_%":-17.512274959083474},"VFC":{"cost_p":18.8,"position_%":1.2107317198830485,"profit_%":-12.553191489361698},"ZIM":{"cost_p":40.74,"position_%":8.620667448060896,"profit_%":-54.761904761904766}},"KellyFormula_Range_v1":{"MPW":{"profit":0.084630966,"loss":1.460475,"p":0.016666668,"q":0.9777778,"max_close":6.1630063,"min_close":3.5537283,"close":6.03},"VFC":{"profit":4.2570972,"loss":1.5937786,"p":0.82222223,"q":0.17222223,"max_close":26.803305,"min_close":11.724485,"close":16.44},"EW":{"profit":6.517044,"loss":3.1993103,"p":0.43333334,"q":0.5611111,"max_close":95.56,"min_close":59.7,"close":70.63},"VALE":{"profit":0.5843849,"loss":0.645525,"p":0.47777778,"q":0.51666665,"max_close":12.415653,"min_close":8.5,"close":10.08},"PYPL":{"profit":11.828903,"loss":6.3875504,"p":0.7222222,"q":0.27222222,"max_close":91.81,"min_close":57.22,"close":69.65},"DAC":{"profit":3.745575,"loss":1.432785,"p":0.67777777,"q":0.31666666,"max_close":95.34127,"min_close":68.85158,"close":80.01},"GIS":{"profit":5.750576,"loss":1.4651794,"p":0.7888889,"q":0.20555556,"max_close":73.79097,"min_close":57.56,"close":60.94},"NKE":{"profit":5.0773773,"loss":1.8292389,"p":0.71666664,"q":0.2777778,"max_close":98.972916,"min_close":68.33414,"close":73.7},"ZIM":{"profit":1.917141,"loss":2.275587,"p":0.44444445,"q":0.55,"max_close":23.31,"min_close":7.265722,"close":18.43},"PEP":{"profit":13.559692,"loss":4.4222717,"p":0.8,"q":0.19444445,"max_close":178.78223,"min_close":142.64,"close":151.34},"NVO":{"profit":32.339592,"loss":2.6149979,"p":0.95,"q":0.044444446,"max_close":146.36218,"min_close":74.79,"close":80.15},"KSS":{"profit":8.046895,"loss":0.41499996,"p":0.98333335,"q":0.011111111,"max_close":27.064508,"min_close":8.06,"close":8.55},"EL":{"profit":16.721306,"loss":3.606865,"p":0.85,"q":0.14444445,"max_close":150.7479,"min_close":62.143585,"close":68.89},"HAL":{"profit":4.0808372,"loss":0.5712185,"p":0.93333334,"q":0.06111111,"max_close":40.295,"min_close":23.98,"close":25.22},"GGB":{"profit":0.27914548,"loss":0.1254878,"p":0.6944444,"q":0.28333333,"max_close":3.8891463,"min_close":2.72,"close":3.02},"PVH":{"profit":31.331268,"loss":1.4750023,"p":0.98333335,"q":0.011111111,"max_close":140.38414,"min_close":63.81,"close":65.37},"SEE":{"profit":4.3052673,"loss":0.39453125,"p":0.9722222,"q":0.022222223,"max_close":39.125458,"min_close":29.359999,"close":30.18},"PAGS":{"profit":2.7566671,"loss":0.92370033,"p":0.43333334,"q":0.5555556,"max_close":14.6,"min_close":6.19,"close":8.32},"AAP":{"profit":9.732758,"loss":1.3588028,"p":0.84444445,"q":0.15,"max_close":84.78196,"min_close":33.63,"close":37.84},"ILPT":{"profit":0.6752217,"loss":0.1056931,"p":0.8111111,"q":0.17777778,"max_close":5.1334705,"min_close":3.2416239,"close":3.59},"EPAM":{"profit":32.05217,"loss":2.526001,"p":0.9388889,"q":0.055555556,"max_close":295.6,"min_close":170.25,"close":186.22},"SID":{"profit":0.3271191,"loss":0.309672,"p":0.65555555,"q":0.33888888,"max_close":3.0964158,"min_close":1.3,"close":1.81},"TGT":{"profit":34.372986,"loss":1.0699997,"p":0.98333335,"q":0.011111111,"max_close":172.50465,"min_close":104.5,"close":105.67},"CVS":{"profit":0.0,"loss":10.073029,"p":0.0,"q":0.99444443,"max_close":76.283394,"min_close":43.23058,"close":66.65},"ALB":{"profit":13.687515,"loss":3.640686,"p":0.8277778,"q":0.16666667,"max_close":133.06651,"min_close":69.5587,"close":79.34}},"Factor_Intersectional_v1":[],"stock_info":{"MPW":["Medical Properties Trust Inc","REIT - Healthcare Facilities","Real Estate"],"VFC":["VF Corp.","Apparel Manufacturing","Consumer Cyclical"],"EW":["Edwards Lifesciences Corp","Medical Devices","Healthcare"],"VALE":["Vale S.A. ADR","Other Industrial Metals & Mining","Basic Materials"],"PYPL":["PayPal Holdings Inc","Credit Services","Financial"],"DAC":["Danaos Corporation","Marine Shipping","Industrials"],"GIS":["General Mills, Inc.","Packaged Foods","Consumer Defensive"],"NKE":["Nike, Inc.","Footwear & Accessories","Consumer Cyclical"],"ZIM":["Zim Integrated Shipping Services Ltd","Marine Shipping","Industrials"],"PEP":["PepsiCo Inc","Beverages - Non-Alcoholic","Consumer Defensive"],"NVO":["Novo Nordisk ADR","Biotechnology","Healthcare"],"KSS":["Kohl's Corp.","Department Stores","Consumer Cyclical"],"EL":["Estee Lauder Cos., Inc.","Household & Personal Products","Consumer Defensive"],"HAL":["Halliburton Co.","Oil & Gas Equipment & Services","Energy"],"GGB":["Gerdau S.A. ADR","Steel","Basic Materials"],"PVH":["PVH Corp","Apparel Manufacturing","Consumer Cyclical"],"SEE":["Sealed Air Corp.","Packaging & Containers","Consumer Cyclical"],"PAGS":["PagSeguro Digital Ltd","Software - Infrastructure","Technology"],"AAP":["Advance Auto Parts Inc","Specialty Retail","Consumer Cyclical"],"ILPT":["Industrial Logistics Properties Trust","REIT - Industrial","Real Estate"],"EPAM":["EPAM Systems Inc","Information Technology Services","Technology"],"SID":["Companhia Siderurgica Nacional ADR","Steel","Basic Materials"],"TGT":["Target Corp","Discount Stores","Consumer Defensive"],"CVS":["CVS Health Corp","Healthcare Plans","Healthcare"],