{"hold_stock_list":["SMP","T","DHI","C","REGI","TDS","BGFV","BIO","WFC","PSX","SNX","LAKE","HTH"],"portfolio":{"BGFV":{"cost_p":12.23,"position_%":9.612785307630746,"profit_%":24.039247751430903},"BIO":{"cost_p":597.32,"position_%":6.371701289517928,"profit_%":5.250117190115834},"C":{"cost_p":62.71,"position_%":5.527531209129732,"profit_%":1.4989634826981306},"DHI":{"cost_p":72.88,"position_%":4.0916936877708725,"profit_%":13.830954994511524},"HTH":{"cost_p":29.44,"position_%":7.437809821019281,"profit_%":6.657608695652165},"LAKE":{"cost_p":29.73,"position_%":7.010337870707982,"profit_%":39.186007399932734},"PSX":{"cost_p":70.43,"position_%":9.88535902955895,"profit_%":7.6103932983103775},"REGI":{"cost_p":80.92,"position_%":6.3603155118027805,"profit_%":37.77805239742955},"SMP":{"cost_p":41.45,"position_%":14.823771684839654,"profit_%":6.875753920385994},"SNX":{"cost_p":86.45,"position_%":7.037651385788944,"profit_%":2.6373626373626387},"T":{"cost_p":28.54,"position_%":6.729735715775506,"profit_%":0.8058864751226364},"TDS":{"cost_p":20.77,"position_%":5.830438933520926,"profit_%":0.3851709195955794},"WFC":{"cost_p":31.79,"position_%":9.280868552936708,"profit_%":5.064485687323056}},"KellyFormula_Range_v1":{"DHI":{"profit":0.0,"loss":14.4999237,"p":0.0,"q":0.99444443,"max_close":82.96,"min_close":50.8004265,"close":82.96},"T":{"profit":0.543046951,"loss":0.7980118,"p":0.3888889,"q":0.605555534,"max_close":31.50766,"min_close":26.033514,"close":28.77},"TDS":{"profit":1.85151672,"loss":1.83330345,"p":0.15,"q":0.8388889,"max_close":23.91577,"min_close":16.5031128,"close":20.85},"SNX":{"profit":1.42555237,"loss":28.8716545,"p":0.0222222228,"q":0.9722222,"max_close":91.34,"min_close":39.68084,"close":88.73},"REGI":{"profit":0.0,"loss":60.79356,"p":0.0,"q":0.99444443,"max_close":111.49,"min_close":22.31,"close":111.49},"SMP":{"profit":2.84328842,"loss":3.17354965,"p":0.51111114,"q":0.483333319,"max_close":54.17,"min_close":37.89841,"close":44.3},"BGFV":{"profit":0.1800003,"loss":8.237566,"p":0.00555555569,"q":0.98888886,"max_close":15.35,"min_close":1.70301187,"close":15.17},"PSX":{"profit":4.53865051,"loss":13.82893,"p":0.06666667,"q":0.927777767,"max_close":87.2001343,"min_close":43.5934563,"close":75.79},"HTH":{"profit":1.11571312,"loss":9.513428,"p":0.03888889,"q":0.955555558,"max_close":33.22,"min_close":16.5046616,"close":31.4},"BIO":{"profit":5.70007324,"loss":96.56714,"p":0.0166666675,"q":0.9777778,"max_close":643.45,"min_close":432.34,"close":628.68},"LAKE":{"profit":0.0,"loss":18.7428722,"p":0.0,"q":0.99444443,"max_close":41.38,"min_close":13.5,"close":41.38},"WFC":{"profit":0.65905,"loss":7.15473747,"p":0.0166666675,"q":0.9777778,"max_close":34.6439247,"min_close":20.9815083,"close":33.4},"C":{"profit":2.00384521,"loss":12.9786224,"p":0.0444444455,"q":0.95,"max_close":68.40837,"min_close":40.2755241,"close":63.65}}}