{
    "KellyFormula_Range_v1": {
        "ARLP": {
            "close": 19.88,
            "loss": 6.482088,
            "max_close": 19.98,
            "min_close": 9.11,
            "p": 0.0111111114,
            "profit": 0.0599994659,
            "q": 0.983333349
        },
        "AX": {
            "close": 38.15,
            "loss": 1.97937775,
            "max_close": 62.14,
            "min_close": 34.86,
            "p": 0.905555546,
            "profit": 13.8022079,
            "q": 0.08888889
        },
        "BAC": {
            "close": 36.67,
            "loss": 1.1517601,
            "max_close": 49.38,
            "min_close": 33.86,
            "p": 0.9,
            "profit": 7.431652,
            "q": 0.0944444463
        },
        "BIO": {
            "close": 522.46,
            "loss": 19.5528564,
            "max_close": 820.1,
            "min_close": 475.22,
            "p": 0.877777755,
            "profit": 151.952942,
            "q": 0.116666667
        },
        "BK": {
            "close": 45.66,
            "loss": 2.118332,
            "max_close": 63.66,
            "min_close": 42.06,
            "p": 0.8611111,
            "profit": 10.1303215,
            "q": 0.13333334
        },
        "C": {
            "close": 54.09,
            "loss": 3.45204926,
            "max_close": 72.53,
            "min_close": 46.56,
            "p": 0.7777778,
            "profit": 10.7740746,
            "q": 0.216666669
        },
        "CPLP": {
            "close": 15.49,
            "loss": 1.2418251,
            "max_close": 18.76,
            "min_close": 12.35,
            "p": 0.477777779,
            "profit": 0.8035469,
            "q": 0.516666651
        },
        "DAC": null,
        "EDRY": {
            "close": 28.25,
            "loss": 6.21555138,
            "max_close": 42.75,
            "min_close": 17.0,
            "p": 0.444444448,
            "profit": 4.386921,
            "q": 0.55
        },
        "ET": {
            "close": 11.57,
            "loss": 1.80582523,
            "max_close": 12.08,
            "min_close": 8.15,
            "p": 0.05,
            "profit": 0.2011118,
            "q": 0.9444444
        },
        "GOGL": {
            "close": 15.79,
            "loss": 5.086488,
            "max_close": 16.02,
            "min_close": 7.68,
            "p": 0.00555555569,
            "profit": 0.2300005,
            "q": 0.98888886
        },
        "HIMX": {
            "close": 9.39,
            "loss": 0.4691677,
            "max_close": 15.99,
            "min_close": 7.97,
            "p": 0.85,
            "profit": 1.65215969,
            "q": 0.13333334
        },
        "ILPT": {
            "close": 14.95,
            "loss": 0.4830761,
            "max_close": 28.4,
            "min_close": 13.97,
            "p": 0.9222222,
            "profit": 8.57253551,
            "q": 0.0722222254
        },
        "INTC": {
            "close": 43.48,
            "loss": 1.11000443,
            "max_close": 56.0,
            "min_close": 41.65,
            "p": 0.9388889,
            "profit": 6.52798462,
            "q": 0.055555556
        },
        "NMM": {
            "close": 31.2,
            "loss": 3.27471733,
            "max_close": 36.49,
            "min_close": 22.8,
            "p": 0.294444442,
            "profit": 1.66848755,
            "q": 0.6944444
        },
        "PKX": {
            "close": 58.6,
            "loss": 1.921196,
            "max_close": 79.19,
            "min_close": 52.4,
            "p": 0.6166667,
            "profit": 4.95486832,
            "q": 0.372222215
        },
        "SB": {
            "close": 4.56,
            "loss": 0.5983708,
            "max_close": 5.28,
            "min_close": 3.24,
            "p": 0.23888889,
            "profit": 0.260930061,
            "q": 0.75
        },
        "SID": {
            "close": 4.52,
            "loss": 0.414999485,
            "max_close": 6.42,
            "min_close": 3.3,
            "p": 0.55,
            "profit": 0.6654539,
            "q": 0.444444448
        },
        "STC": {
            "close": 56.33,
            "loss": 2.51666641,
            "max_close": 80.18,
            "min_close": 50.44,
            "p": 0.844444454,
            "profit": 13.2078247,
            "q": 0.15
        },
        "THO": {
            "close": 75.21,
            "loss": 3.50499725,
            "max_close": 127.44,
            "min_close": 69.02,
            "p": 0.9611111,
            "profit": 22.5519485,
            "q": 0.0333333351
        },
        "TX": {
            "close": 44.56,
            "loss": 3.21868134,
            "max_close": 53.11,
            "min_close": 36.57,
            "p": 0.2777778,
            "profit": 2.80360031,
            "q": 0.716666639
        },
        "WGO": {
            "close": 49.05,
            "loss": 3.03000259,
            "max_close": 78.55,
            "min_close": 44.28,
            "p": 0.966666639,
            "profit": 16.8226051,
            "q": 0.027777778
        },
        "ZIM": {
            "close": 69.53,
            "loss": 13.2595749,
            "max_close": 88.62,
            "min_close": 43.31,
            "p": 0.194444448,
            "profit": 5.221718,
            "q": 0.8
        }
    },
    "hold_stock_list": [
        "AX",
        "BIO",
        "HIMX",
        "ILPT",
        "STC",
        "ET",
        "INTC",
        "ARLP",
        "BAC",
        "BK",
        "C",
        "THO",
        "WGO",
        "DAC",
        "GOGL",
        "CPLP",
        "EDRY",
        "SB",
        "NMM",
        "ZIM",
        "SID",
        "PKX",
        "TX"
    ],
    "portfolio": {
        "ARLP": {
            "cost_p": 14.01,
            "position_%": 1.8201343495598548,
            "profit_%": 41.89864382583868
        },
        "AX": {
            "cost_p": 37.5,
            "position_%": 2.923127970385206,
            "profit_%": 1.7333333333333294
        },
        "BAC": {
            "cost_p": 37.29,
            "position_%": 5.813516907502097,
            "profit_%": -1.66264414052024
        },
        "BIO": {
            "cost_p": 550.38,
            "position_%": 10.296519502979901,
            "profit_%": -5.072858752134881
        },
        "BK": {
            "cost_p": 44.42,
            "position_%": 6.347994617287196,
            "profit_%": 2.79153534443943
        },
        "C": {
            "cost_p": 50,
            "position_%": 6.495839934189346,
            "profit_%": 8.180000000000007
        },
        "CPLP": {
            "cost_p": 12.99,
            "position_%": 1.3500953719219138,
            "profit_%": 19.24557351809084
        },
        "DAC": {
            "cost_p": 76.97,
            "position_%": 2.999908798407324,
            "profit_%": 7.366506431077045
        },
        "EDRY": {
            "cost_p": 22.24,
            "position_%": 0.8668048808182262,
            "profit_%": 27.02338129496404
        },
        "ET": {
            "cost_p": 9.35,
            "position_%": 2.7088302109562994,
            "profit_%": 23.743315508021396
        },
        "GOGL": {
            "cost_p": 10.75,
            "position_%": 1.3966055858507096,
            "profit_%": 46.88372093023255
        },
        "HIMX": {
            "cost_p": 9.18,
            "position_%": 5.128335711243805,
            "profit_%": 2.2875816993464144
        },
        "ILPT": {
            "cost_p": 17.42,
            "position_%": 4.526301266143137,
            "profit_%": -14.179104477611954
        },
        "INTC": {
            "cost_p": 45.14,
            "position_%": 8.796666438879212,
            "profit_%": -3.6774479397430295
        },
        "NMM": {
            "cost_p": 30.04,
            "position_%": 2.0879448383666133,
            "profit_%": 3.8615179760319576
        },
        "PKX": {
            "cost_p": 58.54,
            "position_%": 1.5210658789897773,