{
    "KellyFormula_Range_v1": {
        "BIO": {
            "close": 592.93,
            "loss": 33.4123535,
            "max_close": 662.35,
            "min_close": 478.82,
            "p": 0.344444454,
            "profit": 24.5758057,
            "q": 0.65
        },
        "CNNE": {
            "close": 35.29,
            "loss": 0.338336945,
            "max_close": 45.6,
            "min_close": 34.48,
            "p": 0.9611111,
            "profit": 4.68652344,
            "q": 0.0333333351
        },
        "KGC": {
            "close": 8.07,
            "loss": 0.860682964,
            "max_close": 9.875889,
            "min_close": 6.16129827,
            "p": 0.23888889,
            "profit": 0.7139349,
            "q": 0.75555557
        },
        "LAKE": {
            "close": 24.78,
            "loss": 3.24726486,
            "max_close": 44.43,
            "min_close": 18.3,
            "p": 0.5888889,
            "profit": 4.67923737,
            "q": 0.405555546
        },
        "LDI": {
            "close": 15.05,
            "loss": 1.57500076,
            "max_close": 30.538002,
            "min_close": 12.1,
            "p": 0.327777773,
            "profit": 5.129037,
            "q": 0.06666667
        },
        "QDEL": {
            "close": 119.04,
            "loss": 5.333153,
            "max_close": 283.45,
            "min_close": 104.79,
            "p": 0.8888889,
            "profit": 73.6453,
            "q": 0.105555557
        },
        "STC": {
            "close": 59.08,
            "loss": 10.8404732,
            "max_close": 61.6,
            "min_close": 40.5055351,
            "p": 0.1,
            "profit": 1.21944427,
            "q": 0.894444466
        },
        "TX": {
            "close": 37.01,
            "loss": 10.6125736,
            "max_close": 40.88,
            "min_close": 16.979887,
            "p": 0.155555561,
            "profit": 1.60390472,
            "q": 0.8388889
        }
    },
    "hold_stock_list": [
        "QDEL",
        "BIO",
        "KGC",
        "STC",
        "CNNE",
        "LAKE",
        "LDI",
        "TX"
    ],
    "portfolio": {
        "BIO": {
            "cost_p": 580.11,
            "position_%": 15.234179185289454,
            "profit": 0,
            "profit_%": 2.2099257037458306
        },
        "CNNE": {
            "cost_p": 40.66,
            "position_%": 4.253841908777192,
            "profit": 0,
            "profit_%": -13.207083128381697
        },
        "KGC": {
            "cost_p": 7.61,
            "position_%": 14.762746177956284,
            "profit": 0,
            "profit_%": 6.044678055190538
        },
        "LAKE": {
            "cost_p": 28.88,
            "position_%": 9.663652359263788,
            "profit": 0,
            "profit_%": -14.196675900277
        },
        "LDI": {
            "cost_p": 13.57,
            "position_%": 14.254387033105989,
            "profit": 0,
            "profit_%": 10.906411201179074
        },
        "QDEL": {
            "cost_p": 112.07,
            "position_%": 14.572859085615143,
            "profit": 0,
            "profit_%": 6.219327206210417
        },
        "STC": {
            "cost_p": 53.5,
            "position_%": 12.0101012766456,
            "profit": 0,
            "profit_%": 10.429906542056072
        },
        "TX": {
            "cost_p": 40.0,
            "position_%": 15.248232973346553,
            "profit": 0,
            "profit_%": -7.475000000000005
        }
    }
}