{
    "KellyFormula_Range_v1": {
        "BAC": {
            "close": 31.79,
            "loss": 0.516002655,
            "max_close": 49.38,
            "min_close": 30.98,
            "p": 0.966666639,
            "profit": 10.3739014,
            "q": 0.027777778
        },
        "BIO": {
            "close": 517.12,
            "loss": 20.88031,
            "max_close": 794.68,
            "min_close": 463.67,
            "p": 0.794444442,
            "profit": 128.44281,
            "q": 0.2
        },
        "C": {
            "close": 46.82,
            "loss": 0.591247559,
            "max_close": 71.82,
            "min_close": 45.69,
            "p": 0.95,
            "profit": 12.0830536,
            "q": 0.0444444455
        },
        "CCS": {
            "close": 49.1,
            "loss": 3.77999878,
            "max_close": 84.95,
            "min_close": 40.36,
            "p": 0.877777755,
            "profit": 14.938652,
            "q": 0.116666667
        },
        "DAC": {
            "close": 60.48,
            "loss": 1.22333145,
            "max_close": 106.64,
            "min_close": 57.38,
            "p": 0.9777778,
            "profit": 20.99326,
            "q": 0.0166666675
        },
        "DHI": {
            "close": 73.36,
            "loss": 4.48539734,
            "max_close": 109.65,
            "min_close": 60.56,
            "p": 0.716666639,
            "profit": 16.853714,
            "q": 0.2777778
        },
        "EDRY": {
            "close": 16.47,
            "loss": 0.4699993,
            "max_close": 42.75,
            "min_close": 16.0,
            "p": 0.98888886,
            "profit": 9.203154,
            "q": 0.00555555569
        },
        "GGB": {
            "close": 4.43,
            "loss": 0.146923065,
            "max_close": 6.51,
            "min_close": 4.06,
            "p": 0.9166667,
            "profit": 0.9137564,
            "q": 0.0722222254
        },
        "HIMX": {
            "close": 6.64,
            "loss": 0.0899996758,
            "max_close": 15.99,
            "min_close": 6.51,
            "p": 0.983333349,
            "profit": 3.85667086,
            "q": 0.0111111114
        },
        "ILPT": {
            "close": 14.13,
            "loss": 0.3637495,
            "max_close": 28.4,
            "min_close": 13.09,
            "p": 0.927777767,
            "profit": 7.374917,
            "q": 0.06666667
        },
        "INTC": {
            "close": 37.99,
            "loss": 0.6800003,
            "max_close": 56.0,
            "min_close": 36.34,
            "p": 0.9222222,
            "profit": 10.1510162,
            "q": 0.0722222254
        },
        "NMM": {
            "close": 21.33,
            "loss": 0.809999466,
            "max_close": 36.49,
            "min_close": 20.52,
            "p": 0.98888886,
            "profit": 7.499447,
            "q": 0.00555555569
        },
        "SID": {
            "close": 2.84,
            "loss": 0.103333235,
            "max_close": 5.71,
            "min_close": 2.68,
            "p": 0.9777778,
            "profit": 1.61664653,
            "q": 0.0166666675
        },
        "STC": {
            "close": 49.81,
            "loss": 1.511673,
            "max_close": 80.18,
            "min_close": 45.91,
            "p": 0.927777767,
            "profit": 16.5968132,
            "q": 0.06666667
        },
        "THO": {
            "close": 82.69,
            "loss": 5.27536774,
            "max_close": 114.76,
            "min_close": 69.02,
            "p": 0.622222245,
            "profit": 15.8024063,
            "q": 0.372222215
        },
        "TX": {
            "close": 34.61,
            "loss": 0.520000458,
            "max_close": 49.66,
            "min_close": 34.09,
            "p": 0.98888886,
            "profit": 7.58813858,
            "q": 0.00555555569
        },
        "WGO": {
            "close": 53.39,
            "loss": 4.00511551,
            "max_close": 77.45,
            "min_close": 44.28,
            "p": 0.75555557,
            "profit": 12.2173615,
            "q": 0.23888889
        },
        "X": {
            "close": 17.62,
            "loss": 0.585001,
            "max_close": 38.45,
            "min_close": 17.02,
            "p": 0.983333349,
            "profit": 8.570837,
            "q": 0.0111111114
        },
        "ZIM": {
            "close": 44.55,
            "loss": 1.60499954,
            "max_close": 88.62,
            "min_close": 42.05,
            "p": 0.9722222,
            "profit": 16.10748,
            "q": 0.0222222228
        }
    },
    "hold_stock_list": [
        "BIO",
        "ILPT",
        "INTC",
        "HIMX",
        "STC",
        "DHI",
        "CCS",
        "BAC",
        "C",
        "THO",
        "WGO",
        "DAC",
        "EDRY",
        "NMM",
        "ZIM",
        "X",
        "GGB",
        "SID",
        "TX"
    ],
    "portfolio": {
        "BAC": {
            "cost_p": 35.99,
            "position_%": 5.348246869616792,
            "profit_%": -11.669908307863302
        },
        "BIO": {
            "cost_p": 550.38,
            "position_%": 7.088336659682498,
            "profit_%": -6.0430974962752995
        },
        "C": {
            "cost_p": 49.1,
            "position_%": 11.552698677098975,
            "profit_%": -4.643584521384931
        },
        "CCS": {
            "cost_p": 45,
            "position_%": 2.786319222153789,
            "profit_%": 9.111111111111114
        },
        "DAC": {
            "cost_p": 73.49,
            "position_%": 5.460442656962185,
            "profit_%": -17.703088855626614
        },
        "DHI": {
            "cost_p": 65,
            "position_%": 3.2197466567110444,
            "profit_%": 12.86153846153846
        },
        "EDRY": {
            "cost_p": 22.24,
            "position_%": 0.8262365266760033,
            "profit_%": -25.944244604316545
        },
        "GGB": {
            "cost_p": 4.57,
            "position_%": 2.4901025297363724,
            "profit_%": -3.0634573304157673
        },
        "HIMX": {
            "cost_p": 7.32,
            "position_%": 4.71370910542497,
            "profit_%": -9.289617486338805
        },
        "ILPT": {
            "cost_p": 17.42,
            "position_%": 4.3144605199928,
            "profit_%": -18.886337543053962
        },
        "INTC": {
            "cost_p": 43.58,
            "position_%": 5.936469816515926,
            "profit_%": -12.826984855438267
        },
        "NMM": {
            "cost_p": 30.04,
            "position_%": 1.9902244776409954,
            "profit_%": -28.994673768308925
        },
        "SID": {
            "cost_p": 4.82,
            "position_%": 4.178240469131947,
            "profit_%": -41.07883817427386
        },
        "STC": {
            "cost_p": 52.86,
            "position_%": 7.855191151095961,
            "profit_%": -5.7699583806280685
        },
        "THO": {
            "cost_p": 80.73,
            "position_%": 7.607955473875812,
            "profit_%": 2.427845906106768
        },
        "TX": {
            "cost_p": 39.96,
            "position_%": 2.9691017631270773,
            "profit_%": -13.388388388388393
        },
        "WGO": {
            "cost_p": 53.71,
            "position_%": 7.648941610451645,
            "profit_%": -0.5957922174641599
        },
        "X": {
            "cost_p": 19.57,
            "position_%": 4.846957082448857,
            "profit_%": -9.964230965763921
        },
        "ZIM": {
            "cost_p": 56.94,
            "position_%": 9.166618731656344,
            "profit_%": -21.759747102212856
        }
    }
}