{
    "Factor_Intersectional_v1": [],
    "KellyFormula_Range_v1": {
        "AAP": {
            "close": 51.88,
            "loss": 10.301281,
            "max_close": 66.16962,
            "min_close": 29.799515,
            "p": 0.4611111,
            "profit": 6.371147,
            "q": 0.53333336
        },
        "ALB": {
            "close": 129.99,
            "loss": 54.03466,
            "max_close": 129.99,
            "min_close": 50.15882,
            "p": 0.0,
            "profit": 0.0,
            "q": 0.99444443
        },
        "EL": {
            "close": 94.07,
            "loss": 16.542511,
            "max_close": 102.137054,
            "min_close": 49.429493,
            "p": 0.08888889,
            "profit": 3.7337265,
            "q": 0.90555555
        },
        "EPAM": {
            "close": 187.0,
            "loss": 21.151443,
            "max_close": 267.63,
            "min_close": 142.2,
            "p": 0.0,
            "profit": 0.0,
            "q": 0.99444443
        },
        "HAL": {
            "close": 26.22,
            "loss": 4.262272,
            "max_close": 30.970554,
            "min_close": 18.956635,
            "p": 0.11666667,
            "profit": 0.81142426,
            "q": 0.87777776
        },
        "ILPT": {
            "close": 5.54,
            "loss": 1.4922428,
            "max_close": 6.3965173,
            "min_close": 2.4559078,
            "p": 0.31666666,
            "profit": 0.3658805,
            "q": 0.6722222
        },
        "MPW": {
            "close": 5.76,
            "loss": 1.0431633,
            "max_close": 5.9922843,
            "min_close": 3.5418787,
            "p": 0.06111111,
            "profit": 0.09102011,
            "q": 0.93333334
        },
        "NKE": {
            "close": 64.63,
            "loss": 4.66481,
            "max_close": 80.3541,
            "min_close": 52.644737,
            "p": 0.55,
            "profit": 7.702217,
            "q": 0.44444445
        },
        "NVO": {
            "close": 49.35,
            "loss": 1.6573944,
            "max_close": 109.918755,
            "min_close": 44.97,
            "p": 0.8666667,
            "profit": 14.087299,
            "q": 0.12777779
        },
        "PVH": {
            "close": 84.76,
            "loss": 10.366936,
            "max_close": 112.64483,
            "min_close": 60.41741,
            "p": 0.12777779,
            "profit": 1.585846,
            "q": 0.8666667
        },
        "PYPL": {
            "close": 62.69,
            "loss": 2.0357742,
            "max_close": 91.59824,
            "min_close": 57.277588,
            "p": 0.87222224,
            "profit": 7.253536,
            "q": 0.12222222
        },
        "SBUX": {
            "close": 87.11,
            "loss": 3.9288101,
            "max_close": 113.42715,
            "min_close": 77.89724,
            "p": 0.3888889,
            "profit": 5.045128,
            "q": 0.60555553
        },
        "SID": {
            "close": 1.58,
            "loss": 0.11692333,
            "max_close": 1.94,
            "min_close": 1.25,
            "p": 0.31666666,
            "profit": 0.09596431,
            "q": 0.65
        },
        "TGT": {
            "close": 90.62,
            "loss": 2.35112,
            "max_close": 136.47894,
            "min_close": 83.68,
            "p": 0.68333334,
            "profit": 6.302643,
            "q": 0.30555555
        },
        "VALE": {
            "close": 12.61,
            "loss": 2.5286055,
            "max_close": 12.61,
            "min_close": 7.91076,
            "p": 0.0,
            "profit": 0.0,
            "q": 0.99444443
        },
        "VFC": {
            "close": 17.5,
            "loss": 3.9853897,
            "max_close": 26.460835,
            "min_close": 9.61555,
            "p": 0.0,
            "profit": 0.0,
            "q": 0.99444443
        },
        "ZIM": {
            "close": 20.41,
            "loss": 5.293643,
            "max_close": 20.41,
            "min_close": 11.213416,
            "p": 0.0,
            "profit": 0.0,
            "q": 0.99444443
        }
    },
    "hold_stock_list": [
        "EL",
        "TGT",
        "SBUX",
        "NKE",
        "PVH",
        "VFC",
        "MPW",
        "NVO",
        "ILPT",
        "AAP",
        "PYPL",
        "EPAM",
        "ZIM",
        "VALE",
        "SID",
        "HAL",
        "ALB"
    ],
    "portfolio": {
        "AAP": {
            "cost_p": 91.35,
            "position_%": 14.181951251968329,
            "profit_%": -43.20744389709906
        },
        "ALB": {
            "cost_p": 173.45,
            "position_%": 7.693672514360488,
            "profit_%": -25.056212164889008
        },
        "EL": {
            "cost_p": 143.03,
            "position_%": 6.344341191864979,
            "profit_%": -34.230580996993645
        },
        "EPAM": {
            "cost_p": 248.63,
            "position_%": 2.757102619264122,
            "profit_%": -24.787837348670713
        },
        "HAL": {
            "cost_p": 26.94,
            "position_%": 5.676107254541019,
            "profit_%": -2.6726057906458887
        },
        "ILPT": {
            "cost_p": 17.2,
            "position_%": 3.814677637561268,
            "profit_%": -67.79069767441861
        },
        "MPW": {
            "cost_p": 6.18,
            "position_%": 4.797178912816873,
            "profit_%": -6.796116504854369
        },
        "NKE": {
            "cost_p": 70.07,
            "position_%": 10.101244205903877,
            "profit_%": -7.763664906522047
        },
        "NVO": {
            "cost_p": 74.48,
            "position_%": 5.781454456741112,
            "profit_%": -33.7406015037594
        },
        "PVH": {
            "cost_p": 87.3,
            "position_%": 5.8085120539377675,
            "profit_%": -2.909507445589911
        },
        "PYPL": {
            "cost_p": 68.03,
            "position_%": 3.017587438177826,
            "profit_%": -7.849478171394978
        },
        "SBUX": {
            "cost_p": 79.91,
            "position_%": 3.5445452327618714,
            "profit_%": 9.010136403453888
        },
        "SID": {
            "cost_p": 4.54,
            "position_%": 3.52414114307259,
            "profit_%": -65.19823788546255
        },
        "TGT": {
            "cost_p": 107.3,
            "position_%": 4.759475703608419,
            "profit_%": -15.545200372786574
        },
        "VALE": {
            "cost_p": 12.22,
            "position_%": 2.710195391337133,
            "profit_%": 3.191489361702118
        },
        "VFC": {
            "cost_p": 18.8,
            "position_%": 1.4593359799507641,
            "profit_%": -6.91489361702128
        },
        "ZIM": {
            "cost_p": 29.42,
            "position_%": 14.028477012131562,
            "profit_%": -30.625424881033315
        }
    },
    "stock_info": {
        "AAP": [
            "Advance Auto Parts Inc",
            "Auto Parts",
            "Consumer Cyclical"
        ],
        "ALB": [
            "Albemarle Corp",
            "Specialty Chemicals",
            "Basic Materials"
        ],
        "EL": [
            "Estee Lauder Cos., Inc",
            "Household & Personal Products",
            "Consumer Defensive"
        ],
        "EPAM": [
            "EPAM Systems Inc",
            "Information Technology Services",
            "Technology"
        ],
        "HAL": [
            "Halliburton Co",
            "Oil & Gas Equipment & Services",
            "Energy"
        ],
        "ILPT": [
            "Industrial Logistics Properties Trust",
            "REIT - Industrial",
            "Real Estate"
        ],
        "MPW": [
            "Medical Properties Trust Inc",
            "REIT - Healthcare Facilities",
            "Real Estate"
        ],