{"hold_stock_list":["SMP","T","DHI","C","REGI","TDS","BGFV","BIO","WFC","PSX","SNX","LAKE","HTH"],"portfolio":{"BGFV":{"cost_p":12.23,"position_%":9.612785307630746,"profit_%":14.554374488961564},"BIO":{"cost_p":597.32,"position_%":6.371701289517928,"profit_%":-0.1138418268265023},"C":{"cost_p":62.71,"position_%":5.527531209129732,"profit_%":-4.991229468984217},"DHI":{"cost_p":72.88,"position_%":4.0916936877708725,"profit_%":6.229418221734367},"HTH":{"cost_p":29.44,"position_%":7.437809821019281,"profit_%":4.110054347826077},"LAKE":{"cost_p":29.73,"position_%":7.010337870707982,"profit_%":2.8254288597376385},"PSX":{"cost_p":70.43,"position_%":9.88535902955895,"profit_%":-2.513133607837583},"REGI":{"cost_p":80.92,"position_%":6.3603155118027805,"profit_%":16.868512110726634},"SMP":{"cost_p":41.45,"position_%":14.823771684839654,"profit_%":-0.5066344993968657},"SNX":{"cost_p":86.45,"position_%":7.037651385788944,"profit_%":-1.6310005783689956},"T":{"cost_p":28.54,"position_%":6.729735715775506,"profit_%":0.0},"TDS":{"cost_p":20.77,"position_%":5.830438933520926,"profit_%":-6.451612903225806},"WFC":{"cost_p":31.79,"position_%":9.280868552936708,"profit_%":-3.271469015413649}},"KellyFormula_Range_v1":{"WFC":{"profit":1.8769722,"loss":5.171484,"p":0.1,"q":0.894444466,"max_close":34.75,"min_close":21.0457516,"close":30.75},"SMP":{"profit":4.467678,"loss":1.53334045,"p":0.733333349,"q":0.2611111,"max_close":54.17,"min_close":37.36127,"close":41.24},"REGI":{"profit":4.02500153,"loss":47.16577,"p":0.0333333351,"q":0.9611111,"max_close":100.53,"min_close":22.31,"close":94.57},"BIO":{"profit":15.821228,"loss":74.36505,"p":0.0944444463,"q":0.9,"max_close":643.45,"min_close":432.34,"close":596.64},"TDS":{"profit":1.50123215,"loss":0.9249878,"p":0.427777767,"q":0.566666663,"max_close":23.91577,"min_close":16.5031128,"close":19.43},"DHI":{"profit":0.574188232,"loss":10.1328506,"p":0.055555556,"q":0.9388889,"max_close":78.97,"min_close":50.8004265,"close":77.42},"BGFV":{"profit":0.130000114,"loss":7.36914158,"p":0.00555555569,"q":0.98888886,"max_close":14.14,"min_close":1.20670557,"close":14.01},"T":{"profit":0.6016884,"loss":0.794862747,"p":0.5222222,"q":0.4722222,"max_close":31.50766,"min_close":26.033514,"close":28.54},"C":{"profit":2.7232666,"loss":10.4772758,"p":0.1388889,"q":0.855555534,"max_close":68.40837,"min_close":40.2755241,"close":59.58},"PSX":{"profit":5.274048,"loss":9.993839,"p":0.3,"q":0.6944444,"max_close":87.2001343,"min_close":43.5934563,"close":68.66},"LAKE":{"profit":0.339998245,"loss":8.516556,"p":0.0166666675,"q":0.9777778,"max_close":31.25,"min_close":13.5,"close":30.57},"HTH":{"profit":1.52111244,"loss":9.204098,"p":0.05,"q":0.9444444,"max_close":33.22,"min_close":15.8797855,"close":30.65},"SNX":{"profit":2.66713715,"loss":28.2964783,"p":0.08888889,"q":0.905555546,"max_close":91.34,"min_close":39.68084,"close":85.04}}}