{"hold_stock_list":["BIO","ILPT","ASML","NFLX","NKE","INTC","HIMX","STC","VALE","CCS","BAC","C","THO","MMM","EMN","DAC","EDRY","NMM","ZIM","GGB","SID","TX"],"portfolio":{"ASML":{"cost_p":569.13,"position_%":3.452652560251708,"profit_%":-20.067471403721466},"BAC":{"cost_p":35.99,"position_%":5.240038612343429,"profit_%":-7.891080855793285},"BIO":{"cost_p":522.14,"position_%":4.75137844027681,"profit_%":-17.460834259010984},"C":{"cost_p":49.1,"position_%":11.318959019762861,"profit_%":-5.641547861507135},"CCS":{"cost_p":45.45,"position_%":2.2057956370381477,"profit_%":0.6160616061606029},"DAC":{"cost_p":73.49,"position_%":5.349964401515956,"profit_%":-18.9277452714655},"EDRY":{"cost_p":22.24,"position_%":0.8095197189394125,"profit_%":-35.70143884892086},"EMN":{"cost_p":85,"position_%":3.0939377747234746,"profit_%":-11.047058823529413},"GGB":{"cost_p":4.57,"position_%":2.4397215989858676,"profit_%":1.7505470459518613},"HIMX":{"cost_p":7.32,"position_%":4.6183391159637,"profit_%":-27.59562841530055},"ILPT":{"cost_p":17.42,"position_%":4.227168316524152,"profit_%":-57.520091848450065},"INTC":{"cost_p":39.47,"position_%":8.62007463305898,"profit_%":-27.869267798327847},"MMM":{"cost_p":129.87,"position_%":6.302897236130786,"profit_%":-11.596211596211598},"NFLX":{"cost_p":248.68,"position_%":3.017256650267583,"profit_%":-4.749075116615733},"NKE":{"cost_p":115.53,"position_%":2.8034716165788476,"profit_%":-13.624166883060674},"NMM":{"cost_p":30.04,"position_%":1.949957315791798,"profit_%":-10.95206391478029},"SID":{"cost_p":4.82,"position_%":4.093704334085099,"profit_%":-49.1701244813278},"STC":{"cost_p":52.86,"position_%":7.696261212794488,"profit_%":-7.983352251229661},"THO":{"cost_p":79.5,"position_%":2.8937418010648965,"profit_%":-8.528301886792454},"TX":{"cost_p":39.96,"position_%":2.909029493598825,"profit_%":-27.602602602602605},"VALE":{"cost_p":13.29,"position_%":3.224975139299998,"profit_%":-1.203912716328054},"ZIM":{"cost_p":56.94,"position_%":8.981155371003178,"profit_%":-52.335792061819454}},"KellyFormula_Range_v1":{"HIMX":{"profit":3.81575584,"loss":0.0,"p":0.99444443,"q":0.0,"max_close":13.01,"min_close":5.3,"close":5.3},"BAC":{"profit":6.39302826,"loss":1.23814964,"p":0.844444454,"q":0.15,"max_close":49.38,"min_close":30.13,"close":33.15},"ILPT":{"profit":9.7312355,"loss":0.4291668,"p":0.9222222,"q":0.06666667,"max_close":25.55,"min_close":6.74,"close":7.4},"DAC":{"profit":21.1014481,"loss":1.17200089,"p":0.966666639,"q":0.027777778,"max_close":106.64,"min_close":57.38,"close":59.58},"INTC":{"profit":14.3626881,"loss":0.0,"p":0.99444443,"q":0.0,"max_close":55.91,"min_close":28.47,"close":28.47},"EDRY":{"profit":10.100091,"loss":0.520000458,"p":0.9166667,"q":0.07777778,"max_close":42.75,"min_close":12.94,"close":14.3},"TX":{"profit":10.7210083,"loss":0.3600006,"p":0.9777778,"q":0.0166666675,"max_close":49.66,"min_close":28.26,"close":28.93},"NFLX":{"profit":146.478577,"loss":35.7588043,"p":0.466666669,"q":0.5277778,"max_close":591.15,"min_close":166.37,"close":236.87},"ASML":{"profit":132.086945,"loss":12.855011,"p":0.95,"q":0.0444444455,"max_close":779.19,"min_close":428.88,"close":454.92},"BIO":{"profit":113.583954,"loss":0.0,"p":0.99444443,"q":0.0,"max_close":702.09,"min_close":430.97,"close":430.97},"GGB":{"profit":0.831110954,"loss":0.228571892,"p":0.75,"q":0.233333334,"max_close":6.51,"min_close":4.06,"close":4.65},"EMN":{"profit":29.0577087,"loss":0.0,"p":0.99444443,"q":0.0,"max_close":127.69,"min_close":75.61,"close":75.61},"STC":{"profit":10.4221153,"loss":1.12374878,"p":0.9444444,"q":0.0444444455,"max_close":79.25,"min_close":45.91,"close":48.64},"NMM":{"profit":3.88546181,"loss":2.6084156,"p":0.6722222,"q":0.316666663,"max_close":36.49,"min_close":20.36,"close":26.75},"NKE":{"profit":23.1442337,"loss":0.0,"p":0.99444443,"q":0.0,"max_close":166.39,"min_close":99.79,"close":99.79},"SID":{"profit":1.59494281,"loss":0.0,"p":0.98888886,"q":0.0,"max_close":5.71,"min_close":2.45,"close":2.45},"MMM":{"profit":31.2025452,"loss":0.0,"p":0.99444443,"q":0.0,"max_close":181.02,"min_close":114.81,"close":114.81},"ZIM":{"profit":30.496048,"loss":0.0,"p":0.99444443,"q":0.0,"max_close":88.62,"min_close":27.14,"close":27.14},"VALE":{"profit":3.29929638,"loss":0.5140915,"p":0.872222245,"q":0.122222222,"max_close":21.23,"min_close":12.14,"close":13.13},"CCS":{"profit":10.35799,"loss":1.87523651,"p":0.877777755,"q":0.116666667,"max_close":79.67,"min_close":40.36,"close":45.73},"THO":{"profit":12.1628418,"loss":1.86222839,"p":0.9444444,"q":0.05,"max_close":106.42,"min_close":69.02,"close":72.72},"C":{"profit":8.144276,"loss":0.611251831,"p":0.95,"q":0.0444444455,"max_close":67.84,"min_close":44.14,"close":46.33}}}