{
    "Factor_Intersectional_v1": [],
    "KellyFormula_Range_v1": {
        "AAP": {
            "close": 45.24,
            "loss": 5.0055885,
            "max_close": 84.78196,
            "min_close": 35.49403,
            "p": 0.53333336,
            "profit": 11.584526,
            "q": 0.4611111
        },
        "ALB": {
            "close": 75.14,
            "loss": 2.907692,
            "max_close": 140.61734,
            "min_close": 72.23231,
            "p": 0.98888886,
            "profit": 20.178505,
            "q": 0.0055555557
        },
        "CVS": {
            "close": 54.29,
            "loss": 5.3807335,
            "max_close": 76.283394,
            "min_close": 43.23058,
            "p": 0.7777778,
            "profit": 3.2532768,
            "q": 0.21666667
        },
        "DAC": {
            "close": 80.95,
            "loss": 2.00148,
            "max_close": 95.34127,
            "min_close": 68.38013,
            "p": 0.65,
            "profit": 4.8622894,
            "q": 0.34444445
        },
        "EL": {
            "close": 68.71,
            "loss": 3.8720703,
            "max_close": 155.19865,
            "min_close": 62.443096,
            "p": 0.8888889,
            "profit": 23.540352,
            "q": 0.10555556
        },
        "EPAM": {
            "close": 260.0,
            "loss": 49.5757,
            "max_close": 314.63,
            "min_close": 170.25,
            "p": 0.011111111,
            "profit": 2.3200073,
            "q": 0.98333335
        },
        "EW": {
            "close": 71.1,
            "loss": 3.5759964,
            "max_close": 95.56,
            "min_close": 59.7,
            "p": 0.43888888,
            "profit": 10.723053,
            "q": 0.5555556
        },
        "GGB": {
            "close": 3.02,
            "loss": 0.11058521,
            "max_close": 3.889146,
            "min_close": 2.72,
            "p": 0.8055556,
            "profit": 0.2818644,
            "q": 0.18888889
        },
        "GIS": {
            "close": 58.08,
            "loss": 0.0,
            "max_close": 73.79097,
            "min_close": 58.08,
            "p": 0.99444443,
            "profit": 7.766899,
            "q": 0.0
        },
        "HAL": {
            "close": 25.98,
            "loss": 0.3959999,
            "max_close": 40.580658,
            "min_close": 25.19,
            "p": 0.96666664,
            "profit": 4.508444,
            "q": 0.027777778
        },
        "ILPT": {
            "close": 3.91,
            "loss": 0.27212787,
            "max_close": 5.13347,
            "min_close": 3.2416239,
            "p": 0.48333332,
            "profit": 0.6972573,
            "q": 0.51111114
        },
        "KSS": {
            "close": 11.81,
            "loss": 0.0,
            "max_close": 27.064508,
            "min_close": 11.81,
            "p": 0.99444443,
            "profit": 6.113265,
            "q": 0.0
        },
        "MPW": {
            "close": 4.79,
            "loss": 0.4306593,
            "max_close": 6.2460093,
            "min_close": 3.1923184,
            "p": 0.22777778,
            "profit": 0.5366745,
            "q": 0.76111114
        },
        "NKE": {
            "close": 70.94,
            "loss": 0.5997696,
            "max_close": 105.37247,
            "min_close": 68.68,
            "p": 0.9611111,
            "profit": 8.891998,
            "q": 0.033333335
        },
        "NVO": {
            "close": 83.91,
            "loss": 2.1930084,
            "max_close": 146.36218,
            "min_close": 78.69,
            "p": 0.9388889,
            "profit": 36.544426,
            "q": 0.055555556
        },
        "PAGS": {
            "close": 7.63,
            "loss": 0.78404236,
            "max_close": 14.6,
            "min_close": 6.19,
            "p": 0.73333335,
            "profit": 2.8874235,
            "q": 0.2611111
        },
        "PEP": {
            "close": 144.35,
            "loss": 1.2850037,
            "max_close": 178.78221,
            "min_close": 142.64,
            "p": 0.98333335,
            "profit": 19.458008,
            "q": 0.011111111
        },
        "PVH": {
            "close": 77.4,
            "loss": 0.0,
            "max_close": 140.4603,
            "min_close": 77.4,
            "p": 0.99444443,
            "profit": 24.578392,
            "q": 0.0
        },
        "PYPL": {
            "close": 78.24,
            "loss": 12.067505,
            "max_close": 91.81,
            "min_close": 57.22,
            "p": 0.4611111,
            "profit": 7.165222,
            "q": 0.53333336
        },
        "SEE": {
            "close": 33.94,
            "loss": 0.70506287,
            "max_close": 39.39198,
            "min_close": 30.61089,
            "p": 0.82222223,
            "profit": 1.7146568,
            "q": 0.17222223
        },
        "SID": {
            "close": 1.6,
            "loss": 0.1477418,
            "max_close": 3.5998206,
            "min_close": 1.3,
            "p": 0.81666666,
            "profit": 0.562925,
            "q": 0.17222223
        },
        "TGT": {
            "close": 131.28,
            "loss": 3.4091034,
            "max_close": 173.97578,
            "min_close": 121.59,
            "p": 0.93333334,
            "profit": 13.6046295,
            "q": 0.06111111
        },
        "VALE": {
            "close": 9.56,
            "loss": 0.56655216,
            "max_close": 12.466866,
            "min_close": 8.5,
            "p": 0.7722222,
            "profit": 1.0139914,
            "q": 0.22222222
        },
        "VFC": {
            "close": 23.67,
            "loss": 5.8122597,
            "max_close": 26.93,
            "min_close": 11.779906,
            "p": 0.07777778,
            "profit": 1.7692852,
            "q": 0.9111111
        },
        "ZIM": {
            "close": 19.37,
            "loss": 3.044321,
            "max_close": 23.31,
            "min_close": 7.265722,
            "p": 0.2611111,
            "profit": 1.3471394,
            "q": 0.73333335
        }
    },
    "hold_stock_list": [
        "SEE",
        "GIS",
        "PEP",
        "EL",
        "KSS",
        "TGT",
        "NKE",
        "PVH",
        "VFC",
        "MPW",
        "NVO",
        "CVS",
        "ILPT",
        "AAP",
        "PYPL",
        "EPAM",
        "PAGS",
        "EW",
        "DAC",
        "ZIM",
        "VALE",
        "GGB",
        "SID",
        "HAL",
        "ALB"
    ],
    "portfolio": {
        "AAP": {
            "cost_p": 91.35,
            "position_%": 12.366343124684532,
            "profit_%": -50.476190476190474
        },
        "ALB": {
            "cost_p": 173.45,
            "position_%": 6.708709719216614,
            "profit_%": -56.67915825886423
        },
        "CVS": {
            "cost_p": 65.41,
            "position_%": 5.059863969258677,
            "profit_%": -17.000458645467052
        },
        "DAC": {
            "cost_p": 73.24,
            "position_%": 4.2491718060140515,
            "profit_%": 10.527034407427646
        },
        "EL": {
            "cost_p": 143.03,
            "position_%": 5.532123096797649,
            "profit_%": -51.9611270362861
        },
        "EPAM": {
            "cost_p": 248.63,
            "position_%": 2.4041315904998943,
            "profit_%": 4.573060370832162
        },
        "EW": {
            "cost_p": 87.4,
            "position_%": 2.535346913200629,
            "profit_%": -18.64988558352404
        },
        "GGB": {
            "cost_p": 2.9,
            "position_%": 2.2433275509631803,
            "profit_%": 4.1379310344827624
        },
        "GIS": {
            "cost_p": 62.3,
            "position_%": 4.819286428448487,
            "profit_%": -6.773675762439805
        },
        "HAL": {
            "cost_p": 34.9,
            "position_%": 2.3622625892254523,