{
    "KellyFormula_Range_v1": {
        "ARLP": {
            "close": 8.99,
            "loss": 2.75698185,
            "max_close": 8.99,
            "min_close": 4.173737,
            "p": 0.0,
            "profit": 0.0,
            "q": 0.99444443
        },
        "BIO": {
            "close": 825.77,
            "loss": 194.594055,
            "max_close": 825.77,
            "min_close": 547.01,
            "p": 0.0,
            "profit": 0.0,
            "q": 0.99444443
        },
        "BXS": {
            "close": 29.38,
            "loss": 1.67562485,
            "max_close": 34.72739,
            "min_close": 25.17,
            "p": 0.5277778,
            "profit": 1.54985809,
            "q": 0.466666669
        },
        "CEIX": {
            "close": 24.46,
            "loss": 10.9242945,
            "max_close": 24.46,
            "min_close": 6.49,
            "p": 0.0,
            "profit": 0.0,
            "q": 0.99444443
        },
        "CNNE": {
            "close": 32.84,
            "loss": 1.1537056,
            "max_close": 45.6,
            "min_close": 29.78,
            "p": 0.8388889,
            "profit": 5.80497,
            "q": 0.15
        },
        "CPLP": {
            "close": 13.09,
            "loss": 2.17623234,
            "max_close": 13.3364019,
            "min_close": 7.435169,
            "p": 0.0222222228,
            "profit": 0.119979858,
            "q": 0.9722222
        },
        "EDRY": {
            "close": 29.79,
            "loss": 14.669651,
            "max_close": 32.89,
            "min_close": 5.48,
            "p": 0.027777778,
            "profit": 1.99399948,
            "q": 0.966666639
        },
        "ET": {
            "close": 9.67,
            "loss": 1.9736557,
            "max_close": 11.163332,
            "min_close": 5.776562,
            "p": 0.283333331,
            "profit": 0.611461639,
            "q": 0.7111111
        },
        "GOGL": {
            "close": 11.73,
            "loss": 3.7783165,
            "max_close": 12.08,
            "min_close": 4.39109373,
            "p": 0.0111111114,
            "profit": 0.320000648,
            "q": 0.983333349
        },
        "GSL": {
            "close": 22.79,
            "loss": 7.34779644,
            "max_close": 22.79,
            "min_close": 10.2415123,
            "p": 0.0,
            "profit": 0.0,
            "q": 0.99444443
        },
        "KGC": {
            "close": 6.04,
            "loss": 0.14279604,
            "max_close": 8.151266,
            "min_close": 5.67,
            "p": 0.905555546,
            "profit": 0.925291538,
            "q": 0.08888889
        },
        "PBFX": {
            "close": 12.41,
            "loss": 2.18741226,
            "max_close": 15.8821535,
            "min_close": 8.060749,
            "p": 0.6166667,
            "profit": 1.72057438,
            "q": 0.377777785
        },
        "TDS": {
            "close": 20.53,
            "loss": 1.28022385,
            "max_close": 26.17267,
            "min_close": 17.54039,
            "p": 0.5777778,
            "profit": 2.964161,
            "q": 0.411111116
        },
        "TX": {
            "close": 54.05,
            "loss": 18.2164,
            "max_close": 56.19,
            "min_close": 25.04841,
            "p": 0.07777778,
            "profit": 1.09071732,
            "q": 0.9166667
        }
    },
    "hold_stock_list": [
        "CEIX",
        "BIO",
        "KGC",
        "GSL",
        "ARLP",
        "GOGL",
        "CPLP",
        "TDS",
        "BXS",
        "EDRY",
        "CNNE",
        "PBFX",
        "ET",
        "TX"
    ],
    "portfolio": {
        "ARLP": {
            "cost_p": 7.06,
            "position_%": 8.156744738470247,
            "profit_%": 27.337110481586414
        },
        "BIO": {
            "cost_p": 580.11,
            "position_%": 8.732611473981002,
            "profit_%": 42.34714105945424
        },
        "BXS": {
            "cost_p": 26.04,
            "position_%": 4.409885248147307,
            "profit_%": 12.82642089093702
        },
        "CEIX": {
            "cost_p": 18.18,
            "position_%": 7.902229855954287,
            "profit_%": 34.54345434543455
        },
        "CNNE": {
            "cost_p": 31,
            "position_%": 3.7332361889077728,
            "profit_%": 5.9354838709677535
        },
        "CPLP": {
            "cost_p": 12.99,
            "position_%": 5.377440716058787,
            "profit_%": 0.7698229407236308
        },
        "EDRY": {
            "cost_p": 22.24,
            "position_%": 3.7663536067126,
            "profit_%": 33.94784172661871
        },
        "ET": {
            "cost_p": 9.35,
            "position_%": 7.846758181131203,
            "profit_%": 3.4224598930481314
        },
        "GOGL": {
            "cost_p": 10.75,
            "position_%": 5.663831113211894,
            "profit_%": 9.116279069767446
        },
        "GSL": {
            "cost_p": 15.75,
            "position_%": 8.890897677716344,
            "profit_%": 44.698412698412696
        },
        "KGC": {
            "cost_p": 7.61,
            "position_%": 13.116680189612273,
            "profit_%": -20.63074901445467
        },
        "PBFX": {
            "cost_p": 11.7,
            "position_%": 8.806222461738095,
            "profit_%": 6.068376068376076
        },
        "TDS": {
            "cost_p": 20.56,
            "position_%": 4.56508551067811,
            "profit_%": -0.14591439688714777
        },
        "TX": {
            "cost_p": 40.0,
            "position_%": 9.032023037680096,
            "profit_%": 35.12499999999999
        }
    }
}