{"hold_stock_list":["QDEL","BIO","KGC","STC","CNNE","LAKE","LDI","EDRY","TX"],"portfolio":{"BIO":{"cost_p":580.11,"position_%":14.614662366371393,"profit":0,"profit_%":0.20858113116478538},"CNNE":{"cost_p":40.66,"position_%":4.080854143866908,"profit":0,"profit_%":-13.575996064928669},"EDRY":{"cost_p":22.24,"position_%":4.066624209831308,"profit":0,"profit_%":25.40467625899282},"KGC":{"cost_p":7.61,"position_%":14.162400767847567,"profit":0,"profit_%":7.358738501971085},"LAKE":{"cost_p":28.88,"position_%":9.270667932868031,"profit":0,"profit_%":-12.188365650969528},"LDI":{"cost_p":13.57,"position_%":13.674714679054647,"profit":0,"profit_%":14.075165806927044},"QDEL":{"cost_p":112.07,"position_%":13.980235669974917,"profit":0,"profit_%":-3.3818149370928814},"STC":{"cost_p":53.5,"position_%":11.52169559050427,"profit":0,"profit_%":13.084112149532709},"TX":{"cost_p":40.0,"position_%":14.628144639680965,"profit":0,"profit_%":-6.600000000000001}},"KellyFormula_Range_v1":{"CNNE":{"profit":4.765476,"loss":0.299999237,"p":0.9722222,"q":0.0222222228,"max_close":45.6,"min_close":34.48,"close":35.14},"LDI":{"profit":4.444336,"loss":1.88384533,"p":0.35,"q":0.0722222254,"max_close":30.538002,"min_close":12.1,"close":15.48},"EDRY":{"profit":0.0,"loss":20.2917671,"p":0.0,"q":0.99444443,"max_close":27.89,"min_close":3.47,"close":27.89},"LAKE":{"profit":4.151613,"loss":3.53554344,"p":0.5833333,"q":0.411111116,"max_close":44.43,"min_close":18.3,"close":25.36},"TX":{"profit":1.44348907,"loss":10.1154289,"p":0.1388889,"q":0.855555534,"max_close":40.88,"min_close":17.5480919,"close":37.36},"KGC":{"profit":0.6526556,"loss":0.9321003,"p":0.188888893,"q":0.8055556,"max_close":9.839758,"min_close":6.13875675,"close":8.17},"STC":{"profit":0.441429138,"loss":11.0372925,"p":0.03888889,"q":0.955555558,"max_close":61.6,"min_close":40.5055351,"close":60.5},"QDEL":{"profit":75.83371,"loss":2.04499817,"p":0.983333349,"q":0.0111111114,"max_close":283.45,"min_close":104.79,"close":108.28},"BIO":{"profit":26.0385742,"loss":27.52069,"p":0.5277778,"q":0.466666669,"max_close":662.35,"min_close":494.17,"close":581.32}}}