{
    "Factor_Intersectional_v1": [],
    "KellyFormula_Range_v1": {
        "AAP": {
            "close": 51.52,
            "loss": 11.732376,
            "max_close": 64.56685,
            "min_close": 30.074455,
            "p": 0.03888889,
            "profit": 0.84142685,
            "q": 0.95555556
        },
        "ALB": {
            "close": 65.08,
            "loss": 7.233921,
            "max_close": 110.659546,
            "min_close": 50.76,
            "p": 0.73888886,
            "profit": 24.657005,
            "q": 0.25555557
        },
        "EL": {
            "close": 69.86,
            "loss": 6.5978928,
            "max_close": 112.62756,
            "min_close": 49.80485,
            "p": 0.49444443,
            "profit": 10.562706,
            "q": 0.5
        },
        "EPAM": {
            "close": 176.58,
            "loss": 15.999252,
            "max_close": 267.63,
            "min_close": 143.33,
            "p": 0.7777778,
            "profit": 41.514862,
            "q": 0.21666667
        },
        "EW": {
            "close": 75.47,
            "loss": 4.8843307,
            "max_close": 93.78,
            "min_close": 59.7,
            "p": 0.16111112,
            "profit": 1.1955185,
            "q": 0.8333333
        },
        "GGB": {
            "close": 3.05,
            "loss": 0.24449229,
            "max_close": 3.5385132,
            "min_close": 2.3,
            "p": 0.36666667,
            "profit": 0.24018764,
            "q": 0.62222224
        },
        "HAL": {
            "close": 22.19,
            "loss": 1.8304749,
            "max_close": 35.48683,
            "min_close": 19.099735,
            "p": 0.74444443,
            "profit": 5.1097107,
            "q": 0.25
        },
        "ILPT": {
            "close": 3.56,
            "loss": 0.34850526,
            "max_close": 5.113726,
            "min_close": 2.5003462,
            "p": 0.5388889,
            "profit": 0.3822174,
            "q": 0.45555556
        },
        "KSS": {
            "close": 8.78,
            "loss": 1.1821308,
            "max_close": 22.761082,
            "min_close": 6.13,
            "p": 0.6722222,
            "profit": 5.981801,
            "q": 0.32222223
        },
        "MPW": {
            "close": 4.54,
            "loss": 0.40398073,
            "max_close": 6.21,
            "min_close": 3.670565,
            "p": 0.6166667,
            "profit": 0.6880288,
            "q": 0.37222221
        },
        "NKE": {
            "close": 63.11,
            "loss": 4.3129005,
            "max_close": 95.140144,
            "min_close": 52.918324,
            "p": 0.7277778,
            "profit": 12.553413,
            "q": 0.26666668
        },
        "NVO": {
            "close": 78.73,
            "loss": 10.247826,
            "max_close": 144.04109,
            "min_close": 58.08,
            "p": 0.6333333,
            "profit": 19.79438,
            "q": 0.3611111
        },
        "PFE": {
            "close": 24.48,
            "loss": 1.4536018,
            "max_close": 29.83797,
            "min_close": 21.185833,
            "p": 0.67777777,
            "profit": 1.5129128,
            "q": 0.31666666
        },
        "PVH": {
            "close": 65.11,
            "loss": 1.2479897,
            "max_close": 117.59412,
            "min_close": 60.472145,
            "p": 0.95555556,
            "profit": 23.390678,
            "q": 0.03888889
        },
        "PYPL": {
            "close": 74.61,
            "loss": 6.627472,
            "max_close": 91.81,
            "min_close": 57.22,
            "p": 0.5888889,
            "profit": 9.024704,
            "q": 0.40555555
        },
        "SBUX": {
            "close": 95.39,
            "loss": 6.971657,
            "max_close": 115.00041,
            "min_close": 70.746605,
            "p": 0.46666667,
            "profit": 6.4746323,
            "q": 0.5277778
        },
        "SEE": {
            "close": 32.28,
            "loss": 3.096548,
            "max_close": 37.494415,
            "min_close": 23.93,
            "p": 0.64444447,
            "profit": 2.402607,
            "q": 0.34444445
        },
        "SID": {
            "close": 1.55,
            "loss": 0.09338689,
            "max_close": 2.35638,
            "min_close": 1.3,
            "p": 0.6388889,
            "profit": 0.27887726,
            "q": 0.34444445
        },
        "TGT": {
            "close": 98.11,
            "loss": 3.825035,
            "max_close": 156.39934,
            "min_close": 87.75676,
            "p": 0.75555557,
            "profit": 33.141983,
            "q": 0.23888889
        },
        "VALE": {
            "close": 9.61,
            "loss": 0.5104017,
            "max_close": 11.254914,
            "min_close": 8.179748,
            "p": 0.34444445,
            "profit": 0.6388149,
            "q": 0.65
        },
        "VFC": {
            "close": 12.8,
            "loss": 1.1376467,
            "max_close": 26.618027,
            "min_close": 9.672672,
            "p": 0.8055556,
            "profit": 7.3717318,
            "q": 0.18888889
        },
        "ZIM": {
            "close": 16.8,
            "loss": 1.7837572,
            "max_close": 19.37,
            "min_close": 11.051109,
            "p": 0.2888889,
            "profit": 0.82250595,
            "q": 0.70555556
        }
    },
    "hold_stock_list": [
        "SEE",
        "EL",
        "KSS",
        "TGT",
        "NKE",
        "PVH",
        "VFC",
        "SBUX",
        "MPW",
        "NVO",
        "PFE",
        "ILPT",
        "AAP",
        "PYPL",
        "EPAM",
        "EW",
        "ZIM",
        "VALE",
        "GGB",
        "SID",
        "HAL",
        "ALB"
    ],
    "portfolio": {
        "AAP": {
            "cost_p": 91.35,
            "position_%": 12.256656632481434,
            "profit_%": -43.6015325670498
        },
        "ALB": {
            "cost_p": 173.45,
            "position_%": 6.649205075936836,
            "profit_%": -62.47910060536177
        },
        "EL": {
            "cost_p": 143.03,
            "position_%": 5.4830544941553505,
            "profit_%": -51.15709990910998
        },
        "EPAM": {
            "cost_p": 248.63,
            "position_%": 2.3828075209428876,
            "profit_%": -28.97880384507098
        },
        "EW": {
            "cost_p": 87.4,
            "position_%": 2.5128589952589193,
            "profit_%": -13.649885583524036
        },
        "GGB": {
            "cost_p": 2.9,
            "position_%": 2.2234297745998064,
            "profit_%": 5.172413793103446
        },
        "HAL": {
            "cost_p": 34.9,
            "position_%": 2.34130988764971,
            "profit_%": -36.418338108882516
        },
        "ILPT": {
            "cost_p": 17.2,
            "position_%": 3.29680966578592,
            "profit_%": -79.30232558139535
        },
        "KSS": {
            "cost_p": 11.63,
            "position_%": 10.700064115281002,
            "profit_%": -24.505588993981096
        },
        "MPW": {
            "cost_p": 6.18,
            "position_%": 4.145929829706364,
            "profit_%": -26.53721682847896
        },
        "NKE": {
            "cost_p": 73.71,
            "position_%": 5.651345127094888,
            "profit_%": -14.380681047347707
        },
        "NVO": {
            "cost_p": 89.89,
            "position_%": 2.5844496005014217,
            "profit_%": -12.415174101679828
        },
        "PFE": {
            "cost_p": 24,
            "position_%": 2.3000997668273864,
            "profit_%": 2.0000000000000018
        },
        "PVH": {
            "cost_p": 87.3,
            "position_%": 5.01996774110077,
            "profit_%": -24.627720504009165
        },
        "PYPL": {
            "cost_p": 68.03,
            "position_%": 2.607929785621118,