{
    "KellyFormula_Range_v1": {
        "BGFV": {
            "close": 16.66,
            "loss": 6.49622154,
            "max_close": 17.1,
            "min_close": 5.34039068,
            "p": 0.05,
            "profit": 0.23000145,
            "q": 0.9388889
        },
        "BIO": {
            "close": 639.73,
            "loss": 75.9386,
            "max_close": 662.35,
            "min_close": 478.82,
            "p": 0.0333333351,
            "profit": 11.3450317,
            "q": 0.9611111
        },
        "CNNE": {
            "close": 40.23,
            "loss": 1.90872192,
            "max_close": 45.6,
            "min_close": 34.48,
            "p": 0.383333325,
            "profit": 1.84072876,
            "q": 0.6111111
        },
        "DHI": {
            "close": 94.92,
            "loss": 19.2244568,
            "max_close": 96.37,
            "min_close": 64.6072845,
            "p": 0.0111111114,
            "profit": 1.125,
            "q": 0.983333349
        },
        "ELP": {
            "close": 1.15,
            "loss": 0.05723095,
            "max_close": 1.42010415,
            "min_close": 1.02269232,
            "p": 0.483333319,
            "profit": 0.108171344,
            "q": 0.51111114
        },
        "HTH": {
            "close": 32.85,
            "loss": 8.260576,
            "max_close": 39.37,
            "min_close": 17.91427,
            "p": 0.211111113,
            "profit": 2.08195877,
            "q": 0.783333361
        },
        "LAKE": {
            "close": 28.73,
            "loss": 5.46062851,
            "max_close": 44.43,
            "min_close": 18.3,
            "p": 0.244444445,
            "profit": 3.78045273,
            "q": 0.75
        },
        "MDC": {
            "close": 59.54,
            "loss": 13.2839622,
            "max_close": 62.13,
            "min_close": 38.41685,
            "p": 0.0833333358,
            "profit": 1.19067,
            "q": 0.9111111
        },
        "PBFX": {
            "close": 14.4,
            "loss": 4.738966,
            "max_close": 14.86,
            "min_close": 6.8425045,
            "p": 0.08888889,
            "profit": 0.161874771,
            "q": 0.9
        },
        "PHM": {
            "close": 53.18,
            "loss": 7.83070755,
            "max_close": 54.56,
            "min_close": 40.3891258,
            "p": 0.06111111,
            "profit": 0.6763611,
            "q": 0.933333337
        },
        "SMP": {
            "close": 42.96,
            "loss": 1.24804688,
            "max_close": 53.85105,
            "min_close": 38.99902,
            "p": 0.65,
            "profit": 3.166729,
            "q": 0.344444454
        },
        "STC": {
            "close": 56.96,
            "loss": 10.0116577,
            "max_close": 58.3,
            "min_close": 39.3002357,
            "p": 0.0166666675,
            "profit": 0.549999237,
            "q": 0.9777778
        },
        "TDS": {
            "close": 23.74,
            "loss": 3.81134224,
            "max_close": 23.88,
            "min_close": 16.3788166,
            "p": 0.0166666675,
            "profit": 0.09666443,
            "q": 0.9777778
        },
        "WFC": {
            "close": 42.7,
            "loss": 13.0440922,
            "max_close": 43.88,
            "min_close": 20.9815083,
            "p": 0.0166666675,
            "profit": 0.9533348,
            "q": 0.9777778
        }
    },
    "hold_stock_list": [
        "SMP",
        "DHI",
        "TDS",
        "BGFV",
        "BIO",
        "WFC",
        "STC",
        "CNNE",
        "LAKE",
        "HTH",
        "MDC",
        "PBFX",
        "PHM",
        "ELP"
    ],
    "portfolio": {
        "BGFV": {
            "cost_p": 12.23,
            "position": 700,
            "position_%": 4.0763362893159805,
            "profit": 0,
            "profit_%": 36.222403924775136
        },
        "BIO": {
            "cost_p": 580.11,
            "position": 62,
            "position_%": 17.125669148148088,
            "profit": 0,
            "profit_%": 10.277361190119116
        },
        "CNNE": {
            "cost_p": 41.7,
            "position": 200,
            "position_%": 3.9711067226837136,
            "profit": 0,
            "profit_%": -3.5251798561151215
        },
        "DHI": {
            "cost_p": 72.88,
            "position": 100,
            "position_%": 3.4701949394387177,
            "profit": 0,
            "profit_%": 30.24149286498354
        },
        "ELP": {
            "cost_p": 1.05,
            "position": 18050,
            "position_%": 9.024268604515957,
            "profit": 0,
            "profit_%": 9.523809523809511
        },
        "HTH": {
            "cost_p": 29.44,
            "position": 200,
            "position_%": 2.8035823001392934,
            "profit": 0,
            "profit_%": 11.582880434782608
        },
        "LAKE": {
            "cost_p": 28.88,
            "position": 790,
            "position_%": 10.86350049153159,
            "profit": 0,
            "profit_%": -0.5193905817174467
        },
        "MDC": {
            "cost_p": 59.95,
            "position": 170,
            "position_%": 4.852701938157202,
            "profit": 0,
            "profit_%": -0.6839032527105983
        },
        "PBFX": {
            "cost_p": 11.39,
            "position": 1000,
            "position_%": 5.4233699725860305,
            "profit": 0,
            "profit_%": 26.42669007901668
        },
        "PHM": {
            "cost_p": 49.31,
            "position": 185,
            "position_%": 4.343624150080788,
            "profit": 0,
            "profit_%": 7.848306631514901
        },
        "SMP": {
            "cost_p": 41.45,
            "position": 637,
            "position_%": 12.57214772402732,
            "profit": 0,
            "profit_%": 3.642943305186967
        },
        "STC": {
            "cost_p": 53.5,
            "position": 530,
            "position_%": 13.501286705239412,
            "profit": 0,
            "profit_%": 6.467289719626169
        },
        "TDS": {
            "cost_p": 20.77,
            "position": 500,
            "position_%": 4.944837327946087,
            "profit": 0,
            "profit_%": 14.299470389985549
        },
        "WFC": {
            "cost_p": 31.79,
            "position": 200,
            "position_%": 3.027373686189814,
            "profit": 0,
            "profit_%": 34.31896822900284
        }
    }
}