{
    "Factor_Intersectional_v1": [],
    "KellyFormula_Range_v1": {
        "AAP": {
            "close": 61.81,
            "loss": 18.336792,
            "max_close": 66.5,
            "min_close": 29.948305,
            "p": 0.03888889,
            "profit": 1.6457138,
            "q": 0.95555556
        },
        "ALB": {
            "close": 81.67,
            "loss": 14.97393,
            "max_close": 109.52887,
            "min_close": 50.43097,
            "p": 0.2888889,
            "profit": 11.428528,
            "q": 0.70555556
        },
        "EL": {
            "close": 95.26,
            "loss": 22.667961,
            "max_close": 99.313194,
            "min_close": 49.80485,
            "p": 0.0,
            "profit": 0.0,
            "q": 0.99444443
        },
        "EPAM": {
            "close": 160.8,
            "loss": 7.58667,
            "max_close": 267.63,
            "min_close": 143.33,
            "p": 0.8111111,
            "profit": 45.547546,
            "q": 0.18333334
        },
        "EW": {
            "close": 77.68,
            "loss": 4.6009216,
            "max_close": 81.16,
            "min_close": 64.54,
            "p": 0.14444445,
            "profit": 0.9334564,
            "q": 0.85
        },
        "GGB": {
            "close": 3.03,
            "loss": 0.21101904,
            "max_close": "NaN",
            "min_close": "NaN",
            "p": 0.2,
            "profit": 0.18349624,
            "q": 0.79444444
        },
        "HAL": {
            "close": 21.2,
            "loss": 0.8552265,
            "max_close": 31.33167,
            "min_close": 19.099735,
            "p": 0.7,
            "profit": 4.1364346,
            "q": 0.29444444
        },
        "ILPT": {
            "close": 5.89,
            "loss": 2.1196241,
            "max_close": 6.17,
            "min_close": 2.4764423,
            "p": 0.016666668,
            "profit": 0.13757801,
            "q": 0.9777778
        },
        "MPW": {
            "close": 4.13,
            "loss": 0.22040081,
            "max_close": 6.0981083,
            "min_close": 3.6044285,
            "p": 0.7222222,
            "profit": 0.75452995,
            "q": 0.25555557
        },
        "NKE": {
            "close": 77.2,
            "loss": 9.0877075,
            "max_close": 87.95319,
            "min_close": 52.918324,
            "p": 0.10555556,
            "profit": 1.155632,
            "q": 0.8888889
        },
        "NVO": {
            "close": 50.9,
            "loss": 2.5544434,
            "max_close": 136.95312,
            "min_close": 45.38,
            "p": 0.9444444,
            "profit": 26.855675,
            "q": 0.05
        },
        "PVH": {
            "close": 77.48,
            "loss": 7.4785995,
            "max_close": 112.74688,
            "min_close": 60.472145,
            "p": 0.43888888,
            "profit": 16.92231,
            "q": 0.5555556
        },
        "PYPL": {
            "close": 70.63,
            "loss": 4.1389313,
            "max_close": 91.81,
            "min_close": 57.41,
            "p": 0.65555555,
            "profit": 9.194069,
            "q": 0.33888888
        },
        "SEE": {
            "close": 30.39,
            "loss": 2.2189655,
            "max_close": 36.748856,
            "min_close": 23.781643,
            "p": 0.6944444,
            "profit": 2.6178322,
            "q": 0.3
        },
        "SID": {
            "close": 1.39,
            "loss": 0.04111111,
            "max_close": 2.35638,
            "min_close": 1.3,
            "p": 0.87222224,
            "profit": 0.19554377,
            "q": 0.1
        },
        "TGT": {
            "close": 105.36,
            "loss": 7.275078,
            "max_close": 156.39932,
            "min_close": 87.75676,
            "p": 0.4722222,
            "profit": 20.382622,
            "q": 0.5222222
        },
        "VALE": {
            "close": 10.08,
            "loss": 0.80192184,
            "max_close": 11.254913,
            "min_close": 8.179748,
            "p": 0.1,
            "profit": 0.12444401,
            "q": 0.8888889
        },
        "VFC": {
            "close": 13.08,
            "loss": 1.1066675,
            "max_close": 26.618027,
            "min_close": 9.672672,
            "p": 0.5611111,
            "profit": 7.501526,
            "q": 0.43333334
        },
        "ZIM": {
            "close": 17.41,
            "loss": 2.2129564,
            "max_close": 18.54858,
            "min_close": 10.628198,
            "p": 0.072222225,
            "profit": 0.38051033,
            "q": 0.9222222
        }
    },
    "hold_stock_list": [
        "SEE",
        "EL",
        "TGT",
        "NKE",
        "PVH",
        "VFC",
        "MPW",
        "NVO",
        "ILPT",
        "AAP",
        "PYPL",
        "EPAM",
        "EW",
        "ZIM",
        "VALE",
        "GGB",
        "SID",
        "HAL",
        "ALB"
    ],
    "portfolio": {
        "AAP": {
            "cost_p": 91.35,
            "position_%": 13.237198297142964,
            "profit_%": -32.33716475095785
        },
        "ALB": {
            "cost_p": 173.45,
            "position_%": 7.181146437217755,
            "profit_%": -52.914384548861335
        },
        "EL": {
            "cost_p": 143.03,
            "position_%": 5.921702939840044,
            "profit_%": -33.39858770887226
        },
        "EPAM": {
            "cost_p": 248.63,
            "position_%": 2.5734338983647316,
            "profit_%": -35.3255842014238
        },
        "EW": {
            "cost_p": 87.4,
            "position_%": 2.713889587544675,
            "profit_%": -11.121281464530892
        },
        "GGB": {
            "cost_p": 2.9,
            "position_%": 2.4013058135406737,
            "profit_%": 4.482758620689651
        },
        "HAL": {
            "cost_p": 26.94,
            "position_%": 5.2979844556850395,
            "profit_%": -21.30660727542688
        },
        "ILPT": {
            "cost_p": 17.2,
            "position_%": 3.56055689593962,
            "profit_%": -65.75581395348836
        },
        "MPW": {
            "cost_p": 6.18,
            "position_%": 4.477607305765929,
            "profit_%": -33.17152103559871
        },
        "NKE": {
            "cost_p": 73.71,
            "position_%": 6.10345694883045,
            "profit_%": 4.73477140143808
        },
        "NVO": {
            "cost_p": 74.48,
            "position_%": 5.3963137885670935,
            "profit_%": -31.65950590762621
        },
        "PVH": {
            "cost_p": 87.3,
            "position_%": 5.421568901433642,
            "profit_%": -11.248568155784643
        },
        "PYPL": {
            "cost_p": 68.03,
            "position_%": 2.8165661119857246,
            "profit_%": 3.8218433044245104
        },
        "SEE": {
            "cost_p": 34.36,
            "position_%": 8.179758441055705,
            "profit_%": -11.554132712456342
        },
        "SID": {
            "cost_p": 4.54,
            "position_%": 3.2893749463070088,
            "profit_%": -69.38325991189429
        },
        "TGT": {
            "cost_p": 107.3,
            "position_%": 4.442415755050246,
            "profit_%": -1.8080149114631854
        },
        "VALE": {
            "cost_p": 12.22,
            "position_%": 2.5296514690919856,
            "profit_%": -17.512274959083474
        },
        "VFC": {
            "cost_p": 18.8,
            "position_%": 1.3621200218187615,
            "profit_%": -30.425531914893618
        },
        "ZIM": {
            "cost_p": 29.42,
            "position_%": 13.093947984817952,
            "profit_%": -40.822569680489465
        }
    },
    "stock_info": {
        "AAP": [
            "Advance Auto Parts Inc",
            "Auto Parts",
            "Consumer Cyclical"
        ],