{"hold_stock_list":["SEE","GIS","EL","KSS","TGT","NKE","VFC","MPW","NVO","CVS","ILPT","AAP","PYPL","EPAM","PAGS","EW","DAC","ZIM","VALE","SID","HAL","ALB"],"watch_stock_list":["ABNB","ACLS","ACMR","ADBE","ADSK","AEO","ALB","ALGM","ALGN","AMAT","ANSS","APD","APTV","ARTNA","ASML","AZN","BAC","BBY","BF-B","BIO","BLD","BUD","CAMT","CE","CNMD","CRM","CSCO","CVS","DE","DELL","DEO","DG","DHI","DIS","EL","EPAM","EW","EXLS","EXR","F","FDX","FFIV","FSLR","FTNT","G","GIS","GLOB","GM","GOOG","GSK","HAL","HAS","HMC","HOV","HPE","HPQ","INTC","ISRG","K","KSS","LMAT","LNTH","LQDT","LRCX","M","MA","MCHP","MKC","MMM","MMS","MOH","MPW","MS","MSFT","MU","NDAQ","NFLX","NICE","NKE","NOW","NVO","NXPI","ORCL","OXM","PAGS","PAYC","PCTY","PEP","PFE","PHG","PODD","PVH","PYPL","QCOM","SAIC","SBUX","SEE","SMP","SONY","SQM","STM","TDC","TEAM","TECH","TEX","TGT","TITN","TM","TEN","TRI","TX","UAL","UPS","VALE","VEEV","VFC","VMI","WDAY","WFC","WNS","X","ZTS"],"portfolio":{"AAP":{"cost_p":91.35,"position_%":13.974132175687915,"profit_%":-52.35905856595511},"ALB":{"cost_p":173.45,"position_%":7.58093119359784,"profit_%":-48.890170077832224},"CVS":{"cost_p":65.41,"position_%":5.717713570172784,"profit_%":-32.181623604953366},"DAC":{"cost_p":73.24,"position_%":4.801620645307919,"profit_%":4.314582195521588},"EL":{"cost_p":143.25,"position_%":6.2609881434585795,"profit_%":-48.09075043630017},"EPAM":{"cost_p":250,"position_%":2.731670219659066,"profit_%":-0.6960000000000036},"EW":{"cost_p":87.5,"position_%":2.868253730642019,"profit_%":-14.50285714285714},"GIS":{"cost_p":65,"position_%":2.8409370284454285,"profit_%":-2.1384615384615393},"HAL":{"cost_p":35,"position_%":2.6770368152658843,"profit_%":-25.8},"ILPT":{"cost_p":17.24,"position_%":3.7675195669537835,"profit_%":-81.14849187935035},"KSS":{"cost_p":22.03,"position_%":6.258584273665278,"profit_%":-35.67862006354971},"MPW":{"cost_p":6.18,"position_%":4.726882148098047,"profit_%":-37.54045307443366},"NKE":{"cost_p":75.5,"position_%":3.2998576253481513,"profit_%":1.9072847682119174},"NVO":{"cost_p":90,"position_%":2.950203837231791,"profit_%":-5.555555555555555},"PAGS":{"cost_p":7,"position_%":0.07648676615045384,"profit_%":-8.571428571428566},"PYPL":{"cost_p":68.34,"position_%":4.480376227476014,"profit_%":27.494878548434286},"SEE":{"cost_p":37.16,"position_%":5.6844964603017285,"profit_%":-9.607104413347669},"SID":{"cost_p":4.54,"position_%":3.472499183230604,"profit_%":-66.07929515418502},"TGT":{"cost_p":135.71,"position_%":1.482859862039727,"profit_%":-3.116940534964275},"VALE":{"cost_p":12.22,"position_%":2.6704808067387025,"profit_%":-27.168576104746318},"VFC":{"cost_p":18.8,"position_%":1.4379512036285322,"profit_%":18.510638297872344},"ZIM":{"cost_p":40.74,"position_%":10.23851851689975,"profit_%":-55.105547373588614}},"KellyFormula_Range_v1":{"PYPL":{"profit":2.275467,"loss":13.385262,"p":0.12222222,"q":0.87222224,"max_close":83.59,"min_close":54.28,"close":78.13},"AAP":{"profit":24.170483,"loss":0.9031639,"p":0.9444444,"q":0.05,"max_close":85.25006,"min_close":35.69,"close":37.45},"VALE":{"profit":0.8493471,"loss":0.3558569,"p":0.65555555,"q":0.33888888,"max_close":14.774527,"min_close":9.91,"close":10.78},"SID":{"profit":0.44209647,"loss":0.048333168,"p":0.8666667,"q":0.1,"max_close":3.799283,"min_close":1.99,"close":2.08},"ALB":{"profit":20.267624,"loss":9.820389,"p":0.48333332,"q":0.51111114,"max_close":150.6514,"min_close":72.51662,"close":100.57},"ILPT":{"profit":0.6863637,"loss":0.08942914,"p":0.9166667,"q":0.07777778,"max_close":5.146735,"min_close":2.6828628,"close":3.58},"CVS":{"profit":7.5855865,"loss":0.77752686,"p":0.9444444,"q":0.05,"max_close":78.15086,"min_close":52.446857,"close":54.65},"EW":{"profit":16.617058,"loss":2.4832077,"p":0.85555553,"q":0.1388889,"max_close":95.56,"min_close":59.7,"close":66.47},"SEE":{"profit":0.9987831,"loss":1.9913063,"p":0.3,"q":0.6944444,"max_close":39.609436,"min_close":30.779871,"close":36.27},"KSS":{"profit":3.8304787,"loss":0.0,"p":0.99444443,"q":0.0,"max_close":27.983818,"min_close":18.02,"close":18.02},"NKE":{"profit":12.668465,"loss":3.7622223,"p":0.8111111,"q":0.18333334,"max_close":121.18713,"min_close":70.77431,"close":77.19},"PAGS":{"profit":3.6718931,"loss":0.08100033,"p":0.9388889,"q":0.055555556,"max_close":14.6,"min_close":7.42,"close":8.24},"VFC":{"profit":0.46500015,"loss":6.0310087,"p":0.011111111,"q":0.98333335,"max_close":22.26,"min_close":11.829797,"close":21.48},"ZIM":{"profit":0.5533314,"loss":7.6783504,"p":0.033333335,"q":0.9611111,"max_close":25.66,"min_close":6.203722,"close":24.04},"EL":{"profit":47.8107,"loss":0.0,"p":0.99444443,"q":0.0,"max_close":155.9366,"min_close":66.45,"close":66.45},"GIS":{"profit":2.478531,"loss":3.038292,"p":0.49444443,"q":0.5,"max_close":74.52436,"min_close":60.40034,"close":68.09},"NVO":{"profit":19.715378,"loss":0.0,"p":0.99444443,"q":0.0,"max_close":146.36218,"min_close":95.16463,"close":109.72},"EPAM":{"profit":41.485123,"loss":7.397156,"p":0.76111114,"q":0.23333333,"max_close":314.63,"min_close":170.25,"close":189.3},"HAL":{"profit":5.9217014,"loss":0.3254528,"p":0.93333334,"q":0.06111111,"max_close":40.79932,"min_close":27.52,"close":28.13},"DAC":{"profit":4.8864136,"loss":7.15522,"p":0.51666665,"q":0.47777778,"max_close":95.34127,"min_close":60.600395,"close":81.75},"TGT":{"profit":9.196045,"loss":5.2391205,"p":0.59444445,"q":0.4,"max_close":175.23389,"min_close":103.39224,"close":149.99},"MPW":{"profit":0.44955635,"loss":0.44571686,"p":0.49444443,"q":0.49444443,"max_close":6.37,"min_close":2.847569,"close":4.63}},"Factor_Intersectional_v1":[],"stock_info":{"PYPL":["PayPal Holdings Inc","Credit Services","Financial"],"AAP":["Advance Auto Parts Inc","Specialty Retail","Consumer Cyclical"],"VALE":["Vale S.A. ADR","Other Industrial Metals & Mining","Basic Materials"],"SID":["Companhia Siderurgica Nacional ADR","Steel","Basic Materials"],"ALB":["Albemarle Corp.","Specialty Chemicals","Basic Materials"],"ILPT":["Industrial Logistics Properties Trust","REIT - Industrial","Real Estate"],"CVS":["CVS Health Corp","Healthcare Plans","Healthcare"],"EW":["Edwards Lifesciences Corp","Medical Devices","Healthcare"],"SEE":["Sealed Air Corp.","Packaging & Containers","Consumer Cyclical"],"KSS":["Kohl's Corp.","Department Stores","Consumer Cyclical"],"NKE":["Nike, Inc.","Footwear & Accessories","Consumer Cyclical"],"PAGS":["PagSeguro Digital Ltd","Software - Infrastructure","Technology"],"VFC":["VF Corp.","Apparel Manufacturing","Consumer Cyclical"],"ZIM":["Zim Integrated Shipping Services Ltd","Marine Shipping","Industrials"],"EL":["Estee Lauder Cos., Inc.","Household & Personal Products","Consumer Defensive"],"GIS":["General Mills, Inc.","Packaged Foods","Consumer Defensive"],"NVO":["Novo Nordisk ADR","Biotechnology","Healthcare"],"EPAM":["EPAM Systems Inc","Information Technology Services","Technology"],"HAL":["Halliburton Co.","Oil & Gas Equipment & Services","Energy"],"DAC":["Danaos Corporation","Marine Shipping","Industrials"],"TGT":["Target Corp","Discount Stores","Consumer Defensive"],"MPW":["Medical Properties Trust Inc","REIT - Healthcare Facilities","Real Estate"]}}