{"hold_stock_list":["BIO","ILPT","INTC","HIMX","STC","VALE","CCS","BAC","C","THO","WGO","DAC","EDRY","NMM","ZIM","X","GGB","SID","TX"],"portfolio":{"BAC":{"cost_p":35.99,"position_%":5.962175800996189,"profit_%":-2.556265629341488},"BIO":{"cost_p":522.14,"position_%":5.406172674236159,"profit_%":5.0465392423488},"C":{"cost_p":49.1,"position_%":12.878840892723314,"profit_%":8.329938900203658},"CCS":{"cost_p":44.7,"position_%":1.2341819871470299,"profit_%":16.040268456375824},"DAC":{"cost_p":73.49,"position_%":6.087250619827868,"profit_%":6.232140427269014},"EDRY":{"cost_p":22.24,"position_%":0.9210807850385886,"profit_%":-14.613309352517986},"GGB":{"cost_p":4.57,"position_%":2.775943109345915,"profit_%":10.284463894967171},"HIMX":{"cost_p":7.32,"position_%":5.2547990110474885,"profit_%":-3.2786885245901667},"ILPT":{"cost_p":17.42,"position_%":4.809720406286636,"profit_%":-46.0390355912744},"INTC":{"cost_p":43.58,"position_%":6.617921263965807,"profit_%":-18.838916934373568},"NMM":{"cost_p":30.04,"position_%":2.218683712330512,"profit_%":-1.930758988015973},"SID":{"cost_p":4.82,"position_%":4.657863562230514,"profit_%":-34.64730290456432},"STC":{"cost_p":52.86,"position_%":8.756893938334496,"profit_%":1.7972001513431761},"THO":{"cost_p":80.73,"position_%":8.481277907922928,"profit_%":9.253065774804902},"TX":{"cost_p":39.96,"position_%":3.3099269937178066,"profit_%":-13.163163163163158},"VALE":{"cost_p":13.29,"position_%":3.6694135591015717,"profit_%":3.5364936042136996},"WGO":{"cost_p":48.65,"position_%":2.6864856230292173,"profit_%":28.05755395683453},"X":{"cost_p":19.57,"position_%":4.052506961152244,"profit_%":28.053142565150736},"ZIM":{"cost_p":56.94,"position_%":10.218861191565711,"profit_%":-7.955742887249739}},"KellyFormula_Range_v1":{"DAC":{"profit":12.5826874,"loss":8.855019,"p":0.516666651,"q":0.477777779,"max_close":106.64,"min_close":57.38,"close":78.07},"X":{"profit":6.43761444,"loss":3.13549042,"p":0.372222215,"q":0.6166667,"max_close":38.45,"min_close":17.02,"close":25.06},"SID":{"profit":1.4219718,"loss":0.3499999,"p":0.816666663,"q":0.177777782,"max_close":5.71,"min_close":2.45,"close":3.15},"TX":{"profit":7.34777832,"loss":1.15285873,"p":0.877777755,"q":0.116666667,"max_close":49.66,"min_close":30.76,"close":34.7},"INTC":{"profit":10.4316406,"loss":0.8499985,"p":0.98888886,"q":0.00555555569,"max_close":55.91,"min_close":34.52,"close":35.37},"BAC":{"profit":7.53295135,"loss":2.36130524,"p":0.733333349,"q":0.25555557,"max_close":49.38,"min_close":30.13,"close":35.07},"HIMX":{"profit":3.342472,"loss":0.326190948,"p":0.877777755,"q":0.116666667,"max_close":15.99,"min_close":6.35,"close":7.08},"GGB":{"profit":0.6408572,"loss":0.40635252,"p":0.5833333,"q":0.411111116,"max_close":6.51,"min_close":4.06,"close":5.04},"VALE":{"profit":3.188961,"loss":0.6604662,"p":0.75,"q":0.23888889,"max_close":21.23,"min_close":12.24,"close":13.76},"THO":{"profit":10.5435257,"loss":8.266205,"p":0.394444436,"q":0.6,"max_close":112.5,"min_close":69.02,"close":88.2},"C":{"profit":8.413658,"loss":3.35710526,"p":0.516666651,"q":0.477777779,"max_close":68.07,"min_close":44.14,"close":53.19},"EDRY":{"profit":8.543726,"loss":1.43664169,"p":0.6722222,"q":0.322222233,"max_close":42.75,"min_close":15.55,"close":18.99},"NMM":{"profit":2.37321281,"loss":4.11734,"p":0.45,"q":0.544444442,"max_close":36.49,"min_close":20.36,"close":29.46},"WGO":{"profit":6.923954,"loss":8.409443,"p":0.394444436,"q":0.6,"max_close":77.45,"min_close":44.28,"close":62.3},"ZIM":{"profit":12.0382881,"loss":4.054123,"p":0.7111111,"q":0.283333331,"max_close":88.62,"min_close":42.05,"close":52.41},"ILPT":{"profit":9.617434,"loss":0.1949997,"p":0.983333349,"q":0.0111111114,"max_close":25.55,"min_close":9.06,"close":9.4},"CCS":{"profit":12.2520409,"loss":3.635769,"p":0.705555558,"q":0.2888889,"max_close":84.95,"min_close":40.36,"close":51.87},"BIO":{"profit":91.24182,"loss":36.5475159,"p":0.566666663,"q":0.427777767,"max_close":770.22,"min_close":463.67,"close":548.49},"STC":{"profit":13.4733543,"loss":2.91407013,"p":0.6944444,"q":0.3,"max_close":80.18,"min_close":45.91,"close":53.81}}}