{
    "Factor_Intersectional_v1": [],
    "KellyFormula_Range_v1": {
        "AAP": {
            "close": 54.5,
            "loss": 5.9430695,
            "max_close": 65.77928,
            "min_close": 30.417198,
            "p": 0.39444444,
            "profit": 3.8718224,
            "q": 0.6
        },
        "ADBE": {
            "close": 239.31,
            "loss": 2.323349,
            "max_close": 420.68,
            "min_close": 234.84,
            "p": 0.9777778,
            "profit": 82.68402,
            "q": 0.016666668
        },
        "ADSK": {
            "close": 240.65,
            "loss": 8.349991,
            "max_close": 326.79,
            "min_close": 218.64,
            "p": 0.8666667,
            "profit": 51.68628,
            "q": 0.12777779
        },
        "CRM": {
            "close": 176.37,
            "loss": 0.0,
            "max_close": 289.71606,
            "min_close": 176.37,
            "p": 0.99444443,
            "profit": 56.35063,
            "q": 0.0
        },
        "EL": {
            "close": 71.44,
            "loss": 2.1728592,
            "max_close": 119.235886,
            "min_close": 51.83411,
            "p": 0.95555556,
            "profit": 25.213196,
            "q": 0.03888889
        },
        "EPAM": {
            "close": 129.99,
            "loss": 0.59999084,
            "max_close": 221.4,
            "min_close": 128.82,
            "p": 0.98333335,
            "profit": 40.660675,
            "q": 0.011111111
        },
        "FLO": {
            "close": 8.08,
            "loss": 0.0,
            "max_close": 17.219135,
            "min_close": 8.08,
            "p": 0.99444443,
            "profit": 3.3685083,
            "q": 0.0
        },
        "GLOB": {
            "close": 45.81,
            "loss": 1.5093803,
            "max_close": 140.36,
            "min_close": 41.56,
            "p": 0.90555555,
            "profit": 17.708649,
            "q": 0.08888889
        },
        "HOG": {
            "close": 21.33,
            "loss": 1.586277,
            "max_close": 30.283392,
            "min_close": 17.19,
            "p": 0.56666666,
            "profit": 4.571129,
            "q": 0.42777777
        },
        "ILPT": {
            "close": 5.59,
            "loss": 0.19204473,
            "max_close": 6.6,
            "min_close": 2.433941,
            "p": 0.53333336,
            "profit": 0.33465052,
            "q": 0.45
        },
        "MOH": {
            "close": 143.36,
            "loss": 7.140686,
            "max_close": 348.57,
            "min_close": 122.65,
            "p": 0.8333333,
            "profit": 26.933609,
            "q": 0.16111112
        },
        "MPT": {
            "close": 4.6,
            "loss": 0.48138475,
            "max_close": 5.9101014,
            "min_close": 3.7768216,
            "p": 0.75,
            "profit": 0.47518063,
            "q": 0.24444444
        },
        "NICE": {
            "close": 113.37,
            "loss": 4.895096,
            "max_close": 178.32,
            "min_close": 95.31,
            "p": 0.6666667,
            "profit": 21.41224,
            "q": 0.32777777
        },
        "NKE": {
            "close": 44.03,
            "loss": 0.0,
            "max_close": 77.81375,
            "min_close": 44.03,
            "p": 0.99444443,
            "profit": 21.436447,
            "q": 0.0
        },
        "NOW": {
            "close": 102.42,
            "loss": 1.7139893,
            "max_close": 208.938,
            "min_close": 99.41,
            "p": 0.96666664,
            "profit": 55.244812,
            "q": 0.027777778
        },
        "NVO": {
            "close": 36.67,
            "loss": 0.95373917,
            "max_close": 77.311485,
            "min_close": 34.765,
            "p": 0.9111111,
            "profit": 13.876972,
            "q": 0.083333336
        },
        "PAYC": {
            "close": 122.97,
            "loss": 3.9788666,
            "max_close": 263.95123,
            "min_close": 114.11907,
            "p": 0.9222222,
            "profit": 56.231445,
            "q": 0.072222225
        },
        "PODD": {
            "close": 203.5,
            "loss": 0.0,
            "max_close": 352.82,
            "min_close": 203.5,
            "p": 0.99444443,
            "profit": 88.48773,
            "q": 0.0
        },
        "PVH": {
            "close": 80.83,
            "loss": 10.252762,
            "max_close": 89.42744,
            "min_close": 60.382915,
            "p": 0.27222222,
            "profit": 3.5079498,
            "q": 0.7222222
        },
        "PYPL": {
            "close": 45.48,
            "loss": 2.5107956,
            "max_close": 77.80403,
            "min_close": 38.962036,
            "p": 0.8277778,
            "profit": 18.098137,
            "q": 0.16666667
        },
        "SID": {
            "close": 1.26,
            "loss": 0.061428666,
            "max_close": 2.12,
            "min_close": 1.11,
            "p": 0.9111111,
            "profit": 0.34048784,
            "q": 0.07777778
        },
        "ZIM": {
            "close": 26.3,
            "loss": 9.0414715,
            "max_close": 28.3146,
            "min_close": 10.8474,
            "p": 0.12222222,
            "profit": 1.15691,
            "q": 0.8666667
        }
    },
    "hold_stock_list": [
        "EL",
        "FLO",
        "NKE",
        "PVH",
        "MPT",
        "MOH",
        "NVO",
        "ILPT",
        "AAP",
        "HOG",
        "PYPL",
        "EPAM",
        "PAYC",
        "PODD",
        "ADSK",
        "GLOB",
        "CRM",
        "NOW",
        "ADBE",
        "NICE",
        "ZIM",
        "SID"
    ],
    "portfolio": {
        "AAP": {
            "cost_p": 91.35,
            "position_%": 9.993186286307248,
            "profit_%": -37.67925561029009
        },
        "ADBE": {
            "cost_p": 281.04,
            "position_%": 4.392032330758917,
            "profit_%": -18.926131511528617
        },
        "ADSK": {
            "cost_p": 228.33,
            "position_%": 3.568291851986135,
            "profit_%": 0
        },
        "CRM": {
            "cost_p": 234.16,
            "position_%": 3.659401830951138,
            "profit_%": -27.365903655620084
        },
        "EL": {
            "cost_p": 143.03,
            "position_%": 4.470483804927753,
            "profit_%": -48.08082220513178
        },
        "EPAM": {
            "cost_p": 195.07,
            "position_%": 4.57276764923752,
            "profit_%": -36.41256984672168
        },
        "FLO": {
            "cost_p": 10.95,
            "position_%": 2.566863472556049,
            "profit_%": -25.93607305936073
        },
        "GLOB": {
            "cost_p": 49.15,
            "position_%": 2.30431670641333,
            "profit_%": -8.38250254323499
        },
        "HOG": {
            "cost_p": 21.9,
            "position_%": 2.566863472556049,
            "profit_%": 2.7397260273972672
        },
        "ILPT": {
            "cost_p": 17.2,
            "position_%": 2.6879787962230774,
            "profit_%": 0
        },
        "MOH": {
            "cost_p": 199,
            "position_%": 3.1099289560953043,
            "profit_%": -27.11055276381909
        },
        "MPT": {
            "cost_p": 6.18,
            "position_%": 3.3802896140875096,
            "profit_%": -21.844660194174754
        },
        "NICE": {
            "cost_p": 119.55,
            "position_%": 2.8024523118180427,
            "profit_%": -12.521957340025095
        },
        "NKE": {
            "cost_p": 64.33,
            "position_%": 9.550685590870874,
            "profit_%": -31.60267371366392
        },
        "NOW": {
            "cost_p": 102.91,
            "position_%": 2.4123828306917168,
            "profit_%": 0
        },
        "NVO": {
            "cost_p": 51.55,