{
    "Factor_Intersectional_v1": [],
    "KellyFormula_Range_v1": {
        "AAP": {
            "close": 56.56,
            "loss": 14.348747,
            "max_close": 66.5,
            "min_close": 29.948305,
            "p": 0.1388889,
            "profit": 3.5182076,
            "q": 0.85555553
        },
        "ALB": {
            "close": 78.12,
            "loss": 12.790947,
            "max_close": 109.52887,
            "min_close": 50.43097,
            "p": 0.35555556,
            "profit": 10.538246,
            "q": 0.6388889
        },
        "EL": {
            "close": 86.57,
            "loss": 16.607964,
            "max_close": 99.313194,
            "min_close": 49.80485,
            "p": 0.15555556,
            "profit": 3.9428787,
            "q": 0.8388889
        },
        "EPAM": {
            "close": 166.44,
            "loss": 10.798874,
            "max_close": 267.63,
            "min_close": 143.33,
            "p": 0.75,
            "profit": 40.303726,
            "q": 0.24444444
        },
        "EW": {
            "close": 81.39,
            "loss": 7.3081665,
            "max_close": 81.39,
            "min_close": 64.54,
            "p": 0.0,
            "profit": 0.0,
            "q": 0.99444443
        },
        "GGB": {
            "close": 2.89,
            "loss": 0.1650312,
            "max_close": 3.4845805,
            "min_close": 2.264944,
            "p": 0.46666667,
            "profit": 0.13768458,
            "q": 0.5277778
        },
        "HAL": {
            "close": 21.1,
            "loss": 0.78705215,
            "max_close": 31.33167,
            "min_close": 19.099735,
            "p": 0.7111111,
            "profit": 3.7797318,
            "q": 0.28333333
        },
        "ILPT": {
            "close": 5.93,
            "loss": 2.1102552,
            "max_close": 6.17,
            "min_close": 2.4764423,
            "p": 0.022222223,
            "profit": 0.08068371,
            "q": 0.9722222
        },
        "MPW": {
            "close": 4.33,
            "loss": 0.32067823,
            "max_close": 6.0981083,
            "min_close": 3.6044285,
            "p": 0.6111111,
            "profit": 0.6738725,
            "q": 0.37777779
        },
        "NKE": {
            "close": 76.26,
            "loss": 9.273781,
            "max_close": 87.95319,
            "min_close": 52.918324,
            "p": 0.21111111,
            "profit": 1.247139,
            "q": 0.78333336
        },
        "NVO": {
            "close": 54.3,
            "loss": 4.423996,
            "max_close": 136.95312,
            "min_close": 45.38,
            "p": 0.9111111,
            "profit": 22.846546,
            "q": 0.083333336
        },
        "PVH": {
            "close": 75.9,
            "loss": 6.5759735,
            "max_close": 112.74689,
            "min_close": 60.472145,
            "p": 0.4888889,
            "profit": 15.094765,
            "q": 0.50555557
        },
        "PYPL": {
            "close": 68.08,
            "loss": 3.7267227,
            "max_close": 91.81,
            "min_close": 57.41,
            "p": 0.79444444,
            "profit": 9.330475,
            "q": 0.19444445
        },
        "SEE": {
            "close": 31.27,
            "loss": 2.3571415,
            "max_close": 36.74885,
            "min_close": 23.781643,
            "p": 0.5777778,
            "profit": 1.9615097,
            "q": 0.41666666
        },
        "SID": {
            "close": 1.25,
            "loss": 0.0,
            "max_close": 2.35638,
            "min_close": 1.25,
            "p": 0.99444443,
            "profit": 0.2908374,
            "q": 0.0
        },
        "TGT": {
            "close": 98.69,
            "loss": 4.6578293,
            "max_close": 154.72142,
            "min_close": 86.81527,
            "p": 0.6722222,
            "profit": 18.243454,
            "q": 0.32222223
        },
        "VALE": {
            "close": 9.72,
            "loss": 0.74960136,
            "max_close": 10.981996,
            "min_close": 7.91076,
            "p": 0.13333334,
            "profit": 0.14863014,
            "q": 0.8611111
        },
        "VFC": {
            "close": 12.85,
            "loss": 0.93027115,
            "max_close": 26.618027,
            "min_close": 9.672672,
            "p": 0.5833333,
            "profit": 7.1288166,
            "q": 0.41111112
        },
        "ZIM": {
            "close": 15.33,
            "loss": 1.4550085,
            "max_close": 18.54858,
            "min_close": 10.628198,
            "p": 0.60555553,
            "profit": 1.0977173,
            "q": 0.3888889
        }
    },
    "hold_stock_list": [
        "SEE",
        "EL",
        "TGT",
        "NKE",
        "PVH",
        "VFC",
        "MPW",
        "NVO",
        "ILPT",
        "AAP",
        "PYPL",
        "EPAM",
        "EW",
        "ZIM",
        "VALE",
        "GGB",
        "SID",
        "HAL",
        "ALB"
    ],
    "portfolio": {
        "AAP": {
            "cost_p": 91.35,
            "position_%": 13.237198297142964,
            "profit_%": -38.08429118773945
        },
        "ALB": {
            "cost_p": 173.45,
            "position_%": 7.181146437217755,
            "profit_%": -54.961083885846065
        },
        "EL": {
            "cost_p": 143.03,
            "position_%": 5.921702939840044,
            "profit_%": -39.47423617422919
        },
        "EPAM": {
            "cost_p": 248.63,
            "position_%": 2.5734338983647316,
            "profit_%": -33.057153199533445
        },
        "EW": {
            "cost_p": 87.4,
            "position_%": 2.713889587544675,
            "profit_%": -6.876430205949662
        },
        "GGB": {
            "cost_p": 2.9,
            "position_%": 2.4013058135406737,
            "profit_%": -0.3448275862068892
        },
        "HAL": {
            "cost_p": 26.94,
            "position_%": 5.2979844556850395,
            "profit_%": -21.67780252412769
        },
        "ILPT": {
            "cost_p": 17.2,
            "position_%": 3.56055689593962,
            "profit_%": -65.52325581395348
        },
        "MPW": {
            "cost_p": 6.18,
            "position_%": 4.477607305765929,
            "profit_%": -29.935275080906145
        },
        "NKE": {
            "cost_p": 73.71,
            "position_%": 6.10345694883045,
            "profit_%": 3.4595034595034755
        },
        "NVO": {
            "cost_p": 74.48,
            "position_%": 5.3963137885670935,
            "profit_%": -27.094522019334054
        },
        "PVH": {
            "cost_p": 87.3,
            "position_%": 5.421568901433642,
            "profit_%": -13.058419243986243
        },
        "PYPL": {
            "cost_p": 68.03,
            "position_%": 2.8165661119857246,
            "profit_%": 0.07349698662354426
        },
        "SEE": {
            "cost_p": 34.36,
            "position_%": 8.179758441055705,
            "profit_%": -8.9930151338766
        },
        "SID": {
            "cost_p": 4.54,
            "position_%": 3.2893749463070088,
            "profit_%": -72.4669603524229
        },
        "TGT": {
            "cost_p": 107.3,
            "position_%": 4.442415755050246,
            "profit_%": -8.024231127679403
        },
        "VALE": {
            "cost_p": 12.22,
            "position_%": 2.5296514690919856,
            "profit_%": -20.458265139116204
        },
        "VFC": {
            "cost_p": 18.8,
            "position_%": 1.3621200218187615,
            "profit_%": -31.64893617021277
        },
        "ZIM": {
            "cost_p": 29.42,
            "position_%": 13.093947984817952,
            "profit_%": -47.892590074779065
        }
    },
    "stock_info": {
        "AAP": [
            "Advance Auto Parts Inc",
            "Auto Parts",
            "Consumer Cyclical"
        ],