{
    "KellyFormula_Range_v1": {
        "BIO": {
            "close": 648.72,
            "loss": 82.0055542,
            "max_close": 662.35,
            "min_close": 478.82,
            "p": 0.0222222228,
            "profit": 6.07751465,
            "q": 0.9722222
        },
        "CNNE": {
            "close": 40.28,
            "loss": 1.88414,
            "max_close": 45.6,
            "min_close": 34.48,
            "p": 0.377777785,
            "profit": 1.82427216,
            "q": 0.6166667
        },
        "DHI": {
            "close": 100.58,
            "loss": 24.1484833,
            "max_close": 100.58,
            "min_close": 64.6072845,
            "p": 0.0,
            "profit": 0.0,
            "q": 0.99444443
        },
        "ELP": {
            "close": 1.13,
            "loss": 0.0475358963,
            "max_close": 1.42010415,
            "min_close": 1.02269232,
            "p": 0.572222233,
            "profit": 0.110010386,
            "q": 0.4
        },
        "HTH": {
            "close": 34.65,
            "loss": 8.431604,
            "max_close": 39.37,
            "min_close": 17.91427,
            "p": 0.0722222254,
            "profit": 2.556919,
            "q": 0.9222222
        },
        "LAKE": {
            "close": 28.8,
            "loss": 5.49778175,
            "max_close": 44.43,
            "min_close": 18.3,
            "p": 0.25555557,
            "profit": 3.56260681,
            "q": 0.73888886
        },
        "MDC": {
            "close": 61.01,
            "loss": 13.6763458,
            "max_close": 62.13,
            "min_close": 38.41685,
            "p": 0.0333333351,
            "profit": 0.526664734,
            "q": 0.9611111
        },
        "PBFX": {
            "close": 14.56,
            "loss": 4.5372324,
            "max_close": 14.86,
            "min_close": 6.8425045,
            "p": 0.03888889,
            "profit": 0.117143631,
            "q": 0.955555558
        },
        "PHM": {
            "close": 57.14,
            "loss": 11.10276,
            "max_close": 57.14,
            "min_close": 40.3891258,
            "p": 0.0,
            "profit": 0.0,
            "q": 0.99444443
        },
        "QDEL": {
            "close": 115.02,
            "loss": 0.0,
            "max_close": 283.45,
            "min_close": 115.02,
            "p": 0.99444443,
            "profit": 80.28698,
            "q": 0.0
        },
        "SMP": {
            "close": 43.04,
            "loss": 1.23550034,
            "max_close": 53.85105,
            "min_close": 38.99902,
            "p": 0.6166667,
            "profit": 3.17839813,
            "q": 0.372222215
        },
        "STC": {
            "close": 58.93,
            "loss": 11.6168976,
            "max_close": 59.21,
            "min_close": 39.3002357,
            "p": 0.00555555569,
            "profit": 0.279998779,
            "q": 0.98888886
        },
        "TDS": {
            "close": 23.35,
            "loss": 3.673317,
            "max_close": 23.88,
            "min_close": 16.3788166,
            "p": 0.0944444463,
            "profit": 0.294181824,
            "q": 0.9
        },
        "WFC": {
            "close": 45.09,
            "loss": 14.8774776,
            "max_close": 45.09,
            "min_close": 20.9815083,
            "p": 0.0,
            "profit": 0.0,
            "q": 0.99444443
        }
    },
    "hold_stock_list": [
        "SMP",
        "DHI",
        "TDS",
        "QDEL",
        "BIO",
        "WFC",
        "STC",
        "CNNE",
        "LAKE",
        "HTH",
        "MDC",
        "PBFX",
        "PHM",
        "ELP"
    ],
    "portfolio": {
        "BIO": {
            "cost_p": 580.11,
            "position": 62,
            "position_%": 16.819199319428574,
            "profit": 0,
            "profit_%": 11.827067280343385
        },
        "CNNE": {
            "cost_p": 41.7,
            "position": 200,
            "position_%": 3.900042381395806,
            "profit": 0,
            "profit_%": -3.405275779376503
        },
        "DHI": {
            "cost_p": 72.88,
            "position": 100,
            "position_%": 3.408094589401995,
            "profit": 0,
            "profit_%": 38.007683863885845
        },
        "ELP": {
            "cost_p": 1.05,
            "position": 18050,
            "position_%": 8.862776167074822,
            "profit": 0,
            "profit_%": 7.619047619047604
        },
        "HTH": {
            "cost_p": 29.44,
            "position": 200,
            "position_%": 2.7534112160262,
            "profit": 0,
            "profit_%": 17.697010869565208
        },
        "LAKE": {
            "cost_p": 28.88,
            "position": 790,
            "position_%": 10.66909435731674,
            "profit": 0,
            "profit_%": -0.27700831024930156
        },
        "MDC": {
            "cost_p": 59.95,
            "position": 170,
            "position_%": 4.765861142685295,
            "profit": 0,
            "profit_%": 1.7681401167639617
        },
        "PBFX": {
            "cost_p": 11.39,
            "position": 1000,
            "position_%": 5.326316873393074,
            "profit": 0,
            "profit_%": 27.831431079894642
        },
        "PHM": {
            "cost_p": 49.31,
            "position": 185,
            "position_%": 4.26589347936763,
            "profit": 0,
            "profit_%": 15.879132021902247
        },
        "QDEL": {
            "cost_p": 120.27,
            "position": 103,
            "position_%": 5.792923742527432,
            "profit": 0,
            "profit_%": -4.365178348715391
        },
        "SMP": {
            "cost_p": 41.45,
            "position": 637,
            "position_%": 12.347164751024147,
            "profit": 0,
            "profit_%": 3.835946924004816
        },
        "STC": {
            "cost_p": 53.5,
            "position": 530,
            "position_%": 13.259676465764759,
            "profit": 0,
            "profit_%": 10.149532710280374
        },
        "TDS": {
            "cost_p": 20.77,
            "position": 500,
            "position_%": 4.856347737505449,
            "profit": 0,
            "profit_%": 12.421762156957158
        },
        "WFC": {
            "cost_p": 31.79,
            "position": 200,
            "position_%": 2.9731977770880738,
            "profit": 0,
            "profit_%": 41.83705567788614
        }
    }
}