{"hold_stock_list":["SEE","GIS","PEP","EL","KSS","TGT","NKE","PVH","VFC","MPW","NVO","CVS","ILPT","AAP","PYPL","EPAM","PAGS","EW","DAC","ZIM","VALE","GGB","SID","HAL","ALB"],"watch_stock_list":["ABNB","ACLS","ACMR","ADBE","ADSK","AEO","ALB","ALGM","ALGN","AMAT","ANSS","APD","APTV","ARTNA","ASML","AZN","BAC","BBY","BF-B","BIO","BLD","BUD","CAMT","CE","CNMD","CRM","CSCO","CVS","DE","DELL","DEO","DG","DHI","DIS","EL","EPAM","EW","EXLS","EXR","F","FDX","FFIV","FSLR","FTNT","G","GIS","GLOB","GM","GOOG","GSK","HAL","HAS","HMC","HOV","HPE","HPQ","INTC","ISRG","K","KSS","LMAT","LNTH","LQDT","LRCX","M","MA","MCHP","MKC","MMM","MMS","MOH","MPW","MS","MSFT","MU","NDAQ","NFLX","NICE","NKE","NOW","NVO","NXPI","ORCL","OXM","PAGS","PAYC","PCTY","PEP","PFE","PHG","PODD","PVH","PYPL","QCOM","SAIC","SBUX","SEE","SMP","SONY","SQM","STM","TDC","TEAM","TECH","TEX","TGT","TITN","TM","TEN","TRI","TX","UAL","UPS","VALE","VEEV","VFC","VMI","WDAY","WFC","WNS","X","ZTS"],"portfolio":{"AAP":{"cost_p":91.35,"position_%":11.7659938948209,"profit_%":-52.44663382594417},"ALB":{"cost_p":173.45,"position_%":6.383021787650904,"profit_%":-53.185356010377625},"CVS":{"cost_p":65.41,"position_%":4.814222601674785,"profit_%":-2.9506191713805223},"DAC":{"cost_p":73.24,"position_%":4.042887135147468,"profit_%":15.674494811578379},"EL":{"cost_p":143.03,"position_%":5.263554951211927,"profit_%":-49.800741103265054},"EPAM":{"cost_p":248.63,"position_%":2.2874181422076165,"profit_%":-16.00370027752081},"EW":{"cost_p":87.4,"position_%":2.412263350709235,"profit_%":-16.132723112128154},"GGB":{"cost_p":2.9,"position_%":2.1344206611920002,"profit_%":-2.758620689655175},"GIS":{"cost_p":62.3,"position_%":4.585324385940056,"profit_%":-2.0866773675762396},"HAL":{"cost_p":34.9,"position_%":2.2475817565914036,"profit_%":-24.756446991404005},"ILPT":{"cost_p":17.2,"position_%":3.1648306355605524,"profit_%":-77.84883720930232},"KSS":{"cost_p":21.98,"position_%":5.257666894215536,"profit_%":-45.35941765241128},"MPW":{"cost_p":6.18,"position_%":3.9799585259985317,"profit_%":-21.19741100323624},"NKE":{"cost_p":73.71,"position_%":5.425108515050425,"profit_%":3.785103785103794},"NVO":{"cost_p":89.89,"position_%":2.4809880159639945,"profit_%":-2.0135721437312295},"PAGS":{"cost_p":6.91,"position_%":0.0635726153829169,"profit_%":16.497829232995667},"PEP":{"cost_p":144.84,"position_%":5.330163595983609,"profit_%":5.979011322838993},"PVH":{"cost_p":87.3,"position_%":4.819006647984352,"profit_%":-9.851088201603659},"PYPL":{"cost_p":68.03,"position_%":2.5035282341533063,"profit_%":10.171982948699105},"SEE":{"cost_p":37.16,"position_%":4.786254330941922,"profit_%":-12.944025834230343},"SID":{"cost_p":4.54,"position_%":2.9237883022707662,"profit_%":-66.29955947136563},"TGT":{"cost_p":135.71,"position_%":1.2485440859067516,"profit_%":-8.42973988652274},"VALE":{"cost_p":12.22,"position_%":2.24850176549709,"profit_%":-17.266775777414082},"VFC":{"cost_p":18.8,"position_%":1.2107317198830485,"profit_%":35.69148936170213},"ZIM":{"cost_p":40.74,"position_%":8.620667448060896,"profit_%":-48.67452135493373}},"KellyFormula_Range_v1":{"PYPL":{"profit":8.808563,"loss":10.506149,"p":0.5833333,"q":0.41111112,"max_close":91.81,"min_close":57.22,"close":74.95},"SID":{"profit":0.5556493,"loss":0.11956513,"p":0.85555553,"q":0.12777779,"max_close":3.343369,"min_close":1.3,"close":1.53},"SEE":{"profit":2.7970428,"loss":0.21571732,"p":0.9722222,"q":0.022222223,"max_close":39.39198,"min_close":30.610888,"close":32.35},"DAC":{"profit":3.5033646,"loss":4.0615463,"p":0.32777777,"q":0.6666667,"max_close":95.34127,"min_close":68.38013,"close":84.72},"HAL":{"profit":3.955515,"loss":0.43999863,"p":0.93333334,"q":0.055555556,"max_close":40.58066,"min_close":25.19,"close":26.26},"VFC":{"profit":0.6033287,"loss":6.9542828,"p":0.06666667,"q":0.92777777,"max_close":26.93,"min_close":11.779905,"close":25.51},"GGB":{"profit":0.39968634,"loss":0.05249977,"p":0.96666664,"q":0.022222223,"max_close":3.8891463,"min_close":2.72,"close":2.82},"KSS":{"profit":5.673807,"loss":0.22500038,"p":0.95,"q":0.044444446,"max_close":27.064507,"min_close":11.62,"close":12.01},"MPW":{"profit":0.56402683,"loss":0.48198414,"p":0.18888889,"q":0.8055556,"max_close":6.2460093,"min_close":3.3560271,"close":4.87},"ZIM":{"profit":0.8725605,"loss":3.706236,"p":0.094444446,"q":0.9,"max_close":23.31,"min_close":7.2657228,"close":20.91},"NVO":{"profit":36.741722,"loss":3.9146194,"p":0.7777778,"q":0.21666667,"max_close":146.36218,"min_close":77.87,"close":88.08},"EL":{"profit":18.992432,"loss":5.35215,"p":0.8388889,"q":0.15555556,"max_close":155.19865,"min_close":62.443096,"close":71.8},"PEP":{"profit":13.122787,"loss":5.6224823,"p":0.7722222,"q":0.22222222,"max_close":178.78221,"min_close":142.64,"close":153.5},"PVH":{"profit":22.386063,"loss":0.78500366,"p":0.9611111,"q":0.033333335,"max_close":140.46031,"min_close":77.4,"close":78.7},"ILPT":{"profit":0.6716738,"loss":0.22042489,"p":0.5888889,"q":0.40555555,"max_close":5.1334705,"min_close":3.2416239,"close":3.81},"ALB":{"profit":14.002518,"loss":3.4002533,"p":0.8833333,"q":0.11111111,"max_close":140.61734,"min_close":72.23231,"close":81.2},"AAP":{"profit":10.056744,"loss":4.1218834,"p":0.62222224,"q":0.37222221,"max_close":84.78196,"min_close":35.49403,"close":43.44},"CVS":{"profit":1.6440926,"loss":8.105503,"p":0.06666667,"q":0.92777777,"max_close":76.2834,"min_close":43.23058,"close":63.48},"VALE":{"profit":0.5873327,"loss":0.6978998,"p":0.5555556,"q":0.43888888,"max_close":12.457718,"min_close":8.5,"close":10.11},"EW":{"profit":9.71067,"loss":5.1179657,"p":0.33888888,"q":0.65555555,"max_close":95.56,"min_close":59.7,"close":73.3},"NKE":{"profit":5.9236374,"loss":3.2588806,"p":0.59444445,"q":0.4,"max_close":103.8486,"min_close":68.68,"close":76.5},"GIS":{"profit":5.8317947,"loss":1.5560875,"p":0.81666666,"q":0.17777778,"max_close":73.79097,"min_close":57.56,"close":61.0},"PAGS":{"profit":2.5246153,"loss":0.97435427,"p":0.65,"q":0.34444445,"max_close":14.6,"min_close":6.19,"close":8.05},"EPAM":{"profit":30.852234,"loss":15.175079,"p":0.45,"q":0.54444444,"max_close":314.63,"min_close":170.25,"close":208.84},"TGT":{"profit":17.999748,"loss":2.5348358,"p":0.9777778,"q":0.016666668,"max_close":172.50465,"min_close":120.56183,"close":124.27}},"Factor_Intersectional_v1":[],"stock_info":{"PYPL":["PayPal Holdings Inc","Credit Services","Financial"],"SID":["Companhia Siderurgica Nacional ADR","Steel","Basic Materials"],"SEE":["Sealed Air Corp.","Packaging & Containers","Consumer Cyclical"],"DAC":["Danaos Corporation","Marine Shipping","Industrials"],"HAL":["Halliburton Co.","Oil & Gas Equipment & Services","Energy"],"VFC":["VF Corp.","Apparel Manufacturing","Consumer Cyclical"],"GGB":["Gerdau S.A. ADR","Steel","Basic Materials"],"KSS":["Kohl's Corp.","Department Stores","Consumer Cyclical"],"MPW":["Medical Properties Trust Inc","REIT - Healthcare Facilities","Real Estate"],"ZIM":["Zim Integrated Shipping Services Ltd","Marine Shipping","Industrials"],"NVO":["Novo Nordisk ADR","Biotechnology","Healthcare"],"EL":["Estee Lauder Cos., Inc.","Household & Personal Products","Consumer Defensive"],"PEP":["PepsiCo Inc","Beverages - Non-Alcoholic","Consumer Defensive"],"PVH":["PVH Corp","Apparel Manufacturing","Consumer Cyclical"],"ILPT":["Industrial Logistics Properties Trust","REIT - Industrial","Real Estate"],"ALB":["Albemarle Corp.","Specialty Chemicals","Basic Materials"],"AAP":["Advance Auto Parts Inc","Specialty Retail","Consumer Cyclical"],"CVS":["CVS Health Corp","Healthcare Plans","Healthcare"],"VALE":["Vale S.A. ADR","Other Industrial Metals & Mining","Basic Materials"],"EW":["Edwards Lifesciences Corp","Medical Devices","Healthcare"],"NKE":["Nike, Inc.","Footwear & Accessories","Consumer Cyclical"],"GIS":["General Mills, Inc.","Packaged Foods","Consumer Defensive"],"PAGS":["PagSeguro Digital Ltd","Software - Infrastructure","Technology"],"EPAM":["EPAM Systems Inc","Information Technology Services","Technology"],