{"hold_stock_list":["CEIX","BIO","KGC","GSL","ARLP","GOGL","CPLP","TDS","SID","EDRY","CNNE","PBFX","ET","SB","NMM","TX"],"portfolio":{"ARLP":{"cost_p":7.06,"position_%":7.808008484475358,"profit_%":44.475920679886684},"BIO":{"cost_p":580.11,"position_%":4.179627208320492,"profit_%":29.808139835548424},"CEIX":{"cost_p":18.18,"position_%":7.564375218285573,"profit_%":42.62926292629263},"CNNE":{"cost_p":31,"position_%":3.5736241321938325,"profit_%":0.9032258064516167},"CPLP":{"cost_p":12.99,"position_%":5.147531776705411,"profit_%":1.7705927636643606},"EDRY":{"cost_p":22.24,"position_%":3.605325636592326,"profit_%":38.71402877697843},"ET":{"cost_p":9.35,"position_%":7.511275198418095,"profit_%":1.7112299465240657},"GOGL":{"cost_p":10.75,"position_%":5.421677740878748,"profit_%":-0.9302325581395315},"GSL":{"cost_p":15.75,"position_%":8.510773197891059,"profit_%":57.777777777777786},"KGC":{"cost_p":7.61,"position_%":12.555885159138851,"profit_%":-30.354796320630754},"NMM":{"cost_p":30.04,"position_%":5.789631338522174,"profit_%":7.356857523302267},"PBFX":{"cost_p":11.7,"position_%":8.429718215054,"profit_%":9.572649572649581},"SB":{"cost_p":4.05,"position_%":6.062102166383545,"profit_%":26.66666666666667},"SID":{"cost_p":5.56,"position_%":5.1476038255790435,"profit_%":-8.093525179856103},"TDS":{"cost_p":20.56,"position_%":4.3699082835850875,"profit_%":-5.3988326848249},"TX":{"cost_p":40.0,"position_%":4.322932417976411,"profit_%":7.599999999999999}},"KellyFormula_Range_v1":{"CNNE":{"profit":5.461359,"loss":0.5740013,"p":0.9388889,"q":0.055555556,"max_close":44.24,"min_close":29.78,"close":31.28},"ARLP":{"profit":0.0200004578,"loss":3.52296019,"p":0.00555555569,"q":0.98888886,"max_close":10.22,"min_close":4.882302,"close":10.2},"PBFX":{"profit":1.54231358,"loss":1.4486208,"p":0.533333361,"q":0.4611111,"max_close":15.8821535,"min_close":9.259094,"close":12.82},"ET":{"profit":0.639884949,"loss":1.57654476,"p":0.35,"q":0.6333333,"max_close":11.163332,"min_close":5.937548,"close":9.51},"SB":{"profit":0.0699996948,"loss":1.86067367,"p":0.00555555569,"q":0.98888886,"max_close":5.2,"min_close":1.64,"close":5.13},"NMM":{"profit":0.999000549,"loss":8.051022,"p":0.055555556,"q":0.9388889,"max_close":34.7979736,"min_close":12.5655727,"close":32.25},"TDS":{"profit":2.79545975,"loss":0.7863598,"p":0.8333333,"q":0.161111116,"max_close":25.9372444,"min_close":17.4705029,"close":19.45},"KGC":{"profit":1.42448044,"loss":0.01999998,"p":0.983333349,"q":0.0111111114,"max_close":8.151266,"min_close":5.28,"close":5.3},"EDRY":{"profit":1.15399742,"loss":13.7751789,"p":0.055555556,"q":0.9388889,"max_close":33.81,"min_close":6.11,"close":30.85},"SID":{"profit":2.23678064,"loss":0.0,"p":0.99444443,"q":0.0,"max_close":9.618398,"min_close":5.11,"close":5.11},"CPLP":{"profit":0.3232994,"loss":1.86838913,"p":0.0444444455,"q":0.9444444,"max_close":13.77,"min_close":8.46675,"close":13.22},"TX":{"profit":7.38338852,"loss":8.436615,"p":0.294444442,"q":0.7,"max_close":56.19,"min_close":25.04841,"close":43.04},"BIO":{"profit":36.24164,"loss":138.104065,"p":0.205555558,"q":0.7888889,"max_close":825.77,"min_close":547.01,"close":753.03},"CEIX":{"profit":1.04500008,"loss":10.941081,"p":0.0222222228,"q":0.9722222,"max_close":27.74,"min_close":8.12,"close":25.93},"GOGL":{"profit":0.59025383,"loss":2.71091557,"p":0.1,"q":0.894444466,"max_close":11.68,"min_close":4.382082,"close":10.65},"GSL":{"profit":0.3049984,"loss":8.338137,"p":0.0111111114,"q":0.983333349,"max_close":25.22,"min_close":11.4280882,"close":24.85}}}