{
    "KellyFormula_Range_v1": {
        "BGFV": {
            "close": 12.61,
            "loss": 6.23059559,
            "max_close": 12.9,
            "min_close": 1.13858509,
            "p": 0.00555555569,
            "profit": 0.289999962,
            "q": 0.98888886
        },
        "BIO": {
            "close": 547.01,
            "loss": 53.14749,
            "max_close": 643.45,
            "min_close": 432.34,
            "p": 0.3888889,
            "profit": 35.15332,
            "q": 0.605555534
        },
        "C": {
            "close": 59.4,
            "loss": 10.5565567,
            "max_close": 69.01,
            "min_close": 39.7013054,
            "p": 0.155555561,
            "profit": 3.11051941,
            "q": 0.8388889
        },
        "DHI": {
            "close": 74.66,
            "loss": 9.256477,
            "max_close": 78.97,
            "min_close": 45.4488258,
            "p": 0.161111116,
            "profit": 1.91751862,
            "q": 0.8333333
        },
        "HTH": {
            "close": 31.41,
            "loss": 10.1854286,
            "max_close": 33.22,
            "min_close": 13.619916,
            "p": 0.0333333351,
            "profit": 1.29000092,
            "q": 0.9611111
        },
        "LAKE": {
            "close": 27.7,
            "loss": 6.38996124,
            "max_close": 31.25,
            "min_close": 12.87,
            "p": 0.06666667,
            "profit": 1.92083168,
            "q": 0.927777767
        },
        "PSX": {
            "close": 71.2,
            "loss": 11.3263779,
            "max_close": 87.2001343,
            "min_close": 43.5934563,
            "p": 0.216666669,
            "profit": 4.237976,
            "q": 0.7777778
        },
        "REGI": {
            "close": 96.51,
            "loss": 50.14365,
            "max_close": 100.53,
            "min_close": 22.31,
            "p": 0.0222222228,
            "profit": 2.51000214,
            "q": 0.9722222
        },
        "SMP": {
            "close": 39.81,
            "loss": 1.21091461,
            "max_close": 54.17,
            "min_close": 35.6404228,
            "p": 0.855555534,
            "profit": 5.14001465,
            "q": 0.1388889
        },
        "SNX": {
            "close": 86.0,
            "loss": 29.721447,
            "max_close": 91.34,
            "min_close": 34.01273,
            "p": 0.06666667,
            "profit": 2.430725,
            "q": 0.927777767
        },
        "T": {
            "close": 29.14,
            "loss": 0.9666748,
            "max_close": 31.50766,
            "min_close": 26.033514,
            "p": 0.155555561,
            "profit": 0.72542,
            "q": 0.8388889
        },
        "TDS": {
            "close": 19.63,
            "loss": 1.09695816,
            "max_close": 23.91577,
            "min_close": 16.5031128,
            "p": 0.366666675,
            "profit": 1.52772522,
            "q": 0.627777755
        },
        "WFC": {
            "close": 30.17,
            "loss": 4.82265472,
            "max_close": 34.75,
            "min_close": 21.0457516,
            "p": 0.111111112,
            "profit": 2.20677757,
            "q": 0.8833333
        }
    },
    "hold_stock_list": [
        "SMP",
        "T",
        "DHI",
        "C",
        "REGI",
        "TDS",
        "BGFV",
        "BIO",
        "WFC",
        "PSX",
        "SNX",
        "LAKE",
        "HTH"
    ],
    "portfolio": {
        "BGFV": {
            "cost_p": 12.23,
            "position_%": 9.612785307630746,
            "profit_%": 3.107113654946844
        },
        "BIO": {
            "cost_p": 597.32,
            "position_%": 6.371701289517928,
            "profit_%": -8.422621040648238
        },
        "C": {
            "cost_p": 62.71,
            "position_%": 5.527531209129732,
            "profit_%": -5.278265029500881
        },
        "DHI": {
            "cost_p": 72.88,
            "position_%": 4.0916936877708725,
            "profit_%": 2.4423710208562035
        },
        "HTH": {
            "cost_p": 29.44,
            "position_%": 7.437809821019281,
            "profit_%": 6.691576086956517
        },
        "LAKE": {
            "cost_p": 29.73,
            "position_%": 7.010337870707982,
            "profit_%": -6.828119744365964
        },
        "PSX": {
            "cost_p": 70.43,
            "position_%": 9.88535902955895,
            "profit_%": 1.0932841118841345
        },
        "REGI": {
            "cost_p": 80.92,
            "position_%": 6.3603155118027805,
            "profit_%": 19.265941670785967
        },
        "SMP": {
            "cost_p": 41.45,
            "position_%": 14.823771684839654,
            "profit_%": -3.956574185765984
        },
        "SNX": {
            "cost_p": 86.45,
            "position_%": 7.037651385788944,
            "profit_%": -0.5205320994794712
        },
        "T": {
            "cost_p": 28.54,
            "position_%": 6.729735715775506,
            "profit_%": 2.1023125437981833
        },
        "TDS": {
            "cost_p": 20.77,
            "position_%": 5.830438933520926,
            "profit_%": -5.488685604236883
        },
        "WFC": {
            "cost_p": 31.79,
            "position_%": 9.280868552936708,
            "profit_%": -5.095942120163565
        }
    }
}