{
    "Factor_Intersectional_v1": [],
    "KellyFormula_Range_v1": {
        "AAP": {
            "close": 49.0,
            "loss": 7.159992,
            "max_close": 84.78196,
            "min_close": 35.49403,
            "p": 0.3888889,
            "profit": 12.494602,
            "q": 0.60555553
        },
        "ALB": {
            "close": 79.88,
            "loss": 2.8288956,
            "max_close": 140.61736,
            "min_close": 72.23231,
            "p": 0.9388889,
            "profit": 17.25235,
            "q": 0.055555556
        },
        "CVS": {
            "close": 55.69,
            "loss": 4.12051,
            "max_close": 76.283394,
            "min_close": 43.23058,
            "p": 0.6166667,
            "profit": 2.5021858,
            "q": 0.37777779
        },
        "DAC": {
            "close": 79.79,
            "loss": 1.5086212,
            "max_close": 95.34127,
            "min_close": 68.38013,
            "p": 0.7722222,
            "profit": 5.223114,
            "q": 0.22222222
        },
        "EL": {
            "close": 65.94,
            "loss": 2.016674,
            "max_close": 155.19865,
            "min_close": 62.443096,
            "p": 0.93333334,
            "profit": 26.234299,
            "q": 0.06111111
        },
        "EPAM": {
            "close": 257.31,
            "loss": 47.486786,
            "max_close": 314.63,
            "min_close": 170.25,
            "p": 0.0,
            "profit": 0.0,
            "q": 0.99444443
        },
        "EW": {
            "close": 72.1,
            "loss": 4.3058853,
            "max_close": 95.56,
            "min_close": 59.7,
            "p": 0.4,
            "profit": 11.487091,
            "q": 0.59444445
        },
        "GGB": {
            "close": 2.89,
            "loss": 0.07666683,
            "max_close": 3.889146,
            "min_close": 2.72,
            "p": 0.9388889,
            "profit": 0.37583733,
            "q": 0.05
        },
        "GIS": {
            "close": 59.55,
            "loss": 0.648571,
            "max_close": 73.79097,
            "min_close": 58.31,
            "p": 0.95555556,
            "profit": 6.752987,
            "q": 0.03888889
        },
        "HAL": {
            "close": 26.29,
            "loss": 0.3433361,
            "max_close": 40.58066,
            "min_close": 25.51,
            "p": 0.9611111,
            "profit": 4.414879,
            "q": 0.033333335
        },
        "ILPT": {
            "close": 3.93,
            "loss": 0.28600454,
            "max_close": 5.1334705,
            "min_close": 3.2416239,
            "p": 0.4722222,
            "profit": 0.6972573,
            "q": 0.5222222
        },
        "KSS": {
            "close": 12.99,
            "loss": 0.1524992,
            "max_close": 27.064508,
            "min_close": 12.7,
            "p": 0.9722222,
            "profit": 5.243765,
            "q": 0.022222223
        },
        "MPW": {
            "close": 4.79,
            "loss": 0.42879772,
            "max_close": 6.2460093,
            "min_close": 2.9376607,
            "p": 0.22777778,
            "profit": 0.5370178,
            "q": 0.76666665
        },
        "NKE": {
            "close": 74.57,
            "loss": 2.0146255,
            "max_close": 105.37247,
            "min_close": 70.41491,
            "p": 0.73888886,
            "profit": 7.787239,
            "q": 0.25555557
        },
        "NVO": {
            "close": 85.73,
            "loss": 2.592781,
            "max_close": 146.36218,
            "min_close": 78.69,
            "p": 0.8888889,
            "profit": 37.588234,
            "q": 0.1
        },
        "PAGS": {
            "close": 7.85,
            "loss": 0.9272542,
            "max_close": 14.6,
            "min_close": 6.19,
            "p": 0.7111111,
            "profit": 2.8750777,
            "q": 0.28333333
        },
        "PEP": {
            "close": 145.66,
            "loss": 1.3666687,
            "max_close": 178.78221,
            "min_close": 142.64,
            "p": 0.9611111,
            "profit": 19.134964,
            "q": 0.033333335
        },
        "PVH": {
            "close": 79.35,
            "loss": 0.0,
            "max_close": 140.46031,
            "min_close": 79.35,
            "p": 0.99444443,
            "profit": 23.21251,
            "q": 0.0
        },
        "PYPL": {
            "close": 79.2,
            "loss": 12.940811,
            "max_close": 91.81,
            "min_close": 56.13,
            "p": 0.43888888,
            "profit": 6.5410614,
            "q": 0.5555556
        },
        "SEE": {
            "close": 34.72,
            "loss": 0.911808,
            "max_close": 39.39198,
            "min_close": 30.61089,
            "p": 0.6333333,
            "profit": 1.4168243,
            "q": 0.3611111
        },
        "SID": {
            "close": 1.56,
            "loss": 0.12666643,
            "max_close": 3.5998206,
            "min_close": 1.3,
            "p": 0.84444445,
            "profit": 0.6044898,
            "q": 0.15
        },
        "TGT": {
            "close": 135.21,
            "loss": 3.7818909,
            "max_close": 173.97578,
            "min_close": 121.59,
            "p": 0.8,
            "profit": 12.092468,
            "q": 0.19444445
        },
        "VALE": {
            "close": 9.37,
            "loss": 0.47129726,
            "max_close": 12.466866,
            "min_close": 8.5,
            "p": 0.8111111,
            "profit": 1.2087021,
            "q": 0.18333334
        },
        "VFC": {
            "close": 24.87,
            "loss": 6.9952755,
            "max_close": 26.93,
            "min_close": 11.779906,
            "p": 0.05,
            "profit": 1.0499992,
            "q": 0.9444444
        },
        "ZIM": {
            "close": 18.06,
            "loss": 0.8591137,
            "max_close": 27.01,
            "min_close": 8.707805,
            "p": 0.7222222,
            "profit": 2.944006,
            "q": 0.27222222
        }
    },
    "hold_stock_list": [
        "SEE",
        "GIS",
        "PEP",
        "EL",
        "KSS",
        "TGT",
        "NKE",
        "PVH",
        "VFC",
        "MPW",
        "NVO",
        "CVS",
        "ILPT",
        "AAP",
        "PYPL",
        "EPAM",
        "PAGS",
        "EW",
        "DAC",
        "ZIM",
        "VALE",
        "GGB",
        "SID",
        "HAL",
        "ALB"
    ],
    "portfolio": {
        "AAP": {
            "cost_p": 91.35,
            "position_%": 12.647062022916803,
            "profit_%": -46.360153256704976
        },
        "ALB": {
            "cost_p": 173.45,
            "position_%": 6.860999008131738,
            "profit_%": -53.94638224272125
        },
        "CVS": {
            "cost_p": 65.41,
            "position_%": 5.174724071742831,
            "profit_%": -14.86011313254854
        },
        "DAC": {
            "cost_p": 73.24,
            "position_%": 4.345629005669373,
            "profit_%": 8.943200436919732
        },
        "EL": {
            "cost_p": 143.25,
            "position_%": 5.666405926289256,
            "profit_%": -53.968586387434556
        },
        "EPAM": {
            "cost_p": 250,
            "position_%": 2.47225389454156,
            "profit_%": 2.924000000000001
        },
        "EW": {
            "cost_p": 87.5,
            "position_%": 2.5958665892686383,
            "profit_%": -17.60000000000001
        },
        "GGB": {
            "cost_p": 2.9,
            "position_%": 2.2942516141345677,
            "profit_%": -0.3448275862068892
        },
        "GIS": {
            "cost_p": 65,
            "position_%": 2.5711440503232224,
            "profit_%": -8.384615384615389
        },
        "HAL": {
            "cost_p": 35,
            "position_%": 2.422808816650729,
            "profit_%": -24.88571428571429
        },