{"hold_stock_list":["SEE","EL","TGT","NKE","PVH","VFC","MPW","NVO","ILPT","AAP","PYPL","EPAM","EW","ZIM","VALE","GGB","SID","HAL","ALB"],"watch_stock_list":["ABNB","ACLS","ACMR","ADBE","ADSK","AEO","ALB","AMAT","ANSS","APD","APTV","ARTNA","ASML","AZN","BAC","BBY","BIO","BLD","BUD","CAMT","CE","CNMD","CRM","CSCO","CVS","DE","DELL","DEO","DG","DHI","DIS","EL","EPAM","EW","EXLS","EXR","F","FDX","FFIV","FSLR","FTNT","G","GIS","GLOB","GM","GOOG","HAL","HAS","HMC","HOV","HPE","HPQ","INTC","ISRG","K","KSS","LMAT","LNTH","LQDT","LRCX","M","MA","MCHP","MMM","MMS","MOH","MPW","MS","MSFT","MU","NDAQ","NFLX","NICE","NKE","NOW","NVO","NXPI","ORCL","OXM","PAGS","PAYC","PCTY","PEP","PFE","PHG","PODD","PVH","PYPL","QCOM","SAIC","SBUX","SEE","SMP","SONY","SQM","STM","TDC","TEAM","TECH","TEX","TGT","TITN","TM","TEN","TRI","TX","UAL","UPS","VALE","VFC","VMI","WDAY","WFC","WNS","X","ZTS"],"portfolio":{"AAP":{"cost_p":91.35,"position_%":13.591265202365213,"profit_%":-37.887246852764086},"ALB":{"cost_p":173.45,"position_%":7.373226833529584,"profit_%":-58.720092245603915},"EL":{"cost_p":143.03,"position_%":6.080095900834456,"profit_%":-36.09732224008948},"EPAM":{"cost_p":248.63,"position_%":2.6422677826757863,"profit_%":-32.22459075735028},"EW":{"cost_p":87.4,"position_%":2.786480362858831,"profit_%":-7.929061784897032},"GGB":{"cost_p":2.9,"position_%":2.4655356376172723,"profit_%":2.0689655172413812},"HAL":{"cost_p":26.94,"position_%":5.439694273580935,"profit_%":-14.328136599851533},"ILPT":{"cost_p":17.2,"position_%":3.655794221294576,"profit_%":-67.90697674418604},"MPW":{"cost_p":6.18,"position":7000,"position_%":4.597373779453586,"profit_%":-31.715210355987054},"NKE":{"cost_p":73.71,"position_%":6.266711443061005,"profit_%":6.267806267806275},"NVO":{"cost_p":89.89,"position_%":2.8658663594665943,"profit_%":-39.99332517521415},"PVH":{"cost_p":87.3,"position_%":5.566584340447962,"profit_%":-13.768613974799537},"PYPL":{"cost_p":68.03,"position_%":2.8919032659845354,"profit_%":5.027193885050715},"SEE":{"cost_p":34.36,"position_%":8.398549584897319,"profit_%":-11.466821885913847},"SID":{"cost_p":4.54,"position_%":3.3773587311843496,"profit_%":-67.84140969162996},"TGT":{"cost_p":107.3,"position_%":4.561240929591954,"profit_%":-2.907735321528416},"VALE":{"cost_p":12.22,"position_%":2.5973142665244024,"profit_%":-19.0671031096563},"VFC":{"cost_p":18.8,"position_%":1.398553835820832,"profit_%":-34.04255319148936},"ZIM":{"cost_p":29.42,"position_%":13.444183248810807,"profit_%":-44.32358939496942}},"KellyFormula_Range_v1":{"EW":{"profit":0.0,"loss":7.3087234,"p":0.0,"q":0.99444443,"max_close":80.47,"min_close":60.7,"close":80.47},"SEE":{"profit":2.7645664,"loss":2.5160065,"p":0.75,"q":0.24444444,"max_close":37.12705,"min_close":23.781643,"close":30.42},"ALB":{"profit":15.815834,"loss":11.133663,"p":0.5833333,"q":0.41111112,"max_close":109.52887,"min_close":50.43097,"close":71.6},"AAP":{"profit":4.667507,"loss":15.150379,"p":0.07777778,"q":0.9166667,"max_close":66.5,"min_close":29.948305,"close":56.74},"TGT":{"profit":22.932419,"loss":7.1058884,"p":0.5555556,"q":0.43888888,"max_close":156.39932,"min_close":87.75676,"close":104.18},"VALE":{"profit":0.24718952,"loss":0.66892815,"p":0.15555556,"q":0.8388889,"max_close":11.250294,"min_close":8.179748,"close":9.89},"GGB":{"profit":0.21395183,"loss":0.18243504,"p":0.40555555,"q":0.5777778,"max_close":3.5385134,"min_close":2.3,"close":2.96},"ZIM":{"profit":0.9823799,"loss":1.417223,"p":0.40555555,"q":0.5888889,"max_close":19.37,"min_close":11.0988655,"close":16.38},"MPW":{"profit":0.71211624,"loss":0.26128125,"p":0.68333334,"q":0.31111112,"max_close":6.0981083,"min_close":3.6044285,"close":4.22},"EL":{"profit":0.90999603,"loss":20.777084,"p":0.011111111,"q":0.98333335,"max_close":99.31319,"min_close":49.80485,"close":91.4},"PYPL":{"profit":9.815338,"loss":4.4291077,"p":0.64444447,"q":0.34444445,"max_close":91.81,"min_close":57.41,"close":71.45},"VFC":{"profit":6.772423,"loss":0.8087778,"p":0.75,"q":0.24444444,"max_close":26.618027,"min_close":9.672672,"close":12.4},"PVH":{"profit":18.169006,"loss":6.645546,"p":0.5555556,"q":0.43888888,"max_close":112.74688,"min_close":60.472145,"close":75.28},"ILPT":{"profit":0.255363,"loss":1.8954422,"p":0.022222223,"q":0.96666664,"max_close":5.932734,"min_close":2.4764423,"close":5.52},"NKE":{"profit":1.2013016,"loss":9.540077,"p":0.033333335,"q":0.9611111,"max_close":87.95319,"min_close":52.918324,"close":78.33},"NVO":{"profit":25.686268,"loss":0.0,"p":0.99444443,"q":0.0,"max_close":136.95312,"min_close":53.94,"close":53.94},"HAL":{"profit":3.900423,"loss":2.1692944,"p":0.5611111,"q":0.42777777,"max_close":33.77287,"min_close":19.099735,"close":23.08},"SID":{"profit":0.18525732,"loss":0.058974266,"p":0.76111114,"q":0.21666667,"max_close":2.35638,"min_close":1.3,"close":1.46},"EPAM":{"profit":43.354813,"loss":11.768829,"p":0.8055556,"q":0.18888889,"max_close":267.63,"min_close":143.33,"close":168.51}},"Factor_Intersectional_v1":[],"stock_info":{"EW":["Edwards Lifesciences Corp","Medical Devices","Healthcare"],"SEE":["Sealed Air Corp","Packaging & Containers","Consumer Cyclical"],"ALB":["Albemarle Corp","Specialty Chemicals","Basic Materials"],"AAP":["Advance Auto Parts Inc","Auto Parts","Consumer Cyclical"],"TGT":["Target Corp","Discount Stores","Consumer Defensive"],"VALE":["Vale S.A. ADR","Other Industrial Metals & Mining","Basic Materials"],"GGB":["Gerdau S.A. ADR","Steel","Basic Materials"],"ZIM":["Zim Integrated Shipping Services Ltd","Marine Shipping","Industrials"],"MPW":["Medical Properties Trust Inc","REIT - Healthcare Facilities","Real Estate"],"EL":["Estee Lauder Cos., Inc","Household & Personal Products","Consumer Defensive"],"PYPL":["PayPal Holdings Inc","Credit Services","Financial"],"VFC":["VF Corp","Apparel Manufacturing","Consumer Cyclical"],"PVH":["PVH Corp","Apparel Manufacturing","Consumer Cyclical"],"ILPT":["Industrial Logistics Properties Trust","REIT - Industrial","Real Estate"],"NKE":["Nike, Inc","Footwear & Accessories","Consumer Cyclical"],"NVO":["Novo Nordisk ADR","Drug Manufacturers - General","Healthcare"],"HAL":["Halliburton Co","Oil & Gas Equipment & Services","Energy"],"SID":["Companhia Siderurgica Nacional ADR","Steel","Basic Materials"],"EPAM":["EPAM Systems Inc","Information Technology Services","Technology"]}}