{
    "Factor_Intersectional_v1": {},
    "KellyFormula_Range_v1": {
        "AAP": {
            "close": 78.48,
            "loss": 16.24654,
            "max_close": 128.37,
            "min_close": 48.25,
            "p": 0.0,
            "profit": 0.0,
            "q": 0.99444443
        },
        "ALB": {
            "close": 123.93,
            "loss": 5.7046967,
            "max_close": 243.44,
            "min_close": 108.73,
            "p": 0.73333335,
            "profit": 47.751045,
            "q": 0.2611111
        },
        "BAC": {
            "close": 35.96,
            "loss": 5.4698925,
            "max_close": 35.96,
            "min_close": 25.17,
            "p": 0.0,
            "profit": 0.0,
            "q": 0.99444443
        },
        "CMA": {
            "close": 51.73,
            "loss": 6.5396805,
            "max_close": 56.81,
            "min_close": 31.21,
            "p": 0.29444444,
            "profit": 2.3320808,
            "q": 0.7
        },
        "DAC": {
            "close": 71.74,
            "loss": 4.303322,
            "max_close": 79.37,
            "min_close": 51.88,
            "p": 0.2611111,
            "profit": 3.175972,
            "q": 0.73333335
        },
        "DIS": {
            "close": 112.46,
            "loss": 21.976456,
            "max_close": 113.69,
            "min_close": 79.32,
            "p": 0.011111111,
            "profit": 0.8199997,
            "q": 0.98333335
        },
        "EL": {
            "close": 152.08,
            "loss": 15.076828,
            "max_close": 258.48,
            "min_close": 104.51,
            "p": 0.31111112,
            "profit": 21.50122,
            "q": 0.68333334
        },
        "GIS": {
            "close": 65.72,
            "loss": 1.5055771,
            "max_close": 90.61,
            "min_close": 61.53,
            "p": 0.40555555,
            "profit": 5.392334,
            "q": 0.5888889
        },
        "ILPT": {
            "close": 3.95,
            "loss": 0.6343863,
            "max_close": 4.81,
            "min_close": 1.69,
            "p": 0.35555556,
            "profit": 0.3005464,
            "q": 0.6333333
        },
        "KSS": {
            "close": 25.36,
            "loss": 2.7748947,
            "max_close": 29.36,
            "min_close": 17.8,
            "p": 0.50555557,
            "profit": 1.9778023,
            "q": 0.4888889
        },
        "MPW": {
            "close": 4.26,
            "loss": 0.71690464,
            "max_close": 10.62,
            "min_close": 3.07,
            "p": 0.76111114,
            "profit": 2.2208772,
            "q": 0.23333333
        },
        "PYPL": {
            "close": 60.03,
            "loss": 2.895176,
            "max_close": 77.33,
            "min_close": 50.39,
            "p": 0.53333336,
            "profit": 4.6184464,
            "q": 0.4611111
        },
        "SEE": {
            "close": 36.69,
            "loss": 2.7614975,
            "max_close": 47.99,
            "min_close": 28.58,
            "p": 0.25555557,
            "profit": 4.6526146,
            "q": 0.73888886
        },
        "SID": {
            "close": 3.22,
            "loss": 0.6947167,
            "max_close": 4.0,
            "min_close": 2.12,
            "p": 0.4,
            "profit": 0.33763838,
            "q": 0.5888889
        },
        "TGT": {
            "close": 167.57,
            "loss": 37.819244,
            "max_close": 173.54,
            "min_close": 105.01,
            "p": 0.027777778,
            "profit": 2.7200012,
            "q": 0.96666664
        },
        "VFC": {
            "close": 15.58,
            "loss": 0.5141201,
            "max_close": 23.51,
            "min_close": 13.1,
            "p": 0.9,
            "profit": 2.373516,
            "q": 0.094444446
        },
        "ZIM": {
            "close": 11.66,
            "loss": 2.539071,
            "max_close": 24.53,
            "min_close": 6.59,
            "p": 0.51666665,
            "profit": 1.4684973,
            "q": 0.47777778
        },
        "ZION": {
            "close": 40.9,
            "loss": 5.836094,
            "max_close": 45.67,
            "min_close": 19.93,
            "p": 0.21666667,
            "profit": 2.204361,
            "q": 0.7777778
        }
    },
    "hold_stock_list": [
        "GIS",
        "SEE",
        "EL",
        "KSS",
        "TGT",
        "VFC",
        "MPW",
        "ILPT",
        "AAP",
        "DIS",
        "PYPL",
        "BAC",
        "CMA",
        "ZION",
        "DAC",
        "ZIM",
        "SID",
        "ALB"
    ],
    "portfolio": {
        "AAP": {
            "cost_p": 91.35,
            "position_%": 15.502757742893507,
            "profit_%": -14.088669950738907
        },
        "ALB": {
            "cost_p": 173.45,
            "position": 400,
            "position_%": 8.410206679192678,
            "profit": 0,
            "profit_%": -28.550014413375603
        },
        "BAC": {
            "cost_p": 29.82,
            "position_%": 9.398387781077641,
            "profit_%": 20.590207914151577
        },
        "CMA": {
            "cost_p": 62.35,
            "position_%": 3.0232135280926116,
            "profit_%": -17.032878909382525
        },
        "DAC": {
            "cost_p": 73.24,
            "position_%": 5.326868295048185,
            "profit_%": -2.0480611687602406
        },
        "DIS": {
            "cost_p": 89.37,
            "position_%": 6.500030304866962,
            "profit_%": 25.83641042855543
        },
        "EL": {
            "cost_p": 147.5,
            "position_%": 3.5759743014728165,
            "profit_%": 3.10508474576272
        },
        "GIS": {
            "cost_p": 65.58,
            "position_%": 3.1798290805503364,
            "profit_%": 0.21347971942665533
        },
        "ILPT": {
            "cost_p": 17.24,
            "position_%": 4.179647251348566,
            "profit_%": -77.08816705336427
        },
        "KSS": {
            "cost_p": 20.91,
            "position_%": 3.041638887205285,
            "profit_%": 21.28168340506934
        },
        "MPW": {
            "cost_p": 6.18,
            "position_%": 5.243954179041154,
            "profit_%": -31.067961165048548
        },
        "PYPL": {
            "cost_p": 68.34,
            "position_%": 4.970483059579369,
            "profit_%": -12.15978928884987
        },
        "SEE": {
            "cost_p": 36.28,
            "position_%": 3.078489605430632,
            "profit_%": 1.1300992282249078
        },
        "SID": {
            "cost_p": 4.54,
            "position_%": 3.852354688162919,
            "profit_%": -29.074889867841406
        },
        "TGT": {
            "cost_p": 117.78,
            "position_%": 2.8554457845930057,
            "profit_%": 42.27373068432671
        },
        "VFC": {
            "cost_p": 18.8,
            "position_%": 3.4183889932723193,
            "profit_%": -17.127659574468087
        },
        "ZIM": {
            "cost_p": 40.74,
            "position_%": 11.358506576156131,
            "profit_%": -71.37947962690231
        },
        "ZION": {
            "cost_p": 42.4,
            "position_%": 3.0838232620158794,
            "profit_%": -3.5377358490566038
        }
    },
    "stock_info": {
        "AAP": [
            "Advance Auto Parts Inc",
            "Specialty Retail",
            "Consumer Cyclical"
        ],
        "ALB": [
            "Albemarle Corp.",
            "Specialty Chemicals",
            "Basic Materials"
        ],
        "BAC": [
            "Bank Of America Corp.",
            "Banks - Diversified",
            "Financial"
        ],
        "CMA": [
            "Comerica, Inc.",
            "Banks - Regional",
            "Financial"
        ],
        "DAC": [
            "Danaos Corporation",
            "Marine Shipping",
            "Industrials"
        ],