{
    "KellyFormula_Range_v1": {
        "ARLP": {
            "close": 9.2,
            "loss": 2.92002964,
            "max_close": 9.2,
            "min_close": 4.173737,
            "p": 0.0,
            "profit": 0.0,
            "q": 0.99444443
        },
        "BIO": {
            "close": 806.32,
            "loss": 176.656921,
            "max_close": 825.77,
            "min_close": 547.01,
            "p": 0.0222222228,
            "profit": 12.1699829,
            "q": 0.9722222
        },
        "BXS": {
            "close": 29.53,
            "loss": 1.65829468,
            "max_close": 34.72739,
            "min_close": 25.17,
            "p": 0.4888889,
            "profit": 1.51764488,
            "q": 0.50555557
        },
        "CEIX": {
            "close": 25.86,
            "loss": 12.1387644,
            "max_close": 25.86,
            "min_close": 6.49,
            "p": 0.0,
            "profit": 0.0,
            "q": 0.99444443
        },
        "CNNE": {
            "close": 32.42,
            "loss": 1.05750084,
            "max_close": 45.6,
            "min_close": 29.78,
            "p": 0.8833333,
            "profit": 5.784157,
            "q": 0.111111112
        },
        "CPLP": {
            "close": 13.53,
            "loss": 2.50622749,
            "max_close": 13.53,
            "min_close": 7.435169,
            "p": 0.0,
            "profit": 0.0,
            "q": 0.99444443
        },
        "EDRY": {
            "close": 29.49,
            "loss": 14.6136875,
            "max_close": 32.89,
            "min_close": 5.48,
            "p": 0.06111111,
            "profit": 1.1436348,
            "q": 0.933333337
        },
        "ET": {
            "close": 9.5,
            "loss": 1.96127892,
            "max_close": 11.163332,
            "min_close": 5.776562,
            "p": 0.355555564,
            "profit": 0.638011932,
            "q": 0.6388889
        },
        "GOGL": {
            "close": 12.025,
            "loss": 3.97026443,
            "max_close": 12.08,
            "min_close": 4.39109373,
            "p": 0.00555555569,
            "profit": 0.0550003052,
            "q": 0.98888886
        },
        "GSL": {
            "close": 23.69,
            "loss": 8.107678,
            "max_close": 23.69,
            "min_close": 10.6305532,
            "p": 0.0,
            "profit": 0.0,
            "q": 0.99444443
        },
        "KGC": {
            "close": 5.97,
            "loss": 0.10688448,
            "max_close": 8.151266,
            "min_close": 5.67,
            "p": 0.927777767,
            "profit": 0.9584007,
            "q": 0.06666667
        },
        "PBFX": {
            "close": 12.19,
            "loss": 2.126089,
            "max_close": 15.8821535,
            "min_close": 8.060749,
            "p": 0.6611111,
            "profit": 1.81894684,
            "q": 0.333333343
        },
        "TDS": {
            "close": 20.2,
            "loss": 1.17161179,
            "max_close": 26.17267,
            "min_close": 17.54039,
            "p": 0.6722222,
            "profit": 2.8502903,
            "q": 0.322222233
        },
        "TX": {
            "close": 54.23,
            "loss": 17.87825,
            "max_close": 56.19,
            "min_close": 25.04841,
            "p": 0.06666667,
            "profit": 1.08583832,
            "q": 0.927777767
        }
    },
    "hold_stock_list": [
        "CEIX",
        "BIO",
        "KGC",
        "GSL",
        "ARLP",
        "GOGL",
        "CPLP",
        "TDS",
        "BXS",
        "EDRY",
        "CNNE",
        "PBFX",
        "ET",
        "TX"
    ],
    "portfolio": {
        "ARLP": {
            "cost_p": 7.06,
            "position_%": 8.156744738470247,
            "profit_%": 30.311614730878183
        },
        "BIO": {
            "cost_p": 580.11,
            "position_%": 8.732611473981002,
            "profit_%": 38.994328661805525
        },
        "BXS": {
            "cost_p": 26.04,
            "position_%": 4.409885248147307,
            "profit_%": 13.402457757296474
        },
        "CEIX": {
            "cost_p": 18.18,
            "position_%": 7.902229855954287,
            "profit_%": 42.244224422442244
        },
        "CNNE": {
            "cost_p": 31,
            "position_%": 3.7332361889077728,
            "profit_%": 4.580645161290328
        },
        "CPLP": {
            "cost_p": 12.99,
            "position_%": 5.377440716058787,
            "profit_%": 4.157043879907615
        },
        "EDRY": {
            "cost_p": 22.24,
            "position_%": 3.7663536067126,
            "profit_%": 32.59892086330935
        },
        "ET": {
            "cost_p": 9.35,
            "position_%": 7.846758181131203,
            "profit_%": 1.6042780748663141
        },
        "GOGL": {
            "cost_p": 10.75,
            "position_%": 5.663831113211894,
            "profit_%": 11.81395348837209
        },
        "GSL": {
            "cost_p": 15.75,
            "position_%": 8.890897677716344,
            "profit_%": 50.41269841269842
        },
        "KGC": {
            "cost_p": 7.61,
            "position_%": 13.116680189612273,
            "profit_%": -21.550591327201058
        },
        "PBFX": {
            "cost_p": 11.7,
            "position_%": 8.806222461738095,
            "profit_%": 4.18803418803419
        },
        "TDS": {
            "cost_p": 20.56,
            "position_%": 4.56508551067811,
            "profit_%": -1.7509727626459117
        },
        "TX": {
            "cost_p": 40.0,
            "position_%": 9.032023037680096,
            "profit_%": 35.57499999999999
        }
    }
}