{
    "KellyFormula_Range_v1": {
        "ARLP": {
            "close": 6.93,
            "loss": 1.91206551,
            "max_close": 7.2,
            "min_close": 2.58579826,
            "p": 0.0333333351,
            "profit": 0.141667366,
            "q": 0.9611111
        },
        "BIO": {
            "close": 617.6,
            "loss": 38.989502,
            "max_close": 662.35,
            "min_close": 510.68,
            "p": 0.144444451,
            "profit": 20.3457031,
            "q": 0.85
        },
        "CEIX": {
            "close": 17.5,
            "loss": 8.792872,
            "max_close": 18.66,
            "min_close": 3.76,
            "p": 0.027777778,
            "profit": 0.5300026,
            "q": 0.966666639
        },
        "CPLP": {
            "close": 13.08,
            "loss": 3.55514526,
            "max_close": 13.45,
            "min_close": 6.39127731,
            "p": 0.0333333351,
            "profit": 0.178334236,
            "q": 0.9611111
        },
        "EDRY": {
            "close": 27.63,
            "loss": 19.6566124,
            "max_close": 32.89,
            "min_close": 3.7,
            "p": 0.055555556,
            "profit": 2.4489994,
            "q": 0.9388889
        },
        "GOGL": {
            "close": 10.57,
            "loss": 4.69619751,
            "max_close": 11.29,
            "min_close": 3.11279774,
            "p": 0.0333333351,
            "profit": 0.385001183,
            "q": 0.9611111
        },
        "GSL": {
            "close": 20.32,
            "loss": 7.94438171,
            "max_close": 21.39,
            "min_close": 6.65200329,
            "p": 0.0111111114,
            "profit": 0.5649986,
            "q": 0.983333349
        },
        "KGC": {
            "close": 6.68,
            "loss": 0.196199417,
            "max_close": 9.232914,
            "min_close": 6.13875675,
            "p": 0.9,
            "profit": 0.892189,
            "q": 0.0944444463
        },
        "LDI": {
            "close": 13.1,
            "loss": 0.412500381,
            "max_close": 30.538002,
            "min_close": 12.1,
            "p": 0.455555558,
            "profit": 5.480406,
            "q": 0.0222222228
        },
        "TX": {
            "close": 32.74,
            "loss": 7.32488632,
            "max_close": 40.88,
            "min_close": 17.8321953,
            "p": 0.394444436,
            "profit": 4.27208328,
            "q": 0.6
        }
    },
    "hold_stock_list": [
        "CEIX",
        "BIO",
        "KGC",
        "GSL",
        "ARLP",
        "GOGL",
        "CPLP",
        "LDI",
        "EDRY",
        "TX"
    ],
    "portfolio": {
        "ARLP": {
            "cost_p": 7.06,
            "position_%": 8.88299918498804,
            "profit": 0,
            "profit_%": -1.8413597733711033
        },
        "BIO": {
            "cost_p": 580.11,
            "position_%": 14.740716277722434,
            "profit": 0,
            "profit_%": 6.46256744410543
        },
        "CEIX": {
            "cost_p": 18.18,
            "position_%": 8.605822987074975,
            "profit": 0,
            "profit_%": -3.740374037403739
        },
        "CPLP": {
            "cost_p": 13.14,
            "position_%": 3.8505073148204385,
            "profit": 0,
            "profit_%": -0.45662100456621385
        },
        "EDRY": {
            "cost_p": 22.24,
            "position_%": 4.101699524935652,
            "profit": 0,
            "profit_%": 24.235611510791372
        },
        "GOGL": {
            "cost_p": 11.03,
            "position_%": 4.068502316550382,
            "profit": 0,
            "profit_%": -4.1704442429737
        },
        "GSL": {
            "cost_p": 15.76,
            "position_%": 12.918222324737386,
            "profit": 0,
            "profit_%": 28.934010152284266
        },
        "KGC": {
            "cost_p": 7.61,
            "position_%": 14.284553847142512,
            "profit": 0,
            "profit_%": -12.220762155059141
        },
        "LDI": {
            "cost_p": 13.57,
            "position_%": 13.792661384130142,
            "profit": 0,
            "profit_%": -3.4635224760501155
        },
        "TX": {
            "cost_p": 40.0,
            "position_%": 14.75431483789803,
            "profit": 0,
            "profit_%": -18.149999999999995
        }
    }
}