{
    "KellyFormula_Range_v1": {
        "BAC": {
            "close": 32.15,
            "loss": 6.998478,
            "max_close": 32.15,
            "min_close": 20.45887,
            "p": 0.0,
            "profit": 0.0,
            "q": 0.99444443
        },
        "BIO": {
            "close": 612.2,
            "loss": 98.46106,
            "max_close": 643.45,
            "min_close": 421.47,
            "p": 0.0166666675,
            "profit": 20.7366943,
            "q": 0.9777778
        },
        "DHI": {
            "close": 65.85,
            "loss": 11.7448006,
            "max_close": 78.602684,
            "min_close": 38.5486832,
            "p": 0.605555534,
            "profit": 6.37532043,
            "q": 0.3888889
        },
        "FHN": {
            "close": 14.34,
            "loss": 4.28455448,
            "max_close": 14.34,
            "min_close": 7.067348,
            "p": 0.0,
            "profit": 0.0,
            "q": 0.99444443
        },
        "INTC": {
            "close": 51.1,
            "loss": 2.93256378,
            "max_close": 63.44745,
            "min_close": 43.79363,
            "p": 0.4611111,
            "profit": 6.74879456,
            "q": 0.533333361
        },
        "PBCT": {
            "close": 14.0,
            "loss": 2.65434837,
            "max_close": 14.0,
            "min_close": 9.716092,
            "p": 0.0,
            "profit": 0.0,
            "q": 0.99444443
        },
        "PFC": {
            "close": 25.25,
            "loss": 7.178751,
            "max_close": 25.25,
            "min_close": 13.422781,
            "p": 0.0,
            "profit": 0.0,
            "q": 0.99444443
        },
        "PSX": {
            "close": 71.22,
            "loss": 11.0672607,
            "max_close": 87.2001343,
            "min_close": 43.5934563,
            "p": 0.161111116,
            "profit": 5.185486,
            "q": 0.8333333
        },
        "REGI": {
            "close": 84.86,
            "loss": 42.4267578,
            "max_close": 84.86,
            "min_close": 22.03,
            "p": 0.0,
            "profit": 0.0,
            "q": 0.99444443
        },
        "SFM": {
            "close": 20.26,
            "loss": 0.381427765,
            "max_close": 27.41,
            "min_close": 18.59,
            "p": 0.8388889,
            "profit": 2.90492821,
            "q": 0.155555561
        },
        "SMP": {
            "close": 42.49,
            "loss": 2.60982132,
            "max_close": 54.17,
            "min_close": 35.6404228,
            "p": 0.594444454,
            "profit": 4.098118,
            "q": 0.4
        },
        "T": {
            "close": 29.83,
            "loss": 1.15915108,
            "max_close": 32.0722351,
            "min_close": 26.5,
            "p": 0.105555557,
            "profit": 0.873243332,
            "q": 0.8888889
        },
        "WFC": {
            "close": 32.69,
            "loss": 7.101639,
            "max_close": 33.0351639,
            "min_close": 21.0457516,
            "p": 0.00555555569,
            "profit": 0.345165253,
            "q": 0.98888886
        }
    },
    "hold_stock_list": [
        "SMP",
        "INTC",
        "T",
        "DHI",
        "BAC",
        "PFC",
        "REGI",
        "FHN",
        "SFM",
        "BIO",
        "PBCT",
        "WFC",
        "PSX"
    ],
    "portfolio": {
        "BAC": {
            "cost_p": 25.9,
            "position_%": 3.605539129783733,
            "profit_%": 24.131274131274132
        },
        "BIO": {
            "cost_p": 597.32,
            "position_%": 6.869154276824907,
            "profit_%": 2.491127034085581
        },
        "DHI": {
            "cost_p": 72.88,
            "position_%": 4.411141376173216,
            "profit_%": -9.645993413830958
        },
        "FHN": {
            "cost_p": 10.96,
            "position_%": 8.88910355475169,
            "profit_%": 30.839416058394146
        },
        "INTC": {
            "cost_p": 46.15,
            "position_%": 7.2625254353323845,
            "profit_%": 10.72589382448538
        },
        "PBCT": {
            "cost_p": 14.03,
            "position_%": 6.1141034200811415,
            "profit_%": -0.213827512473267
        },
        "PFC": {
            "cost_p": 17.29,
            "position_%": 4.1859843245902795,
            "profit_%": 46.03817235396184
        },
        "PSX": {
            "cost_p": 70.43,
            "position_%": 10.657131144479951,
            "profit_%": 1.1216811018031976
        },
        "REGI": {
            "cost_p": 77.53,
            "position_%": 4.035625413960622,
            "profit_%": 9.45440474654972
        },
        "SFM": {
            "cost_p": 20.61,
            "position_%": 10.728007194857268,
            "profit_%": -1.6982047549733037
        },
        "SMP": {
            "cost_p": 41.45,
            "position_%": 15.981096733945655,
            "profit_%": 2.5090470446320845
        },
        "T": {
            "cost_p": 28.54,
            "position_%": 7.255141252457889,
            "profit_%": 4.51997196916608
        },
        "WFC": {
            "cost_p": 31.79,
            "position_%": 10.005446742761277,
            "profit_%": 2.8310789556464253
        }
    }
}