{
    "KellyFormula_Range_v1": {
        "ARLP": {
            "close": 7.85,
            "loss": 2.01433277,
            "max_close": 8.144636,
            "min_close": 3.901959,
            "p": 0.00555555569,
            "profit": 0.29463625,
            "q": 0.98888886
        },
        "BIO": {
            "close": 753.63,
            "loss": 148.192078,
            "max_close": 763.66,
            "min_close": 516.56,
            "p": 0.0111111114,
            "profit": 9.26001,
            "q": 0.983333349
        },
        "BXS": {
            "close": 27.44,
            "loss": 0.999023438,
            "max_close": 34.72739,
            "min_close": 24.8817959,
            "p": 0.7222222,
            "profit": 2.80678368,
            "q": 0.272222221
        },
        "CEIX": {
            "close": 22.35,
            "loss": 10.5417309,
            "max_close": 22.35,
            "min_close": 4.96,
            "p": 0.0,
            "profit": 0.0,
            "q": 0.99444443
        },
        "CPLP": {
            "close": 11.69,
            "loss": 2.26290035,
            "max_close": 13.3364019,
            "min_close": 7.289191,
            "p": 0.3611111,
            "profit": 0.683259964,
            "q": 0.627777755
        },
        "EDRY": {
            "close": 23.65,
            "loss": 13.7285929,
            "max_close": 32.89,
            "min_close": 4.82,
            "p": 0.188888893,
            "profit": 4.068386,
            "q": 0.8055556
        },
        "GOGL": {
            "close": 9.69,
            "loss": 3.349348,
            "max_close": 11.29,
            "min_close": 3.659245,
            "p": 0.244444445,
            "profit": 0.647666931,
            "q": 0.75
        },
        "GSL": {
            "close": 18.35,
            "loss": 4.30991936,
            "max_close": 21.39,
            "min_close": 8.928467,
            "p": 0.08888889,
            "profit": 1.84062576,
            "q": 0.905555546
        },
        "KGC": {
            "close": 6.19,
            "loss": 0.06301308,
            "max_close": 8.19350052,
            "min_close": 6.08,
            "p": 0.9388889,
            "profit": 0.8998971,
            "q": 0.05
        },
        "TDS": {
            "close": 19.35,
            "loss": 0.8917465,
            "max_close": 26.17267,
            "min_close": 17.54039,
            "p": 0.705555558,
            "profit": 3.506094,
            "q": 0.2888889
        },
        "TX": {
            "close": 51.78,
            "loss": 17.3771935,
            "max_close": 51.78,
            "min_close": 23.305912,
            "p": 0.0,
            "profit": 0.0,
            "q": 0.99444443
        }
    },
    "hold_stock_list": [
        "CEIX",
        "BIO",
        "KGC",
        "GSL",
        "ARLP",
        "GOGL",
        "CPLP",
        "TDS",
        "BXS",
        "EDRY",
        "TX"
    ],
    "portfolio": {
        "ARLP": {
            "cost_p": 7.06,
            "position_%": 8.875298659192824,
            "profit_%": 11.189801699716714
        },
        "BIO": {
            "cost_p": 580.11,
            "position_%": 14.727937793387053,
            "profit_%": 29.911568495630135
        },
        "BXS": {
            "cost_p": 26.04,
            "position_%": 4.798366245970855,
            "profit_%": 5.376344086021514
        },
        "CEIX": {
            "cost_p": 18.18,
            "position_%": 8.598362740763903,
            "profit_%": 22.93729372937295
        },
        "CPLP": {
            "cost_p": 12.99,
            "position_%": 5.85115679200184,
            "profit_%": -10.007698229407241
        },
        "EDRY": {
            "cost_p": 22.24,
            "position_%": 4.09814382912411,
            "profit_%": 6.339928057553958
        },
        "GOGL": {
            "cost_p": 10.75,
            "position_%": 6.162776241838315,
            "profit_%": -9.860465116279075
        },
        "GSL": {
            "cost_p": 15.76,
            "position_%": 12.907023730414863,
            "profit_%": 16.434010152284277
        },
        "KGC": {
            "cost_p": 7.61,
            "position_%": 14.272170802510583,
            "profit_%": -18.659658344283837
        },
        "TDS": {
            "cost_p": 20.56,
            "position_%": 4.967238599601029,
            "profit_%": -5.885214007782088
        },
        "TX": {
            "cost_p": 40.0,
            "position_%": 14.741524565194641,
            "profit_%": 29.450000000000003
        }
    }
}