{"hold_stock_list":["SEE","GIS","EL","KSS","TGT","NKE","VFC","MPW","CVS","ILPT","AAP","DIS","PYPL","EPAM","EW","CMA","DAC","ZIM","VALE","SID","HAL","ALB"],"watch_stock_list":["ABM","ABNB","ACLS","ADBE","ADSK","AEP","ALB","ALGM","ALGN","ANSS","APD","APTV","ASML","AZO","BAC","BBY","BF-B","BIO","BK","C","CE","CNMD","CRM","CSCO","CVS","DE","DEO","DG","DELL","DHI","DIS","DOX","EL","EPAM","EQNR","EW","EXLS","EXR","F","FDX","FFIV","FSLR","FTNT","G","GIS","GLOB","GM","GOOG","GPC","HAL","HAS","HI","HPE","HPQ","INTC","IPG","ISRG","JBT","JKHY","JPM","K","KMB","KSS","LMAT","LNTH","LQDT","LTHM","LVS","M","MA","MCHP","MKC","MMM","MPW","MS","MSFT","MU","MWA","NDAQ","NFLX","NICE","NKE","NOW","NSSC","ORCL","ORLY","OSIS","PAGS","PAYC","PCTY","PDCO","PEP","PFE","PHG","PODD","PVH","PYPL","QCOM","RTX","SBUX","SEE","SIG","SIMO","SMP","SONY","SQM","TEAM","TECH","TEX","TGT","TITN","TM","TNP","TRI","TX","UAL","UPS","VALE","VEEV","VFC","VMI","WDAY","WFC","WNS","X","ZTS"],"portfolio":{"AAP":{"cost_p":91.35,"position_%":13.411522646691477,"profit_%":-54.73453749315817},"ALB":{"cost_p":173.45,"position_%":7.275716953846702,"profit_%":-37.907177861055054},"CMA":{"cost_p":62.35,"position_%":1.3076994870923664,"profit_%":15.878107457898954},"CVS":{"cost_p":65.41,"position_%":5.487513934287839,"profit_%":-8.500229322733519},"DAC":{"cost_p":73.24,"position_%":4.608303629573933,"profit_%":8.383397050791919},"DIS":{"cost_p":89.37,"position_%":5.6232126621384815,"profit_%":31.44231845138189},"EL":{"cost_p":143.25,"position_%":6.00891584686388,"profit_%":-49.654450261780106},"EPAM":{"cost_p":250,"position_%":2.6216910326631244,"profit_%":-2.432000000000005},"EW":{"cost_p":87.5,"position_%":2.7527755842962804,"profit_%":-18.457142857142863},"GIS":{"cost_p":65,"position_%":2.7265586739696492,"profit_%":1.9384615384615462},"HAL":{"cost_p":35,"position_%":2.569257212009862,"profit_%":-8.971428571428573},"ILPT":{"cost_p":17.24,"position_%":3.615836272248981,"profit_%":-77.5522041763341},"KSS":{"cost_p":22.03,"position_%":6.006608758755137,"profit_%":-32.04720835224693},"MPW":{"cost_p":6.18,"position_%":4.536574162920271,"profit_%":-28.964401294498384},"NKE":{"cost_p":75.5,"position_%":3.167002767457054,"profit_%":4.331125827814565},"PYPL":{"cost_p":68.34,"position_%":4.29999276413275,"profit_%":26.96810067310505},"SEE":{"cost_p":37.16,"position_%":5.455634171330654,"profit_%":-1.5069967707211929},"SID":{"cost_p":4.54,"position_%":3.3326936407213634,"profit_%":-58.81057268722467},"TGT":{"cost_p":135.71,"position_%":1.4231587601708502,"profit_%":-2.5053422739665505},"VALE":{"cost_p":12.22,"position_%":2.5629651535314704,"profit_%":-19.312602291325703},"VFC":{"cost_p":18.8,"position_%":1.3800581595938686,"profit_%":7.606382978723403},"ZIM":{"cost_p":40.74,"position_%":9.826307725704003,"profit_%":-47.96269023073147}},"KellyFormula_Range_v1":{"EW":{"profit":17.644348,"loss":4.179657,"p":0.51111114,"q":0.48333332,"max_close":95.56,"min_close":59.7,"close":71.35},"NKE":{"profit":10.035736,"loss":3.931244,"p":0.67777777,"q":0.31666666,"max_close":121.18714,"min_close":70.77431,"close":78.77},"ILPT":{"profit":0.62132835,"loss":0.2034924,"p":0.6333333,"q":0.3611111,"max_close":5.146735,"min_close":3.3560534,"close":3.87},"GIS":{"profit":3.4823914,"loss":1.8973999,"p":0.6666667,"q":0.32777777,"max_close":74.52436,"min_close":60.71325,"close":66.26},"AAP":{"profit":24.429794,"loss":2.4902,"p":0.6888889,"q":0.30555555,"max_close":85.25006,"min_close":35.69,"close":41.35},"TGT":{"profit":20.04306,"loss":4.041519,"p":0.9388889,"q":0.055555556,"max_close":173.9758,"min_close":121.59,"close":132.31},"CVS":{"profit":7.4462967,"loss":3.019806,"p":0.31666666,"q":0.67777777,"max_close":78.15086,"min_close":52.446857,"close":59.85},"VFC":{"profit":0.67777824,"loss":4.789467,"p":0.1,"q":0.89444447,"max_close":22.26,"min_close":11.829798,"close":20.23},"PYPL":{"profit":0.47000122,"loss":18.11354,"p":0.022222223,"q":0.96666664,"max_close":87.77,"min_close":56.13,"close":86.77},"ZIM":{"profit":2.0227127,"loss":5.559061,"p":0.2,"q":0.79444444,"max_close":27.01,"min_close":6.5896893,"close":22.04},"VALE":{"profit":1.1682081,"loss":0.03999996,"p":0.98333335,"q":0.011111111,"max_close":14.774527,"min_close":9.81,"close":9.86},"MPW":{"profit":0.5225177,"loss":0.26209307,"p":0.7111111,"q":0.28333333,"max_close":6.37,"min_close":2.847569,"close":4.39},"DIS":{"profit":2.2534943,"loss":17.788063,"p":0.05,"q":0.9444444,"max_close":122.255974,"min_close":85.6,"close":117.47},"KSS":{"profit":6.1145334,"loss":0.22000027,"p":0.98888886,"q":0.0055555557,"max_close":27.98382,"min_close":14.75,"close":14.97},"SID":{"profit":0.4777192,"loss":0.029999971,"p":0.98333335,"q":0.0055555557,"max_close":3.799283,"min_close":1.84,"close":1.87},"HAL":{"profit":4.042244,"loss":2.103918,"p":0.5555556,"q":0.43888888,"max_close":40.79932,"min_close":27.52,"close":31.86},"SEE":{"profit":1.0337639,"loss":2.0087776,"p":0.21111111,"q":0.78333336,"max_close":39.609432,"min_close":30.77987,"close":36.6},"CMA":{"profit":0.3133316,"loss":17.507076,"p":0.016666668,"q":0.9777778,"max_close":72.73,"min_close":42.810772,"close":72.25},"DAC":{"profit":5.887863,"loss":5.817215,"p":0.73333335,"q":0.2611111,"max_close":95.34127,"min_close":65.20942,"close":79.38},"EPAM":{"profit":17.768692,"loss":45.68625,"p":0.21666667,"q":0.7777778,"max_close":314.63,"min_close":170.25,"close":243.92},"ALB":{"profit":13.24379,"loss":15.007309,"p":0.38333333,"q":0.6111111,"max_close":150.6514,"min_close":72.51662,"close":107.7},"EL":{"profit":37.793564,"loss":7.044136,"p":0.9,"q":0.094444446,"max_close":"NaN","min_close":"NaN","close":72.12}},"Factor_Intersectional_v1":[],"stock_info":{"EW":["Edwards Lifesciences Corp","Medical Devices","Healthcare"],"NKE":["Nike, Inc.","Footwear & Accessories","Consumer Cyclical"],"ILPT":["Industrial Logistics Properties Trust","REIT - Industrial","Real Estate"],"GIS":["General Mills, Inc.","Packaged Foods","Consumer Defensive"],"AAP":["Advance Auto Parts Inc","Specialty Retail","Consumer Cyclical"],"TGT":["Target Corp","Discount Stores","Consumer Defensive"],"CVS":["CVS Health Corp","Healthcare Plans","Healthcare"],"VFC":["VF Corp.","Apparel Manufacturing","Consumer Cyclical"],"PYPL":["PayPal Holdings Inc","Credit Services","Financial"],"ZIM":["Zim Integrated Shipping Services Ltd","Marine Shipping","Industrials"],"VALE":["Vale S.A. ADR","Other Industrial Metals & Mining","Basic Materials"],"MPW":["Medical Properties Trust Inc","REIT - Healthcare Facilities","Real Estate"],"DIS":["Walt Disney Co","Entertainment","Communication Services"],"KSS":["Kohl's Corp.","Department Stores","Consumer Cyclical"],"SID":["Companhia Siderurgica Nacional ADR","Steel","Basic Materials"],"HAL":["Halliburton Co.","Oil & Gas Equipment & Services","Energy"],"SEE":["Sealed Air Corp.","Packaging & Containers","Consumer Cyclical"],"CMA":["Comerica, Inc.","Banks - Regional","Financial"],"DAC":["Danaos Corporation","Marine Shipping","Industrials"],"EPAM":["EPAM Systems Inc","Information Technology Services","Technology"],"ALB":["Albemarle Corp.","Specialty Chemicals","Basic Materials"],"EL":["Estee Lauder Cos., Inc.","Household & Personal Products","Consumer Defensive"]}}