{
    "Factor_Intersectional_v1": [],
    "KellyFormula_Range_v1": {
        "AAP": {
            "close": 60.8,
            "loss": 9.262947,
            "max_close": 65.48837,
            "min_close": 38.351055,
            "p": 0.016666668,
            "profit": 0.58181,
            "q": 0.9777778
        },
        "ADBE": {
            "close": 204.02,
            "loss": 0.0,
            "max_close": 401.73,
            "min_close": 204.02,
            "p": 0.99444443,
            "profit": 88.55925,
            "q": 0.0
        },
        "ADSK": {
            "close": 198.43,
            "loss": 0.0,
            "max_close": 326.79,
            "min_close": 198.43,
            "p": 0.99444443,
            "profit": 68.65631,
            "q": 0.0
        },
        "CRM": {
            "close": 165.89,
            "loss": 0.91578674,
            "max_close": 271.35336,
            "min_close": 164.53534,
            "p": 0.98333335,
            "profit": 48.831223,
            "q": 0.011111111
        },
        "EL": {
            "close": 89.68,
            "loss": 8.679512,
            "max_close": 118.776634,
            "min_close": 66.33727,
            "p": 0.54444444,
            "profit": 13.598114,
            "q": 0.45
        },
        "EPAM": {
            "close": 95.38,
            "loss": 3.0399933,
            "max_close": 221.4,
            "min_close": 89.69,
            "p": 0.9611111,
            "profit": 63.28991,
            "q": 0.033333335
        },
        "FLO": {
            "close": 7.79,
            "loss": 0.4205246,
            "max_close": 15.415328,
            "min_close": 6.8976603,
            "p": 0.8833333,
            "profit": 2.2030373,
            "q": 0.11111111
        },
        "GLOB": {
            "close": 37.49,
            "loss": 1.705719,
            "max_close": 95.81,
            "min_close": 32.75,
            "p": 0.95555556,
            "profit": 17.584774,
            "q": 0.03888889
        },
        "ILPT": {
            "close": 9.0,
            "loss": 2.8915138,
            "max_close": 9.01,
            "min_close": 3.2932572,
            "p": 0.0055555557,
            "profit": 0.010000229,
            "q": 0.98888886
        },
        "IT": {
            "close": 148.17,
            "loss": 2.6699982,
            "max_close": 409.12,
            "min_close": 140.65,
            "p": 0.9444444,
            "profit": 52.43521,
            "q": 0.05
        },
        "MOH": {
            "close": 200.28,
            "loss": 35.813675,
            "max_close": 306.29,
            "min_close": 122.65,
            "p": 0.044444446,
            "profit": 1.6049805,
            "q": 0.95
        },
        "MPT": {
            "close": 4.96,
            "loss": 0.15704584,
            "max_close": 5.9101014,
            "min_close": 3.7768214,
            "p": 0.67777777,
            "profit": 0.23248577,
            "q": 0.31666666
        },
        "NICE": {
            "close": 88.71,
            "loss": 1.0299988,
            "max_close": 171.98,
            "min_close": 86.38,
            "p": 0.9611111,
            "profit": 25.257874,
            "q": 0.033333335
        },
        "NKE": {
            "close": 44.93,
            "loss": 1.5578995,
            "max_close": 77.12364,
            "min_close": 41.50858,
            "p": 0.7777778,
            "profit": 15.891659,
            "q": 0.21666667
        },
        "NOW": {
            "close": 102.15,
            "loss": 7.960266,
            "max_close": 208.938,
            "min_close": 83.0,
            "p": 0.78333336,
            "profit": 41.74694,
            "q": 0.21111111
        },
        "NVO": {
            "close": 43.88,
            "loss": 5.45784,
            "max_close": 76.14775,
            "min_close": 34.765,
            "p": 0.6722222,
            "profit": 6.049309,
            "q": 0.31666666
        },
        "PAYC": {
            "close": 134.52,
            "loss": 9.256958,
            "max_close": 244.1129,
            "min_close": 113.28088,
            "p": 0.60555553,
            "profit": 30.726685,
            "q": 0.3888889
        },
        "PODD": {
            "close": 149.7,
            "loss": 3.514557,
            "max_close": 352.82,
            "min_close": 142.43,
            "p": 0.93333334,
            "profit": 109.4305,
            "q": 0.06111111
        },
        "PYPL": {
            "close": 41.53,
            "loss": 0.7651825,
            "max_close": 77.54839,
            "min_close": 38.834023,
            "p": 0.89444447,
            "profit": 13.668251,
            "q": 0.1
        },
        "SID": {
            "close": 1.22,
            "loss": 0.04399991,
            "max_close": 2.12,
            "min_close": 1.11,
            "p": 0.9111111,
            "profit": 0.34695125,
            "q": 0.083333336
        },
        "TASK": {
            "close": 5.48,
            "loss": 0.0,
            "max_close": 11.867776,
            "min_close": 5.48,
            "p": 0.99444443,
            "profit": 1.9266367,
            "q": 0.0
        },
        "ZIM": {
            "close": 26.23,
            "loss": 6.4147663,
            "max_close": 28.55,
            "min_close": 12.033946,
            "p": 0.24444444,
            "profit": 0.808094,
            "q": 0.75
        }
    },
    "hold_stock_list": [
        "EL",
        "FLO",
        "NKE",
        "MPT",
        "MOH",
        "NVO",
        "ILPT",
        "AAP",
        "PYPL",
        "TASK",
        "EPAM",
        "IT",
        "PAYC",
        "PODD",
        "ADSK",
        "GLOB",
        "CRM",
        "NOW",
        "ADBE",
        "NICE",
        "ZIM",
        "SID"
    ],
    "portfolio": {
        "AAP": {
            "cost_p": 91.35,
            "position_%": 9.616678835711873,
            "profit_%": -33.44280240831965
        },
        "ADBE": {
            "cost_p": 281.04,
            "position_%": 4.226556290544163,
            "profit_%": -27.405351551380587
        },
        "ADSK": {
            "cost_p": 228.33,
            "position_%": 3.433851401295007,
            "profit_%": -13.095081680024528
        },
        "CRM": {
            "cost_p": 234.16,
            "position_%": 3.521528682727801,
            "profit_%": -29.155278442090882
        },
        "EL": {
            "cost_p": 112.06,
            "position_%": 6.7410745505035425,
            "profit_%": -19.9714438693557
        },
        "EPAM": {
            "cost_p": 152.61,
            "position_%": 6.885298414815807,
            "profit_%": -37.500819081318404
        },
        "FLO": {
            "cost_p": 10.95,
            "position_%": 2.4701532547746896,
            "profit_%": -28.85844748858447
        },
        "GLOB": {
            "cost_p": 49.15,
            "position_%": 2.2174983099940824,
            "profit_%": -23.7232960325534
        },
        "ILPT": {
            "cost_p": 17.2,
            "position_%": 2.5867053870395535,
            "profit_%": -47.67441860465116
        },
        "IT": {
            "cost_p": 160.87,
            "position_%": 2.4193214861224006,
            "profit_%": -7.894573257910125
        },
        "MOH": {
            "cost_p": 199,
            "position_%": 2.99275797686553,
            "profit_%": 0.6432160804020106
        },
        "MPT": {
            "cost_p": 6.18,
            "position_%": 3.252932414050322,
            "profit_%": -19.74110032362459
        },
        "NICE": {
            "cost_p": 119.55,
            "position_%": 2.69686595076086,
            "profit_%": -25.796737766624844
        },
        "NKE": {
            "cost_p": 64.33,
            "position_%": 9.190849980862891,
            "profit_%": -30.157002953520905
        },
        "NOW": {
            "cost_p": 102.91,
            "position_%": 2.321492889943957,
            "profit_%": -0.7385093771256349
        },