{
    "KellyFormula_Range_v1": {
        "BAC": {
            "close": 33.07,
            "loss": 7.734194,
            "max_close": 33.07,
            "min_close": 20.45887,
            "p": 0.0,
            "profit": 0.0,
            "q": 0.99444443
        },
        "BGFV": {
            "close": 12.29,
            "loss": 6.53529739,
            "max_close": 12.29,
            "min_close": 1.06073308,
            "p": 0.0,
            "profit": 0.0,
            "q": 0.99444443
        },
        "BIO": {
            "close": 615.79,
            "loss": 99.9714355,
            "max_close": 643.45,
            "min_close": 430.68,
            "p": 0.027777778,
            "profit": 14.0700073,
            "q": 0.966666639
        },
        "DHI": {
            "close": 68.06,
            "loss": 11.0268974,
            "max_close": 78.602684,
            "min_close": 41.7404251,
            "p": 0.5388889,
            "profit": 4.79303741,
            "q": 0.455555558
        },
        "FHN": {
            "close": 14.94,
            "loss": 4.792449,
            "max_close": 14.95,
            "min_close": 7.067348,
            "p": 0.00555555569,
            "profit": 0.0100002289,
            "q": 0.98888886
        },
        "INTC": {
            "close": 51.54,
            "loss": 3.249771,
            "max_close": 63.44745,
            "min_close": 43.79363,
            "p": 0.438888878,
            "profit": 6.39028549,
            "q": 0.5555556
        },
        "PBCT": {
            "close": 14.13,
            "loss": 2.74541664,
            "max_close": 14.16,
            "min_close": 9.716092,
            "p": 0.00555555569,
            "profit": 0.029999733,
            "q": 0.98888886
        },
        "PFC": {
            "close": 24.87,
            "loss": 6.68971825,
            "max_close": 25.25,
            "min_close": 13.422781,
            "p": 0.0111111114,
            "profit": 0.339998245,
            "q": 0.983333349
        },
        "PSX": {
            "close": 72.27,
            "loss": 11.6834755,
            "max_close": 87.2001343,
            "min_close": 43.5934563,
            "p": 0.15,
            "profit": 4.4650116,
            "q": 0.844444454
        },
        "REGI": {
            "close": 85.83,
            "loss": 42.5958939,
            "max_close": 88.04,
            "min_close": 22.31,
            "p": 0.00555555569,
            "profit": 2.209999,
            "q": 0.98888886
        },
        "SMP": {
            "close": 42.43,
            "loss": 2.5937767,
            "max_close": 54.17,
            "min_close": 35.6404228,
            "p": 0.6111111,
            "profit": 4.047123,
            "q": 0.383333325
        },
        "T": {
            "close": 28.87,
            "loss": 0.904035568,
            "max_close": 31.50766,
            "min_close": 26.033514,
            "p": 0.2888889,
            "profit": 0.584316254,
            "q": 0.705555558
        },
        "WFC": {
            "close": 33.24,
            "loss": 7.534071,
            "max_close": 33.43,
            "min_close": 21.0457516,
            "p": 0.00555555569,
            "profit": 0.189998627,
            "q": 0.98888886
        }
    },
    "hold_stock_list": [
        "SMP",
        "INTC",
        "T",
        "DHI",
        "BAC",
        "PFC",
        "REGI",
        "FHN",
        "BGFV",
        "BIO",
        "PBCT",
        "WFC",
        "PSX"
    ],
    "portfolio": {
        "BAC": {
            "cost_p": 25.9,
            "position_%": 3.6187377597273556,
            "profit_%": 27.683397683397693
        },
        "BGFV": {
            "cost_p": 12.23,
            "position_%": 10.401213349345607,
            "profit_%": 0.49059689288633457
        },
        "BIO": {
            "cost_p": 597.32,
            "position_%": 6.894299871439742,
            "profit_%": 3.092144913948957
        },
        "DHI": {
            "cost_p": 72.88,
            "position_%": 4.427289036913374,
            "profit_%": -6.613611416026336
        },
        "FHN": {
            "cost_p": 10.96,
            "position_%": 8.921643484045633,
            "profit_%": 36.31386861313867
        },
        "INTC": {
            "cost_p": 46.15,
            "position_%": 7.289111025510918,
            "profit_%": 11.679306608884076
        },
        "PBCT": {
            "cost_p": 14.03,
            "position_%": 6.136485035028009,
            "profit_%": 0.7127583749109154
        },
        "PFC": {
            "cost_p": 17.29,
            "position_%": 4.201307763349738,
            "profit_%": 43.84037015615964
        },
        "PSX": {
            "cost_p": 70.43,
            "position_%": 10.696143210407824,
            "profit_%": 2.6125230725542936
        },
        "REGI": {
            "cost_p": 77.53,
            "position_%": 4.050398440826409,
            "profit_%": 10.705533341932151
        },
        "SMP": {
            "cost_p": 41.45,
            "position_%": 16.03959799389377,
            "profit_%": 2.3642943305186894
        },
        "T": {
            "cost_p": 28.54,
            "position_%": 7.281699811700497,
            "profit_%": 1.1562718990890044
        },
        "WFC": {
            "cost_p": 31.79,
            "position_%": 10.04207321781114,
            "profit_%": 4.561182761874813
        }
    }
}