{
    "Factor_Intersectional_v1": [],
    "KellyFormula_Range_v1": {
        "AAP": {
            "close": 57.87,
            "loss": 7.7499886,
            "max_close": 65.48837,
            "min_close": 30.28268,
            "p": 0.21666667,
            "profit": 1.7839088,
            "q": 0.7777778
        },
        "ADBE": {
            "close": 239.31,
            "loss": 4.888565,
            "max_close": 420.68,
            "min_close": 225.35,
            "p": 0.95,
            "profit": 76.40115,
            "q": 0.03888889
        },
        "ADSK": {
            "close": 235.03,
            "loss": 7.67778,
            "max_close": 326.79,
            "min_close": 218.45,
            "p": 0.89444447,
            "profit": 50.70456,
            "q": 0.1
        },
        "CRM": {
            "close": 180.18,
            "loss": 6.029175,
            "max_close": 288.99332,
            "min_close": 164.96,
            "p": 0.9388889,
            "profit": 49.25009,
            "q": 0.055555556
        },
        "EL": {
            "close": 77.32,
            "loss": 4.6219177,
            "max_close": 119.235886,
            "min_close": 56.795063,
            "p": 0.87777776,
            "profit": 20.108124,
            "q": 0.11666667
        },
        "EPAM": {
            "close": 116.31,
            "loss": 0.0,
            "max_close": 221.4,
            "min_close": 116.31,
            "p": 0.99444443,
            "profit": 51.345963,
            "q": 0.0
        },
        "FLO": {
            "close": 8.95,
            "loss": 0.49579716,
            "max_close": 16.261494,
            "min_close": 8.06,
            "p": 0.8,
            "profit": 2.6301222,
            "q": 0.19444445
        },
        "GLOB": {
            "close": 42.4,
            "loss": 0.45500183,
            "max_close": 140.36,
            "min_close": 41.56,
            "p": 0.98333335,
            "profit": 16.761982,
            "q": 0.011111111
        },
        "ILPT": {
            "close": 7.58,
            "loss": 1.8857532,
            "max_close": 7.58,
            "min_close": 2.5303032,
            "p": 0.0,
            "profit": 0.0,
            "q": 0.99444443
        },
        "MOH": {
            "close": 179.22,
            "loss": 25.532776,
            "max_close": 327.69,
            "min_close": 122.65,
            "p": 0.27222222,
            "profit": 10.837952,
            "q": 0.7222222
        },
        "MPT": {
            "close": 5.13,
            "loss": 0.39829826,
            "max_close": 5.9101014,
            "min_close": 3.7768216,
            "p": 0.30555555,
            "profit": 0.23749113,
            "q": 0.6888889
        },
        "NICE": {
            "close": 100.96,
            "loss": 2.71167,
            "max_close": 178.32,
            "min_close": 95.31,
            "p": 0.9611111,
            "profit": 21.482368,
            "q": 0.033333335
        },
        "NKE": {
            "close": 45.14,
            "loss": 1.3336334,
            "max_close": 77.81375,
            "min_close": 42.62,
            "p": 0.93333334,
            "profit": 19.103294,
            "q": 0.06111111
        },
        "NOW": {
            "close": 90.45,
            "loss": 3.0149994,
            "max_close": 208.938,
            "min_close": 83.0,
            "p": 0.9611111,
            "profit": 59.7278,
            "q": 0.033333335
        },
        "NVO": {
            "close": 41.2,
            "loss": 3.873932,
            "max_close": 77.311485,
            "min_close": 34.765,
            "p": 0.75,
            "profit": 10.212181,
            "q": 0.24444444
        },
        "PAYC": {
            "close": 123.91,
            "loss": 3.8930511,
            "max_close": 263.95126,
            "min_close": 113.59,
            "p": 0.85,
            "profit": 49.738556,
            "q": 0.14444445
        },
        "PODD": {
            "close": 188.31,
            "loss": 0.0,
            "max_close": 352.82,
            "min_close": 188.31,
            "p": 0.99444443,
            "profit": 96.2041,
            "q": 0.0
        },
        "PVH": {
            "close": 93.39,
            "loss": 18.39016,
            "max_close": 98.81,
            "min_close": 60.87,
            "p": 0.033333335,
            "profit": 2.2549973,
            "q": 0.9611111
        },
        "PYPL": {
            "close": 49.77,
            "loss": 5.3020706,
            "max_close": 77.80402,
            "min_close": 38.962036,
            "p": 0.7111111,
            "profit": 13.830235,
            "q": 0.28333333
        },
        "SID": {
            "close": 1.29,
            "loss": 0.06952357,
            "max_close": 2.12,
            "min_close": 1.11,
            "p": 0.85555553,
            "profit": 0.31935084,
            "q": 0.11666667
        },
        "TASK": {
            "close": 6.27,
            "loss": 0.0,
            "max_close": 11.867776,
            "min_close": 6.27,
            "p": 0.99444443,
            "profit": 2.12015,
            "q": 0.0
        },
        "ZIM": {
            "close": 26.09,
            "loss": 8.770227,
            "max_close": 28.3146,
            "min_close": 12.033946,
            "p": 0.22222222,
            "profit": 0.90462494,
            "q": 0.7722222
        }
    },
    "hold_stock_list": [
        "EL",
        "FLO",
        "NKE",
        "PVH",
        "MPT",
        "MOH",
        "NVO",
        "ILPT",
        "AAP",
        "PYPL",
        "TASK",
        "EPAM",
        "PAYC",
        "PODD",
        "ADSK",
        "GLOB",
        "CRM",
        "NOW",
        "ADBE",
        "NICE",
        "ZIM",
        "SID"
    ],
    "portfolio": {
        "AAP": {
            "cost_p": 91.35,
            "position_%": 9.955612711174355,
            "profit_%": -36.65024630541872
        },
        "ADBE": {
            "cost_p": 281.04,
            "position_%": 4.375518643128378,
            "profit_%": -14.848420153714779
        },
        "ADSK": {
            "cost_p": 228.33,
            "position_%": 3.5548753621744327,
            "profit_%": 2.9343494065606746
        },
        "CRM": {
            "cost_p": 234.16,
            "position_%": 3.6456427749606495,
            "profit_%": -23.052613597540137
        },
        "EL": {
            "cost_p": 143.03,
            "position_%": 4.453675146076373,
            "profit_%": -45.9414108928197
        },
        "EPAM": {
            "cost_p": 195.07,
            "position_%": 4.555574411374106,
            "profit_%": -40.375249910288616
        },
        "FLO": {
            "cost_p": 10.95,
            "position_%": 2.5572122727506263,
            "profit_%": -18.264840182648403
        },
        "GLOB": {
            "cost_p": 49.15,
            "position_%": 2.2956526612912014,
            "profit_%": -13.73346897253306
        },
        "ILPT": {
            "cost_p": 17.2,
            "position_%": 2.6778722125607777,
            "profit_%": -55.93023255813954
        },
        "MOH": {
            "cost_p": 199,
            "position_%": 3.0982358738348528,
            "profit_%": -9.939698492462313
        },
        "MPT": {
            "cost_p": 6.18,
            "position_%": 3.367579997540094,
            "profit_%": -16.99029126213592
        },
        "NICE": {
            "cost_p": 119.55,
            "position_%": 2.791915316961985,
            "profit_%": -15.549979088247598
        },
        "NKE": {
            "cost_p": 64.33,
            "position_%": 9.514775782693784,
            "profit_%": -29.83056116897248
        },
        "NOW": {
            "cost_p": 102.91,
            "position_%": 2.40331246565084,
            "profit_%": -12.107666893401996
        },
        "NVO": {
            "cost_p": 51.55,
            "position_%": 10.032290156795645,
            "profit_%": -20.077594568380203
        },
        "PAYC": {
            "cost_p": 133.03,