{"hold_stock_list":["SMP","INTC","T","DHI","BAC","PFC","REGI","FHN","SFM","BIO","PBCT","WFC","PSX"],"portfolio":{"BAC":{"cost_p":25.9,"position_%":3.605539129783733,"profit_%":16.833976833976845},"BIO":{"cost_p":597.32,"position_%":6.869154276824907,"profit_%":-2.2081966115315166},"DHI":{"cost_p":72.88,"position_%":4.411141376173216,"profit_%":-8.87760702524698},"FHN":{"cost_p":10.96,"position_%":8.88910355475169,"profit_%":19.890510948905103},"INTC":{"cost_p":46.15,"position_%":7.2625254353323845,"profit_%":9.664138678223187},"PBCT":{"cost_p":14.03,"position_%":6.1141034200811415,"profit_%":-8.1967213114754},"PFC":{"cost_p":17.29,"position_%":4.1859843245902795,"profit_%":34.23944476576057},"PSX":{"cost_p":70.43,"position_%":10.657131144479951,"profit_%":1.8742013346585162},"REGI":{"cost_p":77.53,"position_%":4.035625413960622,"profit_%":-2.863407713143298},"SFM":{"cost_p":20.61,"position_%":10.728007194857268,"profit_%":-2.1348859776807267},"SMP":{"cost_p":41.45,"position_%":15.981096733945655,"profit_%":-2.0506634499396896},"T":{"cost_p":28.54,"position_%":7.255141252457889,"profit_%":2.522775052557822},"WFC":{"cost_p":31.79,"position_%":10.005446742761277,"profit_%":-3.9635105379049955}},"KellyFormula_Range_v1":{"PSX":{"profit":4.821762,"loss":11.6346474,"p":0.155555561,"q":0.8388889,"max_close":87.2001343,"min_close":43.5934563,"close":71.75},"INTC":{"profit":6.59917831,"loss":2.71414566,"p":0.51111114,"q":0.483333319,"max_close":63.44745,"min_close":43.79363,"close":50.61},"FHN":{"profit":0.0,"loss":3.116928,"p":0.0,"q":0.99444443,"max_close":13.14,"min_close":7.067348,"close":13.14},"BAC":{"profit":0.0499992371,"loss":5.188278,"p":0.00555555569,"q":0.98888886,"max_close":30.31,"min_close":20.45887,"close":30.26},"T":{"profit":0.6126213,"loss":0.8741989,"p":0.333333343,"q":0.6611111,"max_close":32.0722351,"min_close":26.5,"close":29.26},"WFC":{"profit":1.7318325,"loss":5.03834534,"p":0.0166666675,"q":0.9777778,"max_close":33.0351639,"min_close":21.0457516,"close":30.53},"PFC":{"profit":0.0,"loss":5.19181442,"p":0.0,"q":0.99444443,"max_close":23.21,"min_close":13.422781,"close":23.21},"BIO":{"profit":16.875,"loss":77.78439,"p":0.08888889,"q":0.905555546,"max_close":643.45,"min_close":417.71,"close":584.13},"REGI":{"profit":2.02500916,"loss":33.98325,"p":0.0222222228,"q":0.9722222,"max_close":79.01,"min_close":21.28,"close":75.31},"PBCT":{"profit":0.204298019,"loss":1.85902882,"p":0.15,"q":0.844444454,"max_close":13.52,"min_close":9.716092,"close":12.88},"DHI":{"profit":5.98323059,"loss":12.1974449,"p":0.5888889,"q":0.405555546,"max_close":78.602684,"min_close":37.68632,"close":66.41},"SFM":{"profit":2.89736748,"loss":0.37021637,"p":0.8666667,"q":0.127777785,"max_close":27.41,"min_close":18.59,"close":20.175},"SMP":{"profit":5.117218,"loss":1.42708206,"p":0.716666639,"q":0.2777778,"max_close":54.17,"min_close":35.6404228,"close":40.6}}}