{
    "KellyFormula_Range_v1": {
        "ARLP": {
            "close": 18.16,
            "loss": 5.89217854,
            "max_close": 18.16,
            "min_close": 7.59,
            "p": 0.0,
            "profit": 0.0,
            "q": 0.99444443
        },
        "BAC": {
            "close": 36.25,
            "loss": 0.0,
            "max_close": 49.38,
            "min_close": 36.25,
            "p": 0.99444443,
            "profit": 7.66953659,
            "q": 0.0
        },
        "BIO": {
            "close": 500.96,
            "loss": 7.42999268,
            "max_close": 825.77,
            "min_close": 493.53,
            "p": 0.98888886,
            "profit": 188.313873,
            "q": 0.00555555569
        },
        "BK": {
            "close": 42.35,
            "loss": 0.0,
            "max_close": 63.66,
            "min_close": 42.35,
            "p": 0.99444443,
            "profit": 13.0613365,
            "q": 0.0
        },
        "CPLP": {
            "close": 15.33,
            "loss": 1.71773529,
            "max_close": 18.76,
            "min_close": 11.22,
            "p": 0.4611111,
            "profit": 0.953372955,
            "q": 0.5277778
        },
        "DAC": {
            "close": 82.18,
            "loss": 8.419029,
            "max_close": 106.64,
            "min_close": 65.69,
            "p": 0.427777767,
            "profit": 10.9006424,
            "q": 0.566666663
        },
        "EDRY": {
            "close": 37.89,
            "loss": 12.2110043,
            "max_close": 42.75,
            "min_close": 17.0,
            "p": 0.0222222228,
            "profit": 2.21750259,
            "q": 0.9722222
        },
        "ET": {
            "close": 11.25,
            "loss": 1.74209881,
            "max_close": 11.89,
            "min_close": 8.15,
            "p": 0.06666667,
            "profit": 0.2816658,
            "q": 0.927777767
        },
        "GOGL": {
            "close": 12.66,
            "loss": 2.44293976,
            "max_close": 13.96,
            "min_close": 7.68,
            "p": 0.05,
            "profit": 0.598889351,
            "q": 0.9444444
        },
        "HIMX": {
            "close": 8.57,
            "loss": 0.0,
            "max_close": 15.99,
            "min_close": 8.57,
            "p": 0.99444443,
            "profit": 2.56799316,
            "q": 0.0
        },
        "INTC": {
            "close": 45.22,
            "loss": 0.5019951,
            "max_close": 56.0,
            "min_close": 44.4,
            "p": 0.966666639,
            "profit": 5.67660141,
            "q": 0.027777778
        },
        "NMM": {
            "close": 30.28,
            "loss": 3.34038162,
            "max_close": 36.49,
            "min_close": 22.8,
            "p": 0.411111116,
            "profit": 1.932024,
            "q": 0.5833333
        },
        "PKX": {
            "close": 54.95,
            "loss": 0.295001984,
            "max_close": 79.19,
            "min_close": 54.58,
            "p": 0.983333349,
            "profit": 7.872879,
            "q": 0.0111111114
        },
        "SB": {
            "close": 4.23,
            "loss": 0.485242844,
            "max_close": 5.28,
            "min_close": 3.24,
            "p": 0.422222227,
            "profit": 0.400131226,
            "q": 0.572222233
        },
        "SID": {
            "close": 4.17,
            "loss": 0.213214159,
            "max_close": 8.46,
            "min_close": 3.57,
            "p": 0.8388889,
            "profit": 1.11490011,
            "q": 0.155555561
        },
        "STC": {
            "close": 50.44,
            "loss": 0.0,
            "max_close": 80.18,
            "min_close": 50.44,
            "p": 0.99444443,
            "profit": 17.42107,
            "q": 0.0
        },
        "THO": {
            "close": 75.37,
            "loss": 0.0400009155,
            "max_close": 127.44,
            "min_close": 75.33,
            "p": 0.98888886,
            "profit": 26.0975189,
            "q": 0.00555555569
        },
        "TX": {
            "close": 43.36,
            "loss": 2.55234146,
            "max_close": 56.19,
            "min_close": 36.57,
            "p": 0.49444443,
            "profit": 4.920559,
            "q": 0.5
        },
        "WGO": {
            "close": 52.96,
            "loss": 0.3366661,
            "max_close": 78.55,
            "min_close": 52.44,
            "p": 0.9777778,
            "profit": 14.8345108,
            "q": 0.0166666675
        },
        "ZIM": {
            "close": 56.62,
            "loss": 5.843437,
            "max_close": 88.62,
            "min_close": 42.74,
            "p": 0.4611111,
            "profit": 10.2627678,
            "q": 0.533333361
        }
    },
    "hold_stock_list": [
        "BIO",
        "HIMX",
        "STC",
        "ET",
        "INTC",
        "ARLP",
        "BAC",
        "BK",
        "THO",
        "WGO",
        "DAC",
        "GOGL",
        "CPLP",
        "EDRY",
        "SB",
        "NMM",
        "ZIM",
        "SID",
        "PKX",
        "TX"
    ],
    "portfolio": {
        "ARLP": {
            "cost_p": 14.01,
            "position_%": 5.09165687863668,
            "profit_%": 29.621698786581018
        },
        "BAC": {
            "cost_p": 37.59,
            "position_%": 4.821649630128551,
            "profit_%": -3.5647778664538525
        },
        "BIO": {
            "cost_p": 596.71,
            "position_%": 5.612909826857157,
            "profit_%": -16.046320658276223
        },
        "BK": {
            "cost_p": 45,
            "position_%": 0.962021075444643,
            "profit_%": -5.888888888888886
        },
        "CPLP": {
            "cost_p": 12.99,
            "position_%": 2.2216273368934956,
            "profit_%": 18.013856812933025
        },
        "DAC": {
            "cost_p": 76.97,
            "position_%": 4.936450811798278,
            "profit_%": 6.768870988696905
        },
        "EDRY": {
            "cost_p": 22.24,
            "position_%": 1.4263565811925905,
            "profit_%": 70.36870503597123
        },
        "ET": {
            "cost_p": 9.35,
            "position_%": 4.45747120745745,
            "profit_%": 20.320855614973265
        },
        "GOGL": {
            "cost_p": 10.75,
            "position_%": 3.217426041209306,
            "profit_%": 17.767441860465116
        },
        "HIMX": {
            "cost_p": 9.18,
            "position_%": 8.438848873800406,
            "profit_%": -6.644880174291933
        },
        "INTC": {
            "cost_p": 47.41,
            "position_%": 5.067713242981169,
            "profit_%": -4.619278633199742
        },
        "NMM": {
            "cost_p": 30.04,
            "position_%": 3.4357834470891184,
            "profit_%": 0.7989347536617909
        },
        "PKX": {
            "cost_p": 58.54,
            "position_%": 2.502965055845751,
            "profit_%": -6.132558934062173
        },
        "SB": {
            "cost_p": 4.05,
            "position_%": 3.597477811625242,
            "profit_%": 4.44444444444446
        },
        "SID": {
            "cost_p": 4.82,
            "position_%": 7.213020241222723,
            "profit_%": -13.485477178423244
        },
        "STC": {
            "cost_p": 54.28,
            "position_%": 9.283289595579594,
            "profit_%": -7.074428887251296
        },
        "THO": {
            "cost_p": 89.53,
            "position_%": 8.823514069729255,
            "profit_%": -15.815927622026132
        },
        "TX": {
            "cost_p": 39.96,
            "position_%": 5.125648289969057,
            "profit_%": 8.508508508508504
        },
        "WGO": {
            "cost_p": 56.56,
            "position_%": 7.859498403921522,
            "profit_%": -6.364922206506367
        },
        "ZIM": {
            "cost_p": 55.24,