{"hold_stock_list":["QDEL","BIO","KGC","GSL","CNNE","LAKE","LDI","EDRY","TX"],"portfolio":{"BIO":{"cost_p":580.11,"position_%":14.429095865608268,"profit":0,"profit_%":0.20168588715932478},"CNNE":{"cost_p":40.66,"position_%":4.0290383848286035,"profit":0,"profit_%":-14.14166256763404},"EDRY":{"cost_p":22.24,"position_%":4.014989132289359,"profit":0,"profit_%":23.381294964028793},"GSL":{"cost_p":15.76,"position_%":12.645129641263047,"profit":0,"profit_%":0.0},"KGC":{"cost_p":7.61,"position_%":13.982576760490295,"profit":0,"profit_%":4.862023653088043},"LAKE":{"cost_p":28.88,"position_%":9.152955640588347,"profit":0,"profit_%":-13.26177285318559},"LDI":{"cost_p":13.57,"position_%":13.501082959873417,"profit":0,"profit_%":1.6949152542372912},"QDEL":{"cost_p":112.07,"position_%":13.80272466437752,"profit":0,"profit_%":-7.138395645578656},"TX":{"cost_p":40.0,"position_%":14.442406950681146,"profit":0,"profit_%":-7.200000000000006}},"KellyFormula_Range_v1":{"BIO":{"profit":25.5444336,"loss":26.4854126,"p":0.5388889,"q":0.455555558,"max_close":662.35,"min_close":494.17,"close":581.28},"LDI":{"profit":5.51398754,"loss":0.797143936,"p":0.394444436,"q":0.03888889,"max_close":30.538002,"min_close":12.1,"close":13.8},"QDEL":{"profit":78.55334,"loss":0.0,"p":0.99444443,"q":0.0,"max_close":283.45,"min_close":104.07,"close":104.07},"KGC":{"profit":0.608746052,"loss":0.8105912,"p":0.25,"q":0.74444443,"max_close":9.839758,"min_close":6.13875675,"close":7.98},"EDRY":{"profit":2.94999886,"loss":19.79755,"p":0.0111111114,"q":0.983333349,"max_close":32.89,"min_close":3.47,"close":27.44},"TX":{"profit":1.43035507,"loss":9.953373,"p":0.166666672,"q":0.8277778,"max_close":40.88,"min_close":17.5480919,"close":37.12},"GSL":{"profit":0.73799324,"loss":4.465946,"p":0.1,"q":0.894444466,"max_close":17.29521,"min_close":5.33155632,"close":15.76},"CNNE":{"profit":4.94464874,"loss":0.189998627,"p":0.9777778,"q":0.0166666675,"max_close":45.6,"min_close":34.48,"close":34.91},"LAKE":{"profit":4.26790237,"loss":3.35318947,"p":0.6111111,"q":0.383333325,"max_close":44.43,"min_close":18.3,"close":25.05}}}