{"hold_stock_list":["VALE","INTC","KGC","DAC","GGB","LDI","THO","GOGL","CPLP","SID","EDRY","ET","SB","NMM","TX"],"portfolio":{"CPLP":{"cost_p":12.99,"position_%":4.256500300627063,"profit_%":16.936104695919934},"DAC":{"cost_p":76.97,"position_%":10.661670871632602,"profit_%":11.588930752241135},"EDRY":{"cost_p":22.24,"position_%":2.9812481635296835,"profit_%":-19.739208633093515},"ET":{"cost_p":9.35,"position_%":6.211082617273747,"profit_%":2.6737967914438503},"GGB":{"cost_p":4.45,"position_%":4.374463357457374,"profit_%":15.505617977528077},"GOGL":{"cost_p":10.75,"position_%":4.48319193256612,"profit_%":-17.767441860465116},"INTC":{"cost_p":49.94,"position_%":8.672971613322343,"profit_%":-3.784541449739689},"KGC":{"cost_p":7.61,"position_%":10.38247674280884,"profit_%":-30.2233902759527},"LDI":{"cost_p":6.36,"position_%":9.472790927282567,"profit_%":-28.616352201257868},"NMM":{"cost_p":30.04,"position_%":4.787453210966322,"profit_%":-10.45272969374168},"SB":{"cost_p":4.05,"position_%":5.012759670647146,"profit_%":-14.567901234567898},"SID":{"cost_p":4.82,"position_%":13.841236977295567,"profit_%":-0.8298755186721999},"THO":{"cost_p":104.58,"position_%":3.115297091745946,"profit_%":-13.119143239625167},"TX":{"cost_p":40.0,"position_%":3.574638085767006,"profit_%":2.375000000000007},"VALE":{"cost_p":12.76,"position_%":8.172218437077671,"profit_%":22.021943573667716}},"KellyFormula_Range_v1":{"SB":{"profit":0.6045823,"loss":0.128125429,"p":0.8,"q":0.177777782,"max_close":5.28,"min_close":3.1,"close":3.46},"VALE":{"profit":5.06368637,"loss":1.95535851,"p":0.5277778,"q":0.466666669,"max_close":22.94,"min_close":11.27,"close":15.57},"DAC":{"profit":0.9850006,"loss":13.3062057,"p":0.0222222228,"q":0.9722222,"max_close":87.73,"min_close":55.47,"close":85.89},"GGB":{"profit":0.7346058,"loss":0.328089237,"p":0.49444443,"q":0.49444443,"max_close":6.81,"min_close":4.26,"close":5.14},"KGC":{"profit":0.9710531,"loss":0.0987501144,"p":0.95,"q":0.0444444455,"max_close":8.26,"min_close":5.04,"close":5.31},"GOGL":{"profit":1.27206135,"loss":0.5683336,"p":0.822222233,"q":0.166666672,"max_close":12.08,"min_close":7.68,"close":8.84},"INTC":{"profit":5.48018265,"loss":0.159999847,"p":0.98888886,"q":0.00555555569,"max_close":58.19,"min_close":47.89,"close":48.05},"SID":{"profit":2.7991066,"loss":0.539701,"p":0.622222245,"q":0.372222215,"max_close":9.49,"min_close":3.57,"close":4.78},"EDRY":{"profit":7.481024,"loss":1.79066658,"p":0.9111111,"q":0.0833333358,"max_close":33.81,"min_close":12.77,"close":17.85},"TX":{"profit":5.77799225,"loss":2.92525482,"p":0.6666667,"q":0.327777773,"max_close":56.19,"min_close":32.74,"close":40.95},"LDI":{"profit":4.090398,"loss":0.09000015,"p":0.9722222,"q":0.0222222228,"max_close":16.95,"min_close":4.3,"close":4.54},"CPLP":{"profit":0.7272711,"loss":2.44977856,"p":0.244444445,"q":0.75,"max_close":16.7,"min_close":10.98,"close":15.19},"ET":{"profit":0.6010561,"loss":0.5995741,"p":0.4722222,"q":0.5222222,"max_close":11.35,"min_close":8.15,"close":9.6},"NMM":{"profit":2.76476669,"loss":2.02695084,"p":0.466666669,"q":0.5277778,"max_close":33.55,"min_close":21.47,"close":26.9},"THO":{"profit":20.5587387,"loss":2.675003,"p":0.983333349,"q":0.0111111114,"max_close":131.8,"min_close":87.32,"close":90.86}}}