{
    "Factor_Intersectional_v1": [],
    "KellyFormula_Range_v1": {
        "AAP": {
            "close": 46.77,
            "loss": 6.848377,
            "max_close": 65.77928,
            "min_close": 29.623726,
            "p": 0.75555557,
            "profit": 7.8782234,
            "q": 0.23888889
        },
        "ADBE": {
            "close": 301.07,
            "loss": 5.9575195,
            "max_close": 464.11,
            "min_close": 290.37,
            "p": 0.9722222,
            "profit": 58.006256,
            "q": 0.022222223
        },
        "ALB": {
            "close": 189.51,
            "loss": 96.43774,
            "max_close": 189.51,
            "min_close": 50.007885,
            "p": 0.0,
            "profit": 0.0,
            "q": 0.99444443
        },
        "EL": {
            "close": 117.69,
            "loss": 28.791313,
            "max_close": 119.49,
            "min_close": 49.429497,
            "p": 0.011111111,
            "profit": 0.98999786,
            "q": 0.98333335
        },
        "EPAM": {
            "close": 218.21,
            "loss": 43.70009,
            "max_close": 267.63,
            "min_close": 142.2,
            "p": 0.022222223,
            "profit": 1.4424896,
            "q": 0.9722222
        },
        "FLO": {
            "close": 11.11,
            "loss": 0.34919167,
            "max_close": 18.777266,
            "min_close": 10.08,
            "p": 0.73888886,
            "profit": 3.2443533,
            "q": 0.25555557
        },
        "HOG": {
            "close": 20.3,
            "loss": 0.19999886,
            "max_close": 30.603024,
            "min_close": 20.1,
            "p": 0.98888886,
            "profit": 4.5009823,
            "q": 0.0055555557
        },
        "ILPT": {
            "close": 5.59,
            "loss": 0.87205124,
            "max_close": 6.3965173,
            "min_close": 2.4559078,
            "p": 0.40555555,
            "profit": 0.32156754,
            "q": 0.5833333
        },
        "MOH": {
            "close": 201.89,
            "loss": 32.51596,
            "max_close": 353.24,
            "min_close": 134.51,
            "p": 0.2888889,
            "profit": 79.972885,
            "q": 0.70555556
        },
        "MPW": {
            "close": 5.11,
            "loss": 0.583704,
            "max_close": 5.8944063,
            "min_close": 3.8470516,
            "p": 0.20555556,
            "profit": 0.22053385,
            "q": 0.7888889
        },
        "NICE": {
            "close": 114.44,
            "loss": 6.0599976,
            "max_close": 178.5,
            "min_close": 99.6,
            "p": 0.8,
            "profit": 33.680283,
            "q": 0.19444445
        },
        "NKE": {
            "close": 65.04,
            "loss": 3.4801674,
            "max_close": 79.84435,
            "min_close": 52.310772,
            "p": 0.5833333,
            "profit": 6.308319,
            "q": 0.41111112
        },
        "NVO": {
            "close": 62.26,
            "loss": 9.29195,
            "max_close": 88.510284,
            "min_close": 44.874336,
            "p": 0.31666666,
            "profit": 6.807377,
            "q": 0.67777777
        },
        "PVH": {
            "close": 61.35,
            "loss": 0.0,
            "max_close": 92.81271,
            "min_close": 60.41741,
            "p": 0.99444443,
            "profit": 15.14798,
            "q": 0.0
        },
        "PYPL": {
            "close": 56.62,
            "loss": 0.77666473,
            "max_close": 90.03187,
            "min_close": 55.08,
            "p": 0.9777778,
            "profit": 11.250416,
            "q": 0.016666668
        },
        "SID": {
            "close": 1.95,
            "loss": 0.39848292,
            "max_close": 1.95,
            "min_close": 1.25,
            "p": 0.0,
            "profit": 0.0,
            "q": 0.98888886
        },
        "SM": {
            "close": 18.68,
            "loss": 0.46349335,
            "max_close": 39.159084,
            "min_close": 17.57,
            "p": 0.8333333,
            "profit": 5.2894154,
            "q": 0.16111112
        },
        "TGT": {
            "close": 108.1,
            "loss": 13.374954,
            "max_close": 136.47891,
            "min_close": 83.68,
            "p": 0.027777778,
            "profit": 1.9400024,
            "q": 0.96666664
        },
        "VALE": {
            "close": 16.18,
            "loss": 5.217908,
            "max_close": 16.18,
            "min_close": 7.9883733,
            "p": 0.0,
            "profit": 0.0,
            "q": 0.99444443
        },
        "VFC": {
            "close": 19.74,
            "loss": 5.213418,
            "max_close": 26.329767,
            "min_close": 9.567923,
            "p": 0.022222223,
            "profit": 0.20500183,
            "q": 0.9722222
        },
        "ZIM": {
            "close": 22.1,
            "loss": 5.7855873,
            "max_close": 23.27,
            "min_close": 11.213416,
            "p": 0.044444446,
            "profit": 0.49000168,
            "q": 0.95
        }
    },
    "hold_stock_list": [
        "EL",
        "FLO",
        "TGT",
        "NKE",
        "PVH",
        "VFC",
        "MPW",
        "MOH",
        "NVO",
        "ILPT",
        "AAP",
        "HOG",
        "PYPL",
        "EPAM",
        "ADBE",
        "NICE",
        "ZIM",
        "VALE",
        "SID",
        "SM",
        "ALB"
    ],
    "portfolio": {
        "AAP": {
            "cost_p": 91.35,
            "position_%": 12.502003996261813,
            "profit_%": -48.80131362889983
        },
        "ADBE": {
            "cost_p": 299.55,
            "position_%": 2.9282784401284125,
            "profit_%": 0.5074278083792294
        },
        "ALB": {
            "cost_p": 173.45,
            "position_%": 3.391152698649795,
            "profit_%": 9.259152493513984
        },
        "EL": {
            "cost_p": 143.03,
            "position_%": 5.592811421019086,
            "profit_%": -17.716562958819832
        },
        "EPAM": {
            "cost_p": 248.63,
            "position_%": 2.4305053198769055,
            "profit_%": -12.235048063387358
        },
        "FLO": {
            "cost_p": 10.95,
            "position_%": 3.2112818146626054,
            "profit_%": 1.4611872146118734
        },
        "HOG": {
            "cost_p": 21.9,
            "position_%": 3.2112818146626054,
            "profit_%": -7.305936073059352
        },
        "ILPT": {
            "cost_p": 17.2,
            "position_%": 3.3628034832387708,
            "profit_%": -67.5
        },
        "MOH": {
            "cost_p": 199,
            "position_%": 3.8906854253750893,
            "profit_%": 1.4522613065326564
        },
        "MPW": {
            "cost_p": 6.18,
            "position_%": 4.228920892003176,
            "profit_%": -17.31391585760517
        },
        "NICE": {
            "cost_p": 119.55,
            "position_%": 3.50601589902205,
            "profit_%": -4.274362191551652
        },
        "NKE": {
            "cost_p": 70.07,
            "position_%": 8.904684072433222,
            "profit_%": -7.178535749964303
        },
        "NVO": {
            "cost_p": 64.24,
            "position_%": 8.16379199105338,
            "profit_%": -3.0821917808219133
        },
        "PVH": {
            "cost_p": 87.3,
            "position_%": 5.120454838722291,
            "profit_%": -29.725085910652915
        },
        "PYPL": {
            "cost_p": 68.03,
            "position_%": 2.6601339647062043,
            "profit_%": -16.77201234749376
        },
        "SID": {
            "cost_p": 4.54,
            "position_%": 3.1066829853874456,
            "profit_%": -57.048458149779734
        },
        "SM": {
            "cost_p": 18.16,
            "position_%": 3.550494840442795,
            "profit_%": 2.8634361233480154
        },