{
    "Factor_Intersectional_v1": [],
    "KellyFormula_Range_v1": {
        "AAP": {
            "close": 48.01,
            "loss": 5.075081,
            "max_close": 65.77928,
            "min_close": 29.623728,
            "p": 0.6944444,
            "profit": 7.3005943,
            "q": 0.3
        },
        "ADBE": {
            "close": 293.25,
            "loss": 2.2399902,
            "max_close": 464.11,
            "min_close": 290.37,
            "p": 0.98333335,
            "profit": 62.601044,
            "q": 0.011111111
        },
        "EL": {
            "close": 115.28,
            "loss": 25.756187,
            "max_close": 119.49,
            "min_close": 49.429493,
            "p": 0.044444446,
            "profit": 1.6962585,
            "q": 0.95
        },
        "EPAM": {
            "close": 208.6,
            "loss": 38.096893,
            "max_close": 267.63,
            "min_close": 142.2,
            "p": 0.1388889,
            "profit": 5.59198,
            "q": 0.85555553
        },
        "FLO": {
            "close": 11.43,
            "loss": 0.59337807,
            "max_close": 18.565104,
            "min_close": 10.08,
            "p": 0.68333334,
            "profit": 2.96414,
            "q": 0.31111112
        },
        "HOG": {
            "close": 19.8,
            "loss": 0.09000015,
            "max_close": 30.603024,
            "min_close": 19.71,
            "p": 0.98888886,
            "profit": 4.9051914,
            "q": 0.0055555557
        },
        "ILPT": {
            "close": 5.33,
            "loss": 1.0495567,
            "max_close": 6.339303,
            "min_close": 2.4339406,
            "p": 0.6666667,
            "profit": 0.3643756,
            "q": 0.32777777
        },
        "MOH": {
            "close": 179.59,
            "loss": 19.670227,
            "max_close": 353.24,
            "min_close": 134.51,
            "p": 0.51666665,
            "profit": 54.38887,
            "q": 0.47777778
        },
        "MPW": {
            "close": 5.02,
            "loss": 0.60740185,
            "max_close": 5.894407,
            "min_close": 3.8470516,
            "p": 0.34444445,
            "profit": 0.20579672,
            "q": 0.64444447
        },
        "NICE": {
            "close": 106.41,
            "loss": 1.5992279,
            "max_close": 178.5,
            "min_close": 99.6,
            "p": 0.9222222,
            "profit": 35.18286,
            "q": 0.072222225
        },
        "NKE": {
            "close": 61.81,
            "loss": 1.4821205,
            "max_close": 79.84435,
            "min_close": 52.310772,
            "p": 0.79444444,
            "profit": 7.405201,
            "q": 0.2
        },
        "NVO": {
            "close": 59.43,
            "loss": 7.138645,
            "max_close": 88.51028,
            "min_close": 44.874336,
            "p": 0.37222221,
            "profit": 8.084671,
            "q": 0.62222224
        },
        "PVH": {
            "close": 62.36,
            "loss": 0.5414276,
            "max_close": 89.47852,
            "min_close": 60.41741,
            "p": 0.95,
            "profit": 14.406082,
            "q": 0.03888889
        },
        "PYPL": {
            "close": 52.69,
            "loss": 0.0,
            "max_close": 89.30356,
            "min_close": 52.69,
            "p": 0.99444443,
            "profit": 14.547047,
            "q": 0.0
        },
        "SID": {
            "close": 1.91,
            "loss": 0.35913765,
            "max_close": 2.12,
            "min_close": 1.25,
            "p": 0.027777778,
            "profit": 0.11799991,
            "q": 0.96666664
        },
        "SM": {
            "close": 19.47,
            "loss": 0.9102516,
            "max_close": 39.159084,
            "min_close": 17.57,
            "p": 0.7,
            "profit": 5.2981052,
            "q": 0.29444444
        },
        "TGT": {
            "close": 105.47,
            "loss": 10.875092,
            "max_close": 132.08287,
            "min_close": 83.68,
            "p": 0.06111111,
            "profit": 2.6054459,
            "q": 0.93333334
        },
        "VALE": {
            "close": 16.07,
            "loss": 5.02936,
            "max_close": 16.94,
            "min_close": 7.9883733,
            "p": 0.022222223,
            "profit": 0.5100002,
            "q": 0.9722222
        },
        "VFC": {
            "close": 19.59,
            "loss": 5.0981655,
            "max_close": 25.928907,
            "min_close": 9.567923,
            "p": 0.06111111,
            "profit": 0.31363678,
            "q": 0.93333334
        },
        "ZIM": {
            "close": 22.03,
            "loss": 5.694147,
            "max_close": 23.27,
            "min_close": 11.213416,
            "p": 0.07777778,
            "profit": 0.6114273,
            "q": 0.9166667
        }
    },
    "hold_stock_list": [
        "EL",
        "FLO",
        "TGT",
        "NKE",
        "PVH",
        "VFC",
        "MPW",
        "MOH",
        "NVO",
        "ILPT",
        "AAP",
        "HOG",
        "PYPL",
        "EPAM",
        "ADBE",
        "NICE",
        "ZIM",
        "VALE",
        "SID",
        "SM"
    ],
    "portfolio": {
        "AAP": {
            "cost_p": 91.35,
            "position_%": 12.94084790936853,
            "profit_%": -47.44389709906951
        },
        "ADBE": {
            "cost_p": 299.55,
            "position_%": 3.0310665347183856,
            "profit_%": -2.103154732098151
        },
        "EL": {
            "cost_p": 143.03,
            "position_%": 5.7891296472811975,
            "profit_%": -19.401524155771515
        },
        "EPAM": {
            "cost_p": 248.63,
            "position_%": 2.5158206393825147,
            "profit_%": -16.10022925632466
        },
        "FLO": {
            "cost_p": 10.95,
            "position_%": 3.324003861308595,
            "profit_%": 4.383561643835621
        },
        "HOG": {
            "cost_p": 21.9,
            "position_%": 3.324003861308595,
            "profit_%": -9.589041095890401
        },
        "ILPT": {
            "cost_p": 17.2,
            "position_%": 3.4808442261496397,
            "profit_%": -69.01162790697674
        },
        "MOH": {
            "cost_p": 199,
            "position_%": 4.027255819789409,
            "profit_%": -9.753768844221105
        },
        "MPW": {
            "cost_p": 6.18,
            "position_%": 4.377363989047483,
            "profit_%": -18.770226537216832
        },
        "NICE": {
            "cost_p": 119.55,
            "position_%": 3.6290836677574663,
            "profit_%": -10.991217063989964
        },
        "NKE": {
            "cost_p": 70.07,
            "position_%": 9.217255273377814,
            "profit_%": -11.788211788211775
        },
        "NVO": {
            "cost_p": 64.24,
            "position_%": 8.450356482971184,
            "profit_%": -7.48754669987546
        },
        "PVH": {
            "cost_p": 87.3,
            "position_%": 5.3001924583057605,
            "profit_%": -28.568155784650628
        },
        "PYPL": {
            "cost_p": 68.03,
            "position_%": 2.753509682615814,
            "profit_%": -22.548875496104664
        },
        "SID": {
            "cost_p": 4.54,
            "position_%": 3.2157334159021964,
            "profit_%": -57.9295154185022
        },
        "SM": {
            "cost_p": 18.16,
            "position_%": 3.6751239038882244,
            "profit_%": 7.213656387665191
        },
        "TGT": {
            "cost_p": 107.3,
            "position_%": 4.342960296114609,
            "profit_%": -1.7054986020503247
        },
        "VALE": {
            "cost_p": 12.22,
            "position_%": 2.4730183978807325,
            "profit_%": 31.505728314238944
        },
        "VFC": {
            "cost_p": 18.8,
            "position_%": 1.3316252911665483,