{
    "Factor_Intersectional_v1": [],
    "KellyFormula_Range_v1": {
        "AAP": {
            "close": 43.98,
            "loss": 4.4632072,
            "max_close": 85.25006,
            "min_close": 35.69,
            "p": 0.62777776,
            "profit": 20.221226,
            "q": 0.36666667
        },
        "ALB": {
            "close": 99.54,
            "loss": 8.996452,
            "max_close": 150.06075,
            "min_close": 72.23231,
            "p": 0.4722222,
            "profit": 15.311104,
            "q": 0.5222222
        },
        "CVS": {
            "close": 46.6,
            "loss": 0.0,
            "max_close": 78.15086,
            "min_close": 46.6,
            "p": 0.99444443,
            "profit": 12.287315,
            "q": 0.0
        },
        "DAC": {
            "close": 78.13,
            "loss": 4.762871,
            "max_close": 95.34127,
            "min_close": 68.38013,
            "p": 0.8388889,
            "profit": 6.4559937,
            "q": 0.15555556
        },
        "EL": {
            "close": 79.57,
            "loss": 10.811607,
            "max_close": 155.19865,
            "min_close": 62.443096,
            "p": 0.85,
            "profit": 27.696388,
            "q": 0.14444445
        },
        "EPAM": {
            "close": 243.37,
            "loss": 44.240524,
            "max_close": 314.63,
            "min_close": 170.25,
            "p": 0.2,
            "profit": 9.114197,
            "q": 0.79444444
        },
        "EW": {
            "close": 73.91,
            "loss": 6.2069397,
            "max_close": 95.56,
            "min_close": 59.7,
            "p": 0.45,
            "profit": 14.479004,
            "q": 0.54444444
        },
        "GIS": {
            "close": 65.6,
            "loss": 1.6457939,
            "max_close": 74.52436,
            "min_close": 60.71325,
            "p": 0.7277778,
            "profit": 3.747696,
            "q": 0.26666668
        },
        "HAL": {
            "close": 27.87,
            "loss": 0.21446991,
            "max_close": 40.58066,
            "min_close": 27.372509,
            "p": 0.93333334,
            "profit": 4.9654064,
            "q": 0.06111111
        },
        "ILPT": {
            "close": 3.6,
            "loss": 0.08107829,
            "max_close": 5.146735,
            "min_close": 3.4139495,
            "p": 0.87222224,
            "profit": 0.6608205,
            "q": 0.11666667
        },
        "KSS": {
            "close": 14.31,
            "loss": 0.10228062,
            "max_close": 27.064507,
            "min_close": 14.15,
            "p": 0.98333335,
            "profit": 5.496806,
            "q": 0.011111111
        },
        "MPW": {
            "close": 3.9,
            "loss": 0.1241622,
            "max_close": 6.2460093,
            "min_close": 2.7921417,
            "p": 0.9444444,
            "profit": 0.75174284,
            "q": 0.05
        },
        "NKE": {
            "close": 77.2,
            "loss": 3.382225,
            "max_close": 120.57175,
            "min_close": 70.41491,
            "p": 0.7277778,
            "profit": 9.018616,
            "q": 0.26666668
        },
        "PYPL": {
            "close": 91.3,
            "loss": 20.678406,
            "max_close": 91.3,
            "min_close": 56.13,
            "p": 0.0,
            "profit": 0.0,
            "q": 0.99444443
        },
        "SEE": {
            "close": 35.83,
            "loss": 1.8893929,
            "max_close": 39.39198,
            "min_close": 30.610888,
            "p": 0.39444444,
            "profit": 1.0465622,
            "q": 0.6
        },
        "SID": {
            "close": 1.71,
            "loss": 0.0,
            "max_close": 3.799283,
            "min_close": 1.71,
            "p": 0.99444443,
            "profit": 0.56450534,
            "q": 0.0
        },
        "TGT": {
            "close": 132.45,
            "loss": 3.1503143,
            "max_close": 173.97578,
            "min_close": 121.59,
            "p": 0.90555555,
            "profit": 18.349075,
            "q": 0.08888889
        },
        "VALE": {
            "close": 9.1,
            "loss": 0.0,
            "max_close": 14.774527,
            "min_close": 9.1,
            "p": 0.99444443,
            "profit": 1.7862015,
            "q": 0.0
        },
        "VFC": {
            "close": 21.62,
            "loss": 5.33576,
            "max_close": 22.16612,
            "min_close": 11.779906,
            "p": 0.0055555557,
            "profit": 0.5461197,
            "q": 0.98888886
        },
        "ZIM": {
            "close": 19.51,
            "loss": 3.5067196,
            "max_close": 27.01,
            "min_close": 8.707805,
            "p": 0.42777777,
            "profit": 2.720007,
            "q": 0.56666666
        }
    },
    "hold_stock_list": [
        "SEE",
        "GIS",
        "EL",
        "KSS",
        "TGT",
        "NKE",
        "VFC",
        "MPW",
        "CVS",
        "ILPT",
        "AAP",
        "PYPL",
        "EPAM",
        "EW",
        "DAC",
        "ZIM",
        "VALE",
        "SID",
        "HAL",
        "ALB"
    ],
    "portfolio": {
        "AAP": {
            "cost_p": 91.35,
            "position_%": 14.410286977558082,
            "profit_%": -51.85550082101806
        },
        "ALB": {
            "cost_p": 173.45,
            "position_%": 7.817544065235592,
            "profit_%": -42.6117036609974
        },
        "CVS": {
            "cost_p": 65.41,
            "position_%": 5.896172468227847,
            "profit_%": -28.757070784283744
        },
        "DAC": {
            "cost_p": 73.24,
            "position_%": 4.951486831979142,
            "profit_%": 6.676679410158385
        },
        "EL": {
            "cost_p": 143.25,
            "position_%": 6.456403501556636,
            "profit_%": -44.453752181500874
        },
        "EPAM": {
            "cost_p": 250,
            "position_%": 2.81692997450115,
            "profit_%": -2.651999999999998
        },
        "EW": {
            "cost_p": 87.5,
            "position_%": 2.9577764732262075,
            "profit_%": -15.531428571428577
        },
        "GIS": {
            "cost_p": 65,
            "position_%": 2.929607173481196,
            "profit_%": 0.9230769230769144
        },
        "HAL": {
            "cost_p": 35,
            "position_%": 2.760591375011127,
            "profit_%": -20.371428571428567
        },
        "ILPT": {
            "cost_p": 17.24,
            "position_%": 3.8851098208319863,
            "profit_%": -79.11832946635731
        },
        "KSS": {
            "cost_p": 22.03,
            "position_%": 6.4539246031790745,
            "profit_%": -35.04312301407172
        },
        "MPW": {
            "cost_p": 6.18,
            "position_%": 4.87441562787679,
            "profit_%": -36.89320388349515
        },
        "NKE": {
            "cost_p": 75.5,
            "position_%": 3.402851409197389,
            "profit_%": 2.2516556291390764
        },
        "PYPL": {
            "cost_p": 68.34,
            "position_%": 4.620215866977806,
            "profit_%": 33.596722270997944
        },
        "SEE": {
            "cost_p": 37.16,
            "position_%": 5.861918599737912,
            "profit_%": -3.579117330462859
        },
        "SID": {
            "cost_p": 4.54,
            "position_%": 3.580881383585862,
            "profit_%": -62.33480176211453
        },
        "TGT": {
            "cost_p": 135.71,
            "position_%": 1.5291422673582042,
            "profit_%": -2.4021811215091144
        },
        "VALE": {
            "cost_p": 12.22,
            "position_%": 2.753830743072324,
            "profit_%": -25.53191489361703
        },
        "VFC": {
            "cost_p": 18.8,
            "position_%": 1.4828319385774054,
            "profit_%": 15.000000000000002
        },