{"hold_stock_list":["VALE","INTC","KGC","DAC","GGB","LDI","THO","GOGL","CPLP","SID","EDRY","ET","SB","NMM","X","TX"],"portfolio":{"CPLP":{"cost_p":12.99,"position_%":4.1612994087687305,"profit_%":18.013856812933025},"DAC":{"cost_p":76.97,"position_%":10.42321192555197,"profit_%":18.82551643497466},"EDRY":{"cost_p":22.24,"position_%":2.9145695628075763,"profit_%":-14.883093525179852},"ET":{"cost_p":9.35,"position_%":6.072165534504333,"profit_%":1.6042780748663141},"GGB":{"cost_p":4.45,"position_%":4.276624103699966,"profit_%":16.853932584269664},"GOGL":{"cost_p":10.75,"position_%":4.382920855341129,"profit_%":-14.418604651162797},"INTC":{"cost_p":49.94,"position_%":8.478991917719208,"profit_%":-4.425310372446938},"KGC":{"cost_p":7.61,"position_%":10.150262253015859,"profit_%":-31.011826544021027},"LDI":{"cost_p":6.36,"position_%":9.260922471750693,"profit_%":-30.503144654088054},"NMM":{"cost_p":30.04,"position_%":4.680377025550127,"profit_%":-5.22636484687084},"SB":{"cost_p":4.05,"position_%":4.900644280629016,"profit_%":-13.333333333333336},"SID":{"cost_p":4.82,"position_%":13.531663851113256,"profit_%":-2.0746887966805088},"THO":{"cost_p":104.58,"position_%":3.0456203525021612,"profit_%":-12.277682157200234},"TX":{"cost_p":40.0,"position_%":3.49468772518894,"profit_%":2.6500000000000057},"VALE":{"cost_p":12.76,"position_%":7.989438587736116,"profit_%":22.100313479623825},"X":{"cost_p":19.2,"position_%":2.236600144120922,"profit_%":1.7708333333333326}},"KellyFormula_Range_v1":{"EDRY":{"profit":7.254921,"loss":1.43727684,"p":0.8111111,"q":0.183333337,"max_close":33.81,"min_close":13.44,"close":18.93},"INTC":{"profit":5.73537445,"loss":0.0,"p":0.99444443,"q":0.0,"max_close":58.19,"min_close":47.73,"close":47.73},"NMM":{"profit":1.82222366,"loss":3.087162,"p":0.35,"q":0.644444466,"max_close":33.55,"min_close":21.47,"close":28.47},"SID":{"profit":2.77228069,"loss":0.5028119,"p":0.6333333,"q":0.355555564,"max_close":9.49,"min_close":3.57,"close":4.72},"DAC":{"profit":0.0,"loss":18.3869019,"p":0.0,"q":0.99444443,"max_close":91.46,"min_close":58.17,"close":91.46},"THO":{"profit":19.5753326,"loss":2.66333771,"p":0.9777778,"q":0.0166666675,"max_close":131.8,"min_close":87.32,"close":91.74},"CPLP":{"profit":0.6373167,"loss":2.51442242,"p":0.227777779,"q":0.766666651,"max_close":16.7,"min_close":10.98,"close":15.33},"GOGL":{"profit":1.08429623,"loss":0.6521425,"p":0.7111111,"q":0.272222221,"max_close":12.08,"min_close":7.68,"close":9.2},"GGB":{"profit":0.6977377,"loss":0.369679928,"p":0.466666669,"q":0.5222222,"max_close":6.81,"min_close":4.26,"close":5.2},"TX":{"profit":5.71604538,"loss":2.963501,"p":0.6611111,"q":0.333333343,"max_close":56.19,"min_close":32.74,"close":41.06},"KGC":{"profit":0.995715141,"loss":0.110000134,"p":0.9722222,"q":0.0222222228,"max_close":8.26,"min_close":5.04,"close":5.25},"ET":{"profit":0.6279993,"loss":0.571203232,"p":0.5277778,"q":0.4611111,"max_close":11.35,"min_close":8.15,"close":9.5},"SB":{"profit":0.5814588,"loss":0.144762039,"p":0.76111114,"q":0.233333334,"max_close":5.28,"min_close":3.1,"close":3.51},"VALE":{"profit":5.046917,"loss":1.94235325,"p":0.5222222,"q":0.4722222,"max_close":22.94,"min_close":11.27,"close":15.58},"X":{"profit":4.92275429,"loss":0.5700016,"p":0.966666639,"q":0.027777778,"max_close":29.45,"min_close":18.59,"close":19.54},"LDI":{"profit":4.09831142,"loss":0.119999886,"p":0.98888886,"q":0.00555555569,"max_close":16.95,"min_close":4.3,"close":4.42}}}