{
    "Factor_Intersectional_v1": [],
    "KellyFormula_Range_v1": {
        "AAP": {
            "close": 36.58,
            "loss": 1.2971001,
            "max_close": 84.78196,
            "min_close": 33.63,
            "p": 0.9388889,
            "profit": 10.723457,
            "q": 0.055555556
        },
        "ALB": {
            "close": 76.39,
            "loss": 2.333786,
            "max_close": 133.81505,
            "min_close": 69.95,
            "p": 0.9444444,
            "profit": 15.72908,
            "q": 0.05
        },
        "CVS": {
            "close": 65.23,
            "loss": 9.390259,
            "max_close": 76.283394,
            "min_close": 43.23058,
            "p": 0.055555556,
            "profit": 0.62828064,
            "q": 0.9388889
        },
        "DAC": {
            "close": 79.97,
            "loss": 1.4681473,
            "max_close": 95.34127,
            "min_close": 68.79265,
            "p": 0.7,
            "profit": 4.134674,
            "q": 0.29444444
        },
        "EL": {
            "close": 72.04,
            "loss": 4.6850586,
            "max_close": 154.45424,
            "min_close": 62.143585,
            "p": 0.7888889,
            "profit": 16.154144,
            "q": 0.20555556
        },
        "EPAM": {
            "close": 190.41,
            "loss": 4.8704834,
            "max_close": 309.01,
            "min_close": 170.25,
            "p": 0.8833333,
            "profit": 29.680847,
            "q": 0.11111111
        },
        "EW": {
            "close": 68.53,
            "loss": 2.698944,
            "max_close": 95.56,
            "min_close": 59.7,
            "p": 0.67777777,
            "profit": 6.7608185,
            "q": 0.31666666
        },
        "GGB": {
            "close": 2.86,
            "loss": 0.046666622,
            "max_close": 3.889146,
            "min_close": 2.72,
            "p": 0.9111111,
            "profit": 0.36394,
            "q": 0.083333336
        },
        "GIS": {
            "close": 65.3,
            "loss": 3.4709778,
            "max_close": 73.79097,
            "min_close": 57.56,
            "p": 0.45555556,
            "profit": 4.0933533,
            "q": 0.5388889
        },
        "HAL": {
            "close": 24.89,
            "loss": 0.52651405,
            "max_close": 40.295,
            "min_close": 23.98,
            "p": 0.9722222,
            "profit": 4.4783173,
            "q": 0.022222223
        },
        "ILPT": {
            "close": 3.59,
            "loss": 0.0972805,
            "max_close": 5.13347,
            "min_close": 3.2416239,
            "p": 0.8111111,
            "profit": 0.6752217,
            "q": 0.18333334
        },
        "KSS": {
            "close": 12.05,
            "loss": 0.38117695,
            "max_close": 27.064508,
            "min_close": 11.23,
            "p": 0.9,
            "profit": 5.3555326,
            "q": 0.094444446
        },
        "MPW": {
            "close": 5.87,
            "loss": 1.300518,
            "max_close": 6.2460093,
            "min_close": 3.60159,
            "p": 0.033333335,
            "profit": 0.21203518,
            "q": 0.9611111
        },
        "NKE": {
            "close": 76.4,
            "loss": 3.1859512,
            "max_close": 99.50302,
            "min_close": 68.33414,
            "p": 0.55,
            "profit": 4.4287033,
            "q": 0.44444445
        },
        "NVO": {
            "close": 78.95,
            "loss": 0.4866562,
            "max_close": 146.36218,
            "min_close": 77.87,
            "p": 0.9777778,
            "profit": 34.395805,
            "q": 0.016666668
        },
        "PAGS": {
            "close": 7.25,
            "loss": 0.5878372,
            "max_close": 14.6,
            "min_close": 6.19,
            "p": 0.7888889,
            "profit": 2.498168,
            "q": 0.20555556
        },
        "PEP": {
            "close": 156.25,
            "loss": 6.628952,
            "max_close": 178.7822,
            "min_close": 142.64,
            "p": 0.6888889,
            "profit": 10.908463,
            "q": 0.30555555
        },
        "PVH": {
            "close": 70.06,
            "loss": 0.008003235,
            "max_close": 140.38416,
            "min_close": 70.051994,
            "p": 0.98888886,
            "profit": 27.715393,
            "q": 0.0055555557
        },
        "PYPL": {
            "close": 68.16,
            "loss": 6.7330246,
            "max_close": 91.81,
            "min_close": 57.22,
            "p": 0.75555557,
            "profit": 12.7784195,
            "q": 0.23888889
        },
        "SEE": {
            "close": 30.42,
            "loss": 0.0,
            "max_close": 39.39198,
            "min_close": 30.42,
            "p": 0.99444443,
            "profit": 4.346693,
            "q": 0.0
        },
        "SID": {
            "close": 1.48,
            "loss": 0.07708323,
            "max_close": 3.0964158,
            "min_close": 1.3,
            "p": 0.8611111,
            "profit": 0.54541945,
            "q": 0.13333334
        },
        "TGT": {
            "close": 113.85,
            "loss": 0.0,
            "max_close": 172.50467,
            "min_close": 113.85,
            "p": 0.99444443,
            "profit": 26.763634,
            "q": 0.0
        },
        "VALE": {
            "close": 9.24,
            "loss": 0.3962059,
            "max_close": 12.415653,
            "min_close": 8.5,
            "p": 0.8333333,
            "profit": 1.0567617,
            "q": 0.16111112
        },
        "VFC": {
            "close": 17.4,
            "loss": 2.0620108,
            "max_close": 26.93,
            "min_close": 11.779906,
            "p": 0.7277778,
            "profit": 3.893917,
            "q": 0.26666668
        },
        "ZIM": {
            "close": 20.62,
            "loss": 3.3608055,
            "max_close": 23.31,
            "min_close": 7.2657228,
            "p": 0.15555556,
            "profit": 0.8914604,
            "q": 0.8333333
        }
    },
    "hold_stock_list": [
        "SEE",
        "GIS",
        "PEP",
        "EL",
        "KSS",
        "TGT",
        "NKE",
        "PVH",
        "VFC",
        "MPW",
        "NVO",
        "CVS",
        "ILPT",
        "AAP",
        "PYPL",
        "EPAM",
        "PAGS",
        "EW",
        "DAC",
        "ZIM",
        "VALE",
        "GGB",
        "SID",
        "HAL",
        "ALB"
    ],
    "portfolio": {
        "AAP": {
            "cost_p": 91.35,
            "position_%": 11.7659938948209,
            "profit_%": -59.95621237000547
        },
        "ALB": {
            "cost_p": 173.45,
            "position_%": 6.383021787650904,
            "profit_%": -55.9584894782358
        },
        "CVS": {
            "cost_p": 65.41,
            "position_%": 4.814222601674785,
            "profit_%": -0.2751872802323691
        },
        "DAC": {
            "cost_p": 73.24,
            "position_%": 4.042887135147468,
            "profit_%": 9.18896777717095
        },
        "EL": {
            "cost_p": 143.03,
            "position_%": 5.263554951211927,
            "profit_%": -49.63294413759351
        },
        "EPAM": {
            "cost_p": 248.63,
            "position_%": 2.2874181422076165,
            "profit_%": -23.416321441499417
        },
        "EW": {
            "cost_p": 87.4,
            "position_%": 2.412263350709235,
            "profit_%": -21.59038901601831
        },
        "GGB": {
            "cost_p": 2.9,
            "position_%": 2.1344206611920002,
            "profit_%": -1.3793103448275874
        },
        "GIS": {
            "cost_p": 62.3,
            "position_%": 4.585324385940056,
            "profit_%": 4.815409309791333
        },
        "HAL": {
            "cost_p": 34.9,
            "position_%": 2.2475817565914036,