{"hold_stock_list":["CEIX","BIO","KGC","GSL","ARLP","GOGL","CPLP","TDS","BXS","EDRY","CNNE","PBFX","ET","SB","NMM","TX"],"portfolio":{"ARLP":{"cost_p":7.06,"position_%":7.881007126256939,"profit_%":33.569405099150146},"BIO":{"cost_p":580.11,"position_%":4.218703383758491,"profit_%":36.52410749685404},"BXS":{"cost_p":26.04,"position_%":4.260809695650996,"profit_%":11.482334869431652},"CEIX":{"cost_p":18.18,"position_%":7.63509608365848,"profit_%":50.16501650165017},"CNNE":{"cost_p":31,"position_%":3.607034662984971,"profit_%":2.06451612903226},"CPLP":{"cost_p":12.99,"position_%":5.195657086632282,"profit_%":6.004618937644337},"EDRY":{"cost_p":22.24,"position_%":3.6390325511243535,"profit_%":33.67805755395685},"ET":{"cost_p":9.35,"position_%":7.581499621025014,"profit_%":-0.10695187165775173},"GOGL":{"cost_p":10.75,"position_%":5.4723660965649,"profit_%":8.372093023255816},"GSL":{"cost_p":15.75,"position_%":8.590342128328622,"profit_%":50.0952380952381},"KGC":{"cost_p":7.61,"position_%":12.67327265491387,"profit_%":-23.653088042049944},"NMM":{"cost_p":30.04,"position_%":5.843759766400872,"profit_%":4.693741677762983},"PBFX":{"cost_p":11.7,"position_%":8.508529346154065,"profit_%":3.6752136752136884},"SB":{"cost_p":4.05,"position_%":6.118777978835216,"profit_%":19.01234567901236},"TDS":{"cost_p":20.56,"position_%":4.410763435067831,"profit_%":-3.1614785992217835},"TX":{"cost_p":40.0,"position_%":4.363348382643109,"profit_%":31.799999999999994}},"KellyFormula_Range_v1":{"EDRY":{"profit":1.22555351,"loss":14.11562,"p":0.05,"q":0.9444444,"max_close":32.89,"min_close":5.48,"close":29.73},"GSL":{"profit":0.07500076,"loss":7.862278,"p":0.0111111114,"q":0.983333349,"max_close":23.74,"min_close":11.0390472,"close":23.64},"CNNE":{"profit":6.02524567,"loss":0.6369209,"p":0.9222222,"q":0.0722222254,"max_close":45.6,"min_close":29.78,"close":31.64},"NMM":{"profit":1.26404572,"loss":8.806229,"p":0.08888889,"q":0.905555546,"max_close":34.7979736,"min_close":9.287598,"close":31.45},"BIO":{"profit":17.8625488,"loss":165.385681,"p":0.06666667,"q":0.927777767,"max_close":825.77,"min_close":547.01,"close":791.99},"BXS":{"profit":1.70419121,"loss":1.45594406,"p":0.6,"q":0.394444436,"max_close":34.72739,"min_close":25.17,"close":29.03},"TX":{"profit":1.80408478,"loss":16.8349075,"p":0.122222222,"q":0.872222245,"max_close":56.19,"min_close":25.04841,"close":52.72},"SB":{"profit":0.0,"loss":1.74921823,"p":0.0,"q":0.99444443,"max_close":4.82,"min_close":1.2,"close":4.82},"ET":{"profit":0.7204027,"loss":1.82566071,"p":0.4,"q":0.594444454,"max_close":11.163332,"min_close":5.776562,"close":9.34},"CPLP":{"profit":0.0,"loss":2.61650658,"p":0.0,"q":0.99444443,"max_close":13.77,"min_close":7.435169,"close":13.77},"GOGL":{"profit":0.0,"loss":3.75999165,"p":0.0,"q":0.99444443,"max_close":11.65,"min_close":4.20455647,"close":11.65},"CEIX":{"profit":0.440000534,"loss":13.2339258,"p":0.00555555569,"q":0.98888886,"max_close":27.74,"min_close":6.49,"close":27.3},"ARLP":{"profit":0.0,"loss":3.045566,"p":0.0,"q":0.99444443,"max_close":9.43,"min_close":4.173737,"close":9.43},"PBFX":{"profit":1.86378765,"loss":1.86138725,"p":0.6666667,"q":0.327777773,"max_close":15.8821535,"min_close":8.060749,"close":12.13},"TDS":{"profit":2.81108475,"loss":1.0356884,"p":0.75555557,"q":0.23888889,"max_close":26.17267,"min_close":17.6290779,"close":19.91},"KGC":{"profit":1.04032707,"loss":0.0899996758,"p":0.9722222,"q":0.0222222228,"max_close":8.151266,"min_close":5.67,"close":5.81}}}