{
    "Factor_Intersectional_v1": [],
    "KellyFormula_Range_v1": {
        "AAP": {
            "close": 44.97,
            "loss": 5.377491,
            "max_close": 85.25006,
            "min_close": 35.69,
            "p": 0.62222224,
            "profit": 21.460869,
            "q": 0.37222221
        },
        "ALB": {
            "close": 104.96,
            "loss": 12.48909,
            "max_close": 150.6514,
            "min_close": 72.51662,
            "p": 0.3888889,
            "profit": 14.786949,
            "q": 0.60555553
        },
        "CMA": {
            "close": 69.38,
            "loss": 15.043503,
            "max_close": 72.73,
            "min_close": 45.173058,
            "p": 0.07777778,
            "profit": 1.6928558,
            "q": 0.9166667
        },
        "CVS": {
            "close": 55.29,
            "loss": 0.9089966,
            "max_close": 78.15087,
            "min_close": 52.446857,
            "p": 0.8666667,
            "profit": 5.1806946,
            "q": 0.12777779
        },
        "DAC": {
            "close": 81.37,
            "loss": 5.0547714,
            "max_close": 95.34127,
            "min_close": 65.20942,
            "p": 0.6333333,
            "profit": 4.671791,
            "q": 0.3611111
        },
        "DIS": {
            "close": 116.73,
            "loss": 17.49485,
            "max_close": 122.255974,
            "min_close": 85.6,
            "p": 0.07777778,
            "profit": 2.082199,
            "q": 0.9166667
        },
        "EL": {
            "close": 79.32,
            "loss": 10.98407,
            "max_close": 155.19865,
            "min_close": 62.443096,
            "p": 0.85555553,
            "profit": 30.179672,
            "q": 0.1388889
        },
        "EPAM": {
            "close": 245.45,
            "loss": 44.486404,
            "max_close": 314.63,
            "min_close": 170.25,
            "p": 0.16666667,
            "profit": 13.285294,
            "q": 0.8277778
        },
        "EW": {
            "close": 71.53,
            "loss": 4.2422256,
            "max_close": 95.56,
            "min_close": 59.7,
            "p": 0.49444443,
            "profit": 16.862358,
            "q": 0.5
        },
        "GIS": {
            "close": 65.06,
            "loss": 1.6938934,
            "max_close": 74.52436,
            "min_close": 60.713245,
            "p": 0.8055556,
            "profit": 3.974617,
            "q": 0.18888889
        },
        "HAL": {
            "close": 28.78,
            "loss": 0.79600334,
            "max_close": "NaN",
            "min_close": "NaN",
            "p": 0.8666667,
            "profit": 4.7660885,
            "q": 0.12777779
        },
        "ILPT": {
            "close": 3.55,
            "loss": 0.06501961,
            "max_close": 5.146735,
            "min_close": 3.4139495,
            "p": 0.9166667,
            "profit": 0.6952498,
            "q": 0.072222225
        },
        "KSS": {
            "close": 15.31,
            "loss": 0.21200085,
            "max_close": 27.983818,
            "min_close": 14.75,
            "p": 0.96666664,
            "profit": 5.6475306,
            "q": 0.027777778
        },
        "MPW": {
            "close": 4.14,
            "loss": 0.2445445,
            "max_close": "NaN",
            "min_close": "NaN",
            "p": 0.8888889,
            "profit": 0.64920616,
            "q": 0.1
        },
        "NKE": {
            "close": 78.89,
            "loss": 3.8689194,
            "max_close": 120.57174,
            "min_close": 70.41491,
            "p": 0.62777776,
            "profit": 9.362595,
            "q": 0.36666667
        },
        "PYPL": {
            "close": 89.88,
            "loss": 20.06163,
            "max_close": 89.88,
            "min_close": 56.13,
            "p": 0.0,
            "profit": 0.0,
            "q": 0.99444443
        },
        "SEE": {
            "close": 36.48,
            "loss": 1.9968605,
            "max_close": 39.609432,
            "min_close": 30.77987,
            "p": 0.26666668,
            "profit": 0.94916916,
            "q": 0.7277778
        },
        "SID": {
            "close": 1.83,
            "loss": 0.0,
            "max_close": 3.799283,
            "min_close": 1.83,
            "p": 0.99444443,
            "profit": 0.48098934,
            "q": 0.0
        },
        "TGT": {
            "close": 132.39,
            "loss": 3.296341,
            "max_close": 173.9758,
            "min_close": 121.59,
            "p": 0.9111111,
            "profit": 19.592865,
            "q": 0.083333336
        },
        "VALE": {
            "close": 9.36,
            "loss": 0.0,
            "max_close": 14.774527,
            "min_close": 9.36,
            "p": 0.99444443,
            "profit": 1.5964899,
            "q": 0.0
        },
        "VFC": {
            "close": 21.05,
            "loss": 5.102745,
            "max_close": 22.26,
            "min_close": 11.829798,
            "p": 0.033333335,
            "profit": 0.56500053,
            "q": 0.95555556
        },
        "ZIM": {
            "close": 20.96,
            "loss": 4.6119137,
            "max_close": 27.01,
            "min_close": 6.78738,
            "p": 0.28333333,
            "profit": 2.315464,
            "q": 0.7111111
        }
    },
    "hold_stock_list": [
        "SEE",
        "GIS",
        "EL",
        "KSS",
        "TGT",
        "NKE",
        "VFC",
        "MPW",
        "CVS",
        "ILPT",
        "AAP",
        "DIS",
        "PYPL",
        "EPAM",
        "EW",
        "CMA",
        "DAC",
        "ZIM",
        "VALE",
        "SID",
        "HAL",
        "ALB"
    ],
    "portfolio": {
        "AAP": {
            "cost_p": 91.35,
            "position_%": 13.68356292630734,
            "profit_%": -50.77175697865353
        },
        "ALB": {
            "cost_p": 173.45,
            "position_%": 7.423298114216932,
            "profit_%": -39.48688382819257
        },
        "CMA": {
            "cost_p": 62.35,
            "position_%": 1.334224956533369,
            "profit_%": 11.275060144346421
        },
        "CVS": {
            "cost_p": 65.41,
            "position_%": 5.598823057375952,
            "profit_%": -15.471640421953827
        },
        "DAC": {
            "cost_p": 73.24,
            "position_%": 4.701778788284071,
            "profit_%": 11.100491534680517
        },
        "DIS": {
            "cost_p": 86.66,
            "position_%": 3.708867192724355,
            "profit_%": 34.698822986383576
        },
        "EL": {
            "cost_p": 143.25,
            "position_%": 6.130801123445232,
            "profit_%": -44.62827225130891
        },
        "EPAM": {
            "cost_p": 250,
            "position_%": 2.674869600106995,
            "profit_%": -1.8200000000000045
        },
        "EW": {
            "cost_p": 87.5,
            "position_%": 2.8086130801123446,
            "profit_%": -18.251428571428573
        },
        "GIS": {
            "cost_p": 65,
            "position_%": 2.7818643841112745,
            "profit_%": 0.09230769230769581
        },
        "HAL": {
            "cost_p": 35,
            "position_%": 2.6213722081048547,
            "profit_%": -17.77142857142857
        },
        "ILPT": {
            "cost_p": 17.24,
            "position_%": 3.6891801524675674,
            "profit_%": -79.40835266821345
        },
        "KSS": {
            "cost_p": 22.03,
            "position_%": 6.128447238197138,
            "profit_%": -30.50385837494326
        },
        "MPW": {
            "cost_p": 6.18,
            "position_%": 4.628594356025144,
            "profit_%": -33.00970873786408
        },
        "NKE": {
            "cost_p": 75.5,
            "position_%": 3.23124247692925,
            "profit_%": 4.490066225165563
        },
        "PYPL": {
            "cost_p": 68.34,