{
    "KellyFormula_Range_v1": {
        "BAC": {
            "close": 29.96,
            "loss": 5.145689,
            "max_close": 30.05,
            "min_close": 20.45887,
            "p": 0.00555555569,
            "profit": 0.09000015,
            "q": 0.98888886
        },
        "BIO": {
            "close": 575.07,
            "loss": 78.82843,
            "max_close": 643.45,
            "min_close": 403.82,
            "p": 0.13333334,
            "profit": 19.0733643,
            "q": 0.8611111
        },
        "DHI": {
            "close": 71.85,
            "loss": 12.8983841,
            "max_close": 78.602684,
            "min_close": 37.3889542,
            "p": 0.316666663,
            "profit": 2.743248,
            "q": 0.677777767
        },
        "FHN": {
            "close": 12.64,
            "loss": 3.0419302,
            "max_close": 13.0291986,
            "min_close": 6.89497328,
            "p": 0.07777778,
            "profit": 0.226220131,
            "q": 0.9166667
        },
        "INTC": {
            "close": 47.07,
            "loss": 1.500534,
            "max_close": 63.44745,
            "min_close": 43.79363,
            "p": 0.844444454,
            "profit": 7.269882,
            "q": 0.15
        },
        "PBCT": {
            "close": 12.89,
            "loss": 1.90223217,
            "max_close": 13.52,
            "min_close": 9.716092,
            "p": 0.116666667,
            "profit": 0.2398138,
            "q": 0.8666667
        },
        "PFC": {
            "close": 23.02,
            "loss": 5.319515,
            "max_close": 23.15,
            "min_close": 13.3553782,
            "p": 0.00555555569,
            "profit": 0.129999161,
            "q": 0.98888886
        },
        "PSX": {
            "close": 68.73,
            "loss": 10.2798958,
            "max_close": 87.2001343,
            "min_close": 43.5934563,
            "p": 0.23888889,
            "profit": 5.490738,
            "q": 0.75555557
        },
        "REGI": {
            "close": 72.62,
            "loss": 33.17342,
            "max_close": 79.01,
            "min_close": 20.93,
            "p": 0.027777778,
            "profit": 3.90200043,
            "q": 0.966666639
        },
        "SFM": {
            "close": 20.29,
            "loss": 0.525346756,
            "max_close": 27.41,
            "min_close": 18.59,
            "p": 0.8333333,
            "profit": 2.89333153,
            "q": 0.161111116
        },
        "SMP": {
            "close": 41.4,
            "loss": 1.97951508,
            "max_close": 54.17,
            "min_close": 35.6404228,
            "p": 0.6722222,
            "profit": 4.650528,
            "q": 0.322222233
        },
        "T": {
            "close": 28.69,
            "loss": 0.7799797,
            "max_close": 32.0722351,
            "min_close": 26.5,
            "p": 0.6333333,
            "profit": 0.7926502,
            "q": 0.3611111
        },
        "WFC": {
            "close": 29.84,
            "loss": 4.495386,
            "max_close": 33.0351639,
            "min_close": 21.0457516,
            "p": 0.0333333351,
            "profit": 1.43351364,
            "q": 0.9611111
        }
    },
    "hold_stock_list": [
        "SMP",
        "INTC",
        "T",
        "DHI",
        "BAC",
        "PFC",
        "REGI",
        "FHN",
        "SFM",
        "BIO",
        "PBCT",
        "WFC",
        "PSX"
    ],
    "portfolio": {
        "BAC": {
            "cost_p": 25.9,
            "position_%": 3.7106488708340395,
            "profit_%": 16.4864864864865
        },
        "BIO": {
            "cost_p": 597.32,
            "position_%": 7.069405890046195,
            "profit_%": -4.059800441974151
        },
        "DHI": {
            "cost_p": 72.88,
            "position_%": 4.539736271720409,
            "profit_%": -3.279363336992317
        },
        "FHN": {
            "cost_p": 10.96,
            "position_%": 9.148241325602994,
            "profit_%": 16.423357664233563
        },
        "INTC": {
            "cost_p": 46.15,
            "position_%": 7.474244720687868,
            "profit_%": 1.8851570964247122
        },
        "PBCT": {
            "cost_p": 14.03,
            "position_%": 6.292343567839034,
            "profit_%": -7.27013542409123
        },
        "PFC": {
            "cost_p": 17.29,
            "position_%": 4.308015375304384,
            "profit_%": 33.48756506651243
        },
        "PSX": {
            "cost_p": 70.43,
            "position_%": 10.967810977540767,
            "profit_%": -1.277864546358094
        },
        "REGI": {
            "cost_p": 77.53,
            "position_%": 4.153273157326779,
            "profit_%": -4.166129240294085
        },
        "SFM": {
            "cost_p": 20.61,
            "position_%": 11.040753227460971,
            "profit_%": -0.5337214944201817
        },
        "SMP": {
            "cost_p": 41.45,
            "position_%": 4.153273157326779,
            "profit_%": -0.3377563329312438
        },
        "T": {
            "cost_p": 28.54,
            "position_%": 7.46664527193444,
            "profit_%": 0.17519271198318398
        },
        "WFC": {
            "cost_p": 31.79,
            "position_%": 10.2971284797689,
            "profit_%": -5.221767851525637
        }
    }
}