{"hold_stock_list":["SEE","EL","KSS","TGT","DIS","NKE","PVH","VFC","SBUX","MPW","NVO","PFE","ILPT","AAP","GM","PYPL","QCOM","EPAM","PAGS","EW","DAC","ZIM","VALE","GGB","SID","HAL","ALB"],"watch_stock_list":["ABNB","ACLS","ACMR","ADBE","ADSK","AEO","ALB","ALGM","ALGN","AMAT","ANSS","APD","APTV","ARTNA","ASML","AZN","BAC","BBY","BF-B","BIO","BLD","BUD","CAMT","CE","CNMD","CRM","CSCO","CVS","DE","DELL","DEO","DG","DHI","DIS","EL","EPAM","EW","EXLS","EXR","F","FDX","FFIV","FSLR","FTNT","G","GIS","GLOB","GM","GOOG","GSK","HAL","HAS","HMC","HOV","HPE","HPQ","INTC","ISRG","K","KSS","LMAT","LNTH","LQDT","LRCX","M","MA","MCHP","MKC","MMM","MMS","MOH","MPW","MS","MSFT","MU","NDAQ","NFLX","NICE","NKE","NOW","NVO","NXPI","ORCL","OXM","PAGS","PAYC","PCTY","PEP","PFE","PHG","PODD","PVH","PYPL","QCOM","SAIC","SBUX","SEE","SMP","SONY","SQM","STM","TDC","TEAM","TECH","TEX","TGT","TITN","TM","TEN","TRI","TX","UAL","UPS","VALE","VEEV","VFC","VMI","WDAY","WFC","WNS","X","ZTS"],"portfolio":{"AAP":{"cost_p":91.35,"position_%":11.442882221255896,"profit_%":-65.11220580186097},"ALB":{"cost_p":173.45,"position_%":6.207734525848262,"profit_%":-69.4955318535601},"DAC":{"cost_p":73.24,"position_%":3.9318634477353136,"profit_%":4.7378481703986886},"DIS":{"cost_p":93.9,"position_%":2.520494113478604,"profit_%":-9.68051118210863},"EL":{"cost_p":143.03,"position_%":5.119009911975076,"profit_%":-61.91708033279731},"EPAM":{"cost_p":248.63,"position_%":2.224602241512905,"profit_%":-40.811647830108996},"EW":{"cost_p":87.4,"position_%":2.346019015101491,"profit_%":-18.15789473684211},"GGB":{"cost_p":2.9,"position_%":2.0758062986405257,"profit_%":-12.413793103448272},"GM":{"cost_p":44.92,"position_%":2.4115142827999767,"profit_%":-0.7791629563668776},"HAL":{"cost_p":34.9,"position_%":2.1858598222322434,"profit_%":-35.44412607449856},"ILPT":{"cost_p":17.2,"position_%":3.0779196841911243,"profit_%":-84.82558139534883},"KSS":{"cost_p":21.98,"position_%":5.11328354977193,"profit_%":-70.51865332120109},"MPW":{"cost_p":6.18,"position_%":3.8706629516891877,"profit_%":-11.812297734627824},"NKE":{"cost_p":73.71,"position_%":5.276126974923901,"profit_%":-24.35219101885768},"NVO":{"cost_p":89.89,"position_%":2.4128563989413387,"profit_%":-35.38769607297809},"PAGS":{"cost_p":6.91,"position_%":0.06182681691209497,"profit_%":23.444283646888557},"PFE":{"cost_p":24,"position_%":2.147385826179854,"profit_%":-7.749999999999997},"PVH":{"cost_p":87.3,"position_%":4.686669565637533,"profit_%":-21.053837342497133},"PYPL":{"cost_p":68.03,"position_%":2.434777629250258,"profit_%":-10.33367631927091},"QCOM":{"cost_p":144.74,"position_%":2.5901052040106007,"profit_%":-5.582423656211145},"SBUX":{"cost_p":87.91,"position_%":2.3597085997433878,"profit_%":-7.291548174269136},"SEE":{"cost_p":34.36,"position_%":7.070983627972563,"profit_%":-23.166472642607687},"SID":{"cost_p":4.54,"position_%":2.843496731499824,"profit_%":-66.51982378854625},"TGT":{"cost_p":107.3,"position_%":3.840241652484973,"profit_%":-13.224603914259085},"VALE":{"cost_p":12.22,"position_%":2.186754566326485,"profit_%":-25.450081833060565},"VFC":{"cost_p":18.8,"position_%":1.1774832280219534,"profit_%":-44.414893617021285},"ZIM":{"cost_p":40.74,"position_%":8.383931111862696,"profit_%":-66.15120274914091}},"KellyFormula_Range_v1":{"SEE":{"profit":7.394495,"loss":1.3014278,"p":0.95555556,"q":0.03888889,"max_close":39.125458,"min_close":23.93,"close":26.4},"PAGS":{"profit":2.3920946,"loss":0.9116168,"p":0.23888889,"q":0.75555557,"max_close":14.6,"min_close":6.19,"close":8.53},"QCOM":{"profit":25.650345,"loss":6.2639923,"p":0.96666664,"q":0.027777778,"max_close":223.54147,"min_close":124.66,"close":136.66},"PYPL":{"profit":16.845085,"loss":1.7383308,"p":0.9611111,"q":0.033333335,"max_close":91.81,"min_close":57.22,"close":61.0},"EW":{"profit":2.0846634,"loss":3.0697098,"p":0.25,"q":0.73888886,"max_close":93.78,"min_close":59.7,"close":71.53},"GM":{"profit":5.329853,"loss":1.6643143,"p":0.8833333,"q":0.11111111,"max_close":59.911987,"min_close":39.65978,"close":44.57},"EL":{"profit":23.997482,"loss":1.751667,"p":0.9611111,"q":0.033333335,"max_close":145.69199,"min_close":50.06,"close":54.47},"ALB":{"profit":34.26428,"loss":1.2449989,"p":0.98333335,"q":0.011111111,"max_close":133.0665,"min_close":50.76,"close":52.91},"DAC":{"profit":4.701927,"loss":3.9666672,"p":0.9222222,"q":0.06666667,"max_close":95.34127,"min_close":66.47,"close":76.71},"VALE":{"profit":1.0228977,"loss":0.29030323,"p":0.8111111,"q":0.18333334,"max_close":12.415653,"min_close":8.26,"close":9.11},"PVH":{"profit":26.25167,"loss":3.1342773,"p":0.87777776,"q":0.11666667,"max_close":123.590614,"min_close":60.5,"close":68.92},"AAP":{"profit":10.743105,"loss":1.3927746,"p":0.98333335,"q":0.011111111,"max_close":76.818344,"min_close":30.074455,"close":31.87},"GGB":{"profit":0.60037994,"loss":0.08285689,"p":0.95555556,"q":0.03888889,"max_close":3.8891463,"min_close":2.3,"close":2.54},"HAL":{"profit":5.5993996,"loss":1.6340008,"p":0.9388889,"q":0.055555556,"max_close":38.184494,"min_close":19.26,"close":22.53},"SID":{"profit":0.43889737,"loss":0.08880949,"p":0.75555557,"q":0.23333333,"max_close":2.7259855,"min_close":1.3,"close":1.52},"TGT":{"profit":41.92543,"loss":1.7519989,"p":0.96666664,"q":0.027777778,"max_close":163.26923,"min_close":88.76,"close":93.11},"KSS":{"profit":8.332325,"loss":0.28999996,"p":0.9777778,"q":0.016666668,"max_close":24.760237,"min_close":6.13,"close":6.48},"MPW":{"profit":0.39306307,"loss":1.0059385,"p":0.22777778,"q":0.76666665,"max_close":6.21,"min_close":3.670565,"close":5.45},"NVO":{"profit":42.688484,"loss":0.0,"p":0.99444443,"q":0.0,"max_close":144.04109,"min_close":58.08,"close":58.08},"ILPT":{"profit":1.3956344,"loss":0.06999993,"p":0.98333335,"q":0.011111111,"max_close":5.1334705,"min_close":2.51,"close":2.61},"ZIM":{"profit":2.190507,"loss":1.1367416,"p":0.71666664,"q":0.27222222,"max_close":19.163383,"min_close":6.3671327,"close":13.79},"NKE":{"profit":20.658245,"loss":1.1299934,"p":0.95,"q":0.044444446,"max_close":95.772415,"min_close":53.27,"close":55.76},"PFE":{"profit":4.51285,"loss":0.23999977,"p":0.96666664,"q":0.027777778,"max_close":30.407196,"min_close":21.59,"close":22.14},"EPAM":{"profit":66.3289,"loss":2.350006,"p":0.9722222,"q":0.022222223,"max_close":267.63,"min_close":143.33,"close":147.16},"SBUX":{"profit":16.19271,"loss":5.675804,"p":0.92777777,"q":0.06666667,"max_close":115.81,"min_close":70.69844,"close":81.5},"VFC":{"profit":9.299766,"loss":0.4250002,"p":0.98333335,"q":0.011111111,"max_close":26.803305,"min_close":9.74,"close":10.45},"DIS":{"profit":16.605537,"loss":1.6139984,"p":0.96666664,"q":0.027777778,"max_close":117.08121,"min_close":81.72,"close":84.81}},"Factor_Intersectional_v1":[],"stock_info":{"SEE":["Sealed Air Corp.","Packaging & Containers","Consumer Cyclical"],"PAGS":["PagSeguro Digital Ltd","Software - Infrastructure","Technology"],"QCOM":["Qualcomm, Inc.","Semiconductors","Technology"],"PYPL":["PayPal Holdings Inc","Credit Services","Financial"],"EW":["Edwards Lifesciences Corp","Medical Devices","Healthcare"],"GM":["General Motors Company","Auto Manufacturers","Consumer Cyclical"],"EL":["Estee Lauder Cos., Inc.","Household & Personal Products","Consumer Defensive"],"ALB":["Albemarle Corp.","Specialty Chemicals","Basic Materials"],"DAC":["Danaos Corporation","Marine Shipping","Industrials"],"VALE":["Vale S.A. ADR","Other Industrial Metals & Mining","Basic Materials"],"PVH":["PVH Corp","Apparel Manufacturing","Consumer Cyclical"],"AAP":["Advance Auto Parts Inc","Specialty Retail","Consumer Cyclical"],"GGB":["Gerdau S.A. ADR","Steel","Basic Materials"],"HAL":["Halliburton Co.","Oil & Gas Equipment & Services","Energy"],"SID":["Companhia Siderurgica Nacional ADR","Steel","Basic Materials"],"TGT":["Target Corp","Discount Stores","Consumer Defensive"],"KSS":["Kohl's Corp.","Department Stores","Consumer Cyclical"],"MPW":["Medical Properties Trust Inc","REIT - Healthcare Facilities","Real Estate"],