{"hold_stock_list":["SEE","GIS","PEP","EL","KSS","TGT","NKE","PVH","VFC","MPW","NVO","CVS","ILPT","AAP","PYPL","EPAM","PAGS","EW","DAC","ZIM","VALE","GGB","SID","HAL","ALB"],"watch_stock_list":["ABNB","ACLS","ACMR","ADBE","ADSK","AEO","ALB","ALGM","ALGN","AMAT","ANSS","APD","APTV","ARTNA","ASML","AZN","BAC","BBY","BF-B","BIO","BLD","BUD","CAMT","CE","CNMD","CRM","CSCO","CVS","DE","DELL","DEO","DG","DHI","DIS","EL","EPAM","EW","EXLS","EXR","F","FDX","FFIV","FSLR","FTNT","G","GIS","GLOB","GM","GOOG","GSK","HAL","HAS","HMC","HOV","HPE","HPQ","INTC","ISRG","K","KSS","LMAT","LNTH","LQDT","LRCX","M","MA","MCHP","MKC","MMM","MMS","MOH","MPW","MS","MSFT","MU","NDAQ","NFLX","NICE","NKE","NOW","NVO","NXPI","ORCL","OXM","PAGS","PAYC","PCTY","PEP","PFE","PHG","PODD","PVH","PYPL","QCOM","SAIC","SBUX","SEE","SMP","SONY","SQM","STM","TDC","TEAM","TECH","TEX","TGT","TITN","TM","TEN","TRI","TX","UAL","UPS","VALE","VEEV","VFC","VMI","WDAY","WFC","WNS","X","ZTS"],"portfolio":{"AAP":{"cost_p":91.35,"position_%":12.031655418055102,"profit_%":-51.483305966064584},"ALB":{"cost_p":173.45,"position_%":6.527142488894073,"profit_%":-51.76131449985586},"CVS":{"cost_p":65.41,"position_%":4.922921766486726,"profit_%":1.513530041278106},"DAC":{"cost_p":73.24,"position_%":4.134170503487477,"profit_%":14.377389404696888},"EL":{"cost_p":143.03,"position_%":5.3823994821938275,"profit_%":-50.08040271271761},"EPAM":{"cost_p":248.63,"position_%":2.3390652018070535,"profit_%":3.8128946627518876},"EW":{"cost_p":87.4,"position_%":2.4667292600000374,"profit_%":-14.565217391304353},"GGB":{"cost_p":2.9,"position_%":2.182613227765098,"profit_%":4.827586206896556},"GIS":{"cost_p":62.3,"position_%":4.688855313440193,"profit_%":-6.91813804173354},"HAL":{"cost_p":34.9,"position_%":2.298329360099196,"profit_%":-23.381088825214903},"ILPT":{"cost_p":17.2,"position_%":3.2362885790999734,"profit_%":-77.49999999999999},"KSS":{"cost_p":21.98,"position_%":5.376378480186199,"profit_%":-46.86078252957234},"MPW":{"cost_p":6.18,"position_%":4.069821044530954,"profit_%":-18.770226537216832},"NKE":{"cost_p":73.71,"position_%":5.547600724778116,"profit_%":4.1649708316375085},"NVO":{"cost_p":89.89,"position_%":2.537005642807819,"profit_%":-7.219935476693731},"PAGS":{"cost_p":6.91,"position_%":0.06500800605110701,"profit_%":17.510853835021695},"PEP":{"cost_p":144.84,"position_%":5.450512067405118,"profit_%":0.6697045015189166},"PVH":{"cost_p":94.6,"position_%":2.669938077757478,"profit_%":-16.26849894291755},"PYPL":{"cost_p":68.03,"position_%":2.560054791118269,"profit_%":15.184477436425103},"SEE":{"cost_p":37.16,"position_%":4.894322006950493,"profit_%":-10.791173304628629},"SID":{"cost_p":4.54,"position_%":2.9898038094127077,"profit_%":-65.85903083700441},"TGT":{"cost_p":135.71,"position_%":1.276734660086213,"profit_%":-3.654852258492379},"VALE":{"cost_p":12.22,"position_%":2.299270141662888,"profit_%":-20.294599018003275},"VFC":{"cost_p":18.8,"position_%":1.2380685378184781,"profit_%":41.063829787234035},"ZIM":{"cost_p":40.74,"position_%":8.815311408105398,"profit_%":-49.70544918998528}},"KellyFormula_Range_v1":{"EPAM":{"profit":5.41626,"loss":46.665695,"p":0.044444446,"q":0.95,"max_close":314.63,"min_close":170.25,"close":258.11},"GGB":{"profit":0.25028682,"loss":0.118685246,"p":0.78333336,"q":0.21111111,"max_close":3.8891463,"min_close":2.72,"close":3.04},"DAC":{"profit":4.2246933,"loss":3.3966522,"p":0.37777779,"q":0.6166667,"max_close":95.34127,"min_close":68.38013,"close":83.77},"ILPT":{"profit":0.669312,"loss":0.25453448,"p":0.5388889,"q":0.45555556,"max_close":5.1334705,"min_close":3.2416239,"close":3.87},"VFC":{"profit":0.23999977,"loss":7.6934185,"p":0.011111111,"q":0.98333335,"max_close":26.93,"min_close":11.779906,"close":26.52},"EL":{"profit":19.804382,"loss":5.33078,"p":0.85,"q":0.14444445,"max_close":155.19865,"min_close":62.443096,"close":71.4},"KSS":{"profit":5.8792706,"loss":0.06000042,"p":0.98888886,"q":0.0055555557,"max_close":27.064508,"min_close":11.62,"close":11.68},"MPW":{"profit":0.5488,"loss":0.6104431,"p":0.15,"q":0.8388889,"max_close":6.2460093,"min_close":3.2741725,"close":5.02},"SEE":{"profit":2.1738205,"loss":0.5572624,"p":0.92777777,"q":0.06666667,"max_close":39.39198,"min_close":30.610888,"close":33.15},"PEP":{"profit":18.515335,"loss":1.3166504,"p":0.9111111,"q":0.083333336,"max_close":178.78221,"min_close":142.64,"close":145.81},"GIS":{"profit":7.653164,"loss":0.4300003,"p":0.98888886,"q":0.0055555557,"max_close":73.79097,"min_close":57.56,"close":57.99},"HAL":{"profit":3.7667809,"loss":0.6268425,"p":0.8888889,"q":0.10555556,"max_close":40.580658,"min_close":25.19,"close":26.74},"PAGS":{"profit":2.6157522,"loss":0.9981537,"p":0.62777776,"q":0.3611111,"max_close":14.6,"min_close":6.19,"close":8.12},"NVO":{"profit":36.1288,"loss":2.1150055,"p":0.9166667,"q":0.07777778,"max_close":146.36218,"min_close":77.87,"close":83.4},"AAP":{"profit":10.700363,"loss":4.3704643,"p":0.5611111,"q":0.43333334,"max_close":84.78196,"min_close":35.49403,"close":44.32},"ZIM":{"profit":0.9452133,"loss":3.5115833,"p":0.1388889,"q":0.85555553,"max_close":23.31,"min_close":7.2657223,"close":20.49},"EW":{"profit":11.883049,"loss":5.850006,"p":0.25555557,"q":0.73888886,"max_close":95.56,"min_close":59.7,"close":74.67},"PYPL":{"profit":7.0485992,"loss":11.2241745,"p":0.4611111,"q":0.53333336,"max_close":91.81,"min_close":57.22,"close":78.36},"TGT":{"profit":13.366821,"loss":2.5012054,"p":0.87222224,"q":0.12222222,"max_close":172.50465,"min_close":120.56183,"close":130.75},"NKE":{"profit":6.3138504,"loss":3.273735,"p":0.5611111,"q":0.43333334,"max_close":103.848595,"min_close":68.68,"close":76.78},"VALE":{"profit":0.7911825,"loss":0.6435671,"p":0.7277778,"q":0.26666668,"max_close":12.457718,"min_close":8.5,"close":9.74},"PVH":{"profit":22.492805,"loss":1.087143,"p":0.95555556,"q":0.03888889,"max_close":140.4603,"min_close":77.4,"close":79.21},"CVS":{"profit":0.0,"loss":10.460133,"p":0.0,"q":0.99444443,"max_close":76.283394,"min_close":43.23058,"close":66.4},"ALB":{"profit":12.691399,"loss":4.492607,"p":0.8388889,"q":0.15555556,"max_close":140.61734,"min_close":72.23231,"close":83.67},"SID":{"profit":0.5622666,"loss":0.11344814,"p":0.8333333,"q":0.16111112,"max_close":3.4478495,"min_close":1.3,"close":1.55}},"Factor_Intersectional_v1":[],"stock_info":{"EPAM":["EPAM Systems Inc","Information Technology Services","Technology"],"GGB":["Gerdau S.A. ADR","Steel","Basic Materials"],"DAC":["Danaos Corporation","Marine Shipping","Industrials"],"ILPT":["Industrial Logistics Properties Trust","REIT - Industrial","Real Estate"],"VFC":["VF Corp.","Apparel Manufacturing","Consumer Cyclical"],"EL":["Estee Lauder Cos., Inc.","Household & Personal Products","Consumer Defensive"],"KSS":["Kohl's Corp.","Department Stores","Consumer Cyclical"],"MPW":["Medical Properties Trust Inc","REIT - Healthcare Facilities","Real Estate"],"SEE":["Sealed Air Corp.","Packaging & Containers","Consumer Cyclical"],"PEP":["PepsiCo Inc","Beverages - Non-Alcoholic","Consumer Defensive"],"GIS":["General Mills, Inc.","Packaged Foods","Consumer Defensive"],"HAL":["Halliburton Co.","Oil & Gas Equipment & Services","Energy"],"PAGS":["PagSeguro Digital Ltd","Software - Infrastructure","Technology"],"NVO":["Novo Nordisk ADR","Biotechnology","Healthcare"],"AAP":["Advance Auto Parts Inc","Specialty Retail","Consumer Cyclical"],"ZIM":["Zim Integrated Shipping Services Ltd","Marine Shipping","Industrials"],"EW":["Edwards Lifesciences Corp","Medical Devices","Healthcare"],"PYPL":["PayPal Holdings Inc","Credit Services","Financial"],"TGT":["Target Corp","Discount Stores","Consumer Defensive"],"NKE":["Nike, Inc.","Footwear & Accessories","Consumer Cyclical"],"VALE":["Vale S.A. ADR","Other Industrial Metals & Mining","Basic Materials"],"PVH":["PVH Corp","Apparel Manufacturing","Consumer Cyclical"],"CVS":["CVS Health Corp","Healthcare Plans","Healthcare"],"ALB":["Albemarle Corp.","Specialty Chemicals","Basic Materials"],