{"hold_stock_list":["SMP","T","DHI","C","TDS","BGFV","BIO","WFC","PSX","SNX","LAKE","HTH","MDC","PBFX","PHM","ELP"],"portfolio":{"BGFV":{"cost_p":12.23,"position_%":4.36286099922818,"profit_%":-0.7358953393295165},"BIO":{"cost_p":597.32,"position_%":5.78372368988676,"profit_%":-6.45047880533049},"C":{"cost_p":62.71,"position_%":5.017453227668621,"profit_%":12.119279221814704},"DHI":{"cost_p":72.88,"position_%":3.7141141177870542,"profit_%":1.6190998902305254},"ELP":{"cost_p":10.54,"position_%":9.695376901298486,"profit_%":2.6565464895635786},"HTH":{"cost_p":29.44,"position_%":6.751452227283602,"profit_%":18.478260869565222},"LAKE":{"cost_p":29.74,"position_%":4.546833995457752,"profit_%":-8.47343644922663},"MDC":{"cost_p":59.95,"position_%":5.193797205190281,"profit_%":-14.879065888240204},"PBFX":{"cost_p":11.39,"position_%":9.78071285204265,"profit_%":12.115891132572422},"PHM":{"cost_p":49.31,"position_%":4.648936460262725,"profit_%":-10.484688704116815},"PSX":{"cost_p":70.43,"position_%":3.5892570981852674,"profit_%":22.305835581428358},"SMP":{"cost_p":41.45,"position_%":13.455841002484656,"profit_%":5.62123039806996},"SNX":{"cost_p":86.45,"position_%":6.388220224340034,"profit_%":4.430306535569692},"T":{"cost_p":28.54,"position_%":6.10871886760289,"profit_%":2.978276103714091},"TDS":{"cost_p":20.77,"position_%":5.292408769651284,"profit_%":-8.473760231102542},"WFC":{"cost_p":31.79,"position_%":5.670292361629755,"profit_%":17.741428122050962}},"KellyFormula_Range_v1":{"T":{"profit":0.376369476,"loss":0.8055382,"p":0.25,"q":0.74444443,"max_close":30.9062023,"min_close":26.033514,"close":28.92},"TDS":{"profit":1.52544022,"loss":0.7066765,"p":0.683333337,"q":0.311111122,"max_close":23.91577,"min_close":16.5031128,"close":18.67},"SNX":{"profit":1.718895,"loss":17.7698517,"p":0.03888889,"q":0.955555558,"max_close":94.5,"min_close":50.1352234,"close":89.8},"BGFV":{"profit":2.04624939,"loss":5.51577,"p":0.13333334,"q":0.855555534,"max_close":16.16,"min_close":1.76140082,"close":12.68},"DHI":{"profit":2.80130768,"loss":6.8795166,"p":0.272222221,"q":0.7222222,"max_close":83.23916,"min_close":52.616806,"close":74.81},"C":{"profit":0.5699997,"loss":17.163868,"p":0.00555555569,"q":0.98888886,"max_close":70.38,"min_close":40.2755241,"close":69.81},"WFC":{"profit":0.5660019,"loss":10.3524647,"p":0.027777778,"q":0.966666639,"max_close":38.29,"min_close":20.9815083,"close":37.16},"MDC":{"profit":2.16734314,"loss":9.838314,"p":0.1,"q":0.894444466,"max_close":56.52778,"min_close":29.5942955,"close":51.54},"BIO":{"profit":34.2715454,"loss":51.00128,"p":0.433333337,"q":0.5611111,"max_close":662.35,"min_close":432.34,"close":562.0},"ELP":{"profit":1.115243,"loss":0.309563637,"p":0.7277778,"q":0.266666681,"max_close":14.32,"min_close":10.3125925,"close":11.03},"PBFX":{"profit":0.158244133,"loss":3.65959358,"p":0.0166666675,"q":0.9777778,"max_close":13.01,"min_close":6.8425045,"close":12.76},"SMP":{"profit":3.36149216,"loss":2.432705,"p":0.533333361,"q":0.4611111,"max_close":53.85105,"min_close":37.67527,"close":43.37},"PSX":{"profit":1.11999512,"loss":22.1284027,"p":0.0222222228,"q":0.9722222,"max_close":87.25,"min_close":43.12195,"close":84.41},"PHM":{"profit":2.11891174,"loss":3.835884,"p":0.566666663,"q":0.427777767,"max_close":49.51,"min_close":31.7402878,"close":43.78},"HTH":{"profit":0.0,"loss":10.8196373,"p":0.0,"q":0.99444443,"max_close":34.36,"min_close":16.4422626,"close":34.36},"LAKE":{"profit":4.826668,"loss":6.463114,"p":0.166666672,"q":0.8277778,"max_close":44.43,"min_close":18.3,"close":29.09}}}