{
    "KellyFormula_Range_v1": {
        "BGFV": {
            "close": 15.7,
            "loss": 7.13487434,
            "max_close": 16.0011539,
            "min_close": 1.78263032,
            "p": 0.0166666675,
            "profit": 0.175052643,
            "q": 0.9777778
        },
        "BIO": {
            "close": 560.84,
            "loss": 43.00586,
            "max_close": 662.35,
            "min_close": 432.34,
            "p": 0.4611111,
            "profit": 33.6116333,
            "q": 0.533333361
        },
        "DHI": {
            "close": 83.26,
            "loss": 11.6879044,
            "max_close": 83.72,
            "min_close": 53.4403419,
            "p": 0.0111111114,
            "profit": 0.254997253,
            "q": 0.983333349
        },
        "ELP": {
            "close": 12.78,
            "loss": 1.36908245,
            "max_close": 14.32,
            "min_close": 10.3125925,
            "p": 0.155555561,
            "profit": 0.7385082,
            "q": 0.8388889
        },
        "HTH": {
            "close": 37.57,
            "loss": 13.41823,
            "max_close": 39.37,
            "min_close": 16.4422626,
            "p": 0.0166666675,
            "profit": 1.09000015,
            "q": 0.9777778
        },
        "LAKE": {
            "close": 29.26,
            "loss": 6.41864967,
            "max_close": 44.43,
            "min_close": 18.3,
            "p": 0.188888893,
            "profit": 4.245001,
            "q": 0.8055556
        },
        "MDC": {
            "close": 58.56,
            "loss": 14.7480392,
            "max_close": 60.27,
            "min_close": 31.0229244,
            "p": 0.0166666675,
            "profit": 1.06666565,
            "q": 0.9777778
        },
        "PBFX": {
            "close": 14.68,
            "loss": 5.37266541,
            "max_close": 14.68,
            "min_close": 6.8425045,
            "p": 0.0,
            "profit": 0.0,
            "q": 0.99444443
        },
        "PHM": {
            "close": 49.09,
            "loss": 5.4470253,
            "max_close": 49.7,
            "min_close": 32.5900841,
            "p": 0.027777778,
            "profit": 0.225196838,
            "q": 0.966666639
        },
        "SMP": {
            "close": 44.93,
            "loss": 3.35092163,
            "max_close": 53.85105,
            "min_close": 37.67527,
            "p": 0.49444443,
            "profit": 2.01951981,
            "q": 0.5
        },
        "SNX": {
            "close": 105.64,
            "loss": 30.8170013,
            "max_close": 105.64,
            "min_close": 57.7834778,
            "p": 0.0,
            "profit": 0.0,
            "q": 0.99444443
        },
        "STC": {
            "close": 53.8,
            "loss": 9.815052,
            "max_close": 54.8160629,
            "min_close": 30.60827,
            "p": 0.03888889,
            "profit": 0.5109062,
            "q": 0.955555558
        },
        "T": {
            "close": 29.99,
            "loss": 1.60282707,
            "max_close": 30.9062023,
            "min_close": 26.033514,
            "p": 0.0333333351,
            "profit": 0.3169384,
            "q": 0.95
        },
        "TDS": {
            "close": 23.06,
            "loss": 3.79180717,
            "max_close": 23.7356415,
            "min_close": 16.3788166,
            "p": 0.0444444455,
            "profit": 0.260452271,
            "q": 0.95
        },
        "WFC": {
            "close": 39.35,
            "loss": 11.9073906,
            "max_close": 39.97,
            "min_close": 20.9815083,
            "p": 0.0166666675,
            "profit": 0.400001526,
            "q": 0.9777778
        }
    },
    "hold_stock_list": [
        "SMP",
        "T",
        "DHI",
        "TDS",
        "BGFV",
        "BIO",
        "WFC",
        "STC",
        "SNX",
        "LAKE",
        "HTH",
        "MDC",
        "PBFX",
        "PHM",
        "ELP"
    ],
    "portfolio": {
        "BGFV": {
            "cost_p": 12.23,
            "position_%": 4.15795831570293,
            "profit_%": 28.37285363859361
        },
        "BIO": {
            "cost_p": 580.11,
            "position_%": 17.468582911854977,
            "profit_%": -3.321783799624206
        },
        "DHI": {
            "cost_p": 72.88,
            "position_%": 3.53967996785924,
            "profit_%": 14.242590559824384
        },
        "ELP": {
            "cost_p": 10.54,
            "position_%": 9.240031487998309,
            "profit_%": 21.25237191650854
        },
        "HTH": {
            "cost_p": 29.44,
            "position_%": 2.8597194910476404,
            "profit_%": 27.615489130434778
        },
        "LAKE": {
            "cost_p": 29.74,
            "position_%": 4.333290981509349,
            "profit_%": -1.6139878950907764
        },
        "MDC": {
            "cost_p": 59.95,
            "position_%": 4.94986942816101,
            "profit_%": -2.318598832360301
        },
        "PBFX": {
            "cost_p": 11.39,
            "position_%": 5.531964164917226,
            "profit_%": 28.884986830553107
        },
        "PHM": {
            "cost_p": 49.31,
            "position_%": 4.4305981826016385,
            "profit_%": -0.44615696613262795
        },
        "SMP": {
            "cost_p": 41.45,
            "position_%": 12.823884602547562,
            "profit_%": 8.39565741857659
        },
        "SNX": {
            "cost_p": 86.45,
            "position_%": 2.9391291610181383,
            "profit_%": 22.197802197802194
        },
        "STC": {
            "cost_p": 53.5,
            "position_%": 13.771628085709214,
            "profit_%": 0.5607476635513965
        },
        "T": {
            "cost_p": 28.54,
            "position_%": 5.821821602460913,
            "profit_%": 5.080588647512261
        },
        "TDS": {
            "cost_p": 20.77,
            "position_%": 5.043849679777471,
            "profit_%": 11.025517573423203
        },
        "WFC": {
            "cost_p": 31.79,
            "position_%": 3.087991936834392,
            "profit_%": 23.781063227430018
        }
    }
}