{
    "KellyFormula_Range_v1": {
        "BAC": {
            "close": 26.98,
            "loss": 3.21136284,
            "max_close": 28.3411922,
            "min_close": 17.8341846,
            "p": 0.05,
            "profit": 0.705421448,
            "q": 0.9388889
        },
        "BIO": {
            "close": 574.38,
            "loss": 105.466858,
            "max_close": 643.45,
            "min_close": 320.01,
            "p": 0.0944444463,
            "profit": 22.7205811,
            "q": 0.9
        },
        "DHI": {
            "close": 75.1,
            "loss": 17.977417,
            "max_close": 78.82,
            "min_close": 28.6062851,
            "p": 0.105555557,
            "profit": 1.75527191,
            "q": 0.8888889
        },
        "FBP": {
            "close": 8.13,
            "loss": 2.53173161,
            "max_close": 8.33,
            "min_close": 3.666915,
            "p": 0.0222222228,
            "profit": 0.122499466,
            "q": 0.9722222
        },
        "FHN": {
            "close": 12.16,
            "loss": 2.84620857,
            "max_close": 12.46,
            "min_close": 6.59697628,
            "p": 0.0111111114,
            "profit": 0.274999619,
            "q": 0.983333349
        },
        "INTC": {
            "close": 45.62,
            "loss": 0.793640137,
            "max_close": 63.44745,
            "min_close": 43.7472076,
            "p": 0.894444466,
            "profit": 8.688812,
            "q": 0.1
        },
        "PBCT": {
            "close": 12.86,
            "loss": 1.96232319,
            "max_close": 13.3429022,
            "min_close": 9.070121,
            "p": 0.055555556,
            "profit": 0.293005943,
            "q": 0.9388889
        },
        "PFC": {
            "close": 21.16,
            "loss": 4.52522469,
            "max_close": 21.84,
            "min_close": 11.0733128,
            "p": 0.0222222228,
            "profit": 0.33690834,
            "q": 0.9722222
        },
        "PSX": {
            "close": 61.45,
            "loss": 7.48125839,
            "max_close": 87.2001343,
            "min_close": 40.3908043,
            "p": 0.377777785,
            "profit": 8.644222,
            "q": 0.6166667
        },
        "SFM": {
            "close": 20.28,
            "loss": 1.88769531,
            "max_close": 27.41,
            "min_close": 13.32,
            "p": 0.7777778,
            "profit": 3.08064651,
            "q": 0.216666669
        },
        "SNV": {
            "close": 31.02,
            "loss": 10.30197,
            "max_close": 31.02,
            "min_close": 12.3679667,
            "p": 0.0,
            "profit": 0.0,
            "q": 0.99444443
        },
        "STL": {
            "close": 15.93,
            "loss": 4.444398,
            "max_close": 16.21,
            "min_close": 7.3472147,
            "p": 0.0222222228,
            "profit": 0.167499542,
            "q": 0.9722222
        },
        "T": {
            "close": 28.28,
            "loss": 0.873003,
            "max_close": 34.00929,
            "min_close": 25.3954983,
            "p": 0.7222222,
            "profit": 1.12569809,
            "q": 0.266666681
        },
        "WFC": {
            "close": 26.16,
            "loss": 1.87859535,
            "max_close": 34.0910034,
            "min_close": 21.0457516,
            "p": 0.2888889,
            "profit": 2.33562279,
            "q": 0.705555558
        }
    },
    "hold_stock_list": [
        "INTC",
        "T",
        "DHI",
        "BAC",
        "PFC",
        "SNV",
        "FHN",
        "STL",
        "SFM",
        "BIO",
        "PBCT",
        "FBP",
        "WFC",
        "PSX"
    ],
    "portfolio": {
        "BAC": {
            "cost_p": 25.9,
            "position_%": 4.061499156132699,
            "profit_%": 2.9729729729729852
        },
        "BIO": {
            "cost_p": 597.32,
            "position_%": 7.737834286198171,
            "profit_%": -4.6876046340320086
        },
        "DHI": {
            "cost_p": 72.88,
            "position_%": 4.968978655345832,
            "profit_%": 2.9088913282107636
        },
        "FBP": {
            "cost_p": 6.92,
            "position_%": 7.9263663907229,
            "profit_%": 13.294797687861271
        },
        "FHN": {
            "cost_p": 10.96,
            "position_%": 10.013228337523467,
            "profit_%": 10.127737226277366
        },
        "INTC": {
            "cost_p": 45.18,
            "position_%": 4.928615930812835,
            "profit_%": 1.1952191235059741
        },
        "PBCT": {
            "cost_p": 14.03,
            "position_%": 6.887298955109969,
            "profit_%": -9.33713471133285
        },
        "PFC": {
            "cost_p": 17.29,
            "position_%": 4.715348021456061,
            "profit_%": 19.201850780798154
        },
        "PSX": {
            "cost_p": 74.12,
            "position_%": 8.590987739958784,
            "profit_%": -16.540744738262283
        },
        "SFM": {
            "cost_p": 20.61,
            "position_%": 12.084681541512447,
            "profit_%": -3.7360504609412883
        },
        "SNV": {
            "cost_p": 15.59,
            "position_%": 8.503444263100056,
            "profit_%": 94.9326491340603
        },
        "STL": {
            "cost_p": 16.83,
            "position_%": 6.884844465104583,
            "profit_%": -6.892453951277472
        },
        "T": {
            "cost_p": 28.25,
            "position_%": 4.815232128619639,
            "profit_%": -0.1769911504424804
        },
        "WFC": {
            "cost_p": 34,
            "position_%": 7.8816401284025535,
            "profit_%": -24.558823529411768
        }
    }
}