{"hold_stock_list":["CEIX","INTC","KGC","DAC","ARLP","GOGL","CPLP","SID","EDRY","CNNE","ET","SB","NMM","X","TX"],"portfolio":{"ARLP":{"cost_p":7.06,"position_%":7.279541486487864,"profit_%":72.80453257790369},"CEIX":{"cost_p":18.18,"position_%":7.052397974509949,"profit_%":66.6116611661166},"CNNE":{"cost_p":31,"position_%":3.331751646933203,"profit_%":9.290322580645169},"CPLP":{"cost_p":12.99,"position_%":4.7991329922407795,"profit_%":9.853733641262505},"DAC":{"cost_p":76.97,"position_%":12.02085582489603,"profit_%":-1.2732233337664076},"EDRY":{"cost_p":22.24,"position_%":3.361307508317288,"profit_%":40.6474820143885},"ET":{"cost_p":9.35,"position_%":7.002891906691608,"profit_%":6.737967914438511},"GOGL":{"cost_p":10.75,"position_%":5.054724020800878,"profit_%":-11.81395348837209},"INTC":{"cost_p":49.94,"position_%":9.778630628577938,"profit_%":-1.061273528233883},"KGC":{"cost_p":7.61,"position_%":11.706069108052468,"profit_%":-15.243101182654403},"NMM":{"cost_p":30.04,"position_%":5.397773530092971,"profit_%":0.6657789613848178},"SB":{"cost_p":4.05,"position_%":5.65180280006857,"profit_%":18.51851851851852},"SID":{"cost_p":5.46,"position_%":8.747258693856626,"profit_%":-13.553113553113558},"TX":{"cost_p":40.0,"position_%":4.03034473419339,"profit_%":15.075000000000003},"X":{"cost_p":21.82,"position_%":4.78551714428043,"profit_%":12.740604949587539}},"KellyFormula_Range_v1":{"ET":{"profit":0.477000237,"loss":1.25898743,"p":0.216666669,"q":0.7777778,"max_close":11.163332,"min_close":6.56621027,"close":9.98},"CNNE":{"profit":4.19060135,"loss":1.86024857,"p":0.55,"q":0.444444448,"max_close":42.07,"min_close":29.78,"close":33.88},"KGC":{"profit":0.7430854,"loss":0.4714713,"p":0.49444443,"q":0.5,"max_close":8.151266,"min_close":5.24,"close":6.45},"SID":{"profit":2.5900197,"loss":0.190000057,"p":0.9722222,"q":0.0222222228,"max_close":9.618398,"min_close":4.42,"close":4.72},"ARLP":{"profit":0.3600006,"loss":4.883331,"p":0.00555555569,"q":0.98888886,"max_close":12.56,"min_close":5.29967546,"close":12.2},"INTC":{"profit":7.57197571,"loss":0.0,"p":0.99444443,"q":0.0,"max_close":67.41304,"min_close":49.41,"close":49.41},"GOGL":{"profit":0.874117851,"loss":1.89961863,"p":0.455555558,"q":0.5388889,"max_close":11.68,"min_close":5.01743746,"close":9.48},"NMM":{"profit":1.648344,"loss":5.325653,"p":0.216666669,"q":0.7777778,"max_close":34.7979736,"min_close":16.91582,"close":30.24},"TX":{"profit":6.4865,"loss":8.412781,"p":0.222222224,"q":0.7722222,"max_close":56.19,"min_close":26.3268738,"close":46.03},"X":{"profit":1.90813255,"loss":2.79676819,"p":0.372222215,"q":0.622222245,"max_close":29.45,"min_close":16.3977814,"close":24.6},"CEIX":{"profit":2.6823082,"loss":13.8810177,"p":0.0722222254,"q":0.9222222,"max_close":35.7,"min_close":8.78,"close":30.29},"SB":{"profit":0.197777748,"loss":1.36693668,"p":0.1,"q":0.8888889,"max_close":5.28,"min_close":2.12,"close":4.8},"EDRY":{"profit":1.11624718,"loss":11.59869,"p":0.0444444455,"q":0.95,"max_close":33.81,"min_close":6.62,"close":31.28},"DAC":{"profit":5.84279633,"loss":16.51981,"p":0.194444448,"q":0.8,"max_close":87.73,"min_close":33.7719345,"close":75.99},"CPLP":{"profit":0.0,"loss":2.403967,"p":0.0,"q":0.99444443,"max_close":14.27,"min_close":9.434888,"close":14.27}}}