{"hold_stock_list":["AX","BIO","HIMX","ILPT","STC","ET","INTC","ARLP","BAC","BK","C","THO","WGO","DAC","GOGL","CPLP","EDRY","SB","NMM","ZIM","SID","PKX","TX"],"portfolio":{"ARLP":{"cost_p":14.01,"position_%":1.8201343495598548,"profit_%":39.54318344039972},"AX":{"cost_p":37.5,"position_%":2.923127970385206,"profit_%":-0.16000000000000605},"BAC":{"cost_p":37.29,"position_%":5.813516907502097,"profit_%":-11.048538482166794},"BIO":{"cost_p":550.38,"position_%":10.296519502979901,"profit_%":-8.005378102401977},"BK":{"cost_p":44.42,"position_%":6.347994617287196,"profit_%":-3.6695182350292717},"C":{"cost_p":50,"position_%":6.495839934189346,"profit_%":-4.579999999999998},"CPLP":{"cost_p":12.99,"position_%":1.3500953719219138,"profit_%":25.635103926096996},"DAC":{"cost_p":76.97,"position_%":2.999908798407324,"profit_%":-7.704300376770161},"EDRY":{"cost_p":22.24,"position_%":0.8668048808182262,"profit_%":5.350719424460438},"ET":{"cost_p":9.35,"position_%":2.7088302109562994,"profit_%":24.49197860962568},"GOGL":{"cost_p":10.75,"position_%":1.3966055858507096,"profit_%":24.55813953488373},"HIMX":{"cost_p":9.18,"position_%":5.128335711243805,"profit_%":6.535947712418297},"ILPT":{"cost_p":17.42,"position_%":4.526301266143137,"profit_%":-17.106773823191745},"INTC":{"cost_p":45.14,"position_%":8.796666438879212,"profit_%":-13.203367301727958},"NMM":{"cost_p":30.04,"position_%":2.0879448383666133,"profit_%":-8.1225033288948},"PKX":{"cost_p":58.54,"position_%":1.5210658789897773,"profit_%":-8.797403484796718},"SB":{"cost_p":4.05,"position_%":2.1862074090510957,"profit_%":9.135802469135806},"SID":{"cost_p":4.82,"position_%":4.383392787590971,"profit_%":-19.502074688796686},"STC":{"cost_p":54.28,"position_%":5.641507066044763,"profit_%":-4.624170965364772},"THO":{"cost_p":80.73,"position_%":7.981507383041753,"profit_%":-10.90053263966307},"TX":{"cost_p":39.96,"position_%":3.1148851652424754,"profit_%":-0.1251251251251358},"WGO":{"cost_p":53.71,"position_%":8.024505945902124,"profit_%":-12.679203127909144},"ZIM":{"cost_p":55.24,"position_%":3.588301979646195,"profit_%":-5.62997827661115}},"KellyFormula_Range_v1":{"ILPT":{"profit":8.040408,"loss":0.279998779,"p":0.966666639,"q":0.027777778,"max_close":28.4,"min_close":13.97,"close":14.44},"BIO":{"profit":144.055481,"loss":12.1333618,"p":0.927777767,"q":0.06666667,"max_close":802.96,"min_close":475.22,"close":506.32},"AX":{"profit":13.9424362,"loss":1.49928665,"p":0.9166667,"q":0.07777778,"max_close":62.14,"min_close":34.86,"close":37.44},"INTC":{"profit":9.797707,"loss":0.0,"p":0.99444443,"q":0.0,"max_close":56.0,"min_close":39.18,"close":39.18},"BK":{"profit":11.3293648,"loss":0.404998779,"p":0.9722222,"q":0.0222222228,"max_close":63.66,"min_close":42.06,"close":42.79},"EDRY":{"profit":6.65725136,"loss":3.87322044,"p":0.6666667,"q":0.327777773,"max_close":42.75,"min_close":17.0,"close":23.43},"HIMX":{"profit":1.33372211,"loss":0.61309433,"p":0.76111114,"q":0.233333334,"max_close":15.99,"min_close":7.97,"close":9.78},"SB":{"profit":0.304193974,"loss":0.544870138,"p":0.344444454,"q":0.6388889,"max_close":5.28,"min_close":3.24,"close":4.42},"BAC":{"profit":9.89938,"loss":0.0,"p":0.99444443,"q":0.0,"max_close":49.38,"min_close":33.17,"close":33.17},"SID":{"profit":0.852436066,"loss":0.18277812,"p":0.8888889,"q":0.1,"max_close":5.71,"min_close":3.3,"close":3.88},"WGO":{"profit":17.7728043,"loss":1.46750259,"p":0.9722222,"q":0.0222222228,"max_close":78.55,"min_close":44.28,"close":46.9},"GOGL":{"profit":1.39296055,"loss":3.083356,"p":0.15,"q":0.844444454,"max_close":16.06,"min_close":7.68,"close":13.39},"C":{"profit":13.4102249,"loss":0.379997253,"p":0.9722222,"q":0.0222222228,"max_close":72.53,"min_close":46.56,"close":47.71},"THO":{"profit":23.4991455,"loss":2.33000183,"p":0.9777778,"q":0.0166666675,"max_close":127.44,"min_close":69.02,"close":71.93},"NMM":{"profit":3.39946365,"loss":2.103199,"p":0.716666639,"q":0.2777778,"max_close":36.49,"min_close":22.8,"close":27.6},"CPLP":{"profit":0.9337063,"loss":1.25246906,"p":0.15,"q":0.844444454,"max_close":18.76,"min_close":12.39,"close":16.32},"ZIM":{"profit":11.5252571,"loss":3.654747,"p":0.7722222,"q":0.222222224,"max_close":88.62,"min_close":43.31,"close":52.13},"DAC":{"profit":13.3327713,"loss":1.30371094,"p":0.844444454,"q":0.15,"max_close":106.64,"min_close":65.69,"close":71.04},"PKX":{"profit":6.635662,"loss":0.559997559,"p":0.983333349,"q":0.0111111114,"max_close":72.89,"min_close":52.4,"close":53.39},"STC":{"profit":15.7431831,"loss":0.590000153,"p":0.955555558,"q":0.03888889,"max_close":80.18,"min_close":50.44,"close":51.77},"ET":{"profit":0.251875877,"loss":1.80570793,"p":0.08888889,"q":0.905555546,"max_close":12.31,"min_close":8.15,"close":11.64},"TX":{"profit":3.838749,"loss":1.32970047,"p":0.8,"q":0.188888893,"max_close":49.66,"min_close":36.57,"close":39.91},"ARLP":{"profit":0.6814289,"loss":5.993331,"p":0.07777778,"q":0.9166667,"max_close":20.99,"min_close":9.76,"close":19.55}}}