{
    "Factor_Intersectional_v1": [],
    "KellyFormula_Range_v1": {
        "AAP": {
            "close": 47.13,
            "loss": 11.230862,
            "max_close": 66.16962,
            "min_close": 29.799515,
            "p": 0.6,
            "profit": 9.095394,
            "q": 0.39444444
        },
        "ALB": {
            "close": 98.23,
            "loss": 26.008438,
            "max_close": 108.937805,
            "min_close": 50.15882,
            "p": 0.0055555557,
            "profit": 7.409996,
            "q": 0.98888886
        },
        "EL": {
            "close": 96.69,
            "loss": 20.602684,
            "max_close": 102.52,
            "min_close": 49.61482,
            "p": 0.06111111,
            "profit": 2.6836472,
            "q": 0.93333334
        },
        "EPAM": {
            "close": 163.54,
            "loss": 9.892136,
            "max_close": 267.63,
            "min_close": 142.2,
            "p": 0.5777778,
            "profit": 17.527985,
            "q": 0.41666666
        },
        "EW": {
            "close": 82.45,
            "loss": 6.9774323,
            "max_close": 83.48,
            "min_close": 65.75,
            "p": 0.011111111,
            "profit": 0.63500977,
            "q": 0.98333335
        },
        "G": {
            "close": 38.15,
            "loss": 0.14500427,
            "max_close": 54.916096,
            "min_close": 37.780876,
            "p": 0.98333335,
            "profit": 6.906437,
            "q": 0.011111111
        },
        "HAL": {
            "close": 26.84,
            "loss": 4.5511894,
            "max_close": 31.096924,
            "min_close": 18.956635,
            "p": 0.016666668,
            "profit": 0.37999916,
            "q": 0.9777778
        },
        "ILPT": {
            "close": 5.26,
            "loss": 1.7455649,
            "max_close": 6.3965173,
            "min_close": 2.4559076,
            "p": 0.41111112,
            "profit": 0.5228939,
            "q": 0.5777778
        },
        "MPW": {
            "close": 5.17,
            "loss": 0.6414013,
            "max_close": 5.9922843,
            "min_close": 3.5418787,
            "p": 0.2611111,
            "profit": 0.3452053,
            "q": 0.7277778
        },
        "NKE": {
            "close": 64.59,
            "loss": 5.410385,
            "max_close": 80.3541,
            "min_close": 52.644737,
            "p": 0.65,
            "profit": 8.436424,
            "q": 0.34444445
        },
        "NVO": {
            "close": 49.46,
            "loss": 1.8883324,
            "max_close": 110.164795,
            "min_close": 45.38,
            "p": 0.9611111,
            "profit": 16.366096,
            "q": 0.033333335
        },
        "PVH": {
            "close": 78.33,
            "loss": 7.8040924,
            "max_close": 112.69704,
            "min_close": 60.445415,
            "p": 0.3888889,
            "profit": 5.175354,
            "q": 0.60555553
        },
        "PYPL": {
            "close": 69.27,
            "loss": 2.8297958,
            "max_close": 91.81,
            "min_close": 57.41,
            "p": 0.55,
            "profit": 3.2287903,
            "q": 0.44444445
        },
        "SBUX": {
            "close": 80.87,
            "loss": 1.2627792,
            "max_close": 114.2466,
            "min_close": 78.46,
            "p": 0.9222222,
            "profit": 9.767433,
            "q": 0.072222225
        },
        "SEE": {
            "close": 33.51,
            "loss": 3.1671276,
            "max_close": 36.64,
            "min_close": 23.64138,
            "p": 0.17777778,
            "profit": 1.0824814,
            "q": 0.8111111
        },
        "SID": {
            "close": 1.76,
            "loss": 0.2448839,
            "max_close": 2.07972,
            "min_close": 1.25,
            "p": 0.033333335,
            "profit": 0.024999976,
            "q": 0.95555556
        },
        "TGT": {
            "close": 92.72,
            "loss": 2.6769638,
            "max_close": 150.74481,
            "min_close": 85.53,
            "p": 0.7111111,
            "profit": 8.9637985,
            "q": 0.28333333
        },
        "VALE": {
            "close": 12.09,
            "loss": 2.3418179,
            "max_close": 12.09,
            "min_close": 7.91076,
            "p": 0.0,
            "profit": 0.0,
            "q": 0.99444443
        },
        "VFC": {
            "close": 14.04,
            "loss": 1.8965044,
            "max_close": 26.460835,
            "min_close": 9.61555,
            "p": 0.46666667,
            "profit": 2.6951818,
            "q": 0.5277778
        },
        "ZIM": {
            "close": 15.38,
            "loss": 1.5063982,
            "max_close": 18.54858,
            "min_close": 11.213416,
            "p": 0.46666667,
            "profit": 1.0784712,
            "q": 0.5277778
        }
    },
    "hold_stock_list": [
        "SEE",
        "EL",
        "TGT",
        "SBUX",
        "NKE",
        "PVH",
        "VFC",
        "MPW",
        "NVO",
        "ILPT",
        "AAP",
        "PYPL",
        "G",
        "EPAM",
        "EW",
        "ZIM",
        "VALE",
        "SID",
        "HAL",
        "ALB"
    ],
    "portfolio": {
        "AAP": {
            "cost_p": 91.35,
            "position_%": 12.431495064922943,
            "profit_%": -48.407224958949094
        },
        "ALB": {
            "cost_p": 173.45,
            "position_%": 6.7440544812288215,
            "profit_%": -43.36696454309599
        },
        "EL": {
            "cost_p": 143.03,
            "position_%": 5.561269025368453,
            "profit_%": -32.398797455079354
        },
        "EPAM": {
            "cost_p": 248.63,
            "position_%": 2.416797730856042,
            "profit_%": -34.22354502674657
        },
        "EW": {
            "cost_p": 80.31,
            "position_%": 5.464550457930825,
            "profit_%": 2.664674386751339
        },
        "G": {
            "cost_p": 39.76,
            "position_%": 2.3189127083337384,
            "profit_%": -4.049295774647886
        },
        "HAL": {
            "cost_p": 26.94,
            "position_%": 4.975514163680866,
            "profit_%": -0.3711952487008219
        },
        "ILPT": {
            "cost_p": 17.2,
            "position_%": 3.3438379094014334,
            "profit_%": -69.30232558139534
        },
        "MPW": {
            "cost_p": 6.18,
            "position_%": 4.205070580253082,
            "profit_%": -16.34304207119741
        },
        "NKE": {
            "cost_p": 73.71,
            "position_%": 5.73196028609255,
            "profit_%": -12.372812372812362
        },
        "NVO": {
            "cost_p": 74.48,
            "position_%": 5.067858524550963,
            "profit_%": -33.59291084854995
        },
        "PVH": {
            "cost_p": 87.3,
            "position_%": 5.091576444606019,
            "profit_%": -10.274914089347078
        },
        "PYPL": {
            "cost_p": 68.03,
            "position_%": 2.645131313681157,
            "profit_%": 1.8227252682639936
        },
        "SBUX": {
            "cost_p": 79.91,
            "position_%": 3.107047527212425,
            "profit_%": 1.201351520460528
        },
        "SEE": {
            "cost_p": 34.36,
            "position_%": 7.681884369307457,
            "profit_%": -2.4738067520372566
        },
        "SID": {
            "cost_p": 4.54,
            "position_%": 3.089161882580743,
            "profit_%": -61.233480176211465
        },
        "TGT": {
            "cost_p": 107.3,
            "position_%": 4.172021019520626,
            "profit_%": -13.588070829450139
        },
        "VALE": {
            "cost_p": 12.22,
            "position_%": 2.375680189121251,
            "profit_%": -1.063829787234049
        },
        "VFC": {
            "cost_p": 18.8,