{
    "Factor_Intersectional_v1": [],
    "KellyFormula_Range_v1": {
        "AAP": {
            "close": 47.78,
            "loss": 6.851181,
            "max_close": 85.25006,
            "min_close": 35.69,
            "p": 0.5,
            "profit": 16.843452,
            "q": 0.49444443
        },
        "ALB": {
            "close": 90.19,
            "loss": 5.287819,
            "max_close": 140.61734,
            "min_close": 72.23231,
            "p": 0.7222222,
            "profit": 15.176521,
            "q": 0.27222222
        },
        "CVS": {
            "close": 45.82,
            "loss": 1.3133354,
            "max_close": 77.440575,
            "min_close": 43.78,
            "p": 0.92777777,
            "profit": 12.182747,
            "q": 0.06666667
        },
        "DAC": {
            "close": 79.48,
            "loss": 2.437912,
            "max_close": 95.34127,
            "min_close": 68.38013,
            "p": 0.7888889,
            "profit": 5.5200653,
            "q": 0.20555556
        },
        "EL": {
            "close": 73.57,
            "loss": 6.809059,
            "max_close": 155.9366,
            "min_close": 62.74,
            "p": 0.87777776,
            "profit": 27.771942,
            "q": 0.11666667
        },
        "EPAM": {
            "close": 230.99,
            "loss": 36.143784,
            "max_close": 314.63,
            "min_close": 170.25,
            "p": 0.2777778,
            "profit": 11.860596,
            "q": 0.71666664
        },
        "EW": {
            "close": 73.54,
            "loss": 5.7976837,
            "max_close": 95.56,
            "min_close": 59.7,
            "p": 0.44444445,
            "profit": 12.350876,
            "q": 0.55
        },
        "GGB": {
            "close": 2.91,
            "loss": 0.044999838,
            "max_close": 3.9173353,
            "min_close": 2.8,
            "p": 0.96666664,
            "profit": 0.42472625,
            "q": 0.022222223
        },
        "GIS": {
            "close": 61.5,
            "loss": 0.113529205,
            "max_close": 74.52436,
            "min_close": 60.71325,
            "p": 0.98888886,
            "profit": 6.195038,
            "q": 0.0055555557
        },
        "HAL": {
            "close": 27.66,
            "loss": 0.80592346,
            "max_close": 40.58066,
            "min_close": 25.77,
            "p": 0.9166667,
            "profit": 4.3496666,
            "q": 0.07777778
        },
        "ILPT": {
            "close": 3.54,
            "loss": 0.09403515,
            "max_close": 5.146735,
            "min_close": 3.25,
            "p": 0.9,
            "profit": 0.67846394,
            "q": 0.094444446
        },
        "KSS": {
            "close": 14.0,
            "loss": 0.1366663,
            "max_close": 27.064508,
            "min_close": 13.86,
            "p": 0.9777778,
            "profit": 5.2475796,
            "q": 0.016666668
        },
        "MPW": {
            "close": 3.99,
            "loss": 0.12231088,
            "max_close": 6.2460093,
            "min_close": 2.7921417,
            "p": 0.90555555,
            "profit": 0.6838124,
            "q": 0.08888889
        },
        "NKE": {
            "close": 72.0,
            "loss": 1.0091553,
            "max_close": 105.91028,
            "min_close": 70.77431,
            "p": 0.9722222,
            "profit": 10.489464,
            "q": 0.022222223
        },
        "NVO": {
            "close": 85.03,
            "loss": 0.02999878,
            "max_close": 146.36218,
            "min_close": 85.0,
            "p": 0.98888886,
            "profit": 39.13256,
            "q": 0.0055555557
        },
        "PAGS": {
            "close": 6.34,
            "loss": 0.08499956,
            "max_close": 14.6,
            "min_close": 6.19,
            "p": 0.9611111,
            "profit": 4.0656643,
            "q": 0.033333335
        },
        "PYPL": {
            "close": 89.53,
            "loss": 17.899452,
            "max_close": 91.3,
            "min_close": 56.13,
            "p": 0.033333335,
            "profit": 1.1050034,
            "q": 0.9611111
        },
        "SEE": {
            "close": 33.98,
            "loss": 1.2438698,
            "max_close": 39.39198,
            "min_close": 30.61089,
            "p": 0.78333336,
            "profit": 1.928299,
            "q": 0.21111111
        },
        "SID": {
            "close": 1.45,
            "loss": 0.03000009,
            "max_close": 3.7232974,
            "min_close": 1.38,
            "p": 0.96666664,
            "profit": 0.7571583,
            "q": 0.022222223
        },
        "TGT": {
            "close": 139.29,
            "loss": 6.9404144,
            "max_close": 175.23389,
            "min_close": 121.59,
            "p": 0.7777778,
            "profit": 12.32959,
            "q": 0.21666667
        },
        "VALE": {
            "close": 8.62,
            "loss": 0.0,
            "max_close": 13.966914,
            "min_close": 8.62,
            "p": 0.99444443,
            "profit": 1.9801159,
            "q": 0.0
        },
        "VFC": {
            "close": 21.52,
            "loss": 4.9498634,
            "max_close": 22.59,
            "min_close": 11.779906,
            "p": 0.072222225,
            "profit": 0.4025879,
            "q": 0.9222222
        },
        "ZIM": {
            "close": 21.45,
            "loss": 3.5115013,
            "max_close": 27.01,
            "min_close": 8.707805,
            "p": 0.26666668,
            "profit": 2.0714989,
            "q": 0.7222222
        }
    },
    "hold_stock_list": [
        "SEE",
        "GIS",
        "EL",
        "KSS",
        "TGT",
        "NKE",
        "VFC",
        "MPW",
        "NVO",
        "CVS",
        "ILPT",
        "AAP",
        "PYPL",
        "EPAM",
        "PAGS",
        "EW",
        "DAC",
        "ZIM",
        "VALE",
        "GGB",
        "SID",
        "HAL",
        "ALB"
    ],
    "portfolio": {
        "AAP": {
            "cost_p": 91.35,
            "position_%": 13.830087496471915,
            "profit_%": -47.69567597153804
        },
        "ALB": {
            "cost_p": 173.45,
            "position_%": 7.5027873211761795,
            "profit_%": -48.002306140098014
        },
        "CVS": {
            "cost_p": 65.41,
            "position_%": 5.658775654979924,
            "profit_%": -29.94954899862406
        },
        "DAC": {
            "cost_p": 73.24,
            "position_%": 4.752125771717584,
            "profit_%": 8.519934462042613
        },
        "EL": {
            "cost_p": 143.25,
            "position_%": 6.19645018021613,
            "profit_%": -48.64223385689355
        },
        "EPAM": {
            "cost_p": 250,
            "position_%": 2.7035122950332156,
            "profit_%": -7.6039999999999965
        },
        "EW": {
            "cost_p": 87.5,
            "position_%": 2.838687909784876,
            "profit_%": -15.954285714285707
        },
        "GGB": {
            "cost_p": 2.9,
            "position_%": 2.508859409790824,
            "profit_%": 0.3448275862069045
        },
        "GIS": {
            "cost_p": 65,
            "position_%": 2.811652786834544,
            "profit_%": -5.384615384615385
        },
        "HAL": {
            "cost_p": 35,
            "position_%": 2.649442049132551,
            "profit_%": -20.97142857142857
        },
        "ILPT": {
            "cost_p": 17.24,
            "position_%": 3.7286841573098104,
            "profit_%": -79.46635730858469
        },
        "KSS": {
            "cost_p": 22.03,
            "position_%": 6.1940710893965,
            "profit_%": -36.45029505220155
        },
        "MPW": {
            "cost_p": 6.18,
            "position_%": 4.678157675325475,
            "profit_%": -35.43689320388349
        },
        "NKE": {
            "cost_p": 75.5,