{
    "Factor_Intersectional_v1": [],
    "KellyFormula_Range_v1": {
        "AAP": {
            "close": 33.41,
            "loss": 0.9467888,
            "max_close": 74.49496,
            "min_close": 30.074455,
            "p": 0.8888889,
            "profit": 8.616756,
            "q": 0.10555556
        },
        "ALB": {
            "close": 60.3,
            "loss": 4.1422234,
            "max_close": 133.0665,
            "min_close": 50.76,
            "p": 0.89444447,
            "profit": 28.330402,
            "q": 0.1
        },
        "DAC": {
            "close": 82.47,
            "loss": 3.737671,
            "max_close": 93.45085,
            "min_close": 66.47,
            "p": 0.18888889,
            "profit": 1.6383362,
            "q": 0.8055556
        },
        "DIS": {
            "close": 92.49,
            "loss": 4.1281357,
            "max_close": 117.08121,
            "min_close": 81.72,
            "p": 0.73888886,
            "profit": 12.798485,
            "q": 0.25555557
        },
        "EL": {
            "close": 59.39,
            "loss": 4.082947,
            "max_close": 135.18904,
            "min_close": 50.06,
            "p": 0.89444447,
            "profit": 18.600296,
            "q": 0.094444446
        },
        "EPAM": {
            "close": 160.36,
            "loss": 8.541992,
            "max_close": 267.63,
            "min_close": 143.33,
            "p": 0.8833333,
            "profit": 56.12477,
            "q": 0.11111111
        },
        "EW": {
            "close": 75.65,
            "loss": 5.545044,
            "max_close": 93.78,
            "min_close": 59.7,
            "p": 0.03888889,
            "profit": 0.33856964,
            "q": 0.95
        },
        "GGB": {
            "close": 2.62,
            "loss": 0.10466647,
            "max_close": 3.8131058,
            "min_close": 2.3,
            "p": 0.9111111,
            "profit": 0.48325467,
            "q": 0.083333336
        },
        "GM": {
            "close": 45.3,
            "loss": 0.8866806,
            "max_close": 59.911987,
            "min_close": 39.659782,
            "p": 0.8666667,
            "profit": 4.761444,
            "q": 0.12777779
        },
        "HAL": {
            "close": 20.6,
            "loss": 0.6342869,
            "max_close": 37.090157,
            "min_close": 19.26,
            "p": 0.95555556,
            "profit": 6.844822,
            "q": 0.03888889
        },
        "ILPT": {
            "close": 3.07,
            "loss": 0.3896687,
            "max_close": 5.113726,
            "min_close": 2.5003462,
            "p": 0.89444447,
            "profit": 0.915576,
            "q": 0.1
        },
        "KSS": {
            "close": 7.5,
            "loss": 0.76157904,
            "max_close": 24.760235,
            "min_close": 6.13,
            "p": 0.8888889,
            "profit": 7.3694897,
            "q": 0.10555556
        },
        "MPW": {
            "close": 5.24,
            "loss": 0.85334873,
            "max_close": 6.21,
            "min_close": 3.670565,
            "p": 0.31666666,
            "profit": 0.48024273,
            "q": 0.6722222
        },
        "NKE": {
            "close": 58.59,
            "loss": 2.5515785,
            "max_close": 95.77242,
            "min_close": 53.27,
            "p": 0.8888889,
            "profit": 18.160442,
            "q": 0.10555556
        },
        "NVO": {
            "close": 69.23,
            "loss": 5.270485,
            "max_close": 144.04109,
            "min_close": 58.08,
            "p": 0.8611111,
            "profit": 33.072678,
            "q": 0.13333334
        },
        "PAGS": {
            "close": 9.64,
            "loss": 1.8172774,
            "max_close": 14.6,
            "min_close": 6.19,
            "p": 0.11666667,
            "profit": 1.8966665,
            "q": 0.87777776
        },
        "PFE": {
            "close": 24.2,
            "loss": 1.6666679,
            "max_close": 30.407196,
            "min_close": 21.59,
            "p": 0.89444447,
            "profit": 2.4245071,
            "q": 0.1
        },
        "PVH": {
            "close": 70.24,
            "loss": 3.3752518,
            "max_close": 123.590614,
            "min_close": 60.5,
            "p": 0.8277778,
            "profit": 24.792236,
            "q": 0.16666667
        },
        "PYPL": {
            "close": 67.24,
            "loss": 4.0821075,
            "max_close": 91.81,
            "min_close": 57.22,
            "p": 0.85,
            "profit": 12.379929,
            "q": 0.14444445
        },
        "QCOM": {
            "close": 139.81,
            "loss": 4.7953796,
            "max_close": 223.54146,
            "min_close": 124.66,
            "p": 0.9222222,
            "profit": 22.548416,
            "q": 0.072222225
        },
        "SBUX": {
            "close": 84.69,
            "loss": 2.6080017,
            "max_close": 115.81,
            "min_close": 70.69844,
            "p": 0.9111111,
            "profit": 13.205704,
            "q": 0.083333336
        },
        "SEE": {
            "close": 28.0,
            "loss": 1.5904999,
            "max_close": 39.125454,
            "min_close": 23.93,
            "p": 0.8833333,
            "profit": 5.892288,
            "q": 0.11111111
        },
        "SID": {
            "close": 1.7,
            "loss": 0.19961524,
            "max_close": 2.564345,
            "min_close": 1.3,
            "p": 0.5555556,
            "profit": 0.27591014,
            "q": 0.43333334
        },
        "TGT": {
            "close": 97.37,
            "loss": 3.3279037,
            "max_close": 159.40819,
            "min_close": 88.76,
            "p": 0.8888889,
            "profit": 38.69381,
            "q": 0.10555556
        },
        "VALE": {
            "close": 9.37,
            "loss": 0.52124405,
            "max_close": 11.942966,
            "min_close": 8.179748,
            "p": 0.6166667,
            "profit": 0.62037086,
            "q": 0.37777779
        },
        "VFC": {
            "close": 12.79,
            "loss": 1.5495005,
            "max_close": 26.803305,
            "min_close": 9.74,
            "p": 0.8833333,
            "profit": 7.5700293,
            "q": 0.11111111
        },
        "ZIM": {
            "close": 15.41,
            "loss": 1.5694084,
            "max_close": 19.163383,
            "min_close": 8.317309,
            "p": 0.45555556,
            "profit": 1.3094616,
            "q": 0.5388889
        }
    },
    "hold_stock_list": [
        "SEE",
        "EL",
        "KSS",
        "TGT",
        "DIS",
        "NKE",
        "PVH",
        "VFC",
        "SBUX",
        "MPW",
        "NVO",
        "PFE",
        "ILPT",
        "AAP",
        "GM",
        "PYPL",
        "QCOM",
        "EPAM",
        "PAGS",
        "EW",
        "DAC",
        "ZIM",
        "VALE",
        "GGB",
        "SID",
        "HAL",
        "ALB"
    ],
    "portfolio": {
        "AAP": {
            "cost_p": 91.35,
            "position_%": 11.442882221255896,
            "profit_%": -63.426382047071705
        },
        "ALB": {
            "cost_p": 173.45,
            "position_%": 6.207734525848262,
            "profit_%": -65.23493802248487
        },
        "DAC": {
            "cost_p": 73.24,
            "position_%": 3.9318634477353136,
            "profit_%": 12.60240305843802
        },
        "DIS": {
            "cost_p": 93.9,
            "position_%": 2.520494113478604,
            "profit_%": -1.5015974440894684
        },
        "EL": {
            "cost_p": 143.03,
            "position_%": 5.119009911975076,
            "profit_%": -58.477242536530795
        },
        "EPAM": {
            "cost_p": 248.63,
            "position_%": 2.224602241512905,
            "profit_%": -35.502553995897514
        },
        "EW": {
            "cost_p": 87.4,