{"hold_stock_list":["SMP","DHI","TDS","BGFV","BIO","WFC","STC","SNX","LAKE","HTH","MDC","PBFX","PHM","ELP"],"portfolio":{"BGFV":{"cost_p":12.23,"position":700,"position_%":4.121244401105828,"profit":0,"profit_%":36.38593622240392},"BIO":{"cost_p":580.11,"position":62,"position_%":17.314338926595152,"profit":0,"profit_%":-0.5981624174725529},"DHI":{"cost_p":72.88,"position":100,"position_%":3.5084253235906173,"profit":0,"profit_%":26.468166849615816},"ELP":{"cost_p":1.05,"position":18050,"position_%":9.12368701226004,"profit":0,"profit_%":8.571428571428557},"HTH":{"cost_p":29.44,"position":200,"position_%":2.8344687575880285,"profit":0,"profit_%":11.44701086956522},"LAKE":{"cost_p":28.88,"position":790,"position_%":10.983181317615895,"profit":0,"profit_%":-2.7354570637119084},"MDC":{"cost_p":59.95,"position":170,"position_%":4.906163101725271,"profit":0,"profit_%":0.06672226855712951},"PBFX":{"cost_p":11.39,"position":1000,"position_%":5.4831180619782005,"profit":0,"profit_%":26.07550482879718},"PHM":{"cost_p":49.31,"position":185,"position_%":4.391476914195509,"profit":0,"profit_%":8.558101804907723},"SMP":{"cost_p":41.45,"position":637,"position_%":12.710652345667317,"profit":0,"profit_%":1.5681544028950507},"SNX":{"cost_p":86.45,"position":70,"position_%":2.913177256546188,"profit":0,"profit_%":39.375361480624626},"STC":{"cost_p":53.5,"position":530,"position_%":13.650027449288139,"profit":0,"profit_%":2.542056074766354},"TDS":{"cost_p":20.77,"position":500,"position_%":4.9993135270977715,"profit":0,"profit_%":14.203177660086661},"WFC":{"cost_p":31.79,"position":200,"position_%":3.0607256047460405,"profit":0,"profit_%":25.794274929223036}},"KellyFormula_Range_v1":{"MDC":{"profit":0.521659851,"loss":14.3527451,"p":0.0333333351,"q":0.9611111,"max_close":61.33,"min_close":35.9327,"close":59.99},"PHM":{"profit":0.380004883,"loss":8.45472,"p":0.0111111114,"q":0.983333349,"max_close":53.99,"min_close":37.36758,"close":53.53},"DHI":{"profit":0.839996338,"loss":18.2057877,"p":0.0111111114,"q":0.983333349,"max_close":93.38,"min_close":62.221386,"close":92.17},"BGFV":{"profit":0.2666645,"loss":6.99589443,"p":0.0166666675,"q":0.9777778,"max_close":17.1,"min_close":3.43999457,"close":16.68},"WFC":{"profit":0.8199997,"loss":11.18755,"p":0.00555555569,"q":0.98888886,"max_close":40.81,"min_close":20.9815083,"close":39.99},"PBFX":{"profit":0.267500877,"loss":4.81317043,"p":0.0444444455,"q":0.95,"max_close":14.86,"min_close":6.8425045,"close":14.36},"ELP":{"profit":0.108511209,"loss":0.0521464348,"p":0.544444442,"q":0.45,"max_close":1.42010415,"min_close":1.02269232,"close":1.14},"BIO":{"profit":25.6846924,"loss":38.72345,"p":0.3611111,"q":0.6333333,"max_close":662.35,"min_close":478.82,"close":576.64},"SMP":{"profit":3.46730423,"loss":1.376545,"p":0.783333361,"q":0.211111113,"max_close":53.85105,"min_close":38.40702,"close":42.1},"STC":{"profit":0.0,"loss":8.772766,"p":0.0,"q":0.99444443,"max_close":54.86,"min_close":36.0824432,"close":54.86},"LAKE":{"profit":4.15723038,"loss":5.30215645,"p":0.2611111,"q":0.733333349,"max_close":44.43,"min_close":18.3,"close":28.09},"HTH":{"profit":2.35359573,"loss":8.935244,"p":0.177777782,"q":0.816666663,"max_close":39.37,"min_close":17.91427,"close":32.81},"SNX":{"profit":0.1700058,"loss":41.54274,"p":0.00555555569,"q":0.98888886,"max_close":120.66,"min_close":60.5623932,"close":120.49},"TDS":{"profit":0.08782005,"loss":4.045038,"p":0.0111111114,"q":0.983333349,"max_close":23.88,"min_close":16.3788166,"close":23.72}}}