{
    "KellyFormula_Range_v1": {
        "ARLP": {
            "close": 11.5,
            "loss": 4.718412,
            "max_close": 11.5,
            "min_close": 4.882302,
            "p": 0.0,
            "profit": 0.0,
            "q": 0.99444443
        },
        "BIO": {
            "close": 741.92,
            "loss": 128.681885,
            "max_close": 825.77,
            "min_close": 547.01,
            "p": 0.233333334,
            "profit": 42.59619,
            "q": 0.76111114
        },
        "CEIX": {
            "close": 28.3,
            "loss": 12.7674809,
            "max_close": 28.3,
            "min_close": 8.12,
            "p": 0.0,
            "profit": 0.0,
            "q": 0.99444443
        },
        "CNNE": {
            "close": 31.66,
            "loss": 0.5560894,
            "max_close": 42.75,
            "min_close": 29.78,
            "p": 0.8666667,
            "profit": 5.28846,
            "q": 0.127777785
        },
        "CPLP": {
            "close": 12.83,
            "loss": 1.62872791,
            "max_close": 13.77,
            "min_close": 8.46675,
            "p": 0.161111116,
            "profit": 0.3596182,
            "q": 0.8333333
        },
        "EDRY": {
            "close": 32.31,
            "loss": 14.408308,
            "max_close": 33.81,
            "min_close": 6.11,
            "p": 0.027777778,
            "profit": 0.5119972,
            "q": 0.966666639
        },
        "ET": {
            "close": 9.75,
            "loss": 1.52495861,
            "max_close": 11.163332,
            "min_close": 5.937548,
            "p": 0.2611111,
            "profit": 0.579194069,
            "q": 0.733333349
        },
        "GOGL": {
            "close": 11.29,
            "loss": 3.07211018,
            "max_close": 11.68,
            "min_close": 4.382082,
            "p": 0.0444444455,
            "profit": 0.2281723,
            "q": 0.95
        },
        "GSL": {
            "close": 24.47,
            "loss": 7.95515251,
            "max_close": 25.22,
            "min_close": 11.4280882,
            "p": 0.0222222228,
            "profit": 0.502500534,
            "q": 0.966666639
        },
        "KGC": {
            "close": 5.32,
            "loss": 0.0450000763,
            "max_close": 8.151266,
            "min_close": 5.24,
            "p": 0.966666639,
            "profit": 1.398601,
            "q": 0.0222222228
        },
        "NMM": {
            "close": 33.55,
            "loss": 8.587534,
            "max_close": 34.7979736,
            "min_close": 12.5655727,
            "p": 0.00555555569,
            "profit": 1.2479744,
            "q": 0.98888886
        },
        "PBFX": {
            "close": 13.02,
            "loss": 1.481164,
            "max_close": 15.8821535,
            "min_close": 9.259094,
            "p": 0.516666651,
            "profit": 1.3886795,
            "q": 0.477777779
        },
        "SB": {
            "close": 5.28,
            "loss": 1.946033,
            "max_close": 5.28,
            "min_close": 1.64,
            "p": 0.0,
            "profit": 0.0,
            "q": 0.99444443
        },
        "SID": {
            "close": 5.45,
            "loss": 0.137486458,
            "max_close": 9.618398,
            "min_close": 5.11,
            "p": 0.95,
            "profit": 1.96466875,
            "q": 0.0444444455
        },
        "TDS": {
            "close": 19.7,
            "loss": 0.7571564,
            "max_close": 25.9372444,
            "min_close": 17.4705029,
            "p": 0.7777778,
            "profit": 2.7388134,
            "q": 0.216666669
        },
        "TX": {
            "close": 42.2,
            "loss": 7.626156,
            "max_close": 56.19,
            "min_close": 25.04841,
            "p": 0.322222233,
            "profit": 7.55843735,
            "q": 0.6722222
        }
    },
    "hold_stock_list": [
        "CEIX",
        "BIO",
        "KGC",
        "GSL",
        "ARLP",
        "GOGL",
        "CPLP",
        "TDS",
        "SID",
        "EDRY",
        "CNNE",
        "PBFX",
        "ET",
        "SB",
        "NMM",
        "TX"
    ],
    "portfolio": {
        "ARLP": {
            "cost_p": 7.06,
            "position_%": 7.808008484475358,
            "profit_%": 62.88951841359774
        },
        "BIO": {
            "cost_p": 580.11,
            "position_%": 4.179627208320492,
            "profit_%": 27.892985813035448
        },
        "CEIX": {
            "cost_p": 18.18,
            "position_%": 7.564375218285573,
            "profit_%": 55.665566556655676
        },
        "CNNE": {
            "cost_p": 31,
            "position_%": 3.5736241321938325,
            "profit_%": 2.1290322580645165
        },
        "CPLP": {
            "cost_p": 12.99,
            "position_%": 5.147531776705411,
            "profit_%": -1.2317167051578148
        },
        "EDRY": {
            "cost_p": 22.24,
            "position_%": 3.605325636592326,
            "profit_%": 45.278776978417284
        },
        "ET": {
            "cost_p": 9.35,
            "position_%": 7.511275198418095,
            "profit_%": 4.278074866310164
        },
        "GOGL": {
            "cost_p": 10.75,
            "position_%": 5.421677740878748,
            "profit_%": 5.02325581395348
        },
        "GSL": {
            "cost_p": 15.75,
            "position_%": 8.510773197891059,
            "profit_%": 55.36507936507936
        },
        "KGC": {
            "cost_p": 7.61,
            "position_%": 12.555885159138851,
            "profit_%": -30.091984231274637
        },
        "NMM": {
            "cost_p": 30.04,
            "position_%": 5.789631338522174,
            "profit_%": 11.68442077230359
        },
        "PBFX": {
            "cost_p": 11.7,
            "position_%": 8.429718215054,
            "profit_%": 11.282051282051285
        },
        "SB": {
            "cost_p": 4.05,
            "position_%": 6.062102166383545,
            "profit_%": 30.37037037037038
        },
        "SID": {
            "cost_p": 5.56,
            "position_%": 5.1476038255790435,
            "profit_%": -1.97841726618704
        },
        "TDS": {
            "cost_p": 20.56,
            "position_%": 4.3699082835850875,
            "profit_%": -4.182879377431904
        },
        "TX": {
            "cost_p": 40.0,
            "position_%": 4.322932417976411,
            "profit_%": 5.500000000000007
        }
    }
}