{
    "Factor_Intersectional_v1": [],
    "KellyFormula_Range_v1": {
        "AAP": {
            "close": 50.22,
            "loss": 11.64241,
            "max_close": 66.16962,
            "min_close": 29.799513,
            "p": 0.5222222,
            "profit": 7.2032967,
            "q": 0.4722222
        },
        "ALB": {
            "close": 114.57,
            "loss": 41.234802,
            "max_close": 114.57,
            "min_close": 50.15882,
            "p": 0.0,
            "profit": 0.0,
            "q": 0.99444443
        },
        "EL": {
            "close": 89.92,
            "loss": 16.583008,
            "max_close": 102.52,
            "min_close": 49.61482,
            "p": 0.25,
            "profit": 4.032921,
            "q": 0.74444443
        },
        "EPAM": {
            "close": 180.47,
            "loss": 17.621918,
            "max_close": 267.63,
            "min_close": 142.2,
            "p": 0.15,
            "profit": 7.4510956,
            "q": 0.84444445
        },
        "G": {
            "close": 45.05,
            "loss": 2.6975555,
            "max_close": 54.916096,
            "min_close": 37.89,
            "p": 0.35,
            "profit": 3.0727234,
            "q": 0.64444447
        },
        "GT": {
            "close": 7.59,
            "loss": 0.4286213,
            "max_close": 11.94,
            "min_close": 6.71,
            "p": 0.8333333,
            "profit": 2.2517996,
            "q": 0.16111112
        },
        "HAL": {
            "close": 27.02,
            "loss": 4.8100853,
            "max_close": 31.096922,
            "min_close": 18.956635,
            "p": 0.044444446,
            "profit": 0.4362507,
            "q": 0.95
        },
        "ILPT": {
            "close": 5.53,
            "loss": 1.6113558,
            "max_close": 6.3965173,
            "min_close": 2.4559076,
            "p": 0.31666666,
            "profit": 0.37395048,
            "q": 0.67777777
        },
        "MPW": {
            "close": 4.98,
            "loss": 0.5788002,
            "max_close": 5.9922843,
            "min_close": 3.5418787,
            "p": 0.42222223,
            "profit": 0.36482525,
            "q": 0.56666666
        },
        "NKE": {
            "close": 66.03,
            "loss": 6.003105,
            "max_close": 80.3541,
            "min_close": 52.644737,
            "p": 0.56666666,
            "profit": 7.1102676,
            "q": 0.42777777
        },
        "NVO": {
            "close": 49.16,
            "loss": 1.5807686,
            "max_close": 109.918755,
            "min_close": 45.38,
            "p": 0.9222222,
            "profit": 15.443661,
            "q": 0.072222225
        },
        "PVH": {
            "close": 78.33,
            "loss": 7.656273,
            "max_close": 112.69704,
            "min_close": 60.445415,
            "p": 0.36666667,
            "profit": 5.4738617,
            "q": 0.62222224
        },
        "PYPL": {
            "close": 65.33,
            "loss": 3.5024948,
            "max_close": 91.81,
            "min_close": 57.41,
            "p": 0.89444447,
            "profit": 4.888336,
            "q": 0.1
        },
        "SBUX": {
            "close": 86.44,
            "loss": 3.1917877,
            "max_close": 114.2466,
            "min_close": 78.46,
            "p": 0.5,
            "profit": 7.085724,
            "q": 0.49444443
        },
        "SEE": {
            "close": 42.5,
            "loss": 11.208488,
            "max_close": 42.5,
            "min_close": 23.64138,
            "p": 0.0,
            "profit": 0.0,
            "q": 0.99444443
        },
        "SID": {
            "close": 1.63,
            "loss": 0.15204406,
            "max_close": 1.94,
            "min_close": 1.25,
            "p": 0.21111111,
            "profit": 0.07763159,
            "q": 0.76111114
        },
        "TGT": {
            "close": 90.62,
            "loss": 2.1508942,
            "max_close": 148.86833,
            "min_close": 84.46531,
            "p": 0.73888886,
            "profit": 7.3396683,
            "q": 0.25555557
        },
        "VALE": {
            "close": 12.38,
            "loss": 2.4933596,
            "max_close": 12.48,
            "min_close": 7.91076,
            "p": 0.0055555557,
            "profit": 0.09999943,
            "q": 0.98888886
        },
        "VFC": {
            "close": 15.28,
            "loss": 2.2996626,
            "max_close": 26.460835,
            "min_close": 9.61555,
            "p": 0.18333334,
            "profit": 1.8639002,
            "q": 0.8055556
        },
        "ZIM": {
            "close": 16.01,
            "loss": 1.6670685,
            "max_close": 18.54858,
            "min_close": 11.213416,
            "p": 0.2611111,
            "profit": 0.9021034,
            "q": 0.73333335
        }
    },
    "hold_stock_list": [
        "SEE",
        "EL",
        "TGT",
        "SBUX",
        "NKE",
        "PVH",
        "VFC",
        "MPW",
        "NVO",
        "ILPT",
        "GT",
        "AAP",
        "PYPL",
        "G",
        "EPAM",
        "ZIM",
        "VALE",
        "SID",
        "HAL",
        "ALB"
    ],
    "portfolio": {
        "AAP": {
            "cost_p": 91.35,
            "position_%": 12.958024471202362,
            "profit_%": -45.02463054187192
        },
        "ALB": {
            "cost_p": 173.45,
            "position_%": 7.029695346094456,
            "profit_%": -33.94638224272125
        },
        "EL": {
            "cost_p": 143.03,
            "position_%": 5.796813637082099,
            "profit_%": -37.132070195063974
        },
        "EPAM": {
            "cost_p": 248.63,
            "position_%": 2.519159922022866,
            "profit_%": -27.414229980292
        },
        "G": {
            "cost_p": 39.76,
            "position_%": 2.417129031081426,
            "profit_%": 13.304828973843058
        },
        "GT": {
            "cost_p": 7.33,
            "position_%": 5.198813320958584,
            "profit_%": 3.5470668485675274
        },
        "HAL": {
            "cost_p": 26.94,
            "position_%": 5.186249437664901,
            "profit_%": 0.29695619896064696
        },
        "ILPT": {
            "cost_p": 17.2,
            "position_%": 3.4854643976023247,
            "profit_%": -67.84883720930232
        },
        "MPW": {
            "cost_p": 6.18,
            "position_%": 4.383174123263854,
            "profit_%": -19.417475728155328
        },
        "NKE": {
            "cost_p": 73.71,
            "position_%": 5.9747344359829615,
            "profit_%": -10.41921041921041
        },
        "NVO": {
            "cost_p": 74.48,
            "position_%": 5.282504995156826,
            "profit_%": -33.99570354457573
        },
        "PVH": {
            "cost_p": 87.3,
            "position_%": 5.30722747518633,
            "profit_%": -10.274914089347078
        },
        "PYPL": {
            "cost_p": 68.03,
            "position_%": 2.7571644531265833,
            "profit_%": -3.9688372776716196
        },
        "SBUX": {
            "cost_p": 79.91,
            "position_%": 3.238644883865137,
            "profit_%": 8.17169315479915
        },
        "SEE": {
            "cost_p": 32.41,
            "position_%": 4.268984635586591,
            "profit_%": 31.132366553532876
        },
        "SID": {
            "cost_p": 4.54,
            "position_%": 3.220001702203543,
            "profit_%": -64.09691629955947
        },
        "TGT": {
            "cost_p": 107.3,
            "position_%": 4.348724765845692,
            "profit_%": -15.545200372786574
        },
        "VALE": {
            "cost_p": 12.22,
            "position_%": 2.4763008685290933,
            "profit_%": 1.3093289689034382
        },
        "VFC": {
            "cost_p": 18.8,
            "position_%": 1.3333927753618195,