{"hold_stock_list":["BIO","ILPT","INTC","HIMX","STC","DHI","CCS","BAC","C","THO","WGO","DAC","EDRY","NMM","ZIM","X","GGB","SID","TX"],"portfolio":{"BAC":{"cost_p":35.99,"position_%":5.8463412101414605,"profit_%":-6.057238121700472},"BIO":{"cost_p":522.14,"position_%":5.301140246358819,"profit_%":7.875282491285864},"C":{"cost_p":49.1,"position_%":12.628627662640014,"profit_%":5.702647657841134},"CCS":{"cost_p":44.7,"position_%":1.815306002315388,"profit_%":14.474272930648766},"DAC":{"cost_p":73.49,"position_%":5.96898604519722,"profit_%":-0.48986256633555514},"DHI":{"cost_p":64.7,"position_%":2.627523453015786,"profit_%":20.60278207109737},"EDRY":{"cost_p":22.24,"position_%":0.9031858051788417,"profit_%":-21.402877697841717},"GGB":{"cost_p":4.57,"position_%":2.7220114164472653,"profit_%":3.282275711159725},"HIMX":{"cost_p":7.32,"position_%":5.1527075072433215,"profit_%":-2.1857923497267775},"ILPT":{"cost_p":17.42,"position_%":4.716275997066974,"profit_%":-42.422502870264076},"INTC":{"cost_p":43.58,"position_%":6.489346691945943,"profit_%":-16.681964203763187},"NMM":{"cost_p":30.04,"position_%":2.175578589531061,"profit_%":-1.2649800266311553},"SID":{"cost_p":4.82,"position_%":4.567369464438568,"profit_%":-40.04149377593361},"STC":{"cost_p":52.86,"position_%":8.586762888804602,"profit_%":3.386303443057131},"THO":{"cost_p":80.73,"position_%":8.316501593171298,"profit_%":4.459308807134887},"TX":{"cost_p":39.96,"position_%":3.2456209329987877,"profit_%":-11.33633633633634},"WGO":{"cost_p":52.16,"position_%":4.942613926662152,"profit_%":15.740030674846627},"X":{"cost_p":19.57,"position_%":3.9737738775516944,"profit_%":20.848237097598357},"ZIM":{"cost_p":56.94,"position_%":10.020326689290803,"profit_%":-12.504390586582364}},"KellyFormula_Range_v1":{"C":{"profit":8.607193,"loss":3.214489,"p":0.6722222,"q":0.322222233,"max_close":69.16,"min_close":44.14,"close":51.9},"INTC":{"profit":10.0722389,"loss":0.0,"p":0.99444443,"q":0.0,"max_close":55.91,"min_close":36.31,"close":36.31},"ILPT":{"profit":10.07268,"loss":0.2966671,"p":0.9444444,"q":0.05,"max_close":25.55,"min_close":9.59,"close":10.03},"BIO":{"profit":97.71973,"loss":47.3150024,"p":0.5388889,"q":0.455555558,"max_close":779.99,"min_close":463.67,"close":563.26},"STC":{"profit":13.6622314,"loss":3.82819366,"p":0.716666639,"q":0.2777778,"max_close":80.18,"min_close":45.91,"close":54.65},"THO":{"profit":13.6409607,"loss":5.79325867,"p":0.516666651,"q":0.477777779,"max_close":114.76,"min_close":69.02,"close":84.33},"DAC":{"profit":15.7621994,"loss":5.133774,"p":0.5833333,"q":0.411111116,"max_close":106.64,"min_close":57.38,"close":73.13},"TX":{"profit":6.73558044,"loss":1.82555389,"p":0.894444466,"q":0.1,"max_close":49.66,"min_close":30.76,"close":35.43},"HIMX":{"profit":3.287078,"loss":0.46866703,"p":0.9111111,"q":0.0833333358,"max_close":15.99,"min_close":6.35,"close":7.16},"NMM":{"profit":2.3939743,"loss":4.13272667,"p":0.405555546,"q":0.5888889,"max_close":36.49,"min_close":20.36,"close":29.66},"CCS":{"profit":13.1544266,"loss":3.517315,"p":0.766666651,"q":0.227777779,"max_close":84.95,"min_close":40.36,"close":51.17},"BAC":{"profit":8.69109,"loss":1.59424591,"p":0.8111111,"q":0.183333337,"max_close":49.38,"min_close":30.13,"close":33.81},"SID":{"profit":1.59099269,"loss":0.215293884,"p":0.894444466,"q":0.0944444463,"max_close":5.71,"min_close":2.45,"close":2.89},"WGO":{"profit":8.957088,"loss":7.22958374,"p":0.455555558,"q":0.5388889,"max_close":77.45,"min_close":44.28,"close":60.37},"EDRY":{"profit":8.07988,"loss":0.889497757,"p":0.8833333,"q":0.111111112,"max_close":42.75,"min_close":15.55,"close":17.48},"DHI":{"profit":15.0267715,"loss":6.73916626,"p":0.533333361,"q":0.4611111,"max_close":109.65,"min_close":60.56,"close":78.03},"GGB":{"profit":0.787014,"loss":0.287953854,"p":0.74444443,"q":0.244444445,"max_close":6.51,"min_close":4.06,"close":4.72},"X":{"profit":5.28188324,"loss":2.86698723,"p":0.5888889,"q":0.405555546,"max_close":38.45,"min_close":17.02,"close":23.65},"ZIM":{"profit":12.9722443,"loss":3.11156082,"p":0.816666663,"q":0.177777782,"max_close":88.62,"min_close":42.05,"close":49.82}}}