{"hold_stock_list":["DHI","BAC","PNC","PFC","SNV","FHN","STL","EWBC","PBCT","FBP","WFC","SLM","PSX"],"KellyFormula_Range_v1":{"DHI":null,"BAC":{"profit":3.51112556,"loss":2.18707848,"p":0.327777773,"q":0.6666667,"max_close":34.2153,"min_close":17.8342,"close":25.36},"PNC":{"profit":23.0382462,"loss":11.6164246,"p":0.194444448,"q":0.8,"max_close":151.7491,"min_close":78.786,"close":115.48},"PFC":{"profit":4.382807,"loss":2.05993366,"p":0.433333337,"q":0.5611111,"max_close":30.1467,"min_close":11.194,"close":17.49},"SNV":{"profit":7.43034363,"loss":4.82366371,"p":0.166666672,"q":0.822222233,"max_close":35.1829,"min_close":12.368,"close":24.33},"FHN":{"profit":3.639598,"loss":1.75591373,"p":0.183333337,"q":0.8111111,"max_close":15.9175,"min_close":6.597,"close":10.72},"STL":{"profit":3.64160347,"loss":1.23246288,"p":0.338888884,"q":0.655555546,"max_close":20.7154,"min_close":7.3857,"close":12.07},"EWBC":{"profit":4.330826,"loss":4.441166,"p":0.294444442,"q":0.6944444,"max_close":48.1314,"min_close":22.422,"close":37.2},"PBCT":{"profit":1.59962273,"loss":0.386484146,"p":0.677777767,"q":0.316666663,"max_close":15.8568,"min_close":9.2231,"close":10.83},"FBP":{"profit":1.9824543,"loss":0.9615712,"p":0.194444448,"q":0.8,"max_close":9.6438,"min_close":3.6669,"close":6.33},"WFC":{"profit":6.78397751,"loss":1.01018143,"p":0.605555534,"q":0.377777785,"max_close":47.0704,"min_close":22.4374,"close":25.3},"SLM":{"profit":2.158555,"loss":1.37965584,"p":0.177777782,"q":0.816666663,"max_close":12.1515,"min_close":6.0536,"close":8.76},"PSX":{"profit":16.0603561,"loss":3.49221039,"p":0.8388889,"q":0.155555561,"max_close":93.4045,"min_close":40.9713,"close":53.04}}}