{
    "KellyFormula_Range_v1": {
        "BGFV": {
            "close": 15.87,
            "loss": 8.662493,
            "max_close": 15.87,
            "min_close": 1.76140082,
            "p": 0.0,
            "profit": 0.0,
            "q": 0.99444443
        },
        "BIO": {
            "close": 643.81,
            "loss": 107.342163,
            "max_close": 643.81,
            "min_close": 432.34,
            "p": 0.0,
            "profit": 0.0,
            "q": 0.99444443
        },
        "C": {
            "close": 63.2,
            "loss": 12.3844566,
            "max_close": 68.40837,
            "min_close": 40.2755241,
            "p": 0.055555556,
            "profit": 2.05008316,
            "q": 0.9388889
        },
        "DHI": {
            "close": 83.45,
            "loss": 14.5461731,
            "max_close": 83.45,
            "min_close": 50.8004265,
            "p": 0.0,
            "profit": 0.0,
            "q": 0.99444443
        },
        "HTH": {
            "close": 31.62,
            "loss": 9.634844,
            "max_close": 33.0944061,
            "min_close": 16.4422626,
            "p": 0.03888889,
            "profit": 0.895174,
            "q": 0.95
        },
        "LAKE": {
            "close": 40.05,
            "loss": 17.262579,
            "max_close": 44.43,
            "min_close": 14.27,
            "p": 0.0166666675,
            "profit": 1.996666,
            "q": 0.9777778
        },
        "PSX": {
            "close": 77.24,
            "loss": 14.8606873,
            "max_close": 87.2001343,
            "min_close": 43.5934563,
            "p": 0.03888889,
            "profit": 5.4412384,
            "q": 0.955555558
        },
        "REGI": {
            "close": 109.09,
            "loss": 58.0013466,
            "max_close": 113.68,
            "min_close": 22.31,
            "p": 0.0166666675,
            "profit": 2.83333588,
            "q": 0.9777778
        },
        "SMP": {
            "close": 42.75,
            "loss": 1.9348259,
            "max_close": 54.17,
            "min_close": 37.89841,
            "p": 0.5888889,
            "profit": 3.91356659,
            "q": 0.405555546
        },
        "SNX": {
            "close": 89.55,
            "loss": 28.7419968,
            "max_close": 91.34,
            "min_close": 39.68084,
            "p": 0.0166666675,
            "profit": 0.930740356,
            "q": 0.9777778
        },
        "T": {
            "close": 28.69,
            "loss": 0.785392761,
            "max_close": 31.50766,
            "min_close": 26.033514,
            "p": 0.438888878,
            "profit": 0.53260994,
            "q": 0.5555556
        },
        "TDS": {
            "close": 20.39,
            "loss": 1.49952316,
            "max_close": 23.91577,
            "min_close": 16.5031128,
            "p": 0.227777779,
            "profit": 1.58994484,
            "q": 0.766666651
        },
        "WFC": {
            "close": 32.72,
            "loss": 6.63003349,
            "max_close": 34.6439247,
            "min_close": 20.9815083,
            "p": 0.055555556,
            "profit": 0.7326622,
            "q": 0.9388889
        }
    },
    "hold_stock_list": [
        "SMP",
        "T",
        "DHI",
        "C",
        "REGI",
        "TDS",
        "BGFV",
        "BIO",
        "WFC",
        "PSX",
        "SNX",
        "LAKE",
        "HTH"
    ],
    "portfolio": {
        "BGFV": {
            "cost_p": 12.23,
            "position_%": 9.612785307630746,
            "profit_%": 29.762878168438256
        },
        "BIO": {
            "cost_p": 597.32,
            "position_%": 6.371701289517928,
            "profit_%": 7.783097837005272
        },
        "C": {
            "cost_p": 62.71,
            "position_%": 5.527531209129732,
            "profit_%": 0.7813745814064774
        },
        "DHI": {
            "cost_p": 72.88,
            "position_%": 4.0916936877708725,
            "profit_%": 14.503293084522515
        },
        "HTH": {
            "cost_p": 29.44,
            "position_%": 7.437809821019281,
            "profit_%": 7.404891304347824
        },
        "LAKE": {
            "cost_p": 29.73,
            "position_%": 7.010337870707982,
            "profit_%": 34.712411705348124
        },
        "PSX": {
            "cost_p": 70.43,
            "position_%": 9.88535902955895,
            "profit_%": 9.669175067442833
        },
        "REGI": {
            "cost_p": 80.92,
            "position_%": 6.3603155118027805,
            "profit_%": 34.81216015818092
        },
        "SMP": {
            "cost_p": 41.45,
            "position_%": 14.823771684839654,
            "profit_%": 3.1363088057901014
        },
        "SNX": {
            "cost_p": 86.45,
            "position_%": 7.037651385788944,
            "profit_%": 3.585887796414106
        },
        "T": {
            "cost_p": 28.54,
            "position_%": 6.729735715775506,
            "profit_%": 0.5255781359495519
        },
        "TDS": {
            "cost_p": 20.77,
            "position_%": 5.830438933520926,
            "profit_%": -1.8295618680789554
        },
        "WFC": {
            "cost_p": 31.79,
            "position_%": 9.280868552936708,
            "profit_%": 2.9254482541679767
        }
    }
}